Quarter,OriginAirportID,DestAirportID,sample,baseline_year,current_year,baseline_fare_present,current_fare_present,fare_continuity,baseline_operations_present,current_operations_present,operations_continuity
1,10397,10721,primary,2010,2017,True,True,retained,True,True,retained
1,10397,10821,primary,2010,2017,True,True,retained,True,True,retained
1,10397,11278,primary,2010,2017,True,True,retained,True,True,retained
1,10397,11292,primary,2010,2017,True,True,retained,True,True,retained
1,10397,11298,primary,2010,2017,True,True,retained,True,True,retained
1,10397,11433,primary,2010,2017,True,True,retained,True,True,retained
1,10397,11618,primary,2010,2017,True,True,retained,True,True,retained
1,10397,11697,primary,2010,2017,True,True,retained,True,True,retained
1,10397,12173,primary,2010,2017,True,True,retained,True,True,retained
1,10397,12266,primary,2010,2017,True,True,retained,True,True,retained
1,10397,12478,primary,2010,2017,True,True,retained,True,True,retained
1,10397,12889,primary,2010,2017,True,True,retained,True,True,retained
1,10397,12892,primary,2010,2017,True,True,retained,True,True,retained
1,10397,12953,primary,2010,2017,True,True,retained,True,True,retained
1,10397,13204,primary,2010,2017,True,True,retained,True,True,retained
1,10397,13232,primary,2010,2017,True,True,retained,True,True,retained
1,10397,13303,primary,2010,2017,True,True,retained,True,True,retained
1,10397,13487,primary,2010,2017,True,True,retained,True,True,retained
1,10397,13796,primary,2010,2017,False,True,entered,False,True,entered
1,10397,13930,primary,2010,2017,True,True,retained,True,True,retained
1,10397,14100,primary,2010,2017,True,True,retained,True,True,retained
1,10397,14107,primary,2010,2017,True,True,retained,True,True,retained
1,10397,14635,primary,2010,2017,True,True,retained,True,True,retained
1,10397,14679,primary,2010,2017,True,True,retained,True,True,retained
1,10397,14747,primary,2010,2017,True,True,retained,True,True,retained
1,10397,14771,primary,2010,2017,True,True,retained,True,True,retained
1,10397,14869,primary,2010,2017,True,True,retained,True,True,retained
1,10397,15016,primary,2010,2017,True,True,retained,True,True,retained
1,10397,15304,primary,2010,2017,True,True,retained,True,True,retained
1,10721,10397,primary,2010,2017,True,True,retained,True,True,retained
1,10721,10821,primary,2010,2017,True,True,retained,True,True,retained
1,10721,11278,primary,2010,2017,True,True,retained,True,True,retained
1,10721,11292,primary,2010,2017,True,True,retained,True,True,retained
1,10721,11298,primary,2010,2017,True,True,retained,True,True,retained
1,10721,11433,primary,2010,2017,True,True,retained,True,True,retained
1,10721,11618,primary,2010,2017,True,True,retained,True,True,retained
1,10721,11697,primary,2010,2017,True,True,retained,True,True,retained
1,10721,12266,primary,2010,2017,True,True,retained,True,True,retained
1,10721,12478,primary,2010,2017,True,True,retained,True,True,retained
1,10721,12889,primary,2010,2017,True,True,retained,True,True,retained
1,10721,12892,primary,2010,2017,True,True,retained,True,True,retained
1,10721,12953,primary,2010,2017,True,True,retained,True,True,retained
1,10721,13204,primary,2010,2017,True,True,retained,True,True,retained
1,10721,13232,primary,2010,2017,True,True,retained,True,True,retained
1,10721,13303,primary,2010,2017,True,True,retained,True,True,retained
1,10721,13487,primary,2010,2017,True,True,retained,True,True,retained
1,10721,13796,primary,2010,2017,True,True,retained,True,False,exited
1,10721,13930,primary,2010,2017,True,True,retained,True,True,retained
1,10721,14100,primary,2010,2017,True,True,retained,True,True,retained
1,10721,14107,primary,2010,2017,True,True,retained,True,True,retained
1,10721,14635,primary,2010,2017,True,True,retained,True,True,retained
1,10721,14679,primary,2010,2017,True,True,retained,True,True,retained
1,10721,14747,primary,2010,2017,True,True,retained,True,True,retained
1,10721,14771,primary,2010,2017,True,True,retained,True,True,retained
1,10721,14869,primary,2010,2017,True,True,retained,True,True,retained
1,10721,15016,primary,2010,2017,True,True,retained,True,True,retained
1,10721,15304,primary,2010,2017,True,True,retained,True,True,retained
1,10821,10397,primary,2010,2017,True,True,retained,True,True,retained
1,10821,10721,primary,2010,2017,True,True,retained,True,True,retained
1,10821,11278,primary,2010,2017,False,False,absent,False,False,absent
1,10821,11292,primary,2010,2017,True,True,retained,True,True,retained
1,10821,11298,primary,2010,2017,True,True,retained,True,True,retained
1,10821,11433,primary,2010,2017,True,True,retained,True,True,retained
1,10821,11618,primary,2010,2017,True,True,retained,True,True,retained
1,10821,11697,primary,2010,2017,True,True,retained,True,True,retained
1,10821,12266,primary,2010,2017,True,True,retained,True,True,retained
1,10821,12478,primary,2010,2017,True,True,retained,True,False,exited
1,10821,12889,primary,2010,2017,True,True,retained,True,True,retained
1,10821,12892,primary,2010,2017,True,True,retained,True,True,retained
1,10821,12953,primary,2010,2017,True,False,exited,True,False,exited
1,10821,13204,primary,2010,2017,True,True,retained,True,True,retained
1,10821,13232,primary,2010,2017,True,True,retained,True,True,retained
1,10821,13303,primary,2010,2017,True,True,retained,True,True,retained
1,10821,13487,primary,2010,2017,True,True,retained,True,True,retained
1,10821,13796,primary,2010,2017,True,True,retained,False,True,entered
1,10821,13930,primary,2010,2017,True,True,retained,True,True,retained
1,10821,14100,primary,2010,2017,True,True,retained,True,False,exited
1,10821,14107,primary,2010,2017,True,True,retained,True,True,retained
1,10821,14635,primary,2010,2017,True,True,retained,True,True,retained
1,10821,14679,primary,2010,2017,True,True,retained,True,True,retained
1,10821,14747,primary,2010,2017,True,True,retained,False,True,entered
1,10821,14771,primary,2010,2017,True,True,retained,True,True,retained
1,10821,14869,primary,2010,2017,True,True,retained,True,True,retained
1,10821,15016,primary,2010,2017,True,True,retained,True,True,retained
1,10821,15304,primary,2010,2017,True,True,retained,True,True,retained
1,11278,10397,primary,2010,2017,True,True,retained,True,True,retained
1,11278,10721,primary,2010,2017,True,True,retained,True,True,retained
1,11278,11292,primary,2010,2017,True,True,retained,True,True,retained
1,11278,11298,primary,2010,2017,True,True,retained,True,True,retained
1,11278,11433,primary,2010,2017,True,True,retained,True,True,retained
1,11278,11618,primary,2010,2017,True,True,retained,True,True,retained
1,11278,11697,primary,2010,2017,True,True,retained,True,True,retained
1,11278,12266,primary,2010,2017,True,True,retained,True,True,retained
1,11278,12478,primary,2010,2017,True,True,retained,True,True,retained
1,11278,12889,primary,2010,2017,True,True,retained,True,True,retained
1,11278,12892,primary,2010,2017,True,True,retained,True,True,retained
1,11278,12953,primary,2010,2017,True,True,retained,True,True,retained
1,11278,13204,primary,2010,2017,True,True,retained,True,True,retained
1,11278,13232,primary,2010,2017,True,True,retained,False,True,entered
1,11278,13303,primary,2010,2017,True,True,retained,True,True,retained
1,11278,13487,primary,2010,2017,True,True,retained,True,True,retained
1,11278,13796,primary,2010,2017,False,True,entered,False,False,absent
1,11278,13930,primary,2010,2017,True,True,retained,True,True,retained
1,11278,14100,primary,2010,2017,True,True,retained,True,True,retained
1,11278,14107,primary,2010,2017,True,True,retained,True,True,retained
1,11278,14635,primary,2010,2017,True,True,retained,True,True,retained
1,11278,14679,primary,2010,2017,False,True,entered,False,False,absent
1,11278,14747,primary,2010,2017,True,True,retained,True,True,retained
1,11278,14771,primary,2010,2017,True,True,retained,False,True,entered
1,11278,14869,primary,2010,2017,True,True,retained,True,True,retained
1,11278,15016,primary,2010,2017,True,True,retained,True,True,retained
1,11278,15304,primary,2010,2017,True,True,retained,True,True,retained
1,11292,10397,primary,2010,2017,True,True,retained,True,True,retained
1,11292,10721,primary,2010,2017,True,True,retained,True,True,retained
1,11292,10821,primary,2010,2017,True,True,retained,True,True,retained
1,11292,11278,primary,2010,2017,True,True,retained,True,True,retained
1,11292,11298,primary,2010,2017,True,True,retained,True,True,retained
1,11292,11433,primary,2010,2017,True,True,retained,True,True,retained
1,11292,11618,primary,2010,2017,True,True,retained,True,True,retained
1,11292,11697,primary,2010,2017,True,True,retained,True,True,retained
1,11292,12173,primary,2010,2017,True,True,retained,True,True,retained
1,11292,12266,primary,2010,2017,True,True,retained,True,True,retained
1,11292,12478,primary,2010,2017,True,True,retained,True,True,retained
1,11292,12889,primary,2010,2017,True,True,retained,True,True,retained
1,11292,12892,primary,2010,2017,True,True,retained,True,True,retained
1,11292,12953,primary,2010,2017,True,True,retained,True,True,retained
1,11292,13204,primary,2010,2017,True,True,retained,True,True,retained
1,11292,13232,primary,2010,2017,True,True,retained,True,True,retained
1,11292,13303,primary,2010,2017,True,True,retained,True,True,retained
1,11292,13487,primary,2010,2017,True,True,retained,True,True,retained
1,11292,13796,primary,2010,2017,True,True,retained,True,True,retained
1,11292,13930,primary,2010,2017,True,True,retained,True,True,retained
1,11292,14100,primary,2010,2017,True,True,retained,True,True,retained
1,11292,14107,primary,2010,2017,True,True,retained,True,True,retained
1,11292,14635,primary,2010,2017,True,True,retained,True,True,retained
1,11292,14679,primary,2010,2017,True,True,retained,True,True,retained
1,11292,14747,primary,2010,2017,True,True,retained,True,True,retained
1,11292,14771,primary,2010,2017,True,True,retained,True,True,retained
1,11292,14869,primary,2010,2017,True,True,retained,True,True,retained
1,11292,15016,primary,2010,2017,True,True,retained,True,True,retained
1,11292,15304,primary,2010,2017,True,True,retained,True,True,retained
1,11298,10397,primary,2010,2017,True,True,retained,True,True,retained
1,11298,10721,primary,2010,2017,True,True,retained,True,True,retained
1,11298,10821,primary,2010,2017,True,True,retained,True,True,retained
1,11298,11278,primary,2010,2017,True,True,retained,True,True,retained
1,11298,11292,primary,2010,2017,True,True,retained,True,True,retained
1,11298,11433,primary,2010,2017,True,True,retained,True,True,retained
1,11298,11618,primary,2010,2017,True,True,retained,True,True,retained
1,11298,11697,primary,2010,2017,True,True,retained,True,True,retained
1,11298,12173,primary,2010,2017,True,True,retained,True,True,retained
1,11298,12266,primary,2010,2017,True,True,retained,True,True,retained
1,11298,12478,primary,2010,2017,True,True,retained,True,True,retained
1,11298,12889,primary,2010,2017,True,True,retained,True,True,retained
1,11298,12892,primary,2010,2017,True,True,retained,True,True,retained
1,11298,12953,primary,2010,2017,True,True,retained,True,True,retained
1,11298,13204,primary,2010,2017,True,True,retained,True,True,retained
1,11298,13303,primary,2010,2017,True,True,retained,True,True,retained
1,11298,13487,primary,2010,2017,True,True,retained,True,True,retained
1,11298,13796,primary,2010,2017,True,False,exited,False,False,absent
1,11298,13930,primary,2010,2017,True,True,retained,True,True,retained
1,11298,14100,primary,2010,2017,True,True,retained,True,True,retained
1,11298,14107,primary,2010,2017,True,True,retained,True,True,retained
1,11298,14635,primary,2010,2017,True,True,retained,True,True,retained
1,11298,14679,primary,2010,2017,True,True,retained,True,True,retained
1,11298,14747,primary,2010,2017,True,True,retained,True,True,retained
1,11298,14771,primary,2010,2017,True,True,retained,True,True,retained
1,11298,14869,primary,2010,2017,True,True,retained,True,True,retained
1,11298,15016,primary,2010,2017,True,True,retained,True,True,retained
1,11298,15304,primary,2010,2017,True,True,retained,True,True,retained
1,11433,10397,primary,2010,2017,True,True,retained,True,True,retained
1,11433,10721,primary,2010,2017,True,True,retained,True,True,retained
1,11433,10821,primary,2010,2017,True,True,retained,True,True,retained
1,11433,11278,primary,2010,2017,True,True,retained,True,True,retained
1,11433,11292,primary,2010,2017,True,True,retained,True,True,retained
1,11433,11298,primary,2010,2017,True,True,retained,True,True,retained
1,11433,11618,primary,2010,2017,True,True,retained,True,True,retained
1,11433,11697,primary,2010,2017,True,True,retained,True,True,retained
1,11433,12173,primary,2010,2017,False,True,entered,False,False,absent
1,11433,12266,primary,2010,2017,True,True,retained,True,True,retained
1,11433,12478,primary,2010,2017,True,True,retained,True,True,retained
1,11433,12889,primary,2010,2017,True,True,retained,True,True,retained
1,11433,12892,primary,2010,2017,True,True,retained,True,True,retained
1,11433,12953,primary,2010,2017,True,True,retained,True,True,retained
1,11433,13204,primary,2010,2017,True,True,retained,True,True,retained
1,11433,13232,primary,2010,2017,True,True,retained,True,True,retained
1,11433,13303,primary,2010,2017,True,True,retained,True,True,retained
1,11433,13487,primary,2010,2017,True,True,retained,True,True,retained
1,11433,13796,primary,2010,2017,False,True,entered,False,False,absent
1,11433,13930,primary,2010,2017,True,True,retained,True,True,retained
1,11433,14100,primary,2010,2017,True,True,retained,True,True,retained
1,11433,14107,primary,2010,2017,True,True,retained,True,True,retained
1,11433,14635,primary,2010,2017,True,True,retained,True,True,retained
1,11433,14679,primary,2010,2017,True,True,retained,True,True,retained
1,11433,14747,primary,2010,2017,True,True,retained,True,True,retained
1,11433,14771,primary,2010,2017,True,True,retained,True,True,retained
1,11433,14869,primary,2010,2017,True,True,retained,True,True,retained
1,11433,15016,primary,2010,2017,True,True,retained,True,True,retained
1,11433,15304,primary,2010,2017,True,True,retained,True,True,retained
1,11618,10397,primary,2010,2017,True,True,retained,True,True,retained
1,11618,10721,primary,2010,2017,True,True,retained,True,True,retained
1,11618,10821,primary,2010,2017,True,True,retained,True,True,retained
1,11618,11278,primary,2010,2017,True,True,retained,True,True,retained
1,11618,11292,primary,2010,2017,True,True,retained,True,True,retained
1,11618,11298,primary,2010,2017,True,True,retained,True,True,retained
1,11618,11433,primary,2010,2017,True,True,retained,True,True,retained
1,11618,11697,primary,2010,2017,True,True,retained,True,True,retained
1,11618,12173,primary,2010,2017,True,True,retained,True,True,retained
1,11618,12266,primary,2010,2017,True,True,retained,True,True,retained
1,11618,12889,primary,2010,2017,True,True,retained,True,True,retained
1,11618,12892,primary,2010,2017,True,True,retained,True,True,retained
1,11618,13204,primary,2010,2017,True,True,retained,True,True,retained
1,11618,13232,primary,2010,2017,False,True,entered,False,True,entered
1,11618,13303,primary,2010,2017,True,True,retained,True,True,retained
1,11618,13487,primary,2010,2017,True,True,retained,True,True,retained
1,11618,13930,primary,2010,2017,True,True,retained,True,True,retained
1,11618,14100,primary,2010,2017,True,True,retained,True,False,exited
1,11618,14107,primary,2010,2017,True,True,retained,True,True,retained
1,11618,14635,primary,2010,2017,True,True,retained,True,True,retained
1,11618,14679,primary,2010,2017,True,True,retained,True,True,retained
1,11618,14747,primary,2010,2017,True,True,retained,True,True,retained
1,11618,14771,primary,2010,2017,True,True,retained,True,True,retained
1,11618,14869,primary,2010,2017,True,True,retained,True,True,retained
1,11618,15016,primary,2010,2017,True,True,retained,True,True,retained
1,11618,15304,primary,2010,2017,True,True,retained,True,True,retained
1,11697,10397,primary,2010,2017,True,True,retained,True,True,retained
1,11697,10721,primary,2010,2017,True,True,retained,True,True,retained
1,11697,10821,primary,2010,2017,True,True,retained,True,True,retained
1,11697,11278,primary,2010,2017,True,True,retained,True,True,retained
1,11697,11292,primary,2010,2017,True,True,retained,True,True,retained
1,11697,11298,primary,2010,2017,True,True,retained,True,True,retained
1,11697,11433,primary,2010,2017,True,True,retained,True,True,retained
1,11697,11618,primary,2010,2017,True,True,retained,True,True,retained
1,11697,12266,primary,2010,2017,True,True,retained,True,True,retained
1,11697,12478,primary,2010,2017,True,True,retained,True,True,retained
1,11697,12889,primary,2010,2017,True,True,retained,True,True,retained
1,11697,12892,primary,2010,2017,True,True,retained,True,True,retained
1,11697,12953,primary,2010,2017,True,True,retained,True,True,retained
1,11697,13204,primary,2010,2017,True,True,retained,True,True,retained
1,11697,13232,primary,2010,2017,True,True,retained,True,True,retained
1,11697,13487,primary,2010,2017,True,True,retained,True,True,retained
1,11697,13796,primary,2010,2017,True,True,retained,False,False,absent
1,11697,13930,primary,2010,2017,True,True,retained,True,True,retained
1,11697,14100,primary,2010,2017,True,True,retained,True,True,retained
1,11697,14107,primary,2010,2017,True,True,retained,True,True,retained
1,11697,14679,primary,2010,2017,True,True,retained,False,True,entered
1,11697,14747,primary,2010,2017,True,True,retained,False,True,entered
1,11697,14771,primary,2010,2017,True,True,retained,True,True,retained
1,11697,14869,primary,2010,2017,True,True,retained,True,False,exited
1,11697,15016,primary,2010,2017,True,True,retained,True,True,retained
1,11697,15304,primary,2010,2017,True,True,retained,True,True,retained
1,12173,10397,primary,2010,2017,True,True,retained,True,True,retained
1,12173,10721,primary,2010,2017,False,True,entered,False,False,absent
1,12173,11292,primary,2010,2017,True,True,retained,True,True,retained
1,12173,11298,primary,2010,2017,True,True,retained,True,True,retained
1,12173,11433,primary,2010,2017,True,True,retained,False,False,absent
1,12173,11618,primary,2010,2017,True,True,retained,True,True,retained
1,12173,12266,primary,2010,2017,True,True,retained,True,True,retained
1,12173,12478,primary,2010,2017,True,True,retained,False,True,entered
1,12173,12889,primary,2010,2017,True,True,retained,True,True,retained
1,12173,12892,primary,2010,2017,True,True,retained,True,True,retained
1,12173,13487,primary,2010,2017,True,True,retained,True,True,retained
1,12173,13796,primary,2010,2017,True,True,retained,True,True,retained
1,12173,13930,primary,2010,2017,True,True,retained,True,True,retained
1,12173,14107,primary,2010,2017,True,True,retained,True,True,retained
1,12173,14679,primary,2010,2017,True,True,retained,True,True,retained
1,12173,14747,primary,2010,2017,True,True,retained,True,True,retained
1,12173,14771,primary,2010,2017,True,True,retained,True,True,retained
1,12173,14869,primary,2010,2017,True,True,retained,True,True,retained
1,12266,10397,primary,2010,2017,True,True,retained,True,True,retained
1,12266,10721,primary,2010,2017,True,True,retained,True,True,retained
1,12266,10821,primary,2010,2017,True,True,retained,True,True,retained
1,12266,11278,primary,2010,2017,True,True,retained,True,True,retained
1,12266,11292,primary,2010,2017,True,True,retained,True,True,retained
1,12266,11298,primary,2010,2017,True,True,retained,True,True,retained
1,12266,11433,primary,2010,2017,True,True,retained,True,True,retained
1,12266,11618,primary,2010,2017,True,True,retained,True,True,retained
1,12266,11697,primary,2010,2017,True,True,retained,True,True,retained
1,12266,12173,primary,2010,2017,True,True,retained,True,True,retained
1,12266,12478,primary,2010,2017,True,True,retained,True,False,exited
1,12266,12889,primary,2010,2017,True,True,retained,True,True,retained
1,12266,12892,primary,2010,2017,True,True,retained,True,True,retained
1,12266,12953,primary,2010,2017,True,True,retained,True,True,retained
1,12266,13204,primary,2010,2017,True,True,retained,True,True,retained
1,12266,13303,primary,2010,2017,True,True,retained,True,True,retained
1,12266,13487,primary,2010,2017,True,True,retained,True,True,retained
1,12266,13930,primary,2010,2017,True,True,retained,True,True,retained
1,12266,14100,primary,2010,2017,True,True,retained,True,True,retained
1,12266,14107,primary,2010,2017,True,True,retained,True,True,retained
1,12266,14635,primary,2010,2017,True,True,retained,True,True,retained
1,12266,14679,primary,2010,2017,True,True,retained,True,True,retained
1,12266,14747,primary,2010,2017,True,True,retained,True,True,retained
1,12266,14771,primary,2010,2017,True,True,retained,True,True,retained
1,12266,14869,primary,2010,2017,True,True,retained,True,True,retained
1,12266,15016,primary,2010,2017,True,True,retained,True,True,retained
1,12266,15304,primary,2010,2017,True,True,retained,True,True,retained
1,12478,10397,primary,2010,2017,True,True,retained,True,True,retained
1,12478,10721,primary,2010,2017,True,True,retained,True,True,retained
1,12478,10821,primary,2010,2017,True,True,retained,True,False,exited
1,12478,11278,primary,2010,2017,True,True,retained,True,True,retained
1,12478,11292,primary,2010,2017,True,True,retained,True,True,retained
1,12478,11298,primary,2010,2017,True,True,retained,True,True,retained
1,12478,11433,primary,2010,2017,True,True,retained,True,True,retained
1,12478,11697,primary,2010,2017,True,True,retained,True,True,retained
1,12478,12173,primary,2010,2017,False,True,entered,False,True,entered
1,12478,12266,primary,2010,2017,True,False,exited,True,False,exited
1,12478,12889,primary,2010,2017,True,True,retained,True,True,retained
1,12478,12892,primary,2010,2017,True,True,retained,True,True,retained
1,12478,13204,primary,2010,2017,True,True,retained,True,True,retained
1,12478,13303,primary,2010,2017,True,True,retained,True,True,retained
1,12478,13487,primary,2010,2017,True,True,retained,True,True,retained
1,12478,13796,primary,2010,2017,True,True,retained,True,True,retained
1,12478,13930,primary,2010,2017,True,True,retained,True,True,retained
1,12478,14100,primary,2010,2017,True,True,retained,True,False,exited
1,12478,14107,primary,2010,2017,True,True,retained,True,True,retained
1,12478,14635,primary,2010,2017,True,True,retained,True,True,retained
1,12478,14679,primary,2010,2017,True,True,retained,True,True,retained
1,12478,14747,primary,2010,2017,True,True,retained,True,True,retained
1,12478,14771,primary,2010,2017,True,True,retained,True,True,retained
1,12478,14869,primary,2010,2017,True,True,retained,True,True,retained
1,12478,15016,primary,2010,2017,True,False,exited,True,False,exited
1,12478,15304,primary,2010,2017,True,True,retained,True,True,retained
1,12889,10397,primary,2010,2017,True,True,retained,True,True,retained
1,12889,10721,primary,2010,2017,True,True,retained,True,True,retained
1,12889,10821,primary,2010,2017,True,True,retained,True,True,retained
1,12889,11278,primary,2010,2017,True,True,retained,True,True,retained
1,12889,11292,primary,2010,2017,True,True,retained,True,True,retained
1,12889,11298,primary,2010,2017,True,True,retained,True,True,retained
1,12889,11433,primary,2010,2017,True,True,retained,True,True,retained
1,12889,11618,primary,2010,2017,True,True,retained,True,True,retained
1,12889,11697,primary,2010,2017,True,True,retained,True,True,retained
1,12889,12173,primary,2010,2017,True,True,retained,True,True,retained
1,12889,12266,primary,2010,2017,True,True,retained,True,True,retained
1,12889,12478,primary,2010,2017,True,True,retained,True,True,retained
1,12889,12892,primary,2010,2017,True,True,retained,True,True,retained
1,12889,12953,primary,2010,2017,True,True,retained,False,False,absent
1,12889,13204,primary,2010,2017,True,True,retained,True,True,retained
1,12889,13232,primary,2010,2017,True,True,retained,True,True,retained
1,12889,13303,primary,2010,2017,True,True,retained,True,True,retained
1,12889,13487,primary,2010,2017,True,True,retained,True,True,retained
1,12889,13796,primary,2010,2017,True,True,retained,True,True,retained
1,12889,13930,primary,2010,2017,True,True,retained,True,True,retained
1,12889,14100,primary,2010,2017,True,True,retained,True,True,retained
1,12889,14107,primary,2010,2017,True,True,retained,True,True,retained
1,12889,14635,primary,2010,2017,True,True,retained,False,False,absent
1,12889,14679,primary,2010,2017,True,True,retained,True,True,retained
1,12889,14747,primary,2010,2017,True,True,retained,True,True,retained
1,12889,14771,primary,2010,2017,True,True,retained,True,True,retained
1,12889,14869,primary,2010,2017,True,True,retained,True,True,retained
1,12889,15016,primary,2010,2017,True,True,retained,True,True,retained
1,12889,15304,primary,2010,2017,True,True,retained,True,True,retained
1,12892,10397,primary,2010,2017,True,True,retained,True,True,retained
1,12892,10721,primary,2010,2017,True,True,retained,True,True,retained
1,12892,10821,primary,2010,2017,True,True,retained,True,True,retained
1,12892,11278,primary,2010,2017,True,True,retained,True,True,retained
1,12892,11292,primary,2010,2017,True,True,retained,True,True,retained
1,12892,11298,primary,2010,2017,True,True,retained,True,True,retained
1,12892,11433,primary,2010,2017,True,True,retained,True,True,retained
1,12892,11618,primary,2010,2017,True,True,retained,True,True,retained
1,12892,11697,primary,2010,2017,True,True,retained,True,True,retained
1,12892,12173,primary,2010,2017,True,True,retained,True,True,retained
1,12892,12266,primary,2010,2017,True,True,retained,True,True,retained
1,12892,12478,primary,2010,2017,True,True,retained,True,True,retained
1,12892,12889,primary,2010,2017,True,True,retained,True,True,retained
1,12892,12953,primary,2010,2017,True,True,retained,False,False,absent
1,12892,13204,primary,2010,2017,True,True,retained,True,True,retained
1,12892,13232,primary,2010,2017,True,True,retained,True,True,retained
1,12892,13303,primary,2010,2017,True,True,retained,True,True,retained
1,12892,13487,primary,2010,2017,True,True,retained,True,True,retained
1,12892,13796,primary,2010,2017,True,True,retained,True,True,retained
1,12892,13930,primary,2010,2017,True,True,retained,True,True,retained
1,12892,14100,primary,2010,2017,True,True,retained,True,True,retained
1,12892,14107,primary,2010,2017,True,True,retained,True,True,retained
1,12892,14635,primary,2010,2017,True,False,exited,False,False,absent
1,12892,14679,primary,2010,2017,True,True,retained,True,True,retained
1,12892,14747,primary,2010,2017,True,True,retained,True,True,retained
1,12892,14771,primary,2010,2017,True,True,retained,True,True,retained
1,12892,14869,primary,2010,2017,True,True,retained,True,True,retained
1,12892,15016,primary,2010,2017,True,True,retained,True,True,retained
1,12892,15304,primary,2010,2017,True,True,retained,True,True,retained
1,12953,10397,primary,2010,2017,True,True,retained,True,True,retained
1,12953,10721,primary,2010,2017,True,True,retained,True,True,retained
1,12953,10821,primary,2010,2017,True,False,exited,True,False,exited
1,12953,11278,primary,2010,2017,True,True,retained,True,True,retained
1,12953,11292,primary,2010,2017,True,True,retained,True,True,retained
1,12953,11298,primary,2010,2017,True,True,retained,True,True,retained
1,12953,11433,primary,2010,2017,True,True,retained,True,True,retained
1,12953,11697,primary,2010,2017,True,True,retained,True,True,retained
1,12953,12266,primary,2010,2017,True,True,retained,True,True,retained
1,12953,12889,primary,2010,2017,True,True,retained,False,False,absent
1,12953,12892,primary,2010,2017,True,True,retained,False,False,absent
1,12953,13204,primary,2010,2017,True,True,retained,True,True,retained
1,12953,13232,primary,2010,2017,True,True,retained,True,True,retained
1,12953,13303,primary,2010,2017,True,True,retained,True,True,retained
1,12953,13487,primary,2010,2017,True,True,retained,True,True,retained
1,12953,13930,primary,2010,2017,True,True,retained,True,True,retained
1,12953,14100,primary,2010,2017,True,True,retained,True,True,retained
1,12953,14107,primary,2010,2017,True,True,retained,False,False,absent
1,12953,14635,primary,2010,2017,True,True,retained,True,True,retained
1,12953,14679,primary,2010,2017,True,True,retained,False,False,absent
1,12953,14747,primary,2010,2017,True,True,retained,False,False,absent
1,12953,14771,primary,2010,2017,True,True,retained,False,False,absent
1,12953,14869,primary,2010,2017,True,False,exited,True,False,exited
1,12953,15016,primary,2010,2017,True,True,retained,True,True,retained
1,12953,15304,primary,2010,2017,True,True,retained,True,True,retained
1,13204,10397,primary,2010,2017,True,True,retained,True,True,retained
1,13204,10721,primary,2010,2017,True,True,retained,True,True,retained
1,13204,10821,primary,2010,2017,True,True,retained,True,True,retained
1,13204,11278,primary,2010,2017,True,True,retained,True,True,retained
1,13204,11292,primary,2010,2017,True,True,retained,True,True,retained
1,13204,11298,primary,2010,2017,True,True,retained,True,True,retained
1,13204,11433,primary,2010,2017,True,True,retained,True,True,retained
1,13204,11618,primary,2010,2017,True,True,retained,True,True,retained
1,13204,11697,primary,2010,2017,True,True,retained,True,True,retained
1,13204,12266,primary,2010,2017,True,True,retained,True,True,retained
1,13204,12478,primary,2010,2017,True,True,retained,True,True,retained
1,13204,12889,primary,2010,2017,True,True,retained,True,True,retained
1,13204,12892,primary,2010,2017,True,True,retained,True,True,retained
1,13204,12953,primary,2010,2017,True,True,retained,True,True,retained
1,13204,13232,primary,2010,2017,True,True,retained,True,True,retained
1,13204,13303,primary,2010,2017,True,True,retained,True,True,retained
1,13204,13487,primary,2010,2017,True,True,retained,True,True,retained
1,13204,13796,primary,2010,2017,True,True,retained,False,False,absent
1,13204,13930,primary,2010,2017,True,True,retained,True,True,retained
1,13204,14100,primary,2010,2017,True,True,retained,True,True,retained
1,13204,14107,primary,2010,2017,True,True,retained,True,True,retained
1,13204,14635,primary,2010,2017,True,True,retained,True,False,exited
1,13204,14679,primary,2010,2017,True,True,retained,False,True,entered
1,13204,14747,primary,2010,2017,True,True,retained,True,True,retained
1,13204,14771,primary,2010,2017,True,True,retained,True,True,retained
1,13204,14869,primary,2010,2017,True,True,retained,True,True,retained
1,13204,15016,primary,2010,2017,True,True,retained,True,True,retained
1,13232,10397,primary,2010,2017,True,True,retained,True,True,retained
1,13232,10721,primary,2010,2017,True,True,retained,True,True,retained
1,13232,10821,primary,2010,2017,True,True,retained,True,True,retained
1,13232,11278,primary,2010,2017,False,True,entered,False,True,entered
1,13232,11292,primary,2010,2017,True,True,retained,True,True,retained
1,13232,11433,primary,2010,2017,True,True,retained,True,True,retained
1,13232,11618,primary,2010,2017,False,True,entered,False,True,entered
1,13232,11697,primary,2010,2017,True,True,retained,True,True,retained
1,13232,12889,primary,2010,2017,True,True,retained,True,True,retained
1,13232,12892,primary,2010,2017,True,True,retained,True,True,retained
1,13232,12953,primary,2010,2017,True,True,retained,True,True,retained
1,13232,13204,primary,2010,2017,True,True,retained,True,True,retained
1,13232,13487,primary,2010,2017,True,True,retained,True,True,retained
1,13232,13796,primary,2010,2017,True,True,retained,True,True,retained
1,13232,14100,primary,2010,2017,True,True,retained,True,True,retained
1,13232,14107,primary,2010,2017,True,True,retained,True,True,retained
1,13232,14635,primary,2010,2017,True,True,retained,True,True,retained
1,13232,14679,primary,2010,2017,True,True,retained,True,True,retained
1,13232,14747,primary,2010,2017,True,True,retained,True,True,retained
1,13232,14771,primary,2010,2017,True,True,retained,True,True,retained
1,13232,14869,primary,2010,2017,True,True,retained,True,True,retained
1,13232,15016,primary,2010,2017,True,True,retained,True,True,retained
1,13232,15304,primary,2010,2017,True,True,retained,True,True,retained
1,13303,10397,primary,2010,2017,True,True,retained,True,True,retained
1,13303,10721,primary,2010,2017,True,True,retained,True,True,retained
1,13303,10821,primary,2010,2017,True,True,retained,True,True,retained
1,13303,11278,primary,2010,2017,True,True,retained,True,True,retained
1,13303,11292,primary,2010,2017,True,True,retained,True,True,retained
1,13303,11298,primary,2010,2017,True,True,retained,True,True,retained
1,13303,11433,primary,2010,2017,True,True,retained,True,True,retained
1,13303,11618,primary,2010,2017,True,True,retained,True,True,retained
1,13303,12266,primary,2010,2017,True,True,retained,True,True,retained
1,13303,12478,primary,2010,2017,True,True,retained,True,True,retained
1,13303,12889,primary,2010,2017,True,True,retained,True,True,retained
1,13303,12892,primary,2010,2017,True,True,retained,True,True,retained
1,13303,12953,primary,2010,2017,True,True,retained,True,True,retained
1,13303,13204,primary,2010,2017,True,True,retained,True,True,retained
1,13303,13487,primary,2010,2017,True,True,retained,True,True,retained
1,13303,13930,primary,2010,2017,True,True,retained,True,True,retained
1,13303,14100,primary,2010,2017,True,True,retained,True,True,retained
1,13303,14107,primary,2010,2017,True,True,retained,True,True,retained
1,13303,14635,primary,2010,2017,True,False,exited,False,False,absent
1,13303,14679,primary,2010,2017,True,True,retained,False,True,entered
1,13303,14747,primary,2010,2017,True,True,retained,True,True,retained
1,13303,14771,primary,2010,2017,True,True,retained,True,True,retained
1,13303,14869,primary,2010,2017,False,True,entered,False,True,entered
1,13303,15016,primary,2010,2017,True,True,retained,True,True,retained
1,13303,15304,primary,2010,2017,True,True,retained,True,True,retained
1,13487,10397,primary,2010,2017,True,True,retained,True,True,retained
1,13487,10721,primary,2010,2017,True,True,retained,True,True,retained
1,13487,10821,primary,2010,2017,True,True,retained,True,True,retained
1,13487,11278,primary,2010,2017,True,True,retained,True,True,retained
1,13487,11292,primary,2010,2017,True,True,retained,True,True,retained
1,13487,11298,primary,2010,2017,True,True,retained,True,True,retained
1,13487,11433,primary,2010,2017,True,True,retained,True,True,retained
1,13487,11618,primary,2010,2017,True,True,retained,True,True,retained
1,13487,11697,primary,2010,2017,True,True,retained,True,True,retained
1,13487,12173,primary,2010,2017,True,True,retained,True,True,retained
1,13487,12266,primary,2010,2017,True,True,retained,True,True,retained
1,13487,12478,primary,2010,2017,True,True,retained,True,True,retained
1,13487,12889,primary,2010,2017,True,True,retained,True,True,retained
1,13487,12892,primary,2010,2017,True,True,retained,True,True,retained
1,13487,12953,primary,2010,2017,True,True,retained,True,True,retained
1,13487,13204,primary,2010,2017,True,True,retained,True,True,retained
1,13487,13232,primary,2010,2017,True,True,retained,True,True,retained
1,13487,13303,primary,2010,2017,True,True,retained,True,True,retained
1,13487,13796,primary,2010,2017,True,True,retained,False,False,absent
1,13487,13930,primary,2010,2017,True,True,retained,True,True,retained
1,13487,14100,primary,2010,2017,True,True,retained,True,True,retained
1,13487,14107,primary,2010,2017,True,True,retained,True,True,retained
1,13487,14635,primary,2010,2017,True,True,retained,True,True,retained
1,13487,14679,primary,2010,2017,True,True,retained,True,True,retained
1,13487,14747,primary,2010,2017,True,True,retained,True,True,retained
1,13487,14771,primary,2010,2017,True,True,retained,True,True,retained
1,13487,14869,primary,2010,2017,True,True,retained,True,True,retained
1,13487,15016,primary,2010,2017,True,True,retained,True,True,retained
1,13487,15304,primary,2010,2017,True,True,retained,True,True,retained
1,13796,10397,primary,2010,2017,False,True,entered,False,True,entered
1,13796,10721,primary,2010,2017,True,True,retained,True,False,exited
1,13796,10821,primary,2010,2017,True,True,retained,False,True,entered
1,13796,11278,primary,2010,2017,False,True,entered,False,False,absent
1,13796,11292,primary,2010,2017,True,True,retained,True,True,retained
1,13796,11433,primary,2010,2017,True,True,retained,False,False,absent
1,13796,11618,primary,2010,2017,False,True,entered,False,False,absent
1,13796,11697,primary,2010,2017,True,True,retained,False,True,entered
1,13796,12173,primary,2010,2017,True,True,retained,True,True,retained
1,13796,12266,primary,2010,2017,False,True,entered,False,False,absent
1,13796,12478,primary,2010,2017,True,True,retained,True,True,retained
1,13796,12889,primary,2010,2017,True,True,retained,True,True,retained
1,13796,12892,primary,2010,2017,True,True,retained,True,True,retained
1,13796,13204,primary,2010,2017,True,True,retained,False,False,absent
1,13796,13232,primary,2010,2017,True,True,retained,True,True,retained
1,13796,13487,primary,2010,2017,True,True,retained,False,False,absent
1,13796,13930,primary,2010,2017,True,False,exited,False,False,absent
1,13796,14100,primary,2010,2017,True,True,retained,False,False,absent
1,13796,14107,primary,2010,2017,True,True,retained,True,True,retained
1,13796,14679,primary,2010,2017,True,True,retained,True,True,retained
1,13796,14747,primary,2010,2017,True,True,retained,True,True,retained
1,13796,14869,primary,2010,2017,True,True,retained,True,True,retained
1,13796,15016,primary,2010,2017,True,True,retained,False,True,entered
1,13796,15304,primary,2010,2017,True,True,retained,False,False,absent
1,13930,10397,primary,2010,2017,True,True,retained,True,True,retained
1,13930,10721,primary,2010,2017,True,True,retained,True,True,retained
1,13930,10821,primary,2010,2017,True,True,retained,True,True,retained
1,13930,11278,primary,2010,2017,True,True,retained,True,True,retained
1,13930,11292,primary,2010,2017,True,True,retained,True,True,retained
1,13930,11298,primary,2010,2017,True,True,retained,True,True,retained
1,13930,11433,primary,2010,2017,True,True,retained,True,True,retained
1,13930,11618,primary,2010,2017,True,True,retained,True,True,retained
1,13930,11697,primary,2010,2017,True,True,retained,True,True,retained
1,13930,12173,primary,2010,2017,True,True,retained,True,True,retained
1,13930,12266,primary,2010,2017,True,True,retained,True,True,retained
1,13930,12478,primary,2010,2017,True,True,retained,True,True,retained
1,13930,12889,primary,2010,2017,True,True,retained,True,True,retained
1,13930,12892,primary,2010,2017,True,True,retained,True,True,retained
1,13930,12953,primary,2010,2017,True,True,retained,True,True,retained
1,13930,13204,primary,2010,2017,True,True,retained,True,True,retained
1,13930,13303,primary,2010,2017,True,True,retained,True,True,retained
1,13930,13487,primary,2010,2017,True,True,retained,True,True,retained
1,13930,14100,primary,2010,2017,True,True,retained,True,True,retained
1,13930,14107,primary,2010,2017,True,True,retained,True,True,retained
1,13930,14635,primary,2010,2017,True,True,retained,True,True,retained
1,13930,14679,primary,2010,2017,True,True,retained,True,True,retained
1,13930,14747,primary,2010,2017,True,True,retained,True,True,retained
1,13930,14771,primary,2010,2017,True,True,retained,True,True,retained
1,13930,14869,primary,2010,2017,True,True,retained,True,True,retained
1,13930,15016,primary,2010,2017,True,True,retained,True,True,retained
1,13930,15304,primary,2010,2017,True,True,retained,True,True,retained
1,14100,10397,primary,2010,2017,True,True,retained,True,True,retained
1,14100,10721,primary,2010,2017,True,True,retained,True,True,retained
1,14100,10821,primary,2010,2017,True,True,retained,True,False,exited
1,14100,11278,primary,2010,2017,True,True,retained,True,True,retained
1,14100,11292,primary,2010,2017,True,True,retained,True,True,retained
1,14100,11298,primary,2010,2017,True,True,retained,True,True,retained
1,14100,11433,primary,2010,2017,True,True,retained,True,True,retained
1,14100,11618,primary,2010,2017,True,True,retained,True,False,exited
1,14100,11697,primary,2010,2017,True,True,retained,True,True,retained
1,14100,12266,primary,2010,2017,True,True,retained,True,True,retained
1,14100,12478,primary,2010,2017,True,True,retained,True,False,exited
1,14100,12889,primary,2010,2017,True,True,retained,True,True,retained
1,14100,12892,primary,2010,2017,True,True,retained,True,True,retained
1,14100,12953,primary,2010,2017,True,True,retained,True,True,retained
1,14100,13204,primary,2010,2017,True,True,retained,True,True,retained
1,14100,13232,primary,2010,2017,True,True,retained,True,True,retained
1,14100,13303,primary,2010,2017,True,True,retained,True,True,retained
1,14100,13487,primary,2010,2017,True,True,retained,True,True,retained
1,14100,13796,primary,2010,2017,True,True,retained,False,False,absent
1,14100,13930,primary,2010,2017,True,True,retained,True,True,retained
1,14100,14107,primary,2010,2017,True,True,retained,True,True,retained
1,14100,14635,primary,2010,2017,True,True,retained,True,True,retained
1,14100,14679,primary,2010,2017,True,True,retained,True,True,retained
1,14100,14747,primary,2010,2017,True,True,retained,True,True,retained
1,14100,14771,primary,2010,2017,True,True,retained,True,True,retained
1,14100,14869,primary,2010,2017,True,True,retained,True,True,retained
1,14100,15016,primary,2010,2017,True,True,retained,True,True,retained
1,14100,15304,primary,2010,2017,True,True,retained,True,True,retained
1,14107,10397,primary,2010,2017,True,True,retained,True,True,retained
1,14107,10721,primary,2010,2017,True,True,retained,True,True,retained
1,14107,10821,primary,2010,2017,True,True,retained,True,True,retained
1,14107,11278,primary,2010,2017,True,True,retained,True,True,retained
1,14107,11292,primary,2010,2017,True,True,retained,True,True,retained
1,14107,11298,primary,2010,2017,True,True,retained,True,True,retained
1,14107,11433,primary,2010,2017,True,True,retained,True,True,retained
1,14107,11618,primary,2010,2017,True,True,retained,True,True,retained
1,14107,11697,primary,2010,2017,True,True,retained,True,True,retained
1,14107,12173,primary,2010,2017,True,True,retained,True,True,retained
1,14107,12266,primary,2010,2017,True,True,retained,True,True,retained
1,14107,12478,primary,2010,2017,True,True,retained,True,True,retained
1,14107,12889,primary,2010,2017,True,True,retained,True,True,retained
1,14107,12892,primary,2010,2017,True,True,retained,True,True,retained
1,14107,12953,primary,2010,2017,True,True,retained,False,False,absent
1,14107,13204,primary,2010,2017,True,True,retained,True,True,retained
1,14107,13232,primary,2010,2017,True,True,retained,True,True,retained
1,14107,13303,primary,2010,2017,True,True,retained,True,True,retained
1,14107,13487,primary,2010,2017,True,True,retained,True,True,retained
1,14107,13796,primary,2010,2017,True,True,retained,True,True,retained
1,14107,13930,primary,2010,2017,True,True,retained,True,True,retained
1,14107,14100,primary,2010,2017,True,True,retained,True,True,retained
1,14107,14635,primary,2010,2017,True,True,retained,False,False,absent
1,14107,14679,primary,2010,2017,True,True,retained,True,True,retained
1,14107,14747,primary,2010,2017,True,True,retained,True,True,retained
1,14107,14771,primary,2010,2017,True,True,retained,True,True,retained
1,14107,14869,primary,2010,2017,True,True,retained,True,True,retained
1,14107,15016,primary,2010,2017,True,True,retained,True,True,retained
1,14107,15304,primary,2010,2017,True,True,retained,True,True,retained
1,14635,10397,primary,2010,2017,True,True,retained,True,True,retained
1,14635,10721,primary,2010,2017,True,True,retained,True,True,retained
1,14635,10821,primary,2010,2017,True,True,retained,True,True,retained
1,14635,11278,primary,2010,2017,True,True,retained,True,True,retained
1,14635,11292,primary,2010,2017,True,True,retained,True,True,retained
1,14635,11298,primary,2010,2017,True,True,retained,True,True,retained
1,14635,11433,primary,2010,2017,True,True,retained,True,True,retained
1,14635,11618,primary,2010,2017,True,True,retained,True,True,retained
1,14635,12266,primary,2010,2017,True,True,retained,True,True,retained
1,14635,12478,primary,2010,2017,True,True,retained,True,True,retained
1,14635,12889,primary,2010,2017,True,True,retained,False,False,absent
1,14635,12892,primary,2010,2017,True,True,retained,False,False,absent
1,14635,12953,primary,2010,2017,True,True,retained,True,True,retained
1,14635,13204,primary,2010,2017,True,False,exited,True,False,exited
1,14635,13232,primary,2010,2017,True,True,retained,True,True,retained
1,14635,13303,primary,2010,2017,True,False,exited,False,False,absent
1,14635,13487,primary,2010,2017,True,True,retained,True,True,retained
1,14635,13796,primary,2010,2017,True,False,exited,False,False,absent
1,14635,13930,primary,2010,2017,True,True,retained,True,True,retained
1,14635,14100,primary,2010,2017,True,True,retained,True,True,retained
1,14635,14107,primary,2010,2017,True,True,retained,False,False,absent
1,14635,14679,primary,2010,2017,False,True,entered,False,False,absent
1,14635,14747,primary,2010,2017,True,True,retained,False,False,absent
1,14635,14771,primary,2010,2017,True,True,retained,False,False,absent
1,14635,15016,primary,2010,2017,True,True,retained,True,True,retained
1,14679,10397,primary,2010,2017,True,True,retained,True,True,retained
1,14679,10721,primary,2010,2017,True,True,retained,True,True,retained
1,14679,10821,primary,2010,2017,True,True,retained,True,True,retained
1,14679,11278,primary,2010,2017,True,True,retained,False,False,absent
1,14679,11292,primary,2010,2017,True,True,retained,True,True,retained
1,14679,11298,primary,2010,2017,True,True,retained,True,True,retained
1,14679,11433,primary,2010,2017,True,True,retained,True,True,retained
1,14679,11618,primary,2010,2017,True,True,retained,True,True,retained
1,14679,11697,primary,2010,2017,True,True,retained,False,True,entered
1,14679,12173,primary,2010,2017,True,True,retained,True,True,retained
1,14679,12266,primary,2010,2017,True,True,retained,True,True,retained
1,14679,12478,primary,2010,2017,True,True,retained,True,True,retained
1,14679,12889,primary,2010,2017,True,True,retained,True,True,retained
1,14679,12892,primary,2010,2017,True,True,retained,True,True,retained
1,14679,12953,primary,2010,2017,True,True,retained,False,False,absent
1,14679,13204,primary,2010,2017,True,True,retained,False,True,entered
1,14679,13232,primary,2010,2017,True,True,retained,True,True,retained
1,14679,13303,primary,2010,2017,True,True,retained,False,True,entered
1,14679,13487,primary,2010,2017,True,True,retained,True,True,retained
1,14679,13796,primary,2010,2017,True,True,retained,True,True,retained
1,14679,13930,primary,2010,2017,True,True,retained,True,True,retained
1,14679,14100,primary,2010,2017,True,True,retained,True,True,retained
1,14679,14107,primary,2010,2017,True,True,retained,True,True,retained
1,14679,14635,primary,2010,2017,True,True,retained,False,False,absent
1,14679,14747,primary,2010,2017,True,True,retained,True,True,retained
1,14679,14771,primary,2010,2017,True,True,retained,True,True,retained
1,14679,14869,primary,2010,2017,True,True,retained,True,True,retained
1,14679,15016,primary,2010,2017,True,True,retained,False,True,entered
1,14679,15304,primary,2010,2017,True,True,retained,False,False,absent
1,14747,10397,primary,2010,2017,True,True,retained,True,True,retained
1,14747,10721,primary,2010,2017,True,True,retained,True,True,retained
1,14747,10821,primary,2010,2017,True,True,retained,False,True,entered
1,14747,11278,primary,2010,2017,True,True,retained,True,True,retained
1,14747,11292,primary,2010,2017,True,True,retained,True,True,retained
1,14747,11298,primary,2010,2017,True,True,retained,True,True,retained
1,14747,11433,primary,2010,2017,True,True,retained,True,True,retained
1,14747,11618,primary,2010,2017,True,True,retained,True,True,retained
1,14747,11697,primary,2010,2017,True,True,retained,False,True,entered
1,14747,12173,primary,2010,2017,True,True,retained,True,True,retained
1,14747,12266,primary,2010,2017,True,True,retained,True,True,retained
1,14747,12478,primary,2010,2017,True,True,retained,True,True,retained
1,14747,12889,primary,2010,2017,True,True,retained,True,True,retained
1,14747,12892,primary,2010,2017,True,True,retained,True,True,retained
1,14747,13204,primary,2010,2017,True,True,retained,True,True,retained
1,14747,13232,primary,2010,2017,True,True,retained,True,True,retained
1,14747,13303,primary,2010,2017,True,True,retained,True,True,retained
1,14747,13487,primary,2010,2017,True,True,retained,True,True,retained
1,14747,13796,primary,2010,2017,True,True,retained,True,True,retained
1,14747,13930,primary,2010,2017,True,True,retained,True,True,retained
1,14747,14100,primary,2010,2017,True,True,retained,True,True,retained
1,14747,14107,primary,2010,2017,True,True,retained,True,True,retained
1,14747,14635,primary,2010,2017,True,True,retained,False,False,absent
1,14747,14679,primary,2010,2017,True,True,retained,True,True,retained
1,14747,14771,primary,2010,2017,True,True,retained,True,True,retained
1,14747,14869,primary,2010,2017,True,True,retained,True,True,retained
1,14747,15016,primary,2010,2017,True,True,retained,True,True,retained
1,14747,15304,primary,2010,2017,True,True,retained,False,True,entered
1,14771,10397,primary,2010,2017,True,True,retained,True,True,retained
1,14771,10721,primary,2010,2017,True,True,retained,True,True,retained
1,14771,10821,primary,2010,2017,True,True,retained,True,True,retained
1,14771,11278,primary,2010,2017,True,True,retained,False,True,entered
1,14771,11292,primary,2010,2017,True,True,retained,True,True,retained
1,14771,11298,primary,2010,2017,True,True,retained,True,True,retained
1,14771,11433,primary,2010,2017,True,True,retained,True,True,retained
1,14771,11618,primary,2010,2017,True,True,retained,True,True,retained
1,14771,11697,primary,2010,2017,True,True,retained,True,True,retained
1,14771,12173,primary,2010,2017,True,True,retained,True,True,retained
1,14771,12266,primary,2010,2017,True,True,retained,True,True,retained
1,14771,12478,primary,2010,2017,True,True,retained,True,True,retained
1,14771,12889,primary,2010,2017,True,True,retained,True,True,retained
1,14771,12892,primary,2010,2017,True,True,retained,True,True,retained
1,14771,12953,primary,2010,2017,True,True,retained,False,False,absent
1,14771,13204,primary,2010,2017,True,True,retained,True,True,retained
1,14771,13232,primary,2010,2017,True,True,retained,True,True,retained
1,14771,13303,primary,2010,2017,True,True,retained,True,True,retained
1,14771,13487,primary,2010,2017,True,True,retained,True,True,retained
1,14771,13930,primary,2010,2017,True,True,retained,True,True,retained
1,14771,14100,primary,2010,2017,True,True,retained,True,True,retained
1,14771,14107,primary,2010,2017,True,True,retained,True,True,retained
1,14771,14635,primary,2010,2017,True,False,exited,False,False,absent
1,14771,14679,primary,2010,2017,True,True,retained,True,True,retained
1,14771,14747,primary,2010,2017,True,True,retained,True,True,retained
1,14771,14869,primary,2010,2017,True,True,retained,True,True,retained
1,14771,15016,primary,2010,2017,True,True,retained,True,True,retained
1,14771,15304,primary,2010,2017,True,True,retained,False,True,entered
1,14869,10397,primary,2010,2017,True,True,retained,True,True,retained
1,14869,10721,primary,2010,2017,True,True,retained,True,True,retained
1,14869,10821,primary,2010,2017,True,True,retained,True,True,retained
1,14869,11278,primary,2010,2017,True,True,retained,True,True,retained
1,14869,11292,primary,2010,2017,True,True,retained,True,True,retained
1,14869,11298,primary,2010,2017,True,True,retained,True,True,retained
1,14869,11433,primary,2010,2017,True,True,retained,True,True,retained
1,14869,11618,primary,2010,2017,True,True,retained,True,True,retained
1,14869,11697,primary,2010,2017,True,True,retained,True,False,exited
1,14869,12173,primary,2010,2017,True,True,retained,True,True,retained
1,14869,12266,primary,2010,2017,True,True,retained,True,True,retained
1,14869,12478,primary,2010,2017,True,True,retained,True,True,retained
1,14869,12889,primary,2010,2017,True,True,retained,True,True,retained
1,14869,12892,primary,2010,2017,True,True,retained,True,True,retained
1,14869,12953,primary,2010,2017,True,False,exited,True,False,exited
1,14869,13204,primary,2010,2017,True,True,retained,True,True,retained
1,14869,13232,primary,2010,2017,True,True,retained,True,True,retained
1,14869,13303,primary,2010,2017,False,True,entered,False,True,entered
1,14869,13487,primary,2010,2017,True,True,retained,True,True,retained
1,14869,13796,primary,2010,2017,True,True,retained,True,True,retained
1,14869,13930,primary,2010,2017,True,True,retained,True,True,retained
1,14869,14100,primary,2010,2017,True,True,retained,True,True,retained
1,14869,14107,primary,2010,2017,True,True,retained,True,True,retained
1,14869,14679,primary,2010,2017,True,True,retained,True,True,retained
1,14869,14747,primary,2010,2017,True,True,retained,True,True,retained
1,14869,14771,primary,2010,2017,True,True,retained,True,True,retained
1,14869,15016,primary,2010,2017,True,True,retained,True,True,retained
1,14869,15304,primary,2010,2017,True,True,retained,True,False,exited
1,15016,10397,primary,2010,2017,True,True,retained,True,True,retained
1,15016,10721,primary,2010,2017,True,True,retained,True,True,retained
1,15016,10821,primary,2010,2017,True,True,retained,True,True,retained
1,15016,11278,primary,2010,2017,True,True,retained,True,True,retained
1,15016,11292,primary,2010,2017,True,True,retained,True,True,retained
1,15016,11298,primary,2010,2017,True,True,retained,True,True,retained
1,15016,11433,primary,2010,2017,True,True,retained,True,True,retained
1,15016,11618,primary,2010,2017,True,True,retained,True,True,retained
1,15016,11697,primary,2010,2017,True,True,retained,True,True,retained
1,15016,12266,primary,2010,2017,True,True,retained,True,True,retained
1,15016,12478,primary,2010,2017,True,False,exited,True,False,exited
1,15016,12889,primary,2010,2017,True,True,retained,True,True,retained
1,15016,12892,primary,2010,2017,True,True,retained,True,True,retained
1,15016,12953,primary,2010,2017,True,True,retained,True,True,retained
1,15016,13204,primary,2010,2017,True,True,retained,True,True,retained
1,15016,13232,primary,2010,2017,True,True,retained,True,True,retained
1,15016,13303,primary,2010,2017,True,True,retained,True,True,retained
1,15016,13487,primary,2010,2017,True,True,retained,True,True,retained
1,15016,13796,primary,2010,2017,True,True,retained,False,True,entered
1,15016,13930,primary,2010,2017,True,True,retained,True,True,retained
1,15016,14100,primary,2010,2017,True,True,retained,True,True,retained
1,15016,14107,primary,2010,2017,True,True,retained,True,True,retained
1,15016,14635,primary,2010,2017,True,True,retained,True,True,retained
1,15016,14679,primary,2010,2017,True,True,retained,False,True,entered
1,15016,14747,primary,2010,2017,True,True,retained,True,True,retained
1,15016,14771,primary,2010,2017,True,True,retained,True,True,retained
1,15016,14869,primary,2010,2017,True,True,retained,True,True,retained
1,15016,15304,primary,2010,2017,True,True,retained,True,True,retained
1,15304,10397,primary,2010,2017,True,True,retained,True,True,retained
1,15304,10721,primary,2010,2017,True,True,retained,True,True,retained
1,15304,10821,primary,2010,2017,True,True,retained,True,True,retained
1,15304,11278,primary,2010,2017,True,True,retained,True,True,retained
1,15304,11292,primary,2010,2017,True,True,retained,True,True,retained
1,15304,11298,primary,2010,2017,True,True,retained,True,True,retained
1,15304,11433,primary,2010,2017,True,True,retained,True,True,retained
1,15304,11618,primary,2010,2017,True,True,retained,True,True,retained
1,15304,11697,primary,2010,2017,True,True,retained,True,True,retained
1,15304,12266,primary,2010,2017,True,True,retained,True,True,retained
1,15304,12478,primary,2010,2017,True,True,retained,True,True,retained
1,15304,12889,primary,2010,2017,True,True,retained,True,True,retained
1,15304,12892,primary,2010,2017,True,True,retained,True,True,retained
1,15304,12953,primary,2010,2017,True,True,retained,True,True,retained
1,15304,13232,primary,2010,2017,True,True,retained,True,True,retained
1,15304,13303,primary,2010,2017,True,True,retained,True,True,retained
1,15304,13487,primary,2010,2017,True,True,retained,True,True,retained
1,15304,13796,primary,2010,2017,True,True,retained,False,False,absent
1,15304,13930,primary,2010,2017,True,True,retained,True,True,retained
1,15304,14100,primary,2010,2017,True,True,retained,True,True,retained
1,15304,14107,primary,2010,2017,True,True,retained,True,True,retained
1,15304,14679,primary,2010,2017,True,True,retained,False,False,absent
1,15304,14747,primary,2010,2017,True,True,retained,False,True,entered
1,15304,14771,primary,2010,2017,True,True,retained,False,True,entered
1,15304,14869,primary,2010,2017,True,True,retained,True,False,exited
1,15304,15016,primary,2010,2017,True,True,retained,True,True,retained
2,10397,10721,primary,2010,2017,True,True,retained,True,True,retained
2,10397,10821,primary,2010,2017,True,True,retained,True,True,retained
2,10397,11278,primary,2010,2017,True,True,retained,True,True,retained
2,10397,11292,primary,2010,2017,True,True,retained,True,True,retained
2,10397,11298,primary,2010,2017,True,True,retained,True,True,retained
2,10397,11433,primary,2010,2017,True,True,retained,True,True,retained
2,10397,11618,primary,2010,2017,True,True,retained,True,True,retained
2,10397,11697,primary,2010,2017,True,True,retained,True,True,retained
2,10397,12173,primary,2010,2017,True,True,retained,True,True,retained
2,10397,12266,primary,2010,2017,True,True,retained,True,True,retained
2,10397,12478,primary,2010,2017,True,True,retained,True,True,retained
2,10397,12889,primary,2010,2017,True,True,retained,True,True,retained
2,10397,12892,primary,2010,2017,True,True,retained,True,True,retained
2,10397,12953,primary,2010,2017,True,True,retained,True,True,retained
2,10397,13204,primary,2010,2017,True,True,retained,True,True,retained
2,10397,13232,primary,2010,2017,True,True,retained,True,True,retained
2,10397,13303,primary,2010,2017,True,True,retained,True,True,retained
2,10397,13487,primary,2010,2017,True,True,retained,True,True,retained
2,10397,13796,primary,2010,2017,True,True,retained,False,True,entered
2,10397,13930,primary,2010,2017,True,True,retained,True,True,retained
2,10397,14100,primary,2010,2017,True,True,retained,True,True,retained
2,10397,14107,primary,2010,2017,True,True,retained,True,True,retained
2,10397,14635,primary,2010,2017,True,True,retained,True,True,retained
2,10397,14679,primary,2010,2017,True,True,retained,True,True,retained
2,10397,14747,primary,2010,2017,True,True,retained,True,True,retained
2,10397,14771,primary,2010,2017,True,True,retained,True,True,retained
2,10397,14869,primary,2010,2017,True,True,retained,True,True,retained
2,10397,15016,primary,2010,2017,True,True,retained,True,True,retained
2,10397,15304,primary,2010,2017,True,True,retained,True,True,retained
2,10721,10397,primary,2010,2017,True,True,retained,True,True,retained
2,10721,10821,primary,2010,2017,True,True,retained,True,True,retained
2,10721,11278,primary,2010,2017,True,True,retained,True,True,retained
2,10721,11292,primary,2010,2017,True,True,retained,True,True,retained
2,10721,11298,primary,2010,2017,True,True,retained,True,True,retained
2,10721,11433,primary,2010,2017,True,True,retained,True,True,retained
2,10721,11618,primary,2010,2017,True,True,retained,True,True,retained
2,10721,11697,primary,2010,2017,True,True,retained,True,True,retained
2,10721,12173,primary,2010,2017,True,False,exited,False,False,absent
2,10721,12266,primary,2010,2017,True,True,retained,True,True,retained
2,10721,12478,primary,2010,2017,True,True,retained,True,True,retained
2,10721,12889,primary,2010,2017,True,True,retained,True,True,retained
2,10721,12892,primary,2010,2017,True,True,retained,True,True,retained
2,10721,12953,primary,2010,2017,True,True,retained,True,True,retained
2,10721,13204,primary,2010,2017,True,True,retained,True,True,retained
2,10721,13232,primary,2010,2017,True,True,retained,True,True,retained
2,10721,13303,primary,2010,2017,True,True,retained,True,True,retained
2,10721,13487,primary,2010,2017,True,True,retained,True,True,retained
2,10721,13796,primary,2010,2017,True,True,retained,True,True,retained
2,10721,13930,primary,2010,2017,True,True,retained,True,True,retained
2,10721,14100,primary,2010,2017,True,True,retained,True,True,retained
2,10721,14107,primary,2010,2017,True,True,retained,True,True,retained
2,10721,14635,primary,2010,2017,True,True,retained,True,True,retained
2,10721,14679,primary,2010,2017,True,True,retained,True,True,retained
2,10721,14747,primary,2010,2017,True,True,retained,True,True,retained
2,10721,14771,primary,2010,2017,True,True,retained,True,True,retained
2,10721,14869,primary,2010,2017,True,True,retained,True,True,retained
2,10721,15016,primary,2010,2017,True,True,retained,True,True,retained
2,10721,15304,primary,2010,2017,True,True,retained,True,True,retained
2,10821,10397,primary,2010,2017,True,True,retained,True,True,retained
2,10821,10721,primary,2010,2017,True,True,retained,True,True,retained
2,10821,11292,primary,2010,2017,True,True,retained,True,True,retained
2,10821,11298,primary,2010,2017,True,True,retained,True,True,retained
2,10821,11433,primary,2010,2017,True,True,retained,True,True,retained
2,10821,11618,primary,2010,2017,True,True,retained,True,True,retained
2,10821,11697,primary,2010,2017,True,True,retained,True,True,retained
2,10821,12266,primary,2010,2017,True,True,retained,True,True,retained
2,10821,12478,primary,2010,2017,True,True,retained,True,False,exited
2,10821,12889,primary,2010,2017,True,True,retained,True,True,retained
2,10821,12892,primary,2010,2017,True,True,retained,True,True,retained
2,10821,12953,primary,2010,2017,True,False,exited,True,False,exited
2,10821,13204,primary,2010,2017,True,True,retained,True,True,retained
2,10821,13232,primary,2010,2017,True,True,retained,True,True,retained
2,10821,13303,primary,2010,2017,True,True,retained,True,True,retained
2,10821,13487,primary,2010,2017,True,True,retained,True,True,retained
2,10821,13796,primary,2010,2017,True,True,retained,False,True,entered
2,10821,13930,primary,2010,2017,True,True,retained,True,True,retained
2,10821,14100,primary,2010,2017,True,True,retained,True,False,exited
2,10821,14107,primary,2010,2017,True,True,retained,True,True,retained
2,10821,14635,primary,2010,2017,True,True,retained,True,True,retained
2,10821,14679,primary,2010,2017,True,True,retained,True,True,retained
2,10821,14747,primary,2010,2017,True,True,retained,True,True,retained
2,10821,14771,primary,2010,2017,True,True,retained,True,True,retained
2,10821,14869,primary,2010,2017,True,True,retained,True,True,retained
2,10821,15016,primary,2010,2017,True,True,retained,True,True,retained
2,10821,15304,primary,2010,2017,True,True,retained,True,True,retained
2,11278,10397,primary,2010,2017,True,True,retained,True,True,retained
2,11278,10721,primary,2010,2017,True,True,retained,True,True,retained
2,11278,11292,primary,2010,2017,True,True,retained,True,True,retained
2,11278,11298,primary,2010,2017,True,True,retained,True,True,retained
2,11278,11433,primary,2010,2017,True,True,retained,True,True,retained
2,11278,11618,primary,2010,2017,True,True,retained,True,True,retained
2,11278,11697,primary,2010,2017,True,True,retained,True,True,retained
2,11278,12266,primary,2010,2017,True,True,retained,True,True,retained
2,11278,12478,primary,2010,2017,True,True,retained,True,True,retained
2,11278,12889,primary,2010,2017,True,True,retained,True,True,retained
2,11278,12892,primary,2010,2017,True,True,retained,True,True,retained
2,11278,12953,primary,2010,2017,True,True,retained,True,True,retained
2,11278,13204,primary,2010,2017,True,True,retained,True,True,retained
2,11278,13232,primary,2010,2017,False,True,entered,False,True,entered
2,11278,13303,primary,2010,2017,True,True,retained,True,True,retained
2,11278,13487,primary,2010,2017,True,True,retained,True,True,retained
2,11278,13796,primary,2010,2017,False,True,entered,False,False,absent
2,11278,13930,primary,2010,2017,True,True,retained,True,True,retained
2,11278,14100,primary,2010,2017,True,True,retained,True,True,retained
2,11278,14107,primary,2010,2017,True,True,retained,True,True,retained
2,11278,14635,primary,2010,2017,True,True,retained,True,True,retained
2,11278,14679,primary,2010,2017,True,True,retained,False,False,absent
2,11278,14747,primary,2010,2017,True,True,retained,True,True,retained
2,11278,14771,primary,2010,2017,True,True,retained,False,True,entered
2,11278,14869,primary,2010,2017,True,True,retained,True,True,retained
2,11278,15016,primary,2010,2017,True,True,retained,True,True,retained
2,11278,15304,primary,2010,2017,True,True,retained,True,True,retained
2,11292,10397,primary,2010,2017,True,True,retained,True,True,retained
2,11292,10721,primary,2010,2017,True,True,retained,True,True,retained
2,11292,10821,primary,2010,2017,True,True,retained,True,True,retained
2,11292,11278,primary,2010,2017,True,True,retained,True,True,retained
2,11292,11298,primary,2010,2017,True,True,retained,True,True,retained
2,11292,11433,primary,2010,2017,True,True,retained,True,True,retained
2,11292,11618,primary,2010,2017,True,True,retained,True,True,retained
2,11292,11697,primary,2010,2017,True,True,retained,True,True,retained
2,11292,12173,primary,2010,2017,True,True,retained,True,True,retained
2,11292,12266,primary,2010,2017,True,True,retained,True,True,retained
2,11292,12478,primary,2010,2017,True,True,retained,True,True,retained
2,11292,12889,primary,2010,2017,True,True,retained,True,True,retained
2,11292,12892,primary,2010,2017,True,True,retained,True,True,retained
2,11292,12953,primary,2010,2017,True,True,retained,True,True,retained
2,11292,13204,primary,2010,2017,True,True,retained,True,True,retained
2,11292,13232,primary,2010,2017,True,True,retained,True,True,retained
2,11292,13303,primary,2010,2017,True,True,retained,True,True,retained
2,11292,13487,primary,2010,2017,True,True,retained,True,True,retained
2,11292,13796,primary,2010,2017,True,True,retained,True,True,retained
2,11292,13930,primary,2010,2017,True,True,retained,True,True,retained
2,11292,14100,primary,2010,2017,True,True,retained,True,True,retained
2,11292,14107,primary,2010,2017,True,True,retained,True,True,retained
2,11292,14635,primary,2010,2017,True,True,retained,True,True,retained
2,11292,14679,primary,2010,2017,True,True,retained,True,True,retained
2,11292,14747,primary,2010,2017,True,True,retained,True,True,retained
2,11292,14771,primary,2010,2017,True,True,retained,True,True,retained
2,11292,14869,primary,2010,2017,True,True,retained,True,True,retained
2,11292,15016,primary,2010,2017,True,True,retained,True,True,retained
2,11292,15304,primary,2010,2017,True,True,retained,True,True,retained
2,11298,10397,primary,2010,2017,True,True,retained,True,True,retained
2,11298,10721,primary,2010,2017,True,True,retained,True,True,retained
2,11298,10821,primary,2010,2017,True,True,retained,True,True,retained
2,11298,11278,primary,2010,2017,True,True,retained,True,True,retained
2,11298,11292,primary,2010,2017,True,True,retained,True,True,retained
2,11298,11433,primary,2010,2017,True,True,retained,True,True,retained
2,11298,11618,primary,2010,2017,True,True,retained,True,True,retained
2,11298,11697,primary,2010,2017,True,True,retained,True,True,retained
2,11298,12173,primary,2010,2017,True,True,retained,True,True,retained
2,11298,12266,primary,2010,2017,True,True,retained,True,True,retained
2,11298,12478,primary,2010,2017,True,True,retained,True,True,retained
2,11298,12889,primary,2010,2017,True,True,retained,True,True,retained
2,11298,12892,primary,2010,2017,True,True,retained,True,True,retained
2,11298,12953,primary,2010,2017,True,True,retained,True,True,retained
2,11298,13204,primary,2010,2017,True,True,retained,True,True,retained
2,11298,13232,primary,2010,2017,True,False,exited,False,False,absent
2,11298,13303,primary,2010,2017,True,True,retained,True,True,retained
2,11298,13487,primary,2010,2017,True,True,retained,True,True,retained
2,11298,13796,primary,2010,2017,True,True,retained,False,True,entered
2,11298,13930,primary,2010,2017,True,True,retained,True,True,retained
2,11298,14100,primary,2010,2017,True,True,retained,True,True,retained
2,11298,14107,primary,2010,2017,True,True,retained,True,True,retained
2,11298,14635,primary,2010,2017,True,True,retained,True,True,retained
2,11298,14679,primary,2010,2017,True,True,retained,True,True,retained
2,11298,14747,primary,2010,2017,True,True,retained,True,True,retained
2,11298,14771,primary,2010,2017,True,True,retained,True,True,retained
2,11298,14869,primary,2010,2017,True,True,retained,True,True,retained
2,11298,15016,primary,2010,2017,True,True,retained,True,True,retained
2,11298,15304,primary,2010,2017,True,True,retained,True,True,retained
2,11433,10397,primary,2010,2017,True,True,retained,True,True,retained
2,11433,10721,primary,2010,2017,True,True,retained,True,True,retained
2,11433,10821,primary,2010,2017,True,True,retained,True,True,retained
2,11433,11278,primary,2010,2017,True,True,retained,True,True,retained
2,11433,11292,primary,2010,2017,True,True,retained,True,True,retained
2,11433,11298,primary,2010,2017,True,True,retained,True,True,retained
2,11433,11618,primary,2010,2017,True,True,retained,True,True,retained
2,11433,11697,primary,2010,2017,True,True,retained,True,True,retained
2,11433,12173,primary,2010,2017,True,True,retained,True,False,exited
2,11433,12266,primary,2010,2017,True,True,retained,True,True,retained
2,11433,12478,primary,2010,2017,True,True,retained,True,True,retained
2,11433,12889,primary,2010,2017,True,True,retained,True,True,retained
2,11433,12892,primary,2010,2017,True,True,retained,True,True,retained
2,11433,12953,primary,2010,2017,True,True,retained,True,True,retained
2,11433,13204,primary,2010,2017,True,True,retained,True,True,retained
2,11433,13232,primary,2010,2017,True,True,retained,True,True,retained
2,11433,13303,primary,2010,2017,True,True,retained,True,True,retained
2,11433,13487,primary,2010,2017,True,True,retained,True,True,retained
2,11433,13796,primary,2010,2017,False,True,entered,False,True,entered
2,11433,13930,primary,2010,2017,True,True,retained,True,True,retained
2,11433,14100,primary,2010,2017,True,True,retained,True,True,retained
2,11433,14107,primary,2010,2017,True,True,retained,True,True,retained
2,11433,14635,primary,2010,2017,True,True,retained,True,True,retained
2,11433,14679,primary,2010,2017,True,True,retained,True,True,retained
2,11433,14747,primary,2010,2017,True,True,retained,True,True,retained
2,11433,14771,primary,2010,2017,True,True,retained,True,True,retained
2,11433,14869,primary,2010,2017,True,True,retained,True,True,retained
2,11433,15016,primary,2010,2017,True,True,retained,True,True,retained
2,11433,15304,primary,2010,2017,True,True,retained,True,True,retained
2,11618,10397,primary,2010,2017,True,True,retained,True,True,retained
2,11618,10721,primary,2010,2017,True,True,retained,True,True,retained
2,11618,10821,primary,2010,2017,True,True,retained,True,True,retained
2,11618,11278,primary,2010,2017,True,True,retained,True,True,retained
2,11618,11292,primary,2010,2017,True,True,retained,True,True,retained
2,11618,11298,primary,2010,2017,True,True,retained,True,True,retained
2,11618,11433,primary,2010,2017,True,True,retained,True,True,retained
2,11618,11697,primary,2010,2017,True,True,retained,True,True,retained
2,11618,12173,primary,2010,2017,True,True,retained,True,True,retained
2,11618,12266,primary,2010,2017,True,True,retained,True,True,retained
2,11618,12889,primary,2010,2017,True,True,retained,True,True,retained
2,11618,12892,primary,2010,2017,True,True,retained,True,True,retained
2,11618,13204,primary,2010,2017,True,True,retained,True,True,retained
2,11618,13232,primary,2010,2017,False,True,entered,False,True,entered
2,11618,13303,primary,2010,2017,True,True,retained,True,True,retained
2,11618,13487,primary,2010,2017,True,True,retained,True,True,retained
2,11618,13796,primary,2010,2017,False,True,entered,False,True,entered
2,11618,13930,primary,2010,2017,True,True,retained,True,True,retained
2,11618,14100,primary,2010,2017,True,False,exited,True,False,exited
2,11618,14107,primary,2010,2017,True,True,retained,True,True,retained
2,11618,14635,primary,2010,2017,True,True,retained,True,True,retained
2,11618,14679,primary,2010,2017,True,True,retained,True,True,retained
2,11618,14747,primary,2010,2017,True,True,retained,True,True,retained
2,11618,14771,primary,2010,2017,True,True,retained,True,True,retained
2,11618,14869,primary,2010,2017,True,True,retained,True,True,retained
2,11618,15016,primary,2010,2017,True,True,retained,True,True,retained
2,11618,15304,primary,2010,2017,True,True,retained,True,True,retained
2,11697,10397,primary,2010,2017,True,True,retained,True,True,retained
2,11697,10721,primary,2010,2017,True,True,retained,True,True,retained
2,11697,10821,primary,2010,2017,True,True,retained,True,True,retained
2,11697,11278,primary,2010,2017,True,True,retained,True,True,retained
2,11697,11292,primary,2010,2017,True,True,retained,True,True,retained
2,11697,11298,primary,2010,2017,True,True,retained,True,True,retained
2,11697,11433,primary,2010,2017,True,True,retained,True,True,retained
2,11697,11618,primary,2010,2017,True,True,retained,True,True,retained
2,11697,12266,primary,2010,2017,True,True,retained,True,True,retained
2,11697,12478,primary,2010,2017,True,True,retained,True,True,retained
2,11697,12889,primary,2010,2017,True,True,retained,True,True,retained
2,11697,12892,primary,2010,2017,True,True,retained,True,True,retained
2,11697,12953,primary,2010,2017,True,True,retained,True,True,retained
2,11697,13204,primary,2010,2017,True,True,retained,True,True,retained
2,11697,13232,primary,2010,2017,True,True,retained,True,True,retained
2,11697,13487,primary,2010,2017,True,True,retained,True,True,retained
2,11697,13796,primary,2010,2017,False,True,entered,False,False,absent
2,11697,13930,primary,2010,2017,True,True,retained,True,True,retained
2,11697,14100,primary,2010,2017,True,True,retained,True,True,retained
2,11697,14107,primary,2010,2017,True,True,retained,True,True,retained
2,11697,14679,primary,2010,2017,True,True,retained,False,True,entered
2,11697,14747,primary,2010,2017,True,True,retained,False,True,entered
2,11697,14771,primary,2010,2017,True,True,retained,True,True,retained
2,11697,14869,primary,2010,2017,True,True,retained,True,False,exited
2,11697,15016,primary,2010,2017,True,True,retained,True,True,retained
2,11697,15304,primary,2010,2017,True,True,retained,True,True,retained
2,12173,10397,primary,2010,2017,True,True,retained,True,True,retained
2,12173,10721,primary,2010,2017,True,True,retained,False,False,absent
2,12173,11292,primary,2010,2017,True,True,retained,True,True,retained
2,12173,11298,primary,2010,2017,True,True,retained,True,True,retained
2,12173,11433,primary,2010,2017,True,True,retained,True,False,exited
2,12173,11618,primary,2010,2017,True,True,retained,True,True,retained
2,12173,12266,primary,2010,2017,True,True,retained,True,True,retained
2,12173,12478,primary,2010,2017,True,True,retained,False,True,entered
2,12173,12889,primary,2010,2017,True,True,retained,True,True,retained
2,12173,12892,primary,2010,2017,True,True,retained,True,True,retained
2,12173,13487,primary,2010,2017,True,True,retained,True,True,retained
2,12173,13796,primary,2010,2017,True,True,retained,True,True,retained
2,12173,13930,primary,2010,2017,True,True,retained,True,True,retained
2,12173,14100,primary,2010,2017,True,False,exited,False,False,absent
2,12173,14107,primary,2010,2017,True,True,retained,True,True,retained
2,12173,14679,primary,2010,2017,True,True,retained,True,True,retained
2,12173,14747,primary,2010,2017,True,True,retained,True,True,retained
2,12173,14771,primary,2010,2017,True,True,retained,True,True,retained
2,12173,14869,primary,2010,2017,True,True,retained,True,True,retained
2,12266,10397,primary,2010,2017,True,True,retained,True,True,retained
2,12266,10721,primary,2010,2017,True,True,retained,True,True,retained
2,12266,10821,primary,2010,2017,True,True,retained,True,True,retained
2,12266,11278,primary,2010,2017,True,True,retained,True,True,retained
2,12266,11292,primary,2010,2017,True,True,retained,True,True,retained
2,12266,11298,primary,2010,2017,True,True,retained,True,True,retained
2,12266,11433,primary,2010,2017,True,True,retained,True,True,retained
2,12266,11618,primary,2010,2017,True,True,retained,True,True,retained
2,12266,11697,primary,2010,2017,True,True,retained,True,True,retained
2,12266,12173,primary,2010,2017,True,True,retained,True,True,retained
2,12266,12478,primary,2010,2017,True,True,retained,True,False,exited
2,12266,12889,primary,2010,2017,True,True,retained,True,True,retained
2,12266,12892,primary,2010,2017,True,True,retained,True,True,retained
2,12266,12953,primary,2010,2017,True,True,retained,True,True,retained
2,12266,13204,primary,2010,2017,True,True,retained,True,True,retained
2,12266,13303,primary,2010,2017,True,True,retained,True,True,retained
2,12266,13487,primary,2010,2017,True,True,retained,True,True,retained
2,12266,13796,primary,2010,2017,True,True,retained,False,True,entered
2,12266,13930,primary,2010,2017,True,True,retained,True,True,retained
2,12266,14100,primary,2010,2017,True,True,retained,True,True,retained
2,12266,14107,primary,2010,2017,True,True,retained,True,True,retained
2,12266,14635,primary,2010,2017,True,True,retained,True,True,retained
2,12266,14679,primary,2010,2017,True,True,retained,True,True,retained
2,12266,14747,primary,2010,2017,True,True,retained,True,True,retained
2,12266,14771,primary,2010,2017,True,True,retained,True,True,retained
2,12266,14869,primary,2010,2017,True,True,retained,True,True,retained
2,12266,15016,primary,2010,2017,True,True,retained,True,True,retained
2,12266,15304,primary,2010,2017,True,True,retained,True,True,retained
2,12478,10397,primary,2010,2017,True,True,retained,True,True,retained
2,12478,10721,primary,2010,2017,True,True,retained,True,True,retained
2,12478,10821,primary,2010,2017,True,True,retained,True,False,exited
2,12478,11278,primary,2010,2017,True,True,retained,True,True,retained
2,12478,11292,primary,2010,2017,True,True,retained,True,True,retained
2,12478,11298,primary,2010,2017,True,True,retained,True,True,retained
2,12478,11433,primary,2010,2017,True,True,retained,True,True,retained
2,12478,11697,primary,2010,2017,True,True,retained,True,True,retained
2,12478,12173,primary,2010,2017,False,True,entered,False,True,entered
2,12478,12266,primary,2010,2017,True,True,retained,True,False,exited
2,12478,12889,primary,2010,2017,True,True,retained,True,True,retained
2,12478,12892,primary,2010,2017,True,True,retained,True,True,retained
2,12478,13204,primary,2010,2017,True,True,retained,True,True,retained
2,12478,13303,primary,2010,2017,True,True,retained,True,True,retained
2,12478,13487,primary,2010,2017,True,True,retained,True,True,retained
2,12478,13796,primary,2010,2017,True,True,retained,True,True,retained
2,12478,13930,primary,2010,2017,True,True,retained,True,True,retained
2,12478,14100,primary,2010,2017,True,True,retained,True,True,retained
2,12478,14107,primary,2010,2017,True,True,retained,True,True,retained
2,12478,14635,primary,2010,2017,True,True,retained,True,True,retained
2,12478,14679,primary,2010,2017,True,True,retained,True,True,retained
2,12478,14747,primary,2010,2017,True,True,retained,True,True,retained
2,12478,14771,primary,2010,2017,True,True,retained,True,True,retained
2,12478,14869,primary,2010,2017,True,True,retained,True,True,retained
2,12478,15016,primary,2010,2017,True,False,exited,True,False,exited
2,12478,15304,primary,2010,2017,True,True,retained,True,True,retained
2,12889,10397,primary,2010,2017,True,True,retained,True,True,retained
2,12889,10721,primary,2010,2017,True,True,retained,True,True,retained
2,12889,10821,primary,2010,2017,True,True,retained,True,True,retained
2,12889,11278,primary,2010,2017,True,True,retained,True,True,retained
2,12889,11292,primary,2010,2017,True,True,retained,True,True,retained
2,12889,11298,primary,2010,2017,True,True,retained,True,True,retained
2,12889,11433,primary,2010,2017,True,True,retained,True,True,retained
2,12889,11618,primary,2010,2017,True,True,retained,True,True,retained
2,12889,11697,primary,2010,2017,True,True,retained,True,True,retained
2,12889,12173,primary,2010,2017,True,True,retained,True,True,retained
2,12889,12266,primary,2010,2017,True,True,retained,True,True,retained
2,12889,12478,primary,2010,2017,True,True,retained,True,True,retained
2,12889,12892,primary,2010,2017,True,True,retained,True,True,retained
2,12889,12953,primary,2010,2017,True,True,retained,False,False,absent
2,12889,13204,primary,2010,2017,True,True,retained,True,True,retained
2,12889,13232,primary,2010,2017,True,True,retained,True,True,retained
2,12889,13303,primary,2010,2017,True,True,retained,True,True,retained
2,12889,13487,primary,2010,2017,True,True,retained,True,True,retained
2,12889,13796,primary,2010,2017,True,True,retained,True,True,retained
2,12889,13930,primary,2010,2017,True,True,retained,True,True,retained
2,12889,14100,primary,2010,2017,True,True,retained,True,True,retained
2,12889,14107,primary,2010,2017,True,True,retained,True,True,retained
2,12889,14635,primary,2010,2017,True,True,retained,False,False,absent
2,12889,14679,primary,2010,2017,True,True,retained,True,True,retained
2,12889,14747,primary,2010,2017,True,True,retained,True,True,retained
2,12889,14771,primary,2010,2017,True,True,retained,True,True,retained
2,12889,14869,primary,2010,2017,True,True,retained,True,True,retained
2,12889,15016,primary,2010,2017,True,True,retained,True,True,retained
2,12889,15304,primary,2010,2017,True,True,retained,True,True,retained
2,12892,10397,primary,2010,2017,True,True,retained,True,True,retained
2,12892,10721,primary,2010,2017,True,True,retained,True,True,retained
2,12892,10821,primary,2010,2017,True,True,retained,True,True,retained
2,12892,11278,primary,2010,2017,True,True,retained,True,True,retained
2,12892,11292,primary,2010,2017,True,True,retained,True,True,retained
2,12892,11298,primary,2010,2017,True,True,retained,True,True,retained
2,12892,11433,primary,2010,2017,True,True,retained,True,True,retained
2,12892,11618,primary,2010,2017,True,True,retained,True,True,retained
2,12892,11697,primary,2010,2017,True,True,retained,True,True,retained
2,12892,12173,primary,2010,2017,True,True,retained,True,True,retained
2,12892,12266,primary,2010,2017,True,True,retained,True,True,retained
2,12892,12478,primary,2010,2017,True,True,retained,True,True,retained
2,12892,12889,primary,2010,2017,True,True,retained,True,True,retained
2,12892,12953,primary,2010,2017,True,True,retained,False,False,absent
2,12892,13204,primary,2010,2017,True,True,retained,True,True,retained
2,12892,13232,primary,2010,2017,True,True,retained,True,True,retained
2,12892,13303,primary,2010,2017,True,True,retained,True,True,retained
2,12892,13487,primary,2010,2017,True,True,retained,True,True,retained
2,12892,13796,primary,2010,2017,True,True,retained,True,True,retained
2,12892,13930,primary,2010,2017,True,True,retained,True,True,retained
2,12892,14100,primary,2010,2017,True,True,retained,True,True,retained
2,12892,14107,primary,2010,2017,True,True,retained,True,True,retained
2,12892,14635,primary,2010,2017,True,False,exited,False,False,absent
2,12892,14679,primary,2010,2017,True,True,retained,True,True,retained
2,12892,14747,primary,2010,2017,True,True,retained,True,True,retained
2,12892,14771,primary,2010,2017,True,True,retained,True,True,retained
2,12892,14869,primary,2010,2017,True,True,retained,True,True,retained
2,12892,15016,primary,2010,2017,True,True,retained,True,True,retained
2,12892,15304,primary,2010,2017,True,True,retained,True,True,retained
2,12953,10397,primary,2010,2017,True,True,retained,True,True,retained
2,12953,10721,primary,2010,2017,True,True,retained,True,True,retained
2,12953,10821,primary,2010,2017,True,False,exited,True,False,exited
2,12953,11278,primary,2010,2017,True,True,retained,True,True,retained
2,12953,11292,primary,2010,2017,True,True,retained,True,True,retained
2,12953,11298,primary,2010,2017,True,True,retained,True,True,retained
2,12953,11433,primary,2010,2017,True,True,retained,True,True,retained
2,12953,11697,primary,2010,2017,True,True,retained,True,True,retained
2,12953,12266,primary,2010,2017,True,True,retained,True,True,retained
2,12953,12889,primary,2010,2017,True,True,retained,False,False,absent
2,12953,12892,primary,2010,2017,True,True,retained,False,False,absent
2,12953,13204,primary,2010,2017,True,True,retained,True,True,retained
2,12953,13232,primary,2010,2017,True,True,retained,True,True,retained
2,12953,13303,primary,2010,2017,True,True,retained,True,True,retained
2,12953,13487,primary,2010,2017,True,True,retained,True,True,retained
2,12953,13796,primary,2010,2017,False,True,entered,False,False,absent
2,12953,13930,primary,2010,2017,True,True,retained,True,True,retained
2,12953,14100,primary,2010,2017,True,True,retained,True,True,retained
2,12953,14107,primary,2010,2017,True,True,retained,False,False,absent
2,12953,14635,primary,2010,2017,True,True,retained,True,True,retained
2,12953,14679,primary,2010,2017,True,True,retained,False,False,absent
2,12953,14747,primary,2010,2017,True,False,exited,False,False,absent
2,12953,14771,primary,2010,2017,True,True,retained,False,False,absent
2,12953,14869,primary,2010,2017,True,False,exited,True,False,exited
2,12953,15016,primary,2010,2017,True,True,retained,True,True,retained
2,12953,15304,primary,2010,2017,True,True,retained,True,True,retained
2,13204,10397,primary,2010,2017,True,True,retained,True,True,retained
2,13204,10721,primary,2010,2017,True,True,retained,True,True,retained
2,13204,10821,primary,2010,2017,True,True,retained,True,True,retained
2,13204,11278,primary,2010,2017,True,True,retained,True,True,retained
2,13204,11292,primary,2010,2017,True,True,retained,True,True,retained
2,13204,11298,primary,2010,2017,True,True,retained,True,True,retained
2,13204,11433,primary,2010,2017,True,True,retained,True,True,retained
2,13204,11618,primary,2010,2017,True,True,retained,True,True,retained
2,13204,11697,primary,2010,2017,True,True,retained,True,True,retained
2,13204,12173,primary,2010,2017,True,False,exited,False,False,absent
2,13204,12266,primary,2010,2017,True,True,retained,True,True,retained
2,13204,12478,primary,2010,2017,True,True,retained,True,True,retained
2,13204,12889,primary,2010,2017,True,True,retained,True,True,retained
2,13204,12892,primary,2010,2017,True,True,retained,True,True,retained
2,13204,12953,primary,2010,2017,True,True,retained,True,True,retained
2,13204,13232,primary,2010,2017,True,True,retained,True,True,retained
2,13204,13303,primary,2010,2017,True,True,retained,True,True,retained
2,13204,13487,primary,2010,2017,True,True,retained,True,True,retained
2,13204,13796,primary,2010,2017,False,True,entered,False,False,absent
2,13204,13930,primary,2010,2017,True,True,retained,True,True,retained
2,13204,14100,primary,2010,2017,True,True,retained,True,True,retained
2,13204,14107,primary,2010,2017,True,True,retained,True,True,retained
2,13204,14635,primary,2010,2017,True,False,exited,True,False,exited
2,13204,14679,primary,2010,2017,True,True,retained,False,True,entered
2,13204,14747,primary,2010,2017,True,True,retained,True,True,retained
2,13204,14771,primary,2010,2017,True,True,retained,True,True,retained
2,13204,14869,primary,2010,2017,True,True,retained,True,True,retained
2,13204,15016,primary,2010,2017,True,True,retained,True,True,retained
2,13232,10397,primary,2010,2017,True,True,retained,True,True,retained
2,13232,10721,primary,2010,2017,True,True,retained,True,True,retained
2,13232,10821,primary,2010,2017,True,True,retained,True,True,retained
2,13232,11278,primary,2010,2017,True,True,retained,False,True,entered
2,13232,11292,primary,2010,2017,True,True,retained,True,True,retained
2,13232,11298,primary,2010,2017,True,False,exited,False,False,absent
2,13232,11433,primary,2010,2017,True,True,retained,True,True,retained
2,13232,11618,primary,2010,2017,False,True,entered,False,True,entered
2,13232,11697,primary,2010,2017,True,True,retained,True,True,retained
2,13232,12889,primary,2010,2017,True,True,retained,True,True,retained
2,13232,12892,primary,2010,2017,True,True,retained,True,True,retained
2,13232,12953,primary,2010,2017,True,True,retained,True,True,retained
2,13232,13204,primary,2010,2017,True,True,retained,True,True,retained
2,13232,13487,primary,2010,2017,True,True,retained,True,True,retained
2,13232,13796,primary,2010,2017,True,True,retained,True,True,retained
2,13232,14100,primary,2010,2017,True,True,retained,True,True,retained
2,13232,14107,primary,2010,2017,True,True,retained,True,True,retained
2,13232,14635,primary,2010,2017,True,True,retained,True,True,retained
2,13232,14679,primary,2010,2017,True,True,retained,True,True,retained
2,13232,14747,primary,2010,2017,True,True,retained,True,True,retained
2,13232,14771,primary,2010,2017,True,True,retained,True,True,retained
2,13232,14869,primary,2010,2017,True,True,retained,True,True,retained
2,13232,15016,primary,2010,2017,True,True,retained,True,True,retained
2,13232,15304,primary,2010,2017,True,True,retained,True,True,retained
2,13303,10397,primary,2010,2017,True,True,retained,True,True,retained
2,13303,10721,primary,2010,2017,True,True,retained,True,True,retained
2,13303,10821,primary,2010,2017,True,True,retained,True,True,retained
2,13303,11278,primary,2010,2017,True,True,retained,True,True,retained
2,13303,11292,primary,2010,2017,True,True,retained,True,True,retained
2,13303,11298,primary,2010,2017,True,True,retained,True,True,retained
2,13303,11433,primary,2010,2017,True,True,retained,True,True,retained
2,13303,11618,primary,2010,2017,True,True,retained,True,True,retained
2,13303,12266,primary,2010,2017,True,True,retained,True,True,retained
2,13303,12478,primary,2010,2017,True,True,retained,True,True,retained
2,13303,12889,primary,2010,2017,True,True,retained,True,True,retained
2,13303,12892,primary,2010,2017,True,True,retained,True,True,retained
2,13303,12953,primary,2010,2017,True,True,retained,True,True,retained
2,13303,13204,primary,2010,2017,True,True,retained,True,True,retained
2,13303,13487,primary,2010,2017,True,True,retained,True,True,retained
2,13303,13930,primary,2010,2017,True,True,retained,True,True,retained
2,13303,14100,primary,2010,2017,True,True,retained,True,True,retained
2,13303,14107,primary,2010,2017,True,True,retained,True,True,retained
2,13303,14635,primary,2010,2017,True,False,exited,True,False,exited
2,13303,14679,primary,2010,2017,False,True,entered,False,True,entered
2,13303,14747,primary,2010,2017,True,True,retained,True,True,retained
2,13303,14771,primary,2010,2017,True,True,retained,True,True,retained
2,13303,14869,primary,2010,2017,True,True,retained,False,True,entered
2,13303,15016,primary,2010,2017,True,True,retained,True,True,retained
2,13303,15304,primary,2010,2017,True,True,retained,True,True,retained
2,13487,10397,primary,2010,2017,True,True,retained,True,True,retained
2,13487,10721,primary,2010,2017,True,True,retained,True,True,retained
2,13487,10821,primary,2010,2017,True,True,retained,True,True,retained
2,13487,11278,primary,2010,2017,True,True,retained,True,True,retained
2,13487,11292,primary,2010,2017,True,True,retained,True,True,retained
2,13487,11298,primary,2010,2017,True,True,retained,True,True,retained
2,13487,11433,primary,2010,2017,True,True,retained,True,True,retained
2,13487,11618,primary,2010,2017,True,True,retained,True,True,retained
2,13487,11697,primary,2010,2017,True,True,retained,True,True,retained
2,13487,12173,primary,2010,2017,True,True,retained,True,True,retained
2,13487,12266,primary,2010,2017,True,True,retained,True,True,retained
2,13487,12478,primary,2010,2017,True,True,retained,True,True,retained
2,13487,12889,primary,2010,2017,True,True,retained,True,True,retained
2,13487,12892,primary,2010,2017,True,True,retained,True,True,retained
2,13487,12953,primary,2010,2017,True,True,retained,True,True,retained
2,13487,13204,primary,2010,2017,True,True,retained,True,True,retained
2,13487,13232,primary,2010,2017,True,True,retained,True,True,retained
2,13487,13303,primary,2010,2017,True,True,retained,True,True,retained
2,13487,13796,primary,2010,2017,True,True,retained,False,False,absent
2,13487,13930,primary,2010,2017,True,True,retained,True,True,retained
2,13487,14100,primary,2010,2017,True,True,retained,True,True,retained
2,13487,14107,primary,2010,2017,True,True,retained,True,True,retained
2,13487,14635,primary,2010,2017,True,True,retained,True,True,retained
2,13487,14679,primary,2010,2017,True,True,retained,True,True,retained
2,13487,14747,primary,2010,2017,True,True,retained,True,True,retained
2,13487,14771,primary,2010,2017,True,True,retained,True,True,retained
2,13487,14869,primary,2010,2017,True,True,retained,True,True,retained
2,13487,15016,primary,2010,2017,True,True,retained,True,True,retained
2,13487,15304,primary,2010,2017,True,True,retained,True,True,retained
2,13796,10397,primary,2010,2017,True,True,retained,False,True,entered
2,13796,10721,primary,2010,2017,True,True,retained,True,True,retained
2,13796,10821,primary,2010,2017,True,True,retained,False,True,entered
2,13796,11278,primary,2010,2017,False,True,entered,False,False,absent
2,13796,11292,primary,2010,2017,True,True,retained,True,True,retained
2,13796,11298,primary,2010,2017,True,True,retained,False,True,entered
2,13796,11433,primary,2010,2017,True,True,retained,False,True,entered
2,13796,11618,primary,2010,2017,False,True,entered,False,True,entered
2,13796,11697,primary,2010,2017,True,False,exited,False,False,absent
2,13796,12173,primary,2010,2017,True,True,retained,True,True,retained
2,13796,12266,primary,2010,2017,False,True,entered,False,True,entered
2,13796,12478,primary,2010,2017,True,True,retained,True,True,retained
2,13796,12889,primary,2010,2017,True,True,retained,True,True,retained
2,13796,12892,primary,2010,2017,True,True,retained,True,True,retained
2,13796,12953,primary,2010,2017,True,True,retained,False,False,absent
2,13796,13204,primary,2010,2017,True,True,retained,False,False,absent
2,13796,13232,primary,2010,2017,True,True,retained,True,True,retained
2,13796,13487,primary,2010,2017,True,True,retained,False,False,absent
2,13796,13930,primary,2010,2017,True,True,retained,False,True,entered
2,13796,14100,primary,2010,2017,True,True,retained,False,False,absent
2,13796,14107,primary,2010,2017,True,True,retained,True,True,retained
2,13796,14635,primary,2010,2017,False,True,entered,False,False,absent
2,13796,14679,primary,2010,2017,True,True,retained,True,True,retained
2,13796,14747,primary,2010,2017,True,True,retained,True,True,retained
2,13796,14869,primary,2010,2017,True,True,retained,True,True,retained
2,13796,15016,primary,2010,2017,True,True,retained,False,True,entered
2,13796,15304,primary,2010,2017,True,True,retained,False,False,absent
2,13930,10397,primary,2010,2017,True,True,retained,True,True,retained
2,13930,10721,primary,2010,2017,True,True,retained,True,True,retained
2,13930,10821,primary,2010,2017,True,True,retained,True,True,retained
2,13930,11278,primary,2010,2017,True,True,retained,True,True,retained
2,13930,11292,primary,2010,2017,True,True,retained,True,True,retained
2,13930,11298,primary,2010,2017,True,True,retained,True,True,retained
2,13930,11433,primary,2010,2017,True,True,retained,True,True,retained
2,13930,11618,primary,2010,2017,True,True,retained,True,True,retained
2,13930,11697,primary,2010,2017,True,True,retained,True,True,retained
2,13930,12173,primary,2010,2017,True,True,retained,True,True,retained
2,13930,12266,primary,2010,2017,True,True,retained,True,True,retained
2,13930,12478,primary,2010,2017,True,True,retained,True,True,retained
2,13930,12889,primary,2010,2017,True,True,retained,True,True,retained
2,13930,12892,primary,2010,2017,True,True,retained,True,True,retained
2,13930,12953,primary,2010,2017,True,True,retained,True,True,retained
2,13930,13204,primary,2010,2017,True,True,retained,True,True,retained
2,13930,13303,primary,2010,2017,True,True,retained,True,True,retained
2,13930,13487,primary,2010,2017,True,True,retained,True,True,retained
2,13930,13796,primary,2010,2017,False,True,entered,False,True,entered
2,13930,14100,primary,2010,2017,True,True,retained,True,True,retained
2,13930,14107,primary,2010,2017,True,True,retained,True,True,retained
2,13930,14635,primary,2010,2017,True,True,retained,True,True,retained
2,13930,14679,primary,2010,2017,True,True,retained,True,True,retained
2,13930,14747,primary,2010,2017,True,True,retained,True,True,retained
2,13930,14771,primary,2010,2017,True,True,retained,True,True,retained
2,13930,14869,primary,2010,2017,True,True,retained,True,True,retained
2,13930,15016,primary,2010,2017,True,True,retained,True,True,retained
2,13930,15304,primary,2010,2017,True,True,retained,True,True,retained
2,14100,10397,primary,2010,2017,True,True,retained,True,True,retained
2,14100,10721,primary,2010,2017,True,True,retained,True,True,retained
2,14100,10821,primary,2010,2017,True,True,retained,True,False,exited
2,14100,11278,primary,2010,2017,True,True,retained,True,True,retained
2,14100,11292,primary,2010,2017,True,True,retained,True,True,retained
2,14100,11298,primary,2010,2017,True,True,retained,True,True,retained
2,14100,11433,primary,2010,2017,True,True,retained,True,True,retained
2,14100,11618,primary,2010,2017,True,False,exited,True,False,exited
2,14100,11697,primary,2010,2017,True,True,retained,True,True,retained
2,14100,12266,primary,2010,2017,True,True,retained,True,True,retained
2,14100,12478,primary,2010,2017,True,True,retained,True,True,retained
2,14100,12889,primary,2010,2017,True,True,retained,True,True,retained
2,14100,12892,primary,2010,2017,True,True,retained,True,True,retained
2,14100,12953,primary,2010,2017,True,True,retained,True,True,retained
2,14100,13204,primary,2010,2017,True,True,retained,True,True,retained
2,14100,13232,primary,2010,2017,True,True,retained,True,True,retained
2,14100,13303,primary,2010,2017,True,True,retained,True,True,retained
2,14100,13487,primary,2010,2017,True,True,retained,True,True,retained
2,14100,13796,primary,2010,2017,True,True,retained,False,False,absent
2,14100,13930,primary,2010,2017,True,True,retained,True,True,retained
2,14100,14107,primary,2010,2017,True,True,retained,True,True,retained
2,14100,14635,primary,2010,2017,True,True,retained,True,True,retained
2,14100,14679,primary,2010,2017,True,True,retained,True,True,retained
2,14100,14747,primary,2010,2017,True,True,retained,True,True,retained
2,14100,14771,primary,2010,2017,True,True,retained,True,True,retained
2,14100,14869,primary,2010,2017,True,True,retained,True,True,retained
2,14100,15016,primary,2010,2017,True,True,retained,True,True,retained
2,14100,15304,primary,2010,2017,True,True,retained,True,True,retained
2,14107,10397,primary,2010,2017,True,True,retained,True,True,retained
2,14107,10721,primary,2010,2017,True,True,retained,True,True,retained
2,14107,10821,primary,2010,2017,True,True,retained,True,True,retained
2,14107,11278,primary,2010,2017,True,True,retained,True,True,retained
2,14107,11292,primary,2010,2017,True,True,retained,True,True,retained
2,14107,11298,primary,2010,2017,True,True,retained,True,True,retained
2,14107,11433,primary,2010,2017,True,True,retained,True,True,retained
2,14107,11618,primary,2010,2017,True,True,retained,True,True,retained
2,14107,11697,primary,2010,2017,True,True,retained,True,True,retained
2,14107,12173,primary,2010,2017,True,True,retained,True,True,retained
2,14107,12266,primary,2010,2017,True,True,retained,True,True,retained
2,14107,12478,primary,2010,2017,True,True,retained,True,True,retained
2,14107,12889,primary,2010,2017,True,True,retained,True,True,retained
2,14107,12892,primary,2010,2017,True,True,retained,True,True,retained
2,14107,12953,primary,2010,2017,True,True,retained,False,False,absent
2,14107,13204,primary,2010,2017,True,True,retained,True,True,retained
2,14107,13232,primary,2010,2017,True,True,retained,True,True,retained
2,14107,13303,primary,2010,2017,True,True,retained,True,True,retained
2,14107,13487,primary,2010,2017,True,True,retained,True,True,retained
2,14107,13796,primary,2010,2017,True,True,retained,True,True,retained
2,14107,13930,primary,2010,2017,True,True,retained,True,True,retained
2,14107,14100,primary,2010,2017,True,True,retained,True,True,retained
2,14107,14635,primary,2010,2017,True,True,retained,False,False,absent
2,14107,14679,primary,2010,2017,True,True,retained,True,True,retained
2,14107,14747,primary,2010,2017,True,True,retained,True,True,retained
2,14107,14771,primary,2010,2017,True,True,retained,True,True,retained
2,14107,14869,primary,2010,2017,True,True,retained,True,True,retained
2,14107,15016,primary,2010,2017,True,True,retained,True,True,retained
2,14107,15304,primary,2010,2017,True,True,retained,True,True,retained
2,14635,10397,primary,2010,2017,True,True,retained,True,True,retained
2,14635,10721,primary,2010,2017,True,True,retained,True,True,retained
2,14635,10821,primary,2010,2017,True,True,retained,True,True,retained
2,14635,11278,primary,2010,2017,True,True,retained,True,True,retained
2,14635,11292,primary,2010,2017,True,True,retained,True,True,retained
2,14635,11298,primary,2010,2017,True,True,retained,True,True,retained
2,14635,11433,primary,2010,2017,True,True,retained,True,True,retained
2,14635,11618,primary,2010,2017,True,True,retained,True,True,retained
2,14635,12266,primary,2010,2017,True,True,retained,True,True,retained
2,14635,12478,primary,2010,2017,True,True,retained,True,True,retained
2,14635,12889,primary,2010,2017,True,True,retained,False,False,absent
2,14635,12892,primary,2010,2017,False,True,entered,False,False,absent
2,14635,12953,primary,2010,2017,True,True,retained,True,True,retained
2,14635,13204,primary,2010,2017,True,True,retained,True,False,exited
2,14635,13232,primary,2010,2017,True,True,retained,True,True,retained
2,14635,13303,primary,2010,2017,True,False,exited,True,False,exited
2,14635,13487,primary,2010,2017,True,True,retained,True,True,retained
2,14635,13796,primary,2010,2017,True,True,retained,False,False,absent
2,14635,13930,primary,2010,2017,True,True,retained,True,True,retained
2,14635,14100,primary,2010,2017,True,True,retained,True,True,retained
2,14635,14107,primary,2010,2017,True,True,retained,False,False,absent
2,14635,14679,primary,2010,2017,True,True,retained,False,False,absent
2,14635,14747,primary,2010,2017,True,True,retained,False,False,absent
2,14635,14771,primary,2010,2017,True,True,retained,False,False,absent
2,14635,15016,primary,2010,2017,True,True,retained,True,True,retained
2,14679,10397,primary,2010,2017,True,True,retained,True,True,retained
2,14679,10721,primary,2010,2017,True,True,retained,True,True,retained
2,14679,10821,primary,2010,2017,True,True,retained,True,True,retained
2,14679,11278,primary,2010,2017,True,True,retained,False,False,absent
2,14679,11292,primary,2010,2017,True,True,retained,True,True,retained
2,14679,11298,primary,2010,2017,True,True,retained,True,True,retained
2,14679,11433,primary,2010,2017,True,True,retained,True,True,retained
2,14679,11618,primary,2010,2017,True,True,retained,True,True,retained
2,14679,11697,primary,2010,2017,True,True,retained,False,True,entered
2,14679,12173,primary,2010,2017,True,True,retained,True,True,retained
2,14679,12266,primary,2010,2017,True,True,retained,True,True,retained
2,14679,12478,primary,2010,2017,True,True,retained,True,True,retained
2,14679,12889,primary,2010,2017,True,True,retained,True,True,retained
2,14679,12892,primary,2010,2017,True,True,retained,True,True,retained
2,14679,12953,primary,2010,2017,False,True,entered,False,False,absent
2,14679,13204,primary,2010,2017,True,True,retained,False,True,entered
2,14679,13232,primary,2010,2017,True,True,retained,True,True,retained
2,14679,13303,primary,2010,2017,True,True,retained,False,True,entered
2,14679,13487,primary,2010,2017,True,True,retained,True,True,retained
2,14679,13796,primary,2010,2017,True,True,retained,True,True,retained
2,14679,13930,primary,2010,2017,True,True,retained,True,True,retained
2,14679,14100,primary,2010,2017,True,True,retained,True,True,retained
2,14679,14107,primary,2010,2017,True,True,retained,True,True,retained
2,14679,14635,primary,2010,2017,False,True,entered,False,False,absent
2,14679,14747,primary,2010,2017,True,True,retained,True,True,retained
2,14679,14771,primary,2010,2017,True,True,retained,True,True,retained
2,14679,14869,primary,2010,2017,True,True,retained,True,True,retained
2,14679,15016,primary,2010,2017,True,True,retained,True,True,retained
2,14679,15304,primary,2010,2017,True,True,retained,False,False,absent
2,14747,10397,primary,2010,2017,True,True,retained,True,True,retained
2,14747,10721,primary,2010,2017,True,True,retained,True,True,retained
2,14747,10821,primary,2010,2017,True,True,retained,True,True,retained
2,14747,11278,primary,2010,2017,True,True,retained,True,True,retained
2,14747,11292,primary,2010,2017,True,True,retained,True,True,retained
2,14747,11298,primary,2010,2017,True,True,retained,True,True,retained
2,14747,11433,primary,2010,2017,True,True,retained,True,True,retained
2,14747,11618,primary,2010,2017,True,True,retained,True,True,retained
2,14747,11697,primary,2010,2017,True,True,retained,False,True,entered
2,14747,12173,primary,2010,2017,True,True,retained,True,True,retained
2,14747,12266,primary,2010,2017,True,True,retained,True,True,retained
2,14747,12478,primary,2010,2017,True,True,retained,True,True,retained
2,14747,12889,primary,2010,2017,True,True,retained,True,True,retained
2,14747,12892,primary,2010,2017,True,True,retained,True,True,retained
2,14747,12953,primary,2010,2017,True,False,exited,False,False,absent
2,14747,13204,primary,2010,2017,True,True,retained,True,True,retained
2,14747,13232,primary,2010,2017,True,True,retained,True,True,retained
2,14747,13303,primary,2010,2017,True,True,retained,True,True,retained
2,14747,13487,primary,2010,2017,True,True,retained,True,True,retained
2,14747,13796,primary,2010,2017,True,True,retained,True,True,retained
2,14747,13930,primary,2010,2017,True,True,retained,True,True,retained
2,14747,14100,primary,2010,2017,True,True,retained,True,True,retained
2,14747,14107,primary,2010,2017,True,True,retained,True,True,retained
2,14747,14635,primary,2010,2017,True,False,exited,False,False,absent
2,14747,14679,primary,2010,2017,True,True,retained,True,True,retained
2,14747,14771,primary,2010,2017,True,True,retained,True,True,retained
2,14747,14869,primary,2010,2017,True,True,retained,True,True,retained
2,14747,15016,primary,2010,2017,True,True,retained,True,True,retained
2,14747,15304,primary,2010,2017,True,True,retained,False,True,entered
2,14771,10397,primary,2010,2017,True,True,retained,True,True,retained
2,14771,10721,primary,2010,2017,True,True,retained,True,True,retained
2,14771,10821,primary,2010,2017,True,True,retained,True,True,retained
2,14771,11278,primary,2010,2017,True,True,retained,False,True,entered
2,14771,11292,primary,2010,2017,True,True,retained,True,True,retained
2,14771,11298,primary,2010,2017,True,True,retained,True,True,retained
2,14771,11433,primary,2010,2017,True,True,retained,True,True,retained
2,14771,11618,primary,2010,2017,True,True,retained,True,True,retained
2,14771,11697,primary,2010,2017,True,True,retained,True,True,retained
2,14771,12173,primary,2010,2017,True,True,retained,True,True,retained
2,14771,12266,primary,2010,2017,True,True,retained,True,True,retained
2,14771,12478,primary,2010,2017,True,True,retained,True,True,retained
2,14771,12889,primary,2010,2017,True,True,retained,True,True,retained
2,14771,12892,primary,2010,2017,True,True,retained,True,True,retained
2,14771,12953,primary,2010,2017,True,True,retained,False,False,absent
2,14771,13204,primary,2010,2017,True,True,retained,True,True,retained
2,14771,13232,primary,2010,2017,True,True,retained,True,True,retained
2,14771,13303,primary,2010,2017,True,True,retained,True,True,retained
2,14771,13487,primary,2010,2017,True,True,retained,True,True,retained
2,14771,13930,primary,2010,2017,True,True,retained,True,True,retained
2,14771,14100,primary,2010,2017,True,True,retained,True,True,retained
2,14771,14107,primary,2010,2017,True,True,retained,True,True,retained
2,14771,14635,primary,2010,2017,True,True,retained,False,False,absent
2,14771,14679,primary,2010,2017,True,True,retained,True,True,retained
2,14771,14747,primary,2010,2017,True,True,retained,True,True,retained
2,14771,14869,primary,2010,2017,True,True,retained,True,True,retained
2,14771,15016,primary,2010,2017,True,True,retained,True,True,retained
2,14771,15304,primary,2010,2017,True,True,retained,False,True,entered
2,14869,10397,primary,2010,2017,True,True,retained,True,True,retained
2,14869,10721,primary,2010,2017,True,True,retained,True,True,retained
2,14869,10821,primary,2010,2017,True,True,retained,True,True,retained
2,14869,11278,primary,2010,2017,True,True,retained,True,True,retained
2,14869,11292,primary,2010,2017,True,True,retained,True,True,retained
2,14869,11298,primary,2010,2017,True,True,retained,True,True,retained
2,14869,11433,primary,2010,2017,True,True,retained,True,True,retained
2,14869,11618,primary,2010,2017,True,True,retained,True,True,retained
2,14869,11697,primary,2010,2017,True,True,retained,True,False,exited
2,14869,12173,primary,2010,2017,True,True,retained,True,True,retained
2,14869,12266,primary,2010,2017,True,True,retained,True,True,retained
2,14869,12478,primary,2010,2017,True,True,retained,True,True,retained
2,14869,12889,primary,2010,2017,True,True,retained,True,True,retained
2,14869,12892,primary,2010,2017,True,True,retained,True,True,retained
2,14869,12953,primary,2010,2017,True,False,exited,True,False,exited
2,14869,13204,primary,2010,2017,True,True,retained,True,True,retained
2,14869,13232,primary,2010,2017,True,True,retained,True,True,retained
2,14869,13303,primary,2010,2017,True,True,retained,False,True,entered
2,14869,13487,primary,2010,2017,True,True,retained,True,True,retained
2,14869,13796,primary,2010,2017,True,True,retained,True,True,retained
2,14869,13930,primary,2010,2017,True,True,retained,True,True,retained
2,14869,14100,primary,2010,2017,True,True,retained,True,True,retained
2,14869,14107,primary,2010,2017,True,True,retained,True,True,retained
2,14869,14635,primary,2010,2017,True,True,retained,False,False,absent
2,14869,14679,primary,2010,2017,True,True,retained,True,True,retained
2,14869,14747,primary,2010,2017,True,True,retained,True,True,retained
2,14869,14771,primary,2010,2017,True,True,retained,True,True,retained
2,14869,15016,primary,2010,2017,True,True,retained,True,True,retained
2,14869,15304,primary,2010,2017,True,True,retained,True,False,exited
2,15016,10397,primary,2010,2017,True,True,retained,True,True,retained
2,15016,10721,primary,2010,2017,True,True,retained,True,True,retained
2,15016,10821,primary,2010,2017,True,True,retained,True,True,retained
2,15016,11278,primary,2010,2017,True,True,retained,True,True,retained
2,15016,11292,primary,2010,2017,True,True,retained,True,True,retained
2,15016,11298,primary,2010,2017,True,True,retained,True,True,retained
2,15016,11433,primary,2010,2017,True,True,retained,True,True,retained
2,15016,11618,primary,2010,2017,True,True,retained,True,True,retained
2,15016,11697,primary,2010,2017,True,True,retained,True,True,retained
2,15016,12266,primary,2010,2017,True,True,retained,True,True,retained
2,15016,12478,primary,2010,2017,True,False,exited,True,False,exited
2,15016,12889,primary,2010,2017,True,True,retained,True,True,retained
2,15016,12892,primary,2010,2017,True,True,retained,True,True,retained
2,15016,12953,primary,2010,2017,True,True,retained,True,True,retained
2,15016,13204,primary,2010,2017,True,True,retained,True,True,retained
2,15016,13232,primary,2010,2017,True,True,retained,True,True,retained
2,15016,13303,primary,2010,2017,True,True,retained,True,True,retained
2,15016,13487,primary,2010,2017,True,True,retained,True,True,retained
2,15016,13796,primary,2010,2017,True,True,retained,False,True,entered
2,15016,13930,primary,2010,2017,True,True,retained,True,True,retained
2,15016,14100,primary,2010,2017,True,True,retained,True,True,retained
2,15016,14107,primary,2010,2017,True,True,retained,True,True,retained
2,15016,14635,primary,2010,2017,True,True,retained,True,True,retained
2,15016,14679,primary,2010,2017,True,True,retained,True,True,retained
2,15016,14747,primary,2010,2017,True,True,retained,True,True,retained
2,15016,14771,primary,2010,2017,True,True,retained,True,True,retained
2,15016,14869,primary,2010,2017,True,True,retained,True,True,retained
2,15016,15304,primary,2010,2017,True,True,retained,True,True,retained
2,15304,10397,primary,2010,2017,True,True,retained,True,True,retained
2,15304,10721,primary,2010,2017,True,True,retained,True,True,retained
2,15304,10821,primary,2010,2017,True,True,retained,True,True,retained
2,15304,11278,primary,2010,2017,True,True,retained,True,True,retained
2,15304,11292,primary,2010,2017,True,True,retained,True,True,retained
2,15304,11298,primary,2010,2017,True,True,retained,True,True,retained
2,15304,11433,primary,2010,2017,True,True,retained,True,True,retained
2,15304,11618,primary,2010,2017,True,True,retained,True,True,retained
2,15304,11697,primary,2010,2017,True,True,retained,True,True,retained
2,15304,12266,primary,2010,2017,True,True,retained,True,True,retained
2,15304,12478,primary,2010,2017,True,True,retained,True,True,retained
2,15304,12889,primary,2010,2017,True,True,retained,True,True,retained
2,15304,12892,primary,2010,2017,True,True,retained,True,True,retained
2,15304,12953,primary,2010,2017,True,True,retained,True,True,retained
2,15304,13232,primary,2010,2017,True,True,retained,True,True,retained
2,15304,13303,primary,2010,2017,True,True,retained,True,True,retained
2,15304,13487,primary,2010,2017,True,True,retained,True,True,retained
2,15304,13796,primary,2010,2017,True,True,retained,False,False,absent
2,15304,13930,primary,2010,2017,True,True,retained,True,True,retained
2,15304,14100,primary,2010,2017,True,True,retained,True,True,retained
2,15304,14107,primary,2010,2017,True,True,retained,True,True,retained
2,15304,14679,primary,2010,2017,True,True,retained,False,False,absent
2,15304,14747,primary,2010,2017,True,True,retained,False,True,entered
2,15304,14771,primary,2010,2017,True,True,retained,False,True,entered
2,15304,14869,primary,2010,2017,True,True,retained,True,False,exited
2,15304,15016,primary,2010,2017,True,True,retained,True,True,retained
3,10397,10721,primary,2010,2017,True,True,retained,True,True,retained
3,10397,10821,primary,2010,2017,True,True,retained,True,True,retained
3,10397,11278,primary,2010,2017,True,True,retained,True,True,retained
3,10397,11292,primary,2010,2017,True,True,retained,True,True,retained
3,10397,11298,primary,2010,2017,True,True,retained,True,True,retained
3,10397,11433,primary,2010,2017,True,True,retained,True,True,retained
3,10397,11618,primary,2010,2017,True,True,retained,True,True,retained
3,10397,11697,primary,2010,2017,True,True,retained,True,True,retained
3,10397,12173,primary,2010,2017,True,True,retained,True,True,retained
3,10397,12266,primary,2010,2017,True,True,retained,True,True,retained
3,10397,12478,primary,2010,2017,True,True,retained,True,True,retained
3,10397,12889,primary,2010,2017,True,True,retained,True,True,retained
3,10397,12892,primary,2010,2017,True,True,retained,True,True,retained
3,10397,12953,primary,2010,2017,True,True,retained,True,True,retained
3,10397,13204,primary,2010,2017,True,True,retained,True,True,retained
3,10397,13232,primary,2010,2017,True,True,retained,True,True,retained
3,10397,13303,primary,2010,2017,True,True,retained,True,True,retained
3,10397,13487,primary,2010,2017,True,True,retained,True,True,retained
3,10397,13796,primary,2010,2017,True,True,retained,True,True,retained
3,10397,13930,primary,2010,2017,True,True,retained,True,True,retained
3,10397,14100,primary,2010,2017,True,True,retained,True,True,retained
3,10397,14107,primary,2010,2017,True,True,retained,True,True,retained
3,10397,14635,primary,2010,2017,True,True,retained,True,True,retained
3,10397,14679,primary,2010,2017,True,True,retained,True,True,retained
3,10397,14747,primary,2010,2017,True,True,retained,True,True,retained
3,10397,14771,primary,2010,2017,True,True,retained,True,True,retained
3,10397,14869,primary,2010,2017,True,True,retained,True,True,retained
3,10397,15016,primary,2010,2017,True,True,retained,True,True,retained
3,10397,15304,primary,2010,2017,True,True,retained,True,True,retained
3,10721,10397,primary,2010,2017,True,True,retained,True,True,retained
3,10721,10821,primary,2010,2017,True,True,retained,True,True,retained
3,10721,11278,primary,2010,2017,True,True,retained,True,True,retained
3,10721,11292,primary,2010,2017,True,True,retained,True,True,retained
3,10721,11298,primary,2010,2017,True,True,retained,True,True,retained
3,10721,11433,primary,2010,2017,True,True,retained,True,True,retained
3,10721,11618,primary,2010,2017,True,True,retained,True,True,retained
3,10721,11697,primary,2010,2017,True,True,retained,True,True,retained
3,10721,12173,primary,2010,2017,False,True,entered,False,False,absent
3,10721,12266,primary,2010,2017,True,True,retained,True,True,retained
3,10721,12478,primary,2010,2017,True,True,retained,True,True,retained
3,10721,12889,primary,2010,2017,True,True,retained,True,True,retained
3,10721,12892,primary,2010,2017,True,True,retained,True,True,retained
3,10721,12953,primary,2010,2017,True,True,retained,True,True,retained
3,10721,13204,primary,2010,2017,True,True,retained,True,True,retained
3,10721,13232,primary,2010,2017,True,True,retained,True,True,retained
3,10721,13303,primary,2010,2017,True,True,retained,True,True,retained
3,10721,13487,primary,2010,2017,True,True,retained,True,True,retained
3,10721,13796,primary,2010,2017,True,True,retained,True,True,retained
3,10721,13930,primary,2010,2017,True,True,retained,True,True,retained
3,10721,14100,primary,2010,2017,True,True,retained,True,True,retained
3,10721,14107,primary,2010,2017,True,True,retained,True,True,retained
3,10721,14635,primary,2010,2017,True,True,retained,True,True,retained
3,10721,14679,primary,2010,2017,True,True,retained,True,True,retained
3,10721,14747,primary,2010,2017,True,True,retained,True,True,retained
3,10721,14771,primary,2010,2017,True,True,retained,True,True,retained
3,10721,14869,primary,2010,2017,True,True,retained,True,True,retained
3,10721,15016,primary,2010,2017,True,True,retained,True,True,retained
3,10721,15304,primary,2010,2017,True,True,retained,True,True,retained
3,10821,10397,primary,2010,2017,True,True,retained,True,True,retained
3,10821,10721,primary,2010,2017,True,True,retained,True,True,retained
3,10821,11292,primary,2010,2017,True,True,retained,True,True,retained
3,10821,11298,primary,2010,2017,True,True,retained,True,True,retained
3,10821,11433,primary,2010,2017,True,True,retained,True,True,retained
3,10821,11618,primary,2010,2017,True,True,retained,True,True,retained
3,10821,11697,primary,2010,2017,True,True,retained,True,True,retained
3,10821,12266,primary,2010,2017,True,True,retained,True,True,retained
3,10821,12478,primary,2010,2017,True,True,retained,True,False,exited
3,10821,12889,primary,2010,2017,True,True,retained,True,True,retained
3,10821,12892,primary,2010,2017,True,True,retained,True,True,retained
3,10821,12953,primary,2010,2017,True,True,retained,True,False,exited
3,10821,13204,primary,2010,2017,True,True,retained,True,True,retained
3,10821,13232,primary,2010,2017,True,True,retained,True,True,retained
3,10821,13303,primary,2010,2017,True,True,retained,True,True,retained
3,10821,13487,primary,2010,2017,True,True,retained,True,True,retained
3,10821,13796,primary,2010,2017,True,True,retained,False,True,entered
3,10821,13930,primary,2010,2017,True,True,retained,True,True,retained
3,10821,14100,primary,2010,2017,True,True,retained,True,False,exited
3,10821,14107,primary,2010,2017,True,True,retained,True,True,retained
3,10821,14635,primary,2010,2017,True,True,retained,True,True,retained
3,10821,14679,primary,2010,2017,True,True,retained,True,True,retained
3,10821,14747,primary,2010,2017,True,True,retained,True,True,retained
3,10821,14771,primary,2010,2017,True,True,retained,True,True,retained
3,10821,14869,primary,2010,2017,True,True,retained,True,True,retained
3,10821,15016,primary,2010,2017,True,True,retained,True,True,retained
3,10821,15304,primary,2010,2017,True,True,retained,True,True,retained
3,11278,10397,primary,2010,2017,True,True,retained,True,True,retained
3,11278,10721,primary,2010,2017,True,True,retained,True,True,retained
3,11278,11292,primary,2010,2017,True,True,retained,True,True,retained
3,11278,11298,primary,2010,2017,True,True,retained,True,True,retained
3,11278,11433,primary,2010,2017,True,True,retained,True,True,retained
3,11278,11618,primary,2010,2017,True,True,retained,True,True,retained
3,11278,11697,primary,2010,2017,True,True,retained,True,True,retained
3,11278,12266,primary,2010,2017,True,True,retained,True,True,retained
3,11278,12478,primary,2010,2017,True,True,retained,True,True,retained
3,11278,12889,primary,2010,2017,True,True,retained,True,True,retained
3,11278,12892,primary,2010,2017,True,True,retained,True,True,retained
3,11278,12953,primary,2010,2017,True,True,retained,True,True,retained
3,11278,13204,primary,2010,2017,True,True,retained,True,True,retained
3,11278,13232,primary,2010,2017,False,True,entered,False,True,entered
3,11278,13303,primary,2010,2017,True,True,retained,True,True,retained
3,11278,13487,primary,2010,2017,True,True,retained,True,True,retained
3,11278,13796,primary,2010,2017,True,True,retained,False,False,absent
3,11278,13930,primary,2010,2017,True,True,retained,True,True,retained
3,11278,14100,primary,2010,2017,True,True,retained,True,True,retained
3,11278,14107,primary,2010,2017,True,True,retained,True,True,retained
3,11278,14635,primary,2010,2017,True,True,retained,True,True,retained
3,11278,14679,primary,2010,2017,True,True,retained,False,False,absent
3,11278,14747,primary,2010,2017,True,True,retained,True,True,retained
3,11278,14771,primary,2010,2017,True,True,retained,False,True,entered
3,11278,14869,primary,2010,2017,True,True,retained,True,True,retained
3,11278,15016,primary,2010,2017,True,True,retained,True,True,retained
3,11278,15304,primary,2010,2017,True,True,retained,True,True,retained
3,11292,10397,primary,2010,2017,True,True,retained,True,True,retained
3,11292,10721,primary,2010,2017,True,True,retained,True,True,retained
3,11292,10821,primary,2010,2017,True,True,retained,True,True,retained
3,11292,11278,primary,2010,2017,True,True,retained,True,True,retained
3,11292,11298,primary,2010,2017,True,True,retained,True,True,retained
3,11292,11433,primary,2010,2017,True,True,retained,True,True,retained
3,11292,11618,primary,2010,2017,True,True,retained,True,True,retained
3,11292,11697,primary,2010,2017,True,True,retained,True,True,retained
3,11292,12173,primary,2010,2017,True,True,retained,True,True,retained
3,11292,12266,primary,2010,2017,True,True,retained,True,True,retained
3,11292,12478,primary,2010,2017,True,True,retained,True,True,retained
3,11292,12889,primary,2010,2017,True,True,retained,True,True,retained
3,11292,12892,primary,2010,2017,True,True,retained,True,True,retained
3,11292,12953,primary,2010,2017,True,True,retained,True,True,retained
3,11292,13204,primary,2010,2017,True,True,retained,True,True,retained
3,11292,13232,primary,2010,2017,True,True,retained,True,True,retained
3,11292,13303,primary,2010,2017,True,True,retained,True,True,retained
3,11292,13487,primary,2010,2017,True,True,retained,True,True,retained
3,11292,13796,primary,2010,2017,True,True,retained,True,True,retained
3,11292,13930,primary,2010,2017,True,True,retained,True,True,retained
3,11292,14100,primary,2010,2017,True,True,retained,True,True,retained
3,11292,14107,primary,2010,2017,True,True,retained,True,True,retained
3,11292,14635,primary,2010,2017,True,True,retained,True,True,retained
3,11292,14679,primary,2010,2017,True,True,retained,True,True,retained
3,11292,14747,primary,2010,2017,True,True,retained,True,True,retained
3,11292,14771,primary,2010,2017,True,True,retained,True,True,retained
3,11292,14869,primary,2010,2017,True,True,retained,True,True,retained
3,11292,15016,primary,2010,2017,True,True,retained,True,True,retained
3,11292,15304,primary,2010,2017,True,True,retained,True,True,retained
3,11298,10397,primary,2010,2017,True,True,retained,True,True,retained
3,11298,10721,primary,2010,2017,True,True,retained,True,True,retained
3,11298,10821,primary,2010,2017,True,True,retained,True,True,retained
3,11298,11278,primary,2010,2017,True,True,retained,True,True,retained
3,11298,11292,primary,2010,2017,True,True,retained,True,True,retained
3,11298,11433,primary,2010,2017,True,True,retained,True,True,retained
3,11298,11618,primary,2010,2017,True,True,retained,True,True,retained
3,11298,11697,primary,2010,2017,True,True,retained,True,True,retained
3,11298,12173,primary,2010,2017,True,True,retained,True,True,retained
3,11298,12266,primary,2010,2017,True,True,retained,True,True,retained
3,11298,12478,primary,2010,2017,True,True,retained,True,True,retained
3,11298,12889,primary,2010,2017,True,True,retained,True,True,retained
3,11298,12892,primary,2010,2017,True,True,retained,True,True,retained
3,11298,12953,primary,2010,2017,True,True,retained,True,True,retained
3,11298,13204,primary,2010,2017,True,True,retained,True,True,retained
3,11298,13232,primary,2010,2017,True,False,exited,False,False,absent
3,11298,13303,primary,2010,2017,True,True,retained,True,True,retained
3,11298,13487,primary,2010,2017,True,True,retained,True,True,retained
3,11298,13796,primary,2010,2017,True,True,retained,False,True,entered
3,11298,13930,primary,2010,2017,True,True,retained,True,True,retained
3,11298,14100,primary,2010,2017,True,True,retained,True,True,retained
3,11298,14107,primary,2010,2017,True,True,retained,True,True,retained
3,11298,14635,primary,2010,2017,True,True,retained,True,True,retained
3,11298,14679,primary,2010,2017,True,True,retained,True,True,retained
3,11298,14747,primary,2010,2017,True,True,retained,True,True,retained
3,11298,14771,primary,2010,2017,True,True,retained,True,True,retained
3,11298,14869,primary,2010,2017,True,True,retained,True,True,retained
3,11298,15016,primary,2010,2017,True,True,retained,True,True,retained
3,11298,15304,primary,2010,2017,True,True,retained,True,True,retained
3,11433,10397,primary,2010,2017,True,True,retained,True,True,retained
3,11433,10721,primary,2010,2017,True,True,retained,True,True,retained
3,11433,10821,primary,2010,2017,True,True,retained,True,True,retained
3,11433,11278,primary,2010,2017,True,True,retained,True,True,retained
3,11433,11292,primary,2010,2017,True,True,retained,True,True,retained
3,11433,11298,primary,2010,2017,True,True,retained,True,True,retained
3,11433,11618,primary,2010,2017,True,True,retained,True,True,retained
3,11433,11697,primary,2010,2017,True,True,retained,True,True,retained
3,11433,12173,primary,2010,2017,True,True,retained,True,False,exited
3,11433,12266,primary,2010,2017,True,True,retained,True,True,retained
3,11433,12478,primary,2010,2017,True,True,retained,True,True,retained
3,11433,12889,primary,2010,2017,True,True,retained,True,True,retained
3,11433,12892,primary,2010,2017,True,True,retained,True,True,retained
3,11433,12953,primary,2010,2017,True,True,retained,True,True,retained
3,11433,13204,primary,2010,2017,True,True,retained,True,True,retained
3,11433,13232,primary,2010,2017,True,True,retained,True,True,retained
3,11433,13303,primary,2010,2017,True,True,retained,True,True,retained
3,11433,13487,primary,2010,2017,True,True,retained,True,True,retained
3,11433,13796,primary,2010,2017,True,True,retained,False,True,entered
3,11433,13930,primary,2010,2017,True,True,retained,True,True,retained
3,11433,14100,primary,2010,2017,True,True,retained,True,True,retained
3,11433,14107,primary,2010,2017,True,True,retained,True,True,retained
3,11433,14635,primary,2010,2017,True,True,retained,True,True,retained
3,11433,14679,primary,2010,2017,True,True,retained,True,True,retained
3,11433,14747,primary,2010,2017,True,True,retained,True,True,retained
3,11433,14771,primary,2010,2017,True,True,retained,True,True,retained
3,11433,14869,primary,2010,2017,True,True,retained,True,True,retained
3,11433,15016,primary,2010,2017,True,True,retained,True,True,retained
3,11433,15304,primary,2010,2017,True,True,retained,True,True,retained
3,11618,10397,primary,2010,2017,True,True,retained,True,True,retained
3,11618,10721,primary,2010,2017,True,True,retained,True,True,retained
3,11618,10821,primary,2010,2017,True,True,retained,True,True,retained
3,11618,11278,primary,2010,2017,True,True,retained,True,True,retained
3,11618,11292,primary,2010,2017,True,True,retained,True,True,retained
3,11618,11298,primary,2010,2017,True,True,retained,True,True,retained
3,11618,11433,primary,2010,2017,True,True,retained,True,True,retained
3,11618,11697,primary,2010,2017,True,True,retained,True,True,retained
3,11618,12173,primary,2010,2017,True,True,retained,True,True,retained
3,11618,12266,primary,2010,2017,True,True,retained,True,True,retained
3,11618,12889,primary,2010,2017,True,True,retained,True,True,retained
3,11618,12892,primary,2010,2017,True,True,retained,True,True,retained
3,11618,13204,primary,2010,2017,True,True,retained,True,True,retained
3,11618,13232,primary,2010,2017,False,True,entered,False,True,entered
3,11618,13303,primary,2010,2017,True,True,retained,True,True,retained
3,11618,13487,primary,2010,2017,True,True,retained,True,True,retained
3,11618,13796,primary,2010,2017,True,True,retained,False,True,entered
3,11618,13930,primary,2010,2017,True,True,retained,True,True,retained
3,11618,14100,primary,2010,2017,True,False,exited,False,False,absent
3,11618,14107,primary,2010,2017,True,True,retained,True,True,retained
3,11618,14635,primary,2010,2017,True,True,retained,True,True,retained
3,11618,14679,primary,2010,2017,True,True,retained,True,True,retained
3,11618,14747,primary,2010,2017,True,True,retained,True,True,retained
3,11618,14771,primary,2010,2017,True,True,retained,True,True,retained
3,11618,14869,primary,2010,2017,True,True,retained,True,True,retained
3,11618,15016,primary,2010,2017,True,True,retained,True,True,retained
3,11618,15304,primary,2010,2017,True,True,retained,True,True,retained
3,11697,10397,primary,2010,2017,True,True,retained,True,True,retained
3,11697,10721,primary,2010,2017,True,True,retained,True,True,retained
3,11697,10821,primary,2010,2017,True,True,retained,True,True,retained
3,11697,11278,primary,2010,2017,True,True,retained,True,True,retained
3,11697,11292,primary,2010,2017,True,True,retained,True,True,retained
3,11697,11298,primary,2010,2017,True,True,retained,True,True,retained
3,11697,11433,primary,2010,2017,True,True,retained,True,True,retained
3,11697,11618,primary,2010,2017,True,True,retained,True,True,retained
3,11697,12266,primary,2010,2017,True,True,retained,True,True,retained
3,11697,12478,primary,2010,2017,True,True,retained,True,True,retained
3,11697,12889,primary,2010,2017,True,True,retained,True,True,retained
3,11697,12892,primary,2010,2017,True,True,retained,True,True,retained
3,11697,12953,primary,2010,2017,True,True,retained,True,True,retained
3,11697,13204,primary,2010,2017,True,True,retained,True,True,retained
3,11697,13232,primary,2010,2017,True,True,retained,True,True,retained
3,11697,13487,primary,2010,2017,True,True,retained,True,True,retained
3,11697,13796,primary,2010,2017,True,True,retained,False,False,absent
3,11697,13930,primary,2010,2017,True,True,retained,True,True,retained
3,11697,14100,primary,2010,2017,True,True,retained,True,True,retained
3,11697,14107,primary,2010,2017,True,True,retained,True,True,retained
3,11697,14679,primary,2010,2017,True,True,retained,False,True,entered
3,11697,14747,primary,2010,2017,True,True,retained,False,True,entered
3,11697,14771,primary,2010,2017,True,True,retained,True,True,retained
3,11697,14869,primary,2010,2017,True,False,exited,False,False,absent
3,11697,15016,primary,2010,2017,True,True,retained,True,True,retained
3,11697,15304,primary,2010,2017,True,True,retained,True,True,retained
3,12173,10397,primary,2010,2017,True,True,retained,True,True,retained
3,12173,10721,primary,2010,2017,False,True,entered,False,False,absent
3,12173,11292,primary,2010,2017,True,True,retained,True,True,retained
3,12173,11298,primary,2010,2017,True,True,retained,True,True,retained
3,12173,11433,primary,2010,2017,True,True,retained,True,False,exited
3,12173,11618,primary,2010,2017,True,True,retained,True,True,retained
3,12173,12266,primary,2010,2017,True,True,retained,True,True,retained
3,12173,12478,primary,2010,2017,True,True,retained,False,True,entered
3,12173,12889,primary,2010,2017,True,True,retained,True,True,retained
3,12173,12892,primary,2010,2017,True,True,retained,True,True,retained
3,12173,13487,primary,2010,2017,True,True,retained,True,True,retained
3,12173,13796,primary,2010,2017,True,True,retained,True,True,retained
3,12173,13930,primary,2010,2017,True,True,retained,True,True,retained
3,12173,14100,primary,2010,2017,True,False,exited,False,False,absent
3,12173,14107,primary,2010,2017,True,True,retained,True,True,retained
3,12173,14679,primary,2010,2017,True,True,retained,True,True,retained
3,12173,14747,primary,2010,2017,True,True,retained,True,True,retained
3,12173,14771,primary,2010,2017,True,True,retained,True,True,retained
3,12173,14869,primary,2010,2017,True,True,retained,True,True,retained
3,12266,10397,primary,2010,2017,True,True,retained,True,True,retained
3,12266,10721,primary,2010,2017,True,True,retained,True,True,retained
3,12266,10821,primary,2010,2017,True,True,retained,True,True,retained
3,12266,11278,primary,2010,2017,True,True,retained,True,True,retained
3,12266,11292,primary,2010,2017,True,True,retained,True,True,retained
3,12266,11298,primary,2010,2017,True,True,retained,True,True,retained
3,12266,11433,primary,2010,2017,True,True,retained,True,True,retained
3,12266,11618,primary,2010,2017,True,True,retained,True,True,retained
3,12266,11697,primary,2010,2017,True,True,retained,True,True,retained
3,12266,12173,primary,2010,2017,True,True,retained,True,True,retained
3,12266,12478,primary,2010,2017,True,True,retained,True,False,exited
3,12266,12889,primary,2010,2017,True,True,retained,True,True,retained
3,12266,12892,primary,2010,2017,True,True,retained,True,True,retained
3,12266,12953,primary,2010,2017,True,True,retained,True,True,retained
3,12266,13204,primary,2010,2017,True,True,retained,True,True,retained
3,12266,13232,primary,2010,2017,True,False,exited,False,False,absent
3,12266,13303,primary,2010,2017,True,True,retained,True,True,retained
3,12266,13487,primary,2010,2017,True,True,retained,True,True,retained
3,12266,13796,primary,2010,2017,True,True,retained,False,True,entered
3,12266,13930,primary,2010,2017,True,True,retained,True,True,retained
3,12266,14100,primary,2010,2017,True,True,retained,True,True,retained
3,12266,14107,primary,2010,2017,True,True,retained,True,True,retained
3,12266,14635,primary,2010,2017,True,True,retained,True,True,retained
3,12266,14679,primary,2010,2017,True,True,retained,True,True,retained
3,12266,14747,primary,2010,2017,True,True,retained,True,True,retained
3,12266,14771,primary,2010,2017,True,True,retained,True,True,retained
3,12266,14869,primary,2010,2017,True,True,retained,True,True,retained
3,12266,15016,primary,2010,2017,True,True,retained,True,True,retained
3,12266,15304,primary,2010,2017,True,True,retained,True,True,retained
3,12478,10397,primary,2010,2017,True,True,retained,True,True,retained
3,12478,10721,primary,2010,2017,True,True,retained,True,True,retained
3,12478,10821,primary,2010,2017,True,True,retained,True,False,exited
3,12478,11278,primary,2010,2017,True,True,retained,True,True,retained
3,12478,11292,primary,2010,2017,True,True,retained,True,True,retained
3,12478,11298,primary,2010,2017,True,True,retained,True,True,retained
3,12478,11433,primary,2010,2017,True,True,retained,True,True,retained
3,12478,11697,primary,2010,2017,True,True,retained,True,True,retained
3,12478,12173,primary,2010,2017,False,True,entered,False,True,entered
3,12478,12266,primary,2010,2017,True,True,retained,True,False,exited
3,12478,12889,primary,2010,2017,True,True,retained,True,True,retained
3,12478,12892,primary,2010,2017,True,True,retained,True,True,retained
3,12478,13204,primary,2010,2017,True,True,retained,True,True,retained
3,12478,13303,primary,2010,2017,True,True,retained,True,True,retained
3,12478,13487,primary,2010,2017,True,True,retained,True,True,retained
3,12478,13796,primary,2010,2017,True,True,retained,True,True,retained
3,12478,13930,primary,2010,2017,True,True,retained,True,True,retained
3,12478,14100,primary,2010,2017,True,True,retained,True,True,retained
3,12478,14107,primary,2010,2017,True,True,retained,True,True,retained
3,12478,14635,primary,2010,2017,True,True,retained,True,True,retained
3,12478,14679,primary,2010,2017,True,True,retained,True,True,retained
3,12478,14747,primary,2010,2017,True,True,retained,True,True,retained
3,12478,14771,primary,2010,2017,True,True,retained,True,True,retained
3,12478,14869,primary,2010,2017,True,True,retained,True,True,retained
3,12478,15016,primary,2010,2017,True,False,exited,True,False,exited
3,12478,15304,primary,2010,2017,True,True,retained,True,True,retained
3,12889,10397,primary,2010,2017,True,True,retained,True,True,retained
3,12889,10721,primary,2010,2017,True,True,retained,True,True,retained
3,12889,10821,primary,2010,2017,True,True,retained,True,True,retained
3,12889,11278,primary,2010,2017,True,True,retained,True,True,retained
3,12889,11292,primary,2010,2017,True,True,retained,True,True,retained
3,12889,11298,primary,2010,2017,True,True,retained,True,True,retained
3,12889,11433,primary,2010,2017,True,True,retained,True,True,retained
3,12889,11618,primary,2010,2017,True,True,retained,True,True,retained
3,12889,11697,primary,2010,2017,True,True,retained,True,True,retained
3,12889,12173,primary,2010,2017,True,True,retained,True,True,retained
3,12889,12266,primary,2010,2017,True,True,retained,True,True,retained
3,12889,12478,primary,2010,2017,True,True,retained,True,True,retained
3,12889,12892,primary,2010,2017,True,True,retained,True,True,retained
3,12889,12953,primary,2010,2017,True,True,retained,False,False,absent
3,12889,13204,primary,2010,2017,True,True,retained,True,True,retained
3,12889,13232,primary,2010,2017,True,True,retained,True,True,retained
3,12889,13303,primary,2010,2017,True,True,retained,True,True,retained
3,12889,13487,primary,2010,2017,True,True,retained,True,True,retained
3,12889,13796,primary,2010,2017,True,True,retained,True,True,retained
3,12889,13930,primary,2010,2017,True,True,retained,True,True,retained
3,12889,14100,primary,2010,2017,True,True,retained,True,True,retained
3,12889,14107,primary,2010,2017,True,True,retained,True,True,retained
3,12889,14635,primary,2010,2017,True,True,retained,False,False,absent
3,12889,14679,primary,2010,2017,True,True,retained,True,True,retained
3,12889,14747,primary,2010,2017,True,True,retained,True,True,retained
3,12889,14771,primary,2010,2017,True,True,retained,True,True,retained
3,12889,14869,primary,2010,2017,True,True,retained,True,True,retained
3,12889,15016,primary,2010,2017,True,True,retained,True,True,retained
3,12889,15304,primary,2010,2017,True,True,retained,True,True,retained
3,12892,10397,primary,2010,2017,True,True,retained,True,True,retained
3,12892,10721,primary,2010,2017,True,True,retained,True,True,retained
3,12892,10821,primary,2010,2017,True,True,retained,True,True,retained
3,12892,11278,primary,2010,2017,True,True,retained,True,True,retained
3,12892,11292,primary,2010,2017,True,True,retained,True,True,retained
3,12892,11298,primary,2010,2017,True,True,retained,True,True,retained
3,12892,11433,primary,2010,2017,True,True,retained,True,True,retained
3,12892,11618,primary,2010,2017,True,True,retained,True,True,retained
3,12892,11697,primary,2010,2017,True,True,retained,True,True,retained
3,12892,12173,primary,2010,2017,True,True,retained,True,True,retained
3,12892,12266,primary,2010,2017,True,True,retained,True,True,retained
3,12892,12478,primary,2010,2017,True,True,retained,True,True,retained
3,12892,12889,primary,2010,2017,True,True,retained,True,True,retained
3,12892,12953,primary,2010,2017,True,True,retained,False,False,absent
3,12892,13204,primary,2010,2017,True,True,retained,True,True,retained
3,12892,13232,primary,2010,2017,True,True,retained,True,True,retained
3,12892,13303,primary,2010,2017,True,True,retained,True,True,retained
3,12892,13487,primary,2010,2017,True,True,retained,True,True,retained
3,12892,13796,primary,2010,2017,True,True,retained,True,True,retained
3,12892,13930,primary,2010,2017,True,True,retained,True,True,retained
3,12892,14100,primary,2010,2017,True,True,retained,True,True,retained
3,12892,14107,primary,2010,2017,True,True,retained,True,True,retained
3,12892,14635,primary,2010,2017,False,True,entered,False,False,absent
3,12892,14679,primary,2010,2017,True,True,retained,True,True,retained
3,12892,14747,primary,2010,2017,True,True,retained,True,True,retained
3,12892,14771,primary,2010,2017,True,True,retained,True,True,retained
3,12892,14869,primary,2010,2017,True,True,retained,True,True,retained
3,12892,15016,primary,2010,2017,True,True,retained,True,True,retained
3,12892,15304,primary,2010,2017,True,True,retained,True,True,retained
3,12953,10397,primary,2010,2017,True,True,retained,True,True,retained
3,12953,10721,primary,2010,2017,True,True,retained,True,True,retained
3,12953,10821,primary,2010,2017,True,False,exited,True,False,exited
3,12953,11278,primary,2010,2017,True,True,retained,True,True,retained
3,12953,11292,primary,2010,2017,True,True,retained,True,True,retained
3,12953,11298,primary,2010,2017,True,True,retained,True,True,retained
3,12953,11433,primary,2010,2017,True,True,retained,True,True,retained
3,12953,11697,primary,2010,2017,True,True,retained,True,True,retained
3,12953,12266,primary,2010,2017,True,True,retained,True,True,retained
3,12953,12889,primary,2010,2017,True,True,retained,False,False,absent
3,12953,12892,primary,2010,2017,True,True,retained,False,False,absent
3,12953,13204,primary,2010,2017,True,True,retained,True,True,retained
3,12953,13232,primary,2010,2017,True,True,retained,True,True,retained
3,12953,13303,primary,2010,2017,True,True,retained,True,True,retained
3,12953,13487,primary,2010,2017,True,True,retained,True,True,retained
3,12953,13930,primary,2010,2017,True,True,retained,True,True,retained
3,12953,14100,primary,2010,2017,True,True,retained,True,True,retained
3,12953,14107,primary,2010,2017,True,True,retained,False,False,absent
3,12953,14635,primary,2010,2017,True,True,retained,True,True,retained
3,12953,14679,primary,2010,2017,True,True,retained,False,False,absent
3,12953,14747,primary,2010,2017,True,True,retained,False,False,absent
3,12953,14771,primary,2010,2017,True,True,retained,False,False,absent
3,12953,14869,primary,2010,2017,True,False,exited,True,False,exited
3,12953,15016,primary,2010,2017,True,True,retained,True,True,retained
3,12953,15304,primary,2010,2017,True,True,retained,True,True,retained
3,13204,10397,primary,2010,2017,True,True,retained,True,True,retained
3,13204,10721,primary,2010,2017,True,True,retained,True,True,retained
3,13204,10821,primary,2010,2017,True,True,retained,True,True,retained
3,13204,11278,primary,2010,2017,True,True,retained,True,True,retained
3,13204,11292,primary,2010,2017,True,True,retained,True,True,retained
3,13204,11298,primary,2010,2017,True,True,retained,True,True,retained
3,13204,11433,primary,2010,2017,True,True,retained,True,True,retained
3,13204,11618,primary,2010,2017,True,True,retained,True,True,retained
3,13204,11697,primary,2010,2017,True,True,retained,True,True,retained
3,13204,12266,primary,2010,2017,True,True,retained,True,True,retained
3,13204,12478,primary,2010,2017,True,True,retained,True,True,retained
3,13204,12889,primary,2010,2017,True,True,retained,True,True,retained
3,13204,12892,primary,2010,2017,True,True,retained,True,True,retained
3,13204,12953,primary,2010,2017,True,True,retained,True,True,retained
3,13204,13232,primary,2010,2017,True,True,retained,True,True,retained
3,13204,13303,primary,2010,2017,True,True,retained,True,True,retained
3,13204,13487,primary,2010,2017,True,True,retained,True,True,retained
3,13204,13796,primary,2010,2017,True,True,retained,False,False,absent
3,13204,13930,primary,2010,2017,True,True,retained,True,True,retained
3,13204,14100,primary,2010,2017,True,True,retained,True,True,retained
3,13204,14107,primary,2010,2017,True,True,retained,True,True,retained
3,13204,14635,primary,2010,2017,True,False,exited,True,False,exited
3,13204,14679,primary,2010,2017,True,True,retained,False,True,entered
3,13204,14747,primary,2010,2017,True,True,retained,True,True,retained
3,13204,14771,primary,2010,2017,True,True,retained,True,True,retained
3,13204,14869,primary,2010,2017,True,True,retained,True,True,retained
3,13204,15016,primary,2010,2017,True,True,retained,True,True,retained
3,13204,15304,primary,2010,2017,False,False,absent,False,False,absent
3,13232,10397,primary,2010,2017,True,True,retained,True,True,retained
3,13232,10721,primary,2010,2017,True,True,retained,True,True,retained
3,13232,10821,primary,2010,2017,True,True,retained,True,True,retained
3,13232,11278,primary,2010,2017,False,True,entered,False,True,entered
3,13232,11292,primary,2010,2017,True,True,retained,True,True,retained
3,13232,11298,primary,2010,2017,True,False,exited,False,False,absent
3,13232,11433,primary,2010,2017,True,True,retained,True,True,retained
3,13232,11618,primary,2010,2017,False,True,entered,False,True,entered
3,13232,11697,primary,2010,2017,True,True,retained,True,True,retained
3,13232,12889,primary,2010,2017,True,True,retained,True,True,retained
3,13232,12892,primary,2010,2017,True,True,retained,True,True,retained
3,13232,12953,primary,2010,2017,True,True,retained,True,True,retained
3,13232,13204,primary,2010,2017,True,True,retained,True,True,retained
3,13232,13487,primary,2010,2017,True,True,retained,True,True,retained
3,13232,13796,primary,2010,2017,True,True,retained,True,True,retained
3,13232,14100,primary,2010,2017,True,True,retained,True,True,retained
3,13232,14107,primary,2010,2017,True,True,retained,True,True,retained
3,13232,14635,primary,2010,2017,True,True,retained,True,True,retained
3,13232,14679,primary,2010,2017,True,True,retained,True,True,retained
3,13232,14747,primary,2010,2017,True,True,retained,True,True,retained
3,13232,14771,primary,2010,2017,True,True,retained,True,True,retained
3,13232,14869,primary,2010,2017,True,True,retained,True,True,retained
3,13232,15016,primary,2010,2017,True,True,retained,True,True,retained
3,13232,15304,primary,2010,2017,True,True,retained,True,True,retained
3,13303,10397,primary,2010,2017,True,True,retained,True,True,retained
3,13303,10721,primary,2010,2017,True,True,retained,True,True,retained
3,13303,10821,primary,2010,2017,True,True,retained,True,True,retained
3,13303,11278,primary,2010,2017,True,True,retained,True,True,retained
3,13303,11292,primary,2010,2017,True,True,retained,True,True,retained
3,13303,11298,primary,2010,2017,True,True,retained,True,True,retained
3,13303,11433,primary,2010,2017,True,True,retained,True,True,retained
3,13303,11618,primary,2010,2017,True,True,retained,True,True,retained
3,13303,12266,primary,2010,2017,True,True,retained,True,True,retained
3,13303,12478,primary,2010,2017,True,True,retained,True,True,retained
3,13303,12889,primary,2010,2017,True,True,retained,True,True,retained
3,13303,12892,primary,2010,2017,True,True,retained,True,True,retained
3,13303,12953,primary,2010,2017,True,True,retained,True,True,retained
3,13303,13204,primary,2010,2017,True,True,retained,True,True,retained
3,13303,13487,primary,2010,2017,True,True,retained,True,True,retained
3,13303,13930,primary,2010,2017,True,True,retained,True,True,retained
3,13303,14100,primary,2010,2017,True,True,retained,True,True,retained
3,13303,14107,primary,2010,2017,True,True,retained,True,True,retained
3,13303,14635,primary,2010,2017,True,False,exited,True,False,exited
3,13303,14679,primary,2010,2017,False,True,entered,False,True,entered
3,13303,14747,primary,2010,2017,True,True,retained,True,True,retained
3,13303,14771,primary,2010,2017,True,True,retained,True,True,retained
3,13303,14869,primary,2010,2017,True,True,retained,False,True,entered
3,13303,15016,primary,2010,2017,True,True,retained,True,True,retained
3,13303,15304,primary,2010,2017,True,True,retained,True,True,retained
3,13487,10397,primary,2010,2017,True,True,retained,True,True,retained
3,13487,10721,primary,2010,2017,True,True,retained,True,True,retained
3,13487,10821,primary,2010,2017,True,True,retained,True,True,retained
3,13487,11278,primary,2010,2017,True,True,retained,True,True,retained
3,13487,11292,primary,2010,2017,True,True,retained,True,True,retained
3,13487,11298,primary,2010,2017,True,True,retained,True,True,retained
3,13487,11433,primary,2010,2017,True,True,retained,True,True,retained
3,13487,11618,primary,2010,2017,True,True,retained,True,True,retained
3,13487,11697,primary,2010,2017,True,True,retained,True,True,retained
3,13487,12173,primary,2010,2017,True,True,retained,True,True,retained
3,13487,12266,primary,2010,2017,True,True,retained,True,True,retained
3,13487,12478,primary,2010,2017,True,True,retained,True,True,retained
3,13487,12889,primary,2010,2017,True,True,retained,True,True,retained
3,13487,12892,primary,2010,2017,True,True,retained,True,True,retained
3,13487,12953,primary,2010,2017,True,True,retained,True,True,retained
3,13487,13204,primary,2010,2017,True,True,retained,True,True,retained
3,13487,13232,primary,2010,2017,True,True,retained,True,True,retained
3,13487,13303,primary,2010,2017,True,True,retained,True,True,retained
3,13487,13796,primary,2010,2017,False,True,entered,False,False,absent
3,13487,13930,primary,2010,2017,True,True,retained,True,True,retained
3,13487,14100,primary,2010,2017,True,True,retained,True,True,retained
3,13487,14107,primary,2010,2017,True,True,retained,True,True,retained
3,13487,14635,primary,2010,2017,True,True,retained,True,True,retained
3,13487,14679,primary,2010,2017,True,True,retained,True,True,retained
3,13487,14747,primary,2010,2017,True,True,retained,True,True,retained
3,13487,14771,primary,2010,2017,True,True,retained,True,True,retained
3,13487,14869,primary,2010,2017,True,True,retained,True,True,retained
3,13487,15016,primary,2010,2017,True,True,retained,True,True,retained
3,13487,15304,primary,2010,2017,True,True,retained,True,True,retained
3,13796,10397,primary,2010,2017,True,True,retained,True,True,retained
3,13796,10721,primary,2010,2017,True,True,retained,True,True,retained
3,13796,10821,primary,2010,2017,True,True,retained,False,True,entered
3,13796,11278,primary,2010,2017,False,True,entered,False,False,absent
3,13796,11292,primary,2010,2017,True,True,retained,True,True,retained
3,13796,11298,primary,2010,2017,True,True,retained,False,True,entered
3,13796,11433,primary,2010,2017,True,True,retained,False,True,entered
3,13796,11618,primary,2010,2017,False,True,entered,False,True,entered
3,13796,11697,primary,2010,2017,True,True,retained,False,False,absent
3,13796,12173,primary,2010,2017,True,True,retained,True,True,retained
3,13796,12266,primary,2010,2017,False,True,entered,False,True,entered
3,13796,12478,primary,2010,2017,True,True,retained,True,True,retained
3,13796,12889,primary,2010,2017,True,True,retained,True,True,retained
3,13796,12892,primary,2010,2017,True,True,retained,True,True,retained
3,13796,12953,primary,2010,2017,True,True,retained,False,False,absent
3,13796,13204,primary,2010,2017,True,True,retained,False,False,absent
3,13796,13232,primary,2010,2017,True,True,retained,True,True,retained
3,13796,13487,primary,2010,2017,True,True,retained,False,False,absent
3,13796,13930,primary,2010,2017,True,True,retained,False,True,entered
3,13796,14100,primary,2010,2017,True,True,retained,False,False,absent
3,13796,14107,primary,2010,2017,True,True,retained,True,True,retained
3,13796,14679,primary,2010,2017,True,True,retained,True,True,retained
3,13796,14747,primary,2010,2017,True,True,retained,True,True,retained
3,13796,14869,primary,2010,2017,True,True,retained,True,True,retained
3,13796,15016,primary,2010,2017,True,True,retained,False,True,entered
3,13796,15304,primary,2010,2017,True,True,retained,False,False,absent
3,13930,10397,primary,2010,2017,True,True,retained,True,True,retained
3,13930,10721,primary,2010,2017,True,True,retained,True,True,retained
3,13930,10821,primary,2010,2017,True,True,retained,True,True,retained
3,13930,11278,primary,2010,2017,True,True,retained,True,True,retained
3,13930,11292,primary,2010,2017,True,True,retained,True,True,retained
3,13930,11298,primary,2010,2017,True,True,retained,True,True,retained
3,13930,11433,primary,2010,2017,True,True,retained,True,True,retained
3,13930,11618,primary,2010,2017,True,True,retained,True,True,retained
3,13930,11697,primary,2010,2017,True,True,retained,True,True,retained
3,13930,12173,primary,2010,2017,True,True,retained,True,True,retained
3,13930,12266,primary,2010,2017,True,True,retained,True,True,retained
3,13930,12478,primary,2010,2017,True,True,retained,True,True,retained
3,13930,12889,primary,2010,2017,True,True,retained,True,True,retained
3,13930,12892,primary,2010,2017,True,True,retained,True,True,retained
3,13930,12953,primary,2010,2017,True,True,retained,True,True,retained
3,13930,13204,primary,2010,2017,True,True,retained,True,True,retained
3,13930,13303,primary,2010,2017,True,True,retained,True,True,retained
3,13930,13487,primary,2010,2017,True,True,retained,True,True,retained
3,13930,13796,primary,2010,2017,False,True,entered,False,True,entered
3,13930,14100,primary,2010,2017,True,True,retained,True,True,retained
3,13930,14107,primary,2010,2017,True,True,retained,True,True,retained
3,13930,14635,primary,2010,2017,True,True,retained,True,True,retained
3,13930,14679,primary,2010,2017,True,True,retained,True,True,retained
3,13930,14747,primary,2010,2017,True,True,retained,True,True,retained
3,13930,14771,primary,2010,2017,True,True,retained,True,True,retained
3,13930,14869,primary,2010,2017,True,True,retained,True,True,retained
3,13930,15016,primary,2010,2017,True,True,retained,True,True,retained
3,13930,15304,primary,2010,2017,True,True,retained,True,True,retained
3,14100,10397,primary,2010,2017,True,True,retained,True,True,retained
3,14100,10721,primary,2010,2017,True,True,retained,True,True,retained
3,14100,10821,primary,2010,2017,True,True,retained,True,False,exited
3,14100,11278,primary,2010,2017,True,True,retained,True,True,retained
3,14100,11292,primary,2010,2017,True,True,retained,True,True,retained
3,14100,11298,primary,2010,2017,True,True,retained,True,True,retained
3,14100,11433,primary,2010,2017,True,True,retained,True,True,retained
3,14100,11618,primary,2010,2017,True,False,exited,False,False,absent
3,14100,11697,primary,2010,2017,True,True,retained,True,True,retained
3,14100,12266,primary,2010,2017,True,True,retained,True,True,retained
3,14100,12478,primary,2010,2017,True,True,retained,True,True,retained
3,14100,12889,primary,2010,2017,True,True,retained,True,True,retained
3,14100,12892,primary,2010,2017,True,True,retained,True,True,retained
3,14100,12953,primary,2010,2017,True,True,retained,True,True,retained
3,14100,13204,primary,2010,2017,True,True,retained,True,True,retained
3,14100,13232,primary,2010,2017,True,True,retained,True,True,retained
3,14100,13303,primary,2010,2017,True,True,retained,True,True,retained
3,14100,13487,primary,2010,2017,True,True,retained,True,True,retained
3,14100,13796,primary,2010,2017,True,True,retained,False,False,absent
3,14100,13930,primary,2010,2017,True,True,retained,True,True,retained
3,14100,14107,primary,2010,2017,True,True,retained,True,True,retained
3,14100,14635,primary,2010,2017,True,True,retained,True,True,retained
3,14100,14679,primary,2010,2017,True,True,retained,True,True,retained
3,14100,14747,primary,2010,2017,True,True,retained,True,True,retained
3,14100,14771,primary,2010,2017,True,True,retained,True,True,retained
3,14100,14869,primary,2010,2017,True,True,retained,True,True,retained
3,14100,15016,primary,2010,2017,True,True,retained,True,True,retained
3,14100,15304,primary,2010,2017,True,True,retained,True,True,retained
3,14107,10397,primary,2010,2017,True,True,retained,True,True,retained
3,14107,10721,primary,2010,2017,True,True,retained,True,True,retained
3,14107,10821,primary,2010,2017,True,True,retained,True,True,retained
3,14107,11278,primary,2010,2017,True,True,retained,True,True,retained
3,14107,11292,primary,2010,2017,True,True,retained,True,True,retained
3,14107,11298,primary,2010,2017,True,True,retained,True,True,retained
3,14107,11433,primary,2010,2017,True,True,retained,True,True,retained
3,14107,11618,primary,2010,2017,True,True,retained,True,True,retained
3,14107,11697,primary,2010,2017,True,True,retained,True,True,retained
3,14107,12173,primary,2010,2017,True,True,retained,True,True,retained
3,14107,12266,primary,2010,2017,True,True,retained,True,True,retained
3,14107,12478,primary,2010,2017,True,True,retained,True,True,retained
3,14107,12889,primary,2010,2017,True,True,retained,True,True,retained
3,14107,12892,primary,2010,2017,True,True,retained,True,True,retained
3,14107,12953,primary,2010,2017,True,True,retained,False,False,absent
3,14107,13204,primary,2010,2017,True,True,retained,True,True,retained
3,14107,13232,primary,2010,2017,True,True,retained,True,True,retained
3,14107,13303,primary,2010,2017,True,True,retained,True,True,retained
3,14107,13487,primary,2010,2017,True,True,retained,True,True,retained
3,14107,13796,primary,2010,2017,True,True,retained,True,True,retained
3,14107,13930,primary,2010,2017,True,True,retained,True,True,retained
3,14107,14100,primary,2010,2017,True,True,retained,True,True,retained
3,14107,14635,primary,2010,2017,True,True,retained,False,False,absent
3,14107,14679,primary,2010,2017,True,True,retained,True,True,retained
3,14107,14747,primary,2010,2017,True,True,retained,True,True,retained
3,14107,14771,primary,2010,2017,True,True,retained,True,True,retained
3,14107,14869,primary,2010,2017,True,True,retained,True,True,retained
3,14107,15016,primary,2010,2017,True,True,retained,True,True,retained
3,14107,15304,primary,2010,2017,True,True,retained,True,True,retained
3,14635,10397,primary,2010,2017,True,True,retained,True,True,retained
3,14635,10721,primary,2010,2017,True,True,retained,True,True,retained
3,14635,10821,primary,2010,2017,True,True,retained,True,True,retained
3,14635,11278,primary,2010,2017,True,True,retained,True,True,retained
3,14635,11292,primary,2010,2017,True,True,retained,True,True,retained
3,14635,11298,primary,2010,2017,True,True,retained,True,True,retained
3,14635,11433,primary,2010,2017,True,True,retained,True,True,retained
3,14635,11618,primary,2010,2017,True,True,retained,True,True,retained
3,14635,12266,primary,2010,2017,True,True,retained,True,True,retained
3,14635,12478,primary,2010,2017,True,True,retained,True,True,retained
3,14635,12889,primary,2010,2017,True,True,retained,False,False,absent
3,14635,12892,primary,2010,2017,True,True,retained,False,False,absent
3,14635,12953,primary,2010,2017,True,True,retained,True,True,retained
3,14635,13204,primary,2010,2017,True,False,exited,True,False,exited
3,14635,13232,primary,2010,2017,True,True,retained,True,True,retained
3,14635,13303,primary,2010,2017,True,False,exited,True,False,exited
3,14635,13487,primary,2010,2017,True,True,retained,True,True,retained
3,14635,13796,primary,2010,2017,True,False,exited,False,False,absent
3,14635,13930,primary,2010,2017,True,True,retained,True,True,retained
3,14635,14100,primary,2010,2017,True,True,retained,True,True,retained
3,14635,14107,primary,2010,2017,False,True,entered,False,False,absent
3,14635,14679,primary,2010,2017,True,True,retained,False,False,absent
3,14635,14771,primary,2010,2017,True,False,exited,False,False,absent
3,14635,15016,primary,2010,2017,True,True,retained,True,True,retained
3,14679,10397,primary,2010,2017,True,True,retained,True,True,retained
3,14679,10721,primary,2010,2017,True,True,retained,True,True,retained
3,14679,10821,primary,2010,2017,True,True,retained,True,True,retained
3,14679,11278,primary,2010,2017,True,True,retained,False,False,absent
3,14679,11292,primary,2010,2017,True,True,retained,True,True,retained
3,14679,11298,primary,2010,2017,True,True,retained,True,True,retained
3,14679,11433,primary,2010,2017,True,True,retained,True,True,retained
3,14679,11618,primary,2010,2017,True,True,retained,True,True,retained
3,14679,11697,primary,2010,2017,True,True,retained,False,True,entered
3,14679,12173,primary,2010,2017,True,True,retained,True,True,retained
3,14679,12266,primary,2010,2017,True,True,retained,True,True,retained
3,14679,12478,primary,2010,2017,True,True,retained,True,True,retained
3,14679,12889,primary,2010,2017,True,True,retained,True,True,retained
3,14679,12892,primary,2010,2017,True,True,retained,True,True,retained
3,14679,12953,primary,2010,2017,True,True,retained,False,False,absent
3,14679,13204,primary,2010,2017,True,True,retained,False,True,entered
3,14679,13232,primary,2010,2017,True,True,retained,True,True,retained
3,14679,13303,primary,2010,2017,False,True,entered,False,True,entered
3,14679,13487,primary,2010,2017,True,True,retained,True,True,retained
3,14679,13796,primary,2010,2017,True,True,retained,True,True,retained
3,14679,13930,primary,2010,2017,True,True,retained,True,True,retained
3,14679,14100,primary,2010,2017,True,True,retained,True,True,retained
3,14679,14107,primary,2010,2017,True,True,retained,True,True,retained
3,14679,14635,primary,2010,2017,True,True,retained,False,False,absent
3,14679,14747,primary,2010,2017,True,True,retained,True,True,retained
3,14679,14771,primary,2010,2017,True,True,retained,True,True,retained
3,14679,14869,primary,2010,2017,True,True,retained,True,True,retained
3,14679,15016,primary,2010,2017,True,True,retained,True,True,retained
3,14679,15304,primary,2010,2017,True,True,retained,False,False,absent
3,14747,10397,primary,2010,2017,True,True,retained,True,True,retained
3,14747,10721,primary,2010,2017,True,True,retained,True,True,retained
3,14747,10821,primary,2010,2017,True,True,retained,True,True,retained
3,14747,11278,primary,2010,2017,True,True,retained,True,True,retained
3,14747,11292,primary,2010,2017,True,True,retained,True,True,retained
3,14747,11298,primary,2010,2017,True,True,retained,True,True,retained
3,14747,11433,primary,2010,2017,True,True,retained,True,True,retained
3,14747,11618,primary,2010,2017,True,True,retained,True,True,retained
3,14747,11697,primary,2010,2017,True,True,retained,False,True,entered
3,14747,12173,primary,2010,2017,True,True,retained,True,True,retained
3,14747,12266,primary,2010,2017,True,True,retained,True,True,retained
3,14747,12478,primary,2010,2017,True,True,retained,True,True,retained
3,14747,12889,primary,2010,2017,True,True,retained,True,True,retained
3,14747,12892,primary,2010,2017,True,True,retained,True,True,retained
3,14747,12953,primary,2010,2017,True,False,exited,False,False,absent
3,14747,13204,primary,2010,2017,True,True,retained,True,True,retained
3,14747,13232,primary,2010,2017,True,True,retained,True,True,retained
3,14747,13303,primary,2010,2017,True,True,retained,True,True,retained
3,14747,13487,primary,2010,2017,True,True,retained,True,True,retained
3,14747,13796,primary,2010,2017,True,True,retained,True,True,retained
3,14747,13930,primary,2010,2017,True,True,retained,True,True,retained
3,14747,14100,primary,2010,2017,True,True,retained,True,True,retained
3,14747,14107,primary,2010,2017,True,True,retained,True,True,retained
3,14747,14679,primary,2010,2017,True,True,retained,True,True,retained
3,14747,14771,primary,2010,2017,True,True,retained,True,True,retained
3,14747,14869,primary,2010,2017,True,True,retained,True,True,retained
3,14747,15016,primary,2010,2017,True,True,retained,True,True,retained
3,14747,15304,primary,2010,2017,True,True,retained,False,True,entered
3,14771,10397,primary,2010,2017,True,True,retained,True,True,retained
3,14771,10721,primary,2010,2017,True,True,retained,True,True,retained
3,14771,10821,primary,2010,2017,True,True,retained,True,True,retained
3,14771,11278,primary,2010,2017,True,True,retained,False,True,entered
3,14771,11292,primary,2010,2017,True,True,retained,True,True,retained
3,14771,11298,primary,2010,2017,True,True,retained,True,True,retained
3,14771,11433,primary,2010,2017,True,True,retained,True,True,retained
3,14771,11618,primary,2010,2017,True,True,retained,True,True,retained
3,14771,11697,primary,2010,2017,True,True,retained,True,True,retained
3,14771,12173,primary,2010,2017,True,True,retained,True,True,retained
3,14771,12266,primary,2010,2017,True,True,retained,True,True,retained
3,14771,12478,primary,2010,2017,True,True,retained,True,True,retained
3,14771,12889,primary,2010,2017,True,True,retained,True,True,retained
3,14771,12892,primary,2010,2017,True,True,retained,True,True,retained
3,14771,12953,primary,2010,2017,True,True,retained,False,False,absent
3,14771,13204,primary,2010,2017,True,True,retained,True,True,retained
3,14771,13232,primary,2010,2017,True,True,retained,True,True,retained
3,14771,13303,primary,2010,2017,True,True,retained,True,True,retained
3,14771,13487,primary,2010,2017,True,True,retained,True,True,retained
3,14771,13930,primary,2010,2017,True,True,retained,True,True,retained
3,14771,14100,primary,2010,2017,True,True,retained,True,True,retained
3,14771,14107,primary,2010,2017,True,True,retained,True,True,retained
3,14771,14679,primary,2010,2017,True,True,retained,True,True,retained
3,14771,14747,primary,2010,2017,True,True,retained,True,True,retained
3,14771,14869,primary,2010,2017,True,True,retained,True,True,retained
3,14771,15016,primary,2010,2017,True,True,retained,True,True,retained
3,14771,15304,primary,2010,2017,True,True,retained,False,True,entered
3,14869,10397,primary,2010,2017,True,True,retained,True,True,retained
3,14869,10721,primary,2010,2017,True,True,retained,True,True,retained
3,14869,10821,primary,2010,2017,True,True,retained,True,True,retained
3,14869,11278,primary,2010,2017,True,True,retained,True,True,retained
3,14869,11292,primary,2010,2017,True,True,retained,True,True,retained
3,14869,11298,primary,2010,2017,True,True,retained,True,True,retained
3,14869,11433,primary,2010,2017,True,True,retained,True,True,retained
3,14869,11618,primary,2010,2017,True,True,retained,True,True,retained
3,14869,11697,primary,2010,2017,True,True,retained,False,False,absent
3,14869,12173,primary,2010,2017,True,True,retained,True,True,retained
3,14869,12266,primary,2010,2017,True,True,retained,True,True,retained
3,14869,12478,primary,2010,2017,True,True,retained,True,True,retained
3,14869,12889,primary,2010,2017,True,True,retained,True,True,retained
3,14869,12892,primary,2010,2017,True,True,retained,True,True,retained
3,14869,12953,primary,2010,2017,True,True,retained,True,False,exited
3,14869,13204,primary,2010,2017,True,True,retained,True,True,retained
3,14869,13232,primary,2010,2017,True,True,retained,True,True,retained
3,14869,13303,primary,2010,2017,False,True,entered,False,True,entered
3,14869,13487,primary,2010,2017,True,True,retained,True,True,retained
3,14869,13796,primary,2010,2017,True,True,retained,True,True,retained
3,14869,13930,primary,2010,2017,True,True,retained,True,True,retained
3,14869,14100,primary,2010,2017,True,True,retained,True,True,retained
3,14869,14107,primary,2010,2017,True,True,retained,True,True,retained
3,14869,14679,primary,2010,2017,True,True,retained,True,True,retained
3,14869,14747,primary,2010,2017,True,True,retained,True,True,retained
3,14869,14771,primary,2010,2017,True,True,retained,True,True,retained
3,14869,15016,primary,2010,2017,True,True,retained,True,True,retained
3,14869,15304,primary,2010,2017,True,True,retained,False,False,absent
3,15016,10397,primary,2010,2017,True,True,retained,True,True,retained
3,15016,10721,primary,2010,2017,True,True,retained,True,True,retained
3,15016,10821,primary,2010,2017,True,True,retained,True,True,retained
3,15016,11278,primary,2010,2017,True,True,retained,True,True,retained
3,15016,11292,primary,2010,2017,True,True,retained,True,True,retained
3,15016,11298,primary,2010,2017,True,True,retained,True,True,retained
3,15016,11433,primary,2010,2017,True,True,retained,True,True,retained
3,15016,11618,primary,2010,2017,True,True,retained,True,True,retained
3,15016,11697,primary,2010,2017,True,True,retained,True,True,retained
3,15016,12266,primary,2010,2017,True,True,retained,True,True,retained
3,15016,12478,primary,2010,2017,True,False,exited,True,False,exited
3,15016,12889,primary,2010,2017,True,True,retained,True,True,retained
3,15016,12892,primary,2010,2017,True,True,retained,True,True,retained
3,15016,12953,primary,2010,2017,True,True,retained,True,True,retained
3,15016,13204,primary,2010,2017,True,True,retained,True,True,retained
3,15016,13232,primary,2010,2017,True,True,retained,True,True,retained
3,15016,13303,primary,2010,2017,True,True,retained,True,True,retained
3,15016,13487,primary,2010,2017,True,True,retained,True,True,retained
3,15016,13796,primary,2010,2017,True,True,retained,False,True,entered
3,15016,13930,primary,2010,2017,True,True,retained,True,True,retained
3,15016,14100,primary,2010,2017,True,True,retained,True,True,retained
3,15016,14107,primary,2010,2017,True,True,retained,True,True,retained
3,15016,14635,primary,2010,2017,True,True,retained,True,True,retained
3,15016,14679,primary,2010,2017,True,True,retained,True,True,retained
3,15016,14747,primary,2010,2017,True,True,retained,True,True,retained
3,15016,14771,primary,2010,2017,True,True,retained,True,True,retained
3,15016,14869,primary,2010,2017,True,True,retained,True,True,retained
3,15016,15304,primary,2010,2017,True,True,retained,True,True,retained
3,15304,10397,primary,2010,2017,True,True,retained,True,True,retained
3,15304,10721,primary,2010,2017,True,True,retained,True,True,retained
3,15304,10821,primary,2010,2017,True,True,retained,True,True,retained
3,15304,11278,primary,2010,2017,True,True,retained,True,True,retained
3,15304,11292,primary,2010,2017,True,True,retained,True,True,retained
3,15304,11298,primary,2010,2017,True,True,retained,True,True,retained
3,15304,11433,primary,2010,2017,True,True,retained,True,True,retained
3,15304,11618,primary,2010,2017,True,True,retained,True,True,retained
3,15304,11697,primary,2010,2017,True,True,retained,True,True,retained
3,15304,12266,primary,2010,2017,True,True,retained,True,True,retained
3,15304,12478,primary,2010,2017,True,True,retained,True,True,retained
3,15304,12889,primary,2010,2017,True,True,retained,True,True,retained
3,15304,12892,primary,2010,2017,True,True,retained,True,True,retained
3,15304,12953,primary,2010,2017,True,True,retained,True,True,retained
3,15304,13232,primary,2010,2017,True,True,retained,True,True,retained
3,15304,13303,primary,2010,2017,True,True,retained,True,True,retained
3,15304,13487,primary,2010,2017,True,True,retained,True,True,retained
3,15304,13796,primary,2010,2017,True,True,retained,False,False,absent
3,15304,13930,primary,2010,2017,True,True,retained,True,True,retained
3,15304,14100,primary,2010,2017,True,True,retained,True,True,retained
3,15304,14107,primary,2010,2017,True,True,retained,True,True,retained
3,15304,14679,primary,2010,2017,True,True,retained,False,False,absent
3,15304,14747,primary,2010,2017,True,True,retained,False,True,entered
3,15304,14771,primary,2010,2017,True,True,retained,False,True,entered
3,15304,14869,primary,2010,2017,True,True,retained,False,False,absent
3,15304,15016,primary,2010,2017,True,True,retained,True,True,retained
4,10397,10721,primary,2010,2017,True,True,retained,True,True,retained
4,10397,10821,primary,2010,2017,True,True,retained,True,True,retained
4,10397,11278,primary,2010,2017,True,True,retained,True,True,retained
4,10397,11292,primary,2010,2017,True,True,retained,True,True,retained
4,10397,11298,primary,2010,2017,True,True,retained,True,True,retained
4,10397,11433,primary,2010,2017,True,True,retained,True,True,retained
4,10397,11618,primary,2010,2017,True,True,retained,True,True,retained
4,10397,11697,primary,2010,2017,True,True,retained,True,True,retained
4,10397,12173,primary,2010,2017,True,True,retained,True,True,retained
4,10397,12266,primary,2010,2017,True,True,retained,True,True,retained
4,10397,12478,primary,2010,2017,True,True,retained,True,True,retained
4,10397,12889,primary,2010,2017,True,True,retained,True,True,retained
4,10397,12892,primary,2010,2017,True,True,retained,True,True,retained
4,10397,12953,primary,2010,2017,True,True,retained,True,True,retained
4,10397,13204,primary,2010,2017,True,True,retained,True,True,retained
4,10397,13232,primary,2010,2017,True,True,retained,True,True,retained
4,10397,13303,primary,2010,2017,True,True,retained,True,True,retained
4,10397,13487,primary,2010,2017,True,True,retained,True,True,retained
4,10397,13796,primary,2010,2017,True,True,retained,True,True,retained
4,10397,13930,primary,2010,2017,True,True,retained,True,True,retained
4,10397,14100,primary,2010,2017,True,True,retained,True,True,retained
4,10397,14107,primary,2010,2017,True,True,retained,True,True,retained
4,10397,14635,primary,2010,2017,True,True,retained,True,True,retained
4,10397,14679,primary,2010,2017,True,True,retained,True,True,retained
4,10397,14747,primary,2010,2017,True,True,retained,True,True,retained
4,10397,14771,primary,2010,2017,True,True,retained,True,True,retained
4,10397,14869,primary,2010,2017,True,True,retained,True,True,retained
4,10397,15016,primary,2010,2017,True,True,retained,True,True,retained
4,10397,15304,primary,2010,2017,True,True,retained,True,True,retained
4,10721,10397,primary,2010,2017,True,True,retained,True,True,retained
4,10721,10821,primary,2010,2017,True,True,retained,True,True,retained
4,10721,11278,primary,2010,2017,True,True,retained,True,True,retained
4,10721,11292,primary,2010,2017,True,True,retained,True,True,retained
4,10721,11298,primary,2010,2017,True,True,retained,True,True,retained
4,10721,11433,primary,2010,2017,True,True,retained,True,True,retained
4,10721,11618,primary,2010,2017,True,True,retained,True,True,retained
4,10721,11697,primary,2010,2017,True,True,retained,True,True,retained
4,10721,12173,primary,2010,2017,True,True,retained,False,False,absent
4,10721,12266,primary,2010,2017,True,True,retained,True,True,retained
4,10721,12478,primary,2010,2017,True,True,retained,True,True,retained
4,10721,12889,primary,2010,2017,True,True,retained,True,True,retained
4,10721,12892,primary,2010,2017,True,True,retained,True,True,retained
4,10721,12953,primary,2010,2017,True,True,retained,True,True,retained
4,10721,13204,primary,2010,2017,True,True,retained,True,True,retained
4,10721,13232,primary,2010,2017,True,True,retained,True,True,retained
4,10721,13303,primary,2010,2017,True,True,retained,True,True,retained
4,10721,13487,primary,2010,2017,True,True,retained,True,True,retained
4,10721,13796,primary,2010,2017,True,True,retained,False,False,absent
4,10721,13930,primary,2010,2017,True,True,retained,True,True,retained
4,10721,14100,primary,2010,2017,True,True,retained,True,True,retained
4,10721,14107,primary,2010,2017,True,True,retained,True,True,retained
4,10721,14635,primary,2010,2017,True,True,retained,True,True,retained
4,10721,14679,primary,2010,2017,True,True,retained,True,True,retained
4,10721,14747,primary,2010,2017,True,True,retained,True,True,retained
4,10721,14771,primary,2010,2017,True,True,retained,True,True,retained
4,10721,14869,primary,2010,2017,True,True,retained,True,True,retained
4,10721,15016,primary,2010,2017,True,True,retained,True,True,retained
4,10721,15304,primary,2010,2017,True,True,retained,True,True,retained
4,10821,10397,primary,2010,2017,True,True,retained,True,True,retained
4,10821,10721,primary,2010,2017,True,True,retained,True,True,retained
4,10821,11292,primary,2010,2017,True,True,retained,True,True,retained
4,10821,11298,primary,2010,2017,True,True,retained,True,True,retained
4,10821,11433,primary,2010,2017,True,True,retained,True,True,retained
4,10821,11618,primary,2010,2017,True,True,retained,True,True,retained
4,10821,11697,primary,2010,2017,True,True,retained,True,True,retained
4,10821,12266,primary,2010,2017,True,True,retained,True,True,retained
4,10821,12478,primary,2010,2017,True,True,retained,True,False,exited
4,10821,12889,primary,2010,2017,True,True,retained,True,True,retained
4,10821,12892,primary,2010,2017,True,True,retained,True,True,retained
4,10821,12953,primary,2010,2017,True,False,exited,True,False,exited
4,10821,13204,primary,2010,2017,True,True,retained,True,True,retained
4,10821,13232,primary,2010,2017,True,True,retained,True,True,retained
4,10821,13303,primary,2010,2017,True,True,retained,True,True,retained
4,10821,13487,primary,2010,2017,True,True,retained,True,True,retained
4,10821,13796,primary,2010,2017,True,True,retained,False,True,entered
4,10821,13930,primary,2010,2017,True,True,retained,True,True,retained
4,10821,14100,primary,2010,2017,True,True,retained,True,False,exited
4,10821,14107,primary,2010,2017,True,True,retained,True,True,retained
4,10821,14635,primary,2010,2017,True,True,retained,True,True,retained
4,10821,14679,primary,2010,2017,True,True,retained,True,True,retained
4,10821,14747,primary,2010,2017,True,True,retained,False,True,entered
4,10821,14771,primary,2010,2017,True,True,retained,True,True,retained
4,10821,14869,primary,2010,2017,True,True,retained,True,True,retained
4,10821,15016,primary,2010,2017,True,True,retained,True,True,retained
4,10821,15304,primary,2010,2017,True,True,retained,True,True,retained
4,11278,10397,primary,2010,2017,True,True,retained,True,True,retained
4,11278,10721,primary,2010,2017,True,True,retained,True,True,retained
4,11278,11292,primary,2010,2017,True,True,retained,True,True,retained
4,11278,11298,primary,2010,2017,True,True,retained,True,True,retained
4,11278,11433,primary,2010,2017,True,True,retained,True,True,retained
4,11278,11618,primary,2010,2017,True,True,retained,True,True,retained
4,11278,11697,primary,2010,2017,True,True,retained,True,True,retained
4,11278,12173,primary,2010,2017,True,False,exited,False,False,absent
4,11278,12266,primary,2010,2017,True,True,retained,True,True,retained
4,11278,12478,primary,2010,2017,True,True,retained,True,True,retained
4,11278,12889,primary,2010,2017,True,True,retained,True,True,retained
4,11278,12892,primary,2010,2017,True,True,retained,True,True,retained
4,11278,12953,primary,2010,2017,True,True,retained,True,True,retained
4,11278,13204,primary,2010,2017,True,True,retained,True,True,retained
4,11278,13232,primary,2010,2017,False,True,entered,False,True,entered
4,11278,13303,primary,2010,2017,True,True,retained,True,True,retained
4,11278,13487,primary,2010,2017,True,True,retained,True,True,retained
4,11278,13796,primary,2010,2017,False,True,entered,False,False,absent
4,11278,13930,primary,2010,2017,True,True,retained,True,True,retained
4,11278,14100,primary,2010,2017,True,True,retained,True,True,retained
4,11278,14107,primary,2010,2017,True,True,retained,True,True,retained
4,11278,14635,primary,2010,2017,True,True,retained,True,True,retained
4,11278,14679,primary,2010,2017,True,True,retained,False,False,absent
4,11278,14747,primary,2010,2017,True,True,retained,True,True,retained
4,11278,14771,primary,2010,2017,True,True,retained,False,True,entered
4,11278,14869,primary,2010,2017,True,True,retained,True,True,retained
4,11278,15016,primary,2010,2017,True,True,retained,True,True,retained
4,11278,15304,primary,2010,2017,True,True,retained,True,True,retained
4,11292,10397,primary,2010,2017,True,True,retained,True,True,retained
4,11292,10721,primary,2010,2017,True,True,retained,True,True,retained
4,11292,10821,primary,2010,2017,True,True,retained,True,True,retained
4,11292,11278,primary,2010,2017,True,True,retained,True,True,retained
4,11292,11298,primary,2010,2017,True,True,retained,True,True,retained
4,11292,11433,primary,2010,2017,True,True,retained,True,True,retained
4,11292,11618,primary,2010,2017,True,True,retained,True,True,retained
4,11292,11697,primary,2010,2017,True,True,retained,True,True,retained
4,11292,12173,primary,2010,2017,True,True,retained,True,True,retained
4,11292,12266,primary,2010,2017,True,True,retained,True,True,retained
4,11292,12478,primary,2010,2017,True,True,retained,True,True,retained
4,11292,12889,primary,2010,2017,True,True,retained,True,True,retained
4,11292,12892,primary,2010,2017,True,True,retained,True,True,retained
4,11292,12953,primary,2010,2017,True,True,retained,True,True,retained
4,11292,13204,primary,2010,2017,True,True,retained,True,True,retained
4,11292,13232,primary,2010,2017,True,True,retained,True,True,retained
4,11292,13303,primary,2010,2017,True,True,retained,True,True,retained
4,11292,13487,primary,2010,2017,True,True,retained,True,True,retained
4,11292,13796,primary,2010,2017,True,True,retained,True,True,retained
4,11292,13930,primary,2010,2017,True,True,retained,True,True,retained
4,11292,14100,primary,2010,2017,True,True,retained,True,True,retained
4,11292,14107,primary,2010,2017,True,True,retained,True,True,retained
4,11292,14635,primary,2010,2017,True,True,retained,True,True,retained
4,11292,14679,primary,2010,2017,True,True,retained,True,True,retained
4,11292,14747,primary,2010,2017,True,True,retained,True,True,retained
4,11292,14771,primary,2010,2017,True,True,retained,True,True,retained
4,11292,14869,primary,2010,2017,True,True,retained,True,True,retained
4,11292,15016,primary,2010,2017,True,True,retained,True,True,retained
4,11292,15304,primary,2010,2017,True,True,retained,True,True,retained
4,11298,10397,primary,2010,2017,True,True,retained,True,True,retained
4,11298,10721,primary,2010,2017,True,True,retained,True,True,retained
4,11298,10821,primary,2010,2017,True,True,retained,True,True,retained
4,11298,11278,primary,2010,2017,True,True,retained,True,True,retained
4,11298,11292,primary,2010,2017,True,True,retained,True,True,retained
4,11298,11433,primary,2010,2017,True,True,retained,True,True,retained
4,11298,11618,primary,2010,2017,True,True,retained,True,True,retained
4,11298,11697,primary,2010,2017,True,True,retained,True,True,retained
4,11298,12173,primary,2010,2017,True,True,retained,True,True,retained
4,11298,12266,primary,2010,2017,True,True,retained,True,True,retained
4,11298,12478,primary,2010,2017,True,True,retained,True,True,retained
4,11298,12889,primary,2010,2017,True,True,retained,True,True,retained
4,11298,12892,primary,2010,2017,True,True,retained,True,True,retained
4,11298,12953,primary,2010,2017,True,True,retained,True,True,retained
4,11298,13204,primary,2010,2017,True,True,retained,True,True,retained
4,11298,13303,primary,2010,2017,True,True,retained,True,True,retained
4,11298,13487,primary,2010,2017,True,True,retained,True,True,retained
4,11298,13796,primary,2010,2017,True,True,retained,False,True,entered
4,11298,13930,primary,2010,2017,True,True,retained,True,True,retained
4,11298,14100,primary,2010,2017,True,True,retained,True,True,retained
4,11298,14107,primary,2010,2017,True,True,retained,True,True,retained
4,11298,14635,primary,2010,2017,True,True,retained,True,True,retained
4,11298,14679,primary,2010,2017,True,True,retained,True,True,retained
4,11298,14747,primary,2010,2017,True,True,retained,True,True,retained
4,11298,14771,primary,2010,2017,True,True,retained,True,True,retained
4,11298,14869,primary,2010,2017,True,True,retained,True,True,retained
4,11298,15016,primary,2010,2017,True,True,retained,True,True,retained
4,11298,15304,primary,2010,2017,True,True,retained,True,True,retained
4,11433,10397,primary,2010,2017,True,True,retained,True,True,retained
4,11433,10721,primary,2010,2017,True,True,retained,True,True,retained
4,11433,10821,primary,2010,2017,True,True,retained,True,True,retained
4,11433,11278,primary,2010,2017,True,True,retained,True,True,retained
4,11433,11292,primary,2010,2017,True,True,retained,True,True,retained
4,11433,11298,primary,2010,2017,True,True,retained,True,True,retained
4,11433,11618,primary,2010,2017,True,True,retained,True,True,retained
4,11433,11697,primary,2010,2017,True,True,retained,True,True,retained
4,11433,12173,primary,2010,2017,True,True,retained,True,False,exited
4,11433,12266,primary,2010,2017,True,True,retained,True,True,retained
4,11433,12478,primary,2010,2017,True,True,retained,True,True,retained
4,11433,12889,primary,2010,2017,True,True,retained,True,True,retained
4,11433,12892,primary,2010,2017,True,True,retained,True,True,retained
4,11433,12953,primary,2010,2017,True,True,retained,True,True,retained
4,11433,13204,primary,2010,2017,True,True,retained,True,True,retained
4,11433,13232,primary,2010,2017,True,True,retained,True,True,retained
4,11433,13303,primary,2010,2017,True,True,retained,True,True,retained
4,11433,13487,primary,2010,2017,True,True,retained,True,True,retained
4,11433,13796,primary,2010,2017,True,True,retained,False,True,entered
4,11433,13930,primary,2010,2017,True,True,retained,True,True,retained
4,11433,14100,primary,2010,2017,True,True,retained,True,True,retained
4,11433,14107,primary,2010,2017,True,True,retained,True,True,retained
4,11433,14635,primary,2010,2017,True,True,retained,True,True,retained
4,11433,14679,primary,2010,2017,True,True,retained,True,True,retained
4,11433,14747,primary,2010,2017,True,True,retained,True,True,retained
4,11433,14771,primary,2010,2017,True,True,retained,True,True,retained
4,11433,14869,primary,2010,2017,True,True,retained,True,True,retained
4,11433,15016,primary,2010,2017,True,True,retained,True,True,retained
4,11433,15304,primary,2010,2017,True,True,retained,True,True,retained
4,11618,10397,primary,2010,2017,True,True,retained,True,True,retained
4,11618,10721,primary,2010,2017,True,True,retained,True,True,retained
4,11618,10821,primary,2010,2017,True,True,retained,True,True,retained
4,11618,11278,primary,2010,2017,True,True,retained,True,True,retained
4,11618,11292,primary,2010,2017,True,True,retained,True,True,retained
4,11618,11298,primary,2010,2017,True,True,retained,True,True,retained
4,11618,11433,primary,2010,2017,True,True,retained,True,True,retained
4,11618,11697,primary,2010,2017,True,True,retained,True,True,retained
4,11618,12173,primary,2010,2017,True,True,retained,True,True,retained
4,11618,12266,primary,2010,2017,True,True,retained,True,True,retained
4,11618,12889,primary,2010,2017,True,True,retained,True,True,retained
4,11618,12892,primary,2010,2017,True,True,retained,True,True,retained
4,11618,13204,primary,2010,2017,True,True,retained,True,True,retained
4,11618,13232,primary,2010,2017,False,True,entered,False,True,entered
4,11618,13303,primary,2010,2017,True,True,retained,True,True,retained
4,11618,13487,primary,2010,2017,True,True,retained,True,True,retained
4,11618,13796,primary,2010,2017,True,True,retained,False,False,absent
4,11618,13930,primary,2010,2017,True,True,retained,True,True,retained
4,11618,14100,primary,2010,2017,True,False,exited,False,False,absent
4,11618,14107,primary,2010,2017,True,True,retained,True,True,retained
4,11618,14635,primary,2010,2017,True,True,retained,True,True,retained
4,11618,14679,primary,2010,2017,True,True,retained,True,True,retained
4,11618,14747,primary,2010,2017,True,True,retained,True,True,retained
4,11618,14771,primary,2010,2017,True,True,retained,True,True,retained
4,11618,14869,primary,2010,2017,True,True,retained,True,True,retained
4,11618,15016,primary,2010,2017,True,True,retained,True,True,retained
4,11618,15304,primary,2010,2017,True,True,retained,True,True,retained
4,11697,10397,primary,2010,2017,True,True,retained,True,True,retained
4,11697,10721,primary,2010,2017,True,True,retained,True,True,retained
4,11697,10821,primary,2010,2017,True,True,retained,True,True,retained
4,11697,11278,primary,2010,2017,True,True,retained,True,True,retained
4,11697,11292,primary,2010,2017,True,True,retained,True,True,retained
4,11697,11298,primary,2010,2017,True,True,retained,True,True,retained
4,11697,11433,primary,2010,2017,True,True,retained,True,True,retained
4,11697,11618,primary,2010,2017,True,True,retained,True,True,retained
4,11697,12266,primary,2010,2017,True,True,retained,True,True,retained
4,11697,12478,primary,2010,2017,True,True,retained,True,True,retained
4,11697,12889,primary,2010,2017,True,True,retained,True,True,retained
4,11697,12892,primary,2010,2017,True,True,retained,True,True,retained
4,11697,12953,primary,2010,2017,True,True,retained,True,True,retained
4,11697,13204,primary,2010,2017,True,True,retained,True,True,retained
4,11697,13232,primary,2010,2017,True,True,retained,True,True,retained
4,11697,13487,primary,2010,2017,True,True,retained,True,True,retained
4,11697,13796,primary,2010,2017,True,True,retained,False,False,absent
4,11697,13930,primary,2010,2017,True,True,retained,True,True,retained
4,11697,14100,primary,2010,2017,True,True,retained,True,True,retained
4,11697,14107,primary,2010,2017,True,True,retained,True,True,retained
4,11697,14679,primary,2010,2017,True,True,retained,False,True,entered
4,11697,14747,primary,2010,2017,True,True,retained,False,True,entered
4,11697,14771,primary,2010,2017,True,True,retained,True,True,retained
4,11697,14869,primary,2010,2017,True,True,retained,False,True,entered
4,11697,15016,primary,2010,2017,True,True,retained,True,True,retained
4,11697,15304,primary,2010,2017,True,True,retained,True,True,retained
4,12173,10397,primary,2010,2017,True,True,retained,True,True,retained
4,12173,10721,primary,2010,2017,False,True,entered,False,False,absent
4,12173,11292,primary,2010,2017,True,True,retained,True,True,retained
4,12173,11298,primary,2010,2017,True,True,retained,True,True,retained
4,12173,11433,primary,2010,2017,True,True,retained,True,False,exited
4,12173,11618,primary,2010,2017,True,True,retained,True,True,retained
4,12173,12266,primary,2010,2017,True,True,retained,True,True,retained
4,12173,12478,primary,2010,2017,True,True,retained,False,True,entered
4,12173,12889,primary,2010,2017,True,True,retained,True,True,retained
4,12173,12892,primary,2010,2017,True,True,retained,True,True,retained
4,12173,13487,primary,2010,2017,True,True,retained,True,True,retained
4,12173,13796,primary,2010,2017,True,True,retained,True,True,retained
4,12173,13930,primary,2010,2017,True,True,retained,True,True,retained
4,12173,14107,primary,2010,2017,True,True,retained,True,True,retained
4,12173,14679,primary,2010,2017,True,True,retained,True,True,retained
4,12173,14747,primary,2010,2017,True,True,retained,True,True,retained
4,12173,14771,primary,2010,2017,True,True,retained,True,True,retained
4,12173,14869,primary,2010,2017,True,True,retained,True,True,retained
4,12266,10397,primary,2010,2017,True,True,retained,True,True,retained
4,12266,10721,primary,2010,2017,True,True,retained,True,True,retained
4,12266,10821,primary,2010,2017,True,True,retained,True,True,retained
4,12266,11278,primary,2010,2017,True,True,retained,True,True,retained
4,12266,11292,primary,2010,2017,True,True,retained,True,True,retained
4,12266,11298,primary,2010,2017,True,True,retained,True,True,retained
4,12266,11433,primary,2010,2017,True,True,retained,True,True,retained
4,12266,11618,primary,2010,2017,True,True,retained,True,True,retained
4,12266,11697,primary,2010,2017,True,True,retained,True,True,retained
4,12266,12173,primary,2010,2017,True,True,retained,True,True,retained
4,12266,12478,primary,2010,2017,True,True,retained,True,False,exited
4,12266,12889,primary,2010,2017,True,True,retained,True,True,retained
4,12266,12892,primary,2010,2017,True,True,retained,True,True,retained
4,12266,12953,primary,2010,2017,True,True,retained,True,True,retained
4,12266,13204,primary,2010,2017,True,True,retained,True,True,retained
4,12266,13303,primary,2010,2017,True,True,retained,True,True,retained
4,12266,13487,primary,2010,2017,True,True,retained,True,True,retained
4,12266,13796,primary,2010,2017,False,True,entered,False,True,entered
4,12266,13930,primary,2010,2017,True,True,retained,True,True,retained
4,12266,14100,primary,2010,2017,True,True,retained,True,True,retained
4,12266,14107,primary,2010,2017,True,True,retained,True,True,retained
4,12266,14635,primary,2010,2017,True,True,retained,True,True,retained
4,12266,14679,primary,2010,2017,True,True,retained,True,True,retained
4,12266,14747,primary,2010,2017,True,True,retained,True,True,retained
4,12266,14771,primary,2010,2017,True,True,retained,True,True,retained
4,12266,14869,primary,2010,2017,True,True,retained,True,True,retained
4,12266,15016,primary,2010,2017,True,True,retained,True,True,retained
4,12266,15304,primary,2010,2017,True,True,retained,True,True,retained
4,12478,10397,primary,2010,2017,True,True,retained,True,True,retained
4,12478,10721,primary,2010,2017,True,True,retained,True,True,retained
4,12478,10821,primary,2010,2017,True,True,retained,True,False,exited
4,12478,11278,primary,2010,2017,True,True,retained,True,True,retained
4,12478,11292,primary,2010,2017,True,True,retained,True,True,retained
4,12478,11298,primary,2010,2017,True,True,retained,True,True,retained
4,12478,11433,primary,2010,2017,True,True,retained,True,True,retained
4,12478,11697,primary,2010,2017,True,True,retained,True,True,retained
4,12478,12173,primary,2010,2017,False,True,entered,False,True,entered
4,12478,12266,primary,2010,2017,True,False,exited,True,False,exited
4,12478,12889,primary,2010,2017,True,True,retained,True,True,retained
4,12478,12892,primary,2010,2017,True,True,retained,True,True,retained
4,12478,13204,primary,2010,2017,True,True,retained,True,True,retained
4,12478,13303,primary,2010,2017,True,True,retained,True,True,retained
4,12478,13487,primary,2010,2017,True,True,retained,True,True,retained
4,12478,13796,primary,2010,2017,True,True,retained,True,True,retained
4,12478,13930,primary,2010,2017,True,True,retained,True,True,retained
4,12478,14100,primary,2010,2017,True,True,retained,True,True,retained
4,12478,14107,primary,2010,2017,True,True,retained,True,True,retained
4,12478,14635,primary,2010,2017,True,True,retained,True,True,retained
4,12478,14679,primary,2010,2017,True,True,retained,True,True,retained
4,12478,14747,primary,2010,2017,True,True,retained,True,True,retained
4,12478,14771,primary,2010,2017,True,True,retained,True,True,retained
4,12478,14869,primary,2010,2017,True,True,retained,True,True,retained
4,12478,15016,primary,2010,2017,True,False,exited,True,False,exited
4,12478,15304,primary,2010,2017,True,True,retained,True,True,retained
4,12889,10397,primary,2010,2017,True,True,retained,True,True,retained
4,12889,10721,primary,2010,2017,True,True,retained,True,True,retained
4,12889,10821,primary,2010,2017,True,True,retained,True,True,retained
4,12889,11278,primary,2010,2017,True,True,retained,True,True,retained
4,12889,11292,primary,2010,2017,True,True,retained,True,True,retained
4,12889,11298,primary,2010,2017,True,True,retained,True,True,retained
4,12889,11433,primary,2010,2017,True,True,retained,True,True,retained
4,12889,11618,primary,2010,2017,True,True,retained,True,True,retained
4,12889,11697,primary,2010,2017,True,True,retained,True,True,retained
4,12889,12173,primary,2010,2017,True,True,retained,True,True,retained
4,12889,12266,primary,2010,2017,True,True,retained,True,True,retained
4,12889,12478,primary,2010,2017,True,True,retained,True,True,retained
4,12889,12892,primary,2010,2017,True,True,retained,True,True,retained
4,12889,12953,primary,2010,2017,True,True,retained,False,False,absent
4,12889,13204,primary,2010,2017,True,True,retained,True,True,retained
4,12889,13232,primary,2010,2017,True,True,retained,True,True,retained
4,12889,13303,primary,2010,2017,True,True,retained,True,True,retained
4,12889,13487,primary,2010,2017,True,True,retained,True,True,retained
4,12889,13796,primary,2010,2017,True,True,retained,True,True,retained
4,12889,13930,primary,2010,2017,True,True,retained,True,True,retained
4,12889,14100,primary,2010,2017,True,True,retained,True,True,retained
4,12889,14107,primary,2010,2017,True,True,retained,True,True,retained
4,12889,14635,primary,2010,2017,True,True,retained,False,False,absent
4,12889,14679,primary,2010,2017,True,True,retained,True,True,retained
4,12889,14747,primary,2010,2017,True,True,retained,True,True,retained
4,12889,14771,primary,2010,2017,True,True,retained,True,True,retained
4,12889,14869,primary,2010,2017,True,True,retained,True,True,retained
4,12889,15016,primary,2010,2017,True,True,retained,True,True,retained
4,12889,15304,primary,2010,2017,True,True,retained,True,True,retained
4,12892,10397,primary,2010,2017,True,True,retained,True,True,retained
4,12892,10721,primary,2010,2017,True,True,retained,True,True,retained
4,12892,10821,primary,2010,2017,True,True,retained,True,True,retained
4,12892,11278,primary,2010,2017,True,True,retained,True,True,retained
4,12892,11292,primary,2010,2017,True,True,retained,True,True,retained
4,12892,11298,primary,2010,2017,True,True,retained,True,True,retained
4,12892,11433,primary,2010,2017,True,True,retained,True,True,retained
4,12892,11618,primary,2010,2017,True,True,retained,True,True,retained
4,12892,11697,primary,2010,2017,True,True,retained,True,True,retained
4,12892,12173,primary,2010,2017,True,True,retained,True,True,retained
4,12892,12266,primary,2010,2017,True,True,retained,True,True,retained
4,12892,12478,primary,2010,2017,True,True,retained,True,True,retained
4,12892,12889,primary,2010,2017,True,True,retained,True,True,retained
4,12892,12953,primary,2010,2017,True,True,retained,False,False,absent
4,12892,13204,primary,2010,2017,True,True,retained,True,True,retained
4,12892,13232,primary,2010,2017,True,True,retained,True,True,retained
4,12892,13303,primary,2010,2017,True,True,retained,True,True,retained
4,12892,13487,primary,2010,2017,True,True,retained,True,True,retained
4,12892,13796,primary,2010,2017,True,True,retained,True,True,retained
4,12892,13930,primary,2010,2017,True,True,retained,True,True,retained
4,12892,14100,primary,2010,2017,True,True,retained,True,True,retained
4,12892,14107,primary,2010,2017,True,True,retained,True,True,retained
4,12892,14635,primary,2010,2017,True,True,retained,False,False,absent
4,12892,14679,primary,2010,2017,True,True,retained,True,True,retained
4,12892,14747,primary,2010,2017,True,True,retained,True,True,retained
4,12892,14771,primary,2010,2017,True,True,retained,True,True,retained
4,12892,14869,primary,2010,2017,True,True,retained,True,True,retained
4,12892,15016,primary,2010,2017,True,True,retained,True,True,retained
4,12892,15304,primary,2010,2017,True,True,retained,True,True,retained
4,12953,10397,primary,2010,2017,True,True,retained,True,True,retained
4,12953,10721,primary,2010,2017,True,True,retained,True,True,retained
4,12953,10821,primary,2010,2017,True,False,exited,True,False,exited
4,12953,11278,primary,2010,2017,True,True,retained,True,True,retained
4,12953,11292,primary,2010,2017,True,True,retained,True,True,retained
4,12953,11298,primary,2010,2017,True,True,retained,True,True,retained
4,12953,11433,primary,2010,2017,True,True,retained,True,True,retained
4,12953,11697,primary,2010,2017,True,True,retained,True,True,retained
4,12953,12266,primary,2010,2017,True,True,retained,True,True,retained
4,12953,12889,primary,2010,2017,True,True,retained,False,False,absent
4,12953,12892,primary,2010,2017,True,True,retained,False,False,absent
4,12953,13204,primary,2010,2017,True,True,retained,True,True,retained
4,12953,13232,primary,2010,2017,True,True,retained,True,True,retained
4,12953,13303,primary,2010,2017,True,True,retained,True,True,retained
4,12953,13487,primary,2010,2017,True,True,retained,True,True,retained
4,12953,13796,primary,2010,2017,True,True,retained,False,False,absent
4,12953,13930,primary,2010,2017,True,True,retained,True,True,retained
4,12953,14100,primary,2010,2017,True,True,retained,True,True,retained
4,12953,14107,primary,2010,2017,True,True,retained,False,False,absent
4,12953,14635,primary,2010,2017,True,True,retained,True,True,retained
4,12953,14679,primary,2010,2017,True,True,retained,False,False,absent
4,12953,14747,primary,2010,2017,True,False,exited,False,False,absent
4,12953,14771,primary,2010,2017,True,True,retained,False,False,absent
4,12953,14869,primary,2010,2017,False,True,entered,False,False,absent
4,12953,15016,primary,2010,2017,True,True,retained,True,True,retained
4,12953,15304,primary,2010,2017,True,True,retained,True,True,retained
4,13204,10397,primary,2010,2017,True,True,retained,True,True,retained
4,13204,10721,primary,2010,2017,True,True,retained,True,True,retained
4,13204,10821,primary,2010,2017,True,True,retained,True,True,retained
4,13204,11278,primary,2010,2017,True,True,retained,True,True,retained
4,13204,11292,primary,2010,2017,True,True,retained,True,True,retained
4,13204,11298,primary,2010,2017,True,True,retained,True,True,retained
4,13204,11433,primary,2010,2017,True,True,retained,True,True,retained
4,13204,11618,primary,2010,2017,True,True,retained,True,True,retained
4,13204,11697,primary,2010,2017,True,True,retained,True,True,retained
4,13204,12266,primary,2010,2017,True,True,retained,True,True,retained
4,13204,12478,primary,2010,2017,True,True,retained,True,True,retained
4,13204,12889,primary,2010,2017,True,True,retained,True,True,retained
4,13204,12892,primary,2010,2017,True,True,retained,True,True,retained
4,13204,12953,primary,2010,2017,True,True,retained,True,True,retained
4,13204,13232,primary,2010,2017,True,True,retained,True,True,retained
4,13204,13303,primary,2010,2017,True,True,retained,True,True,retained
4,13204,13487,primary,2010,2017,True,True,retained,True,True,retained
4,13204,13796,primary,2010,2017,True,True,retained,False,False,absent
4,13204,13930,primary,2010,2017,True,True,retained,True,True,retained
4,13204,14100,primary,2010,2017,True,True,retained,True,True,retained
4,13204,14107,primary,2010,2017,True,True,retained,True,True,retained
4,13204,14635,primary,2010,2017,True,True,retained,True,False,exited
4,13204,14679,primary,2010,2017,True,True,retained,False,True,entered
4,13204,14747,primary,2010,2017,True,True,retained,True,True,retained
4,13204,14771,primary,2010,2017,True,True,retained,True,True,retained
4,13204,14869,primary,2010,2017,True,True,retained,True,True,retained
4,13204,15016,primary,2010,2017,True,True,retained,True,True,retained
4,13232,10397,primary,2010,2017,True,True,retained,True,True,retained
4,13232,10721,primary,2010,2017,True,True,retained,True,True,retained
4,13232,10821,primary,2010,2017,True,True,retained,True,True,retained
4,13232,11278,primary,2010,2017,False,True,entered,False,True,entered
4,13232,11292,primary,2010,2017,True,True,retained,True,True,retained
4,13232,11298,primary,2010,2017,True,False,exited,False,False,absent
4,13232,11433,primary,2010,2017,True,True,retained,True,True,retained
4,13232,11618,primary,2010,2017,False,True,entered,False,True,entered
4,13232,11697,primary,2010,2017,True,True,retained,True,True,retained
4,13232,12889,primary,2010,2017,True,True,retained,True,True,retained
4,13232,12892,primary,2010,2017,True,True,retained,True,True,retained
4,13232,12953,primary,2010,2017,True,True,retained,True,True,retained
4,13232,13204,primary,2010,2017,True,True,retained,True,True,retained
4,13232,13487,primary,2010,2017,True,True,retained,True,True,retained
4,13232,13796,primary,2010,2017,True,True,retained,True,True,retained
4,13232,14100,primary,2010,2017,True,True,retained,True,True,retained
4,13232,14107,primary,2010,2017,True,True,retained,True,True,retained
4,13232,14635,primary,2010,2017,True,True,retained,True,True,retained
4,13232,14679,primary,2010,2017,True,True,retained,True,True,retained
4,13232,14747,primary,2010,2017,True,True,retained,True,True,retained
4,13232,14771,primary,2010,2017,True,True,retained,True,True,retained
4,13232,14869,primary,2010,2017,True,True,retained,True,True,retained
4,13232,15016,primary,2010,2017,True,True,retained,True,True,retained
4,13232,15304,primary,2010,2017,True,True,retained,True,True,retained
4,13303,10397,primary,2010,2017,True,True,retained,True,True,retained
4,13303,10721,primary,2010,2017,True,True,retained,True,True,retained
4,13303,10821,primary,2010,2017,True,True,retained,True,True,retained
4,13303,11278,primary,2010,2017,True,True,retained,True,True,retained
4,13303,11292,primary,2010,2017,True,True,retained,True,True,retained
4,13303,11298,primary,2010,2017,True,True,retained,True,True,retained
4,13303,11433,primary,2010,2017,True,True,retained,True,True,retained
4,13303,11618,primary,2010,2017,True,True,retained,True,True,retained
4,13303,12266,primary,2010,2017,True,True,retained,True,True,retained
4,13303,12478,primary,2010,2017,True,True,retained,True,True,retained
4,13303,12889,primary,2010,2017,True,True,retained,True,True,retained
4,13303,12892,primary,2010,2017,True,True,retained,True,True,retained
4,13303,12953,primary,2010,2017,True,True,retained,True,True,retained
4,13303,13204,primary,2010,2017,True,True,retained,True,True,retained
4,13303,13487,primary,2010,2017,True,True,retained,True,True,retained
4,13303,13930,primary,2010,2017,True,True,retained,True,True,retained
4,13303,14100,primary,2010,2017,True,True,retained,True,True,retained
4,13303,14107,primary,2010,2017,True,True,retained,True,True,retained
4,13303,14635,primary,2010,2017,True,True,retained,False,False,absent
4,13303,14679,primary,2010,2017,False,True,entered,False,True,entered
4,13303,14747,primary,2010,2017,True,True,retained,True,True,retained
4,13303,14771,primary,2010,2017,True,True,retained,True,True,retained
4,13303,14869,primary,2010,2017,True,True,retained,False,True,entered
4,13303,15016,primary,2010,2017,True,True,retained,True,True,retained
4,13303,15304,primary,2010,2017,True,True,retained,True,True,retained
4,13487,10397,primary,2010,2017,True,True,retained,True,True,retained
4,13487,10721,primary,2010,2017,True,True,retained,True,True,retained
4,13487,10821,primary,2010,2017,True,True,retained,True,True,retained
4,13487,11278,primary,2010,2017,True,True,retained,True,True,retained
4,13487,11292,primary,2010,2017,True,True,retained,True,True,retained
4,13487,11298,primary,2010,2017,True,True,retained,True,True,retained
4,13487,11433,primary,2010,2017,True,True,retained,True,True,retained
4,13487,11618,primary,2010,2017,True,True,retained,True,True,retained
4,13487,11697,primary,2010,2017,True,True,retained,True,True,retained
4,13487,12173,primary,2010,2017,True,True,retained,True,True,retained
4,13487,12266,primary,2010,2017,True,True,retained,True,True,retained
4,13487,12478,primary,2010,2017,True,True,retained,True,True,retained
4,13487,12889,primary,2010,2017,True,True,retained,True,True,retained
4,13487,12892,primary,2010,2017,True,True,retained,True,True,retained
4,13487,12953,primary,2010,2017,True,True,retained,True,True,retained
4,13487,13204,primary,2010,2017,True,True,retained,True,True,retained
4,13487,13232,primary,2010,2017,True,True,retained,True,True,retained
4,13487,13303,primary,2010,2017,True,True,retained,True,True,retained
4,13487,13796,primary,2010,2017,True,True,retained,False,False,absent
4,13487,13930,primary,2010,2017,True,True,retained,True,True,retained
4,13487,14100,primary,2010,2017,True,True,retained,True,True,retained
4,13487,14107,primary,2010,2017,True,True,retained,True,True,retained
4,13487,14635,primary,2010,2017,True,True,retained,True,True,retained
4,13487,14679,primary,2010,2017,True,True,retained,True,True,retained
4,13487,14747,primary,2010,2017,True,True,retained,True,True,retained
4,13487,14771,primary,2010,2017,True,True,retained,True,True,retained
4,13487,14869,primary,2010,2017,True,True,retained,True,True,retained
4,13487,15016,primary,2010,2017,True,True,retained,True,True,retained
4,13487,15304,primary,2010,2017,True,True,retained,True,True,retained
4,13796,10397,primary,2010,2017,True,True,retained,True,True,retained
4,13796,10721,primary,2010,2017,True,True,retained,False,False,absent
4,13796,10821,primary,2010,2017,True,True,retained,False,True,entered
4,13796,11278,primary,2010,2017,False,True,entered,False,False,absent
4,13796,11292,primary,2010,2017,True,True,retained,True,True,retained
4,13796,11298,primary,2010,2017,True,True,retained,False,True,entered
4,13796,11433,primary,2010,2017,True,True,retained,False,True,entered
4,13796,11618,primary,2010,2017,False,True,entered,False,False,absent
4,13796,11697,primary,2010,2017,True,True,retained,False,False,absent
4,13796,12173,primary,2010,2017,True,True,retained,True,True,retained
4,13796,12266,primary,2010,2017,True,True,retained,False,True,entered
4,13796,12478,primary,2010,2017,True,True,retained,True,True,retained
4,13796,12889,primary,2010,2017,True,True,retained,True,True,retained
4,13796,12892,primary,2010,2017,True,True,retained,True,True,retained
4,13796,12953,primary,2010,2017,True,False,exited,False,False,absent
4,13796,13204,primary,2010,2017,True,True,retained,False,False,absent
4,13796,13232,primary,2010,2017,True,True,retained,True,True,retained
4,13796,13487,primary,2010,2017,True,True,retained,False,False,absent
4,13796,13930,primary,2010,2017,True,True,retained,False,True,entered
4,13796,14100,primary,2010,2017,True,True,retained,False,False,absent
4,13796,14107,primary,2010,2017,True,True,retained,True,True,retained
4,13796,14635,primary,2010,2017,False,True,entered,False,False,absent
4,13796,14679,primary,2010,2017,True,True,retained,True,True,retained
4,13796,14747,primary,2010,2017,True,True,retained,True,True,retained
4,13796,14869,primary,2010,2017,True,True,retained,True,True,retained
4,13796,15016,primary,2010,2017,True,True,retained,False,True,entered
4,13796,15304,primary,2010,2017,True,True,retained,False,False,absent
4,13930,10397,primary,2010,2017,True,True,retained,True,True,retained
4,13930,10721,primary,2010,2017,True,True,retained,True,True,retained
4,13930,10821,primary,2010,2017,True,True,retained,True,True,retained
4,13930,11278,primary,2010,2017,True,True,retained,True,True,retained
4,13930,11292,primary,2010,2017,True,True,retained,True,True,retained
4,13930,11298,primary,2010,2017,True,True,retained,True,True,retained
4,13930,11433,primary,2010,2017,True,True,retained,True,True,retained
4,13930,11618,primary,2010,2017,True,True,retained,True,True,retained
4,13930,11697,primary,2010,2017,True,True,retained,True,True,retained
4,13930,12173,primary,2010,2017,True,True,retained,True,True,retained
4,13930,12266,primary,2010,2017,True,True,retained,True,True,retained
4,13930,12478,primary,2010,2017,True,True,retained,True,True,retained
4,13930,12889,primary,2010,2017,True,True,retained,True,True,retained
4,13930,12892,primary,2010,2017,True,True,retained,True,True,retained
4,13930,12953,primary,2010,2017,True,True,retained,True,True,retained
4,13930,13204,primary,2010,2017,True,True,retained,True,True,retained
4,13930,13303,primary,2010,2017,True,True,retained,True,True,retained
4,13930,13487,primary,2010,2017,True,True,retained,True,True,retained
4,13930,13796,primary,2010,2017,False,True,entered,False,True,entered
4,13930,14100,primary,2010,2017,True,True,retained,True,True,retained
4,13930,14107,primary,2010,2017,True,True,retained,True,True,retained
4,13930,14635,primary,2010,2017,True,True,retained,True,True,retained
4,13930,14679,primary,2010,2017,True,True,retained,True,True,retained
4,13930,14747,primary,2010,2017,True,True,retained,True,True,retained
4,13930,14771,primary,2010,2017,True,True,retained,True,True,retained
4,13930,14869,primary,2010,2017,True,True,retained,True,True,retained
4,13930,15016,primary,2010,2017,True,True,retained,True,True,retained
4,13930,15304,primary,2010,2017,True,True,retained,True,True,retained
4,14100,10397,primary,2010,2017,True,True,retained,True,True,retained
4,14100,10721,primary,2010,2017,True,True,retained,True,True,retained
4,14100,10821,primary,2010,2017,True,True,retained,True,False,exited
4,14100,11278,primary,2010,2017,True,True,retained,True,True,retained
4,14100,11292,primary,2010,2017,True,True,retained,True,True,retained
4,14100,11298,primary,2010,2017,True,True,retained,True,True,retained
4,14100,11433,primary,2010,2017,True,True,retained,True,True,retained
4,14100,11618,primary,2010,2017,True,False,exited,False,False,absent
4,14100,11697,primary,2010,2017,True,True,retained,True,True,retained
4,14100,12266,primary,2010,2017,True,True,retained,True,True,retained
4,14100,12478,primary,2010,2017,True,True,retained,True,True,retained
4,14100,12889,primary,2010,2017,True,True,retained,True,True,retained
4,14100,12892,primary,2010,2017,True,True,retained,True,True,retained
4,14100,12953,primary,2010,2017,True,True,retained,True,True,retained
4,14100,13204,primary,2010,2017,True,True,retained,True,True,retained
4,14100,13232,primary,2010,2017,True,True,retained,True,True,retained
4,14100,13303,primary,2010,2017,True,True,retained,True,True,retained
4,14100,13487,primary,2010,2017,True,True,retained,True,True,retained
4,14100,13796,primary,2010,2017,True,True,retained,False,False,absent
4,14100,13930,primary,2010,2017,True,True,retained,True,True,retained
4,14100,14107,primary,2010,2017,True,True,retained,True,True,retained
4,14100,14635,primary,2010,2017,True,True,retained,True,True,retained
4,14100,14679,primary,2010,2017,True,True,retained,True,True,retained
4,14100,14747,primary,2010,2017,True,True,retained,True,True,retained
4,14100,14771,primary,2010,2017,True,True,retained,True,True,retained
4,14100,14869,primary,2010,2017,True,True,retained,True,True,retained
4,14100,15016,primary,2010,2017,True,True,retained,True,True,retained
4,14100,15304,primary,2010,2017,True,True,retained,True,True,retained
4,14107,10397,primary,2010,2017,True,True,retained,True,True,retained
4,14107,10721,primary,2010,2017,True,True,retained,True,True,retained
4,14107,10821,primary,2010,2017,True,True,retained,True,True,retained
4,14107,11278,primary,2010,2017,True,True,retained,True,True,retained
4,14107,11292,primary,2010,2017,True,True,retained,True,True,retained
4,14107,11298,primary,2010,2017,True,True,retained,True,True,retained
4,14107,11433,primary,2010,2017,True,True,retained,True,True,retained
4,14107,11618,primary,2010,2017,True,True,retained,True,True,retained
4,14107,11697,primary,2010,2017,True,True,retained,True,True,retained
4,14107,12173,primary,2010,2017,True,True,retained,True,True,retained
4,14107,12266,primary,2010,2017,True,True,retained,True,True,retained
4,14107,12478,primary,2010,2017,True,True,retained,True,True,retained
4,14107,12889,primary,2010,2017,True,True,retained,True,True,retained
4,14107,12892,primary,2010,2017,True,True,retained,True,True,retained
4,14107,12953,primary,2010,2017,True,True,retained,False,False,absent
4,14107,13204,primary,2010,2017,True,True,retained,True,True,retained
4,14107,13232,primary,2010,2017,True,True,retained,True,True,retained
4,14107,13303,primary,2010,2017,True,True,retained,True,True,retained
4,14107,13487,primary,2010,2017,True,True,retained,True,True,retained
4,14107,13796,primary,2010,2017,True,True,retained,True,True,retained
4,14107,13930,primary,2010,2017,True,True,retained,True,True,retained
4,14107,14100,primary,2010,2017,True,True,retained,True,True,retained
4,14107,14635,primary,2010,2017,True,True,retained,False,False,absent
4,14107,14679,primary,2010,2017,True,True,retained,True,True,retained
4,14107,14747,primary,2010,2017,True,True,retained,True,True,retained
4,14107,14771,primary,2010,2017,True,True,retained,True,True,retained
4,14107,14869,primary,2010,2017,True,True,retained,True,True,retained
4,14107,15016,primary,2010,2017,True,True,retained,True,True,retained
4,14107,15304,primary,2010,2017,True,True,retained,True,True,retained
4,14635,10397,primary,2010,2017,True,True,retained,True,True,retained
4,14635,10721,primary,2010,2017,True,True,retained,True,True,retained
4,14635,10821,primary,2010,2017,True,True,retained,True,True,retained
4,14635,11278,primary,2010,2017,True,True,retained,True,True,retained
4,14635,11292,primary,2010,2017,True,True,retained,True,True,retained
4,14635,11298,primary,2010,2017,True,True,retained,True,True,retained
4,14635,11433,primary,2010,2017,True,True,retained,True,True,retained
4,14635,11618,primary,2010,2017,True,True,retained,True,True,retained
4,14635,12266,primary,2010,2017,True,True,retained,True,True,retained
4,14635,12478,primary,2010,2017,True,True,retained,True,True,retained
4,14635,12889,primary,2010,2017,True,True,retained,False,False,absent
4,14635,12892,primary,2010,2017,True,True,retained,False,False,absent
4,14635,12953,primary,2010,2017,True,True,retained,True,True,retained
4,14635,13204,primary,2010,2017,True,False,exited,True,False,exited
4,14635,13232,primary,2010,2017,True,True,retained,True,True,retained
4,14635,13303,primary,2010,2017,True,True,retained,False,False,absent
4,14635,13487,primary,2010,2017,True,True,retained,True,True,retained
4,14635,13796,primary,2010,2017,True,False,exited,False,False,absent
4,14635,13930,primary,2010,2017,True,True,retained,True,True,retained
4,14635,14100,primary,2010,2017,True,True,retained,True,True,retained
4,14635,14107,primary,2010,2017,True,True,retained,False,False,absent
4,14635,14679,primary,2010,2017,True,False,exited,False,False,absent
4,14635,14747,primary,2010,2017,True,True,retained,False,False,absent
4,14635,14771,primary,2010,2017,True,False,exited,False,False,absent
4,14635,14869,primary,2010,2017,False,True,entered,False,False,absent
4,14635,15016,primary,2010,2017,True,True,retained,True,True,retained
4,14679,10397,primary,2010,2017,True,True,retained,True,True,retained
4,14679,10721,primary,2010,2017,True,True,retained,True,True,retained
4,14679,10821,primary,2010,2017,True,True,retained,True,True,retained
4,14679,11278,primary,2010,2017,True,True,retained,False,False,absent
4,14679,11292,primary,2010,2017,True,True,retained,True,True,retained
4,14679,11298,primary,2010,2017,True,True,retained,True,True,retained
4,14679,11433,primary,2010,2017,True,True,retained,True,True,retained
4,14679,11618,primary,2010,2017,True,True,retained,True,True,retained
4,14679,11697,primary,2010,2017,True,True,retained,False,True,entered
4,14679,12173,primary,2010,2017,True,True,retained,True,True,retained
4,14679,12266,primary,2010,2017,True,True,retained,True,True,retained
4,14679,12478,primary,2010,2017,True,True,retained,True,True,retained
4,14679,12889,primary,2010,2017,True,True,retained,True,True,retained
4,14679,12892,primary,2010,2017,True,True,retained,True,True,retained
4,14679,12953,primary,2010,2017,True,True,retained,False,False,absent
4,14679,13204,primary,2010,2017,True,True,retained,False,True,entered
4,14679,13232,primary,2010,2017,True,True,retained,True,True,retained
4,14679,13303,primary,2010,2017,False,True,entered,False,True,entered
4,14679,13487,primary,2010,2017,True,True,retained,True,True,retained
4,14679,13796,primary,2010,2017,True,True,retained,True,True,retained
4,14679,13930,primary,2010,2017,True,True,retained,True,True,retained
4,14679,14100,primary,2010,2017,True,True,retained,True,True,retained
4,14679,14107,primary,2010,2017,True,True,retained,True,True,retained
4,14679,14635,primary,2010,2017,True,True,retained,False,False,absent
4,14679,14747,primary,2010,2017,True,True,retained,True,True,retained
4,14679,14771,primary,2010,2017,True,True,retained,True,True,retained
4,14679,14869,primary,2010,2017,True,True,retained,True,True,retained
4,14679,15016,primary,2010,2017,True,True,retained,True,True,retained
4,14679,15304,primary,2010,2017,True,True,retained,False,False,absent
4,14747,10397,primary,2010,2017,True,True,retained,True,True,retained
4,14747,10721,primary,2010,2017,True,True,retained,True,True,retained
4,14747,10821,primary,2010,2017,True,True,retained,False,True,entered
4,14747,11278,primary,2010,2017,True,True,retained,True,True,retained
4,14747,11292,primary,2010,2017,True,True,retained,True,True,retained
4,14747,11298,primary,2010,2017,True,True,retained,True,True,retained
4,14747,11433,primary,2010,2017,True,True,retained,True,True,retained
4,14747,11618,primary,2010,2017,True,True,retained,True,True,retained
4,14747,11697,primary,2010,2017,True,True,retained,False,True,entered
4,14747,12173,primary,2010,2017,True,True,retained,True,True,retained
4,14747,12266,primary,2010,2017,True,True,retained,True,True,retained
4,14747,12478,primary,2010,2017,True,True,retained,True,True,retained
4,14747,12889,primary,2010,2017,True,True,retained,True,True,retained
4,14747,12892,primary,2010,2017,True,True,retained,True,True,retained
4,14747,12953,primary,2010,2017,True,True,retained,False,False,absent
4,14747,13204,primary,2010,2017,True,True,retained,True,True,retained
4,14747,13232,primary,2010,2017,True,True,retained,True,True,retained
4,14747,13303,primary,2010,2017,True,True,retained,True,True,retained
4,14747,13487,primary,2010,2017,True,True,retained,True,True,retained
4,14747,13796,primary,2010,2017,True,True,retained,True,True,retained
4,14747,13930,primary,2010,2017,True,True,retained,True,True,retained
4,14747,14100,primary,2010,2017,True,True,retained,True,True,retained
4,14747,14107,primary,2010,2017,True,True,retained,True,True,retained
4,14747,14635,primary,2010,2017,False,True,entered,False,False,absent
4,14747,14679,primary,2010,2017,True,True,retained,True,True,retained
4,14747,14771,primary,2010,2017,True,True,retained,True,True,retained
4,14747,14869,primary,2010,2017,True,True,retained,True,True,retained
4,14747,15016,primary,2010,2017,True,True,retained,True,True,retained
4,14747,15304,primary,2010,2017,True,True,retained,False,True,entered
4,14771,10397,primary,2010,2017,True,True,retained,True,True,retained
4,14771,10721,primary,2010,2017,True,True,retained,True,True,retained
4,14771,10821,primary,2010,2017,True,True,retained,True,True,retained
4,14771,11278,primary,2010,2017,True,True,retained,False,True,entered
4,14771,11292,primary,2010,2017,True,True,retained,True,True,retained
4,14771,11298,primary,2010,2017,True,True,retained,True,True,retained
4,14771,11433,primary,2010,2017,True,True,retained,True,True,retained
4,14771,11618,primary,2010,2017,True,True,retained,True,True,retained
4,14771,11697,primary,2010,2017,True,True,retained,True,True,retained
4,14771,12173,primary,2010,2017,True,True,retained,True,True,retained
4,14771,12266,primary,2010,2017,True,True,retained,True,True,retained
4,14771,12478,primary,2010,2017,True,True,retained,True,True,retained
4,14771,12889,primary,2010,2017,True,True,retained,True,True,retained
4,14771,12892,primary,2010,2017,True,True,retained,True,True,retained
4,14771,12953,primary,2010,2017,True,True,retained,False,False,absent
4,14771,13204,primary,2010,2017,True,True,retained,True,True,retained
4,14771,13232,primary,2010,2017,True,True,retained,True,True,retained
4,14771,13303,primary,2010,2017,True,True,retained,True,True,retained
4,14771,13487,primary,2010,2017,True,True,retained,True,True,retained
4,14771,13930,primary,2010,2017,True,True,retained,True,True,retained
4,14771,14100,primary,2010,2017,True,True,retained,True,True,retained
4,14771,14107,primary,2010,2017,True,True,retained,True,True,retained
4,14771,14679,primary,2010,2017,True,True,retained,True,True,retained
4,14771,14747,primary,2010,2017,True,True,retained,True,True,retained
4,14771,14869,primary,2010,2017,True,True,retained,True,True,retained
4,14771,15016,primary,2010,2017,True,True,retained,True,True,retained
4,14771,15304,primary,2010,2017,True,True,retained,False,True,entered
4,14869,10397,primary,2010,2017,True,True,retained,True,True,retained
4,14869,10721,primary,2010,2017,True,True,retained,True,True,retained
4,14869,10821,primary,2010,2017,True,True,retained,True,True,retained
4,14869,11278,primary,2010,2017,True,True,retained,True,True,retained
4,14869,11292,primary,2010,2017,True,True,retained,True,True,retained
4,14869,11298,primary,2010,2017,True,True,retained,True,True,retained
4,14869,11433,primary,2010,2017,True,True,retained,True,True,retained
4,14869,11618,primary,2010,2017,True,True,retained,True,True,retained
4,14869,11697,primary,2010,2017,True,True,retained,False,True,entered
4,14869,12173,primary,2010,2017,True,True,retained,True,True,retained
4,14869,12266,primary,2010,2017,True,True,retained,True,True,retained
4,14869,12478,primary,2010,2017,True,True,retained,True,True,retained
4,14869,12889,primary,2010,2017,True,True,retained,True,True,retained
4,14869,12892,primary,2010,2017,True,True,retained,True,True,retained
4,14869,12953,primary,2010,2017,True,True,retained,False,False,absent
4,14869,13204,primary,2010,2017,True,True,retained,True,True,retained
4,14869,13232,primary,2010,2017,True,True,retained,True,True,retained
4,14869,13303,primary,2010,2017,False,True,entered,False,True,entered
4,14869,13487,primary,2010,2017,True,True,retained,True,True,retained
4,14869,13796,primary,2010,2017,True,True,retained,True,True,retained
4,14869,13930,primary,2010,2017,True,True,retained,True,True,retained
4,14869,14100,primary,2010,2017,True,True,retained,True,True,retained
4,14869,14107,primary,2010,2017,True,True,retained,True,True,retained
4,14869,14635,primary,2010,2017,True,False,exited,False,False,absent
4,14869,14679,primary,2010,2017,True,True,retained,True,True,retained
4,14869,14747,primary,2010,2017,True,True,retained,True,True,retained
4,14869,14771,primary,2010,2017,True,True,retained,True,True,retained
4,14869,15016,primary,2010,2017,True,True,retained,True,True,retained
4,14869,15304,primary,2010,2017,True,True,retained,False,True,entered
4,15016,10397,primary,2010,2017,True,True,retained,True,True,retained
4,15016,10721,primary,2010,2017,True,True,retained,True,True,retained
4,15016,10821,primary,2010,2017,True,True,retained,True,True,retained
4,15016,11278,primary,2010,2017,True,True,retained,True,True,retained
4,15016,11292,primary,2010,2017,True,True,retained,True,True,retained
4,15016,11298,primary,2010,2017,True,True,retained,True,True,retained
4,15016,11433,primary,2010,2017,True,True,retained,True,True,retained
4,15016,11618,primary,2010,2017,True,True,retained,True,True,retained
4,15016,11697,primary,2010,2017,True,True,retained,True,True,retained
4,15016,12266,primary,2010,2017,True,True,retained,True,True,retained
4,15016,12478,primary,2010,2017,True,False,exited,True,False,exited
4,15016,12889,primary,2010,2017,True,True,retained,True,True,retained
4,15016,12892,primary,2010,2017,True,True,retained,True,True,retained
4,15016,12953,primary,2010,2017,True,True,retained,True,True,retained
4,15016,13204,primary,2010,2017,True,True,retained,True,True,retained
4,15016,13232,primary,2010,2017,True,True,retained,True,True,retained
4,15016,13303,primary,2010,2017,True,True,retained,True,True,retained
4,15016,13487,primary,2010,2017,True,True,retained,True,True,retained
4,15016,13796,primary,2010,2017,True,True,retained,False,True,entered
4,15016,13930,primary,2010,2017,True,True,retained,True,True,retained
4,15016,14100,primary,2010,2017,True,True,retained,True,True,retained
4,15016,14107,primary,2010,2017,True,True,retained,True,True,retained
4,15016,14635,primary,2010,2017,True,True,retained,True,True,retained
4,15016,14679,primary,2010,2017,True,True,retained,True,True,retained
4,15016,14747,primary,2010,2017,True,True,retained,True,True,retained
4,15016,14771,primary,2010,2017,True,True,retained,True,True,retained
4,15016,14869,primary,2010,2017,True,True,retained,True,True,retained
4,15016,15304,primary,2010,2017,True,True,retained,True,True,retained
4,15304,10397,primary,2010,2017,True,True,retained,True,True,retained
4,15304,10721,primary,2010,2017,True,True,retained,True,True,retained
4,15304,10821,primary,2010,2017,True,True,retained,True,True,retained
4,15304,11278,primary,2010,2017,True,True,retained,True,True,retained
4,15304,11292,primary,2010,2017,True,True,retained,True,True,retained
4,15304,11298,primary,2010,2017,True,True,retained,True,True,retained
4,15304,11433,primary,2010,2017,True,True,retained,True,True,retained
4,15304,11618,primary,2010,2017,True,True,retained,True,True,retained
4,15304,11697,primary,2010,2017,True,True,retained,True,True,retained
4,15304,12266,primary,2010,2017,True,True,retained,True,True,retained
4,15304,12478,primary,2010,2017,True,True,retained,True,True,retained
4,15304,12889,primary,2010,2017,True,True,retained,True,True,retained
4,15304,12892,primary,2010,2017,True,True,retained,True,True,retained
4,15304,12953,primary,2010,2017,True,True,retained,True,True,retained
4,15304,13232,primary,2010,2017,True,True,retained,True,True,retained
4,15304,13303,primary,2010,2017,True,True,retained,True,True,retained
4,15304,13487,primary,2010,2017,True,True,retained,True,True,retained
4,15304,13796,primary,2010,2017,True,True,retained,False,False,absent
4,15304,13930,primary,2010,2017,True,True,retained,True,True,retained
4,15304,14100,primary,2010,2017,True,True,retained,True,True,retained
4,15304,14107,primary,2010,2017,True,True,retained,True,True,retained
4,15304,14679,primary,2010,2017,True,True,retained,False,False,absent
4,15304,14747,primary,2010,2017,True,True,retained,False,True,entered
4,15304,14771,primary,2010,2017,True,True,retained,False,True,entered
4,15304,14869,primary,2010,2017,True,True,retained,False,True,entered
4,15304,15016,primary,2010,2017,True,True,retained,True,True,retained
1,10397,10721,broad_fare_bounds,2010,2017,True,True,retained,True,True,retained
1,10397,10821,broad_fare_bounds,2010,2017,True,True,retained,True,True,retained
1,10397,11278,broad_fare_bounds,2010,2017,True,True,retained,True,True,retained
1,10397,11292,broad_fare_bounds,2010,2017,True,True,retained,True,True,retained
1,10397,11298,broad_fare_bounds,2010,2017,True,True,retained,True,True,retained
1,10397,11433,broad_fare_bounds,2010,2017,True,True,retained,True,True,retained
1,10397,11618,broad_fare_bounds,2010,2017,True,True,retained,True,True,retained
1,10397,11697,broad_fare_bounds,2010,2017,True,True,retained,True,True,retained
1,10397,12173,broad_fare_bounds,2010,2017,True,True,retained,True,True,retained
1,10397,12266,broad_fare_bounds,2010,2017,True,True,retained,True,True,retained
1,10397,12478,broad_fare_bounds,2010,2017,True,True,retained,True,True,retained
1,10397,12889,broad_fare_bounds,2010,2017,True,True,retained,True,True,retained
1,10397,12892,broad_fare_bounds,2010,2017,True,True,retained,True,True,retained
1,10397,12953,broad_fare_bounds,2010,2017,True,True,retained,True,True,retained
1,10397,13204,broad_fare_bounds,2010,2017,True,True,retained,True,True,retained
1,10397,13232,broad_fare_bounds,2010,2017,True,True,retained,True,True,retained
1,10397,13303,broad_fare_bounds,2010,2017,True,True,retained,True,True,retained
1,10397,13487,broad_fare_bounds,2010,2017,True,True,retained,True,True,retained
1,10397,13796,broad_fare_bounds,2010,2017,False,True,entered,False,True,entered
1,10397,13930,broad_fare_bounds,2010,2017,True,True,retained,True,True,retained
1,10397,14100,broad_fare_bounds,2010,2017,True,True,retained,True,True,retained
1,10397,14107,broad_fare_bounds,2010,2017,True,True,retained,True,True,retained
1,10397,14635,broad_fare_bounds,2010,2017,True,True,retained,True,True,retained
1,10397,14679,broad_fare_bounds,2010,2017,True,True,retained,True,True,retained
1,10397,14747,broad_fare_bounds,2010,2017,True,True,retained,True,True,retained
1,10397,14771,broad_fare_bounds,2010,2017,True,True,retained,True,True,retained
1,10397,14869,broad_fare_bounds,2010,2017,True,True,retained,True,True,retained
1,10397,15016,broad_fare_bounds,2010,2017,True,True,retained,True,True,retained
1,10397,15304,broad_fare_bounds,2010,2017,True,True,retained,True,True,retained
1,10721,10397,broad_fare_bounds,2010,2017,True,True,retained,True,True,retained
1,10721,10821,broad_fare_bounds,2010,2017,True,True,retained,True,True,retained
1,10721,11278,broad_fare_bounds,2010,2017,True,True,retained,True,True,retained
1,10721,11292,broad_fare_bounds,2010,2017,True,True,retained,True,True,retained
1,10721,11298,broad_fare_bounds,2010,2017,True,True,retained,True,True,retained
1,10721,11433,broad_fare_bounds,2010,2017,True,True,retained,True,True,retained
1,10721,11618,broad_fare_bounds,2010,2017,True,True,retained,True,True,retained
1,10721,11697,broad_fare_bounds,2010,2017,True,True,retained,True,True,retained
1,10721,12266,broad_fare_bounds,2010,2017,True,True,retained,True,True,retained
1,10721,12478,broad_fare_bounds,2010,2017,True,True,retained,True,True,retained
1,10721,12889,broad_fare_bounds,2010,2017,True,True,retained,True,True,retained
1,10721,12892,broad_fare_bounds,2010,2017,True,True,retained,True,True,retained
1,10721,12953,broad_fare_bounds,2010,2017,True,True,retained,True,True,retained
1,10721,13204,broad_fare_bounds,2010,2017,True,True,retained,True,True,retained
1,10721,13232,broad_fare_bounds,2010,2017,True,True,retained,True,True,retained
1,10721,13303,broad_fare_bounds,2010,2017,True,True,retained,True,True,retained
1,10721,13487,broad_fare_bounds,2010,2017,True,True,retained,True,True,retained
1,10721,13796,broad_fare_bounds,2010,2017,True,True,retained,True,False,exited
1,10721,13930,broad_fare_bounds,2010,2017,True,True,retained,True,True,retained
1,10721,14100,broad_fare_bounds,2010,2017,True,True,retained,True,True,retained
1,10721,14107,broad_fare_bounds,2010,2017,True,True,retained,True,True,retained
1,10721,14635,broad_fare_bounds,2010,2017,True,True,retained,True,True,retained
1,10721,14679,broad_fare_bounds,2010,2017,True,True,retained,True,True,retained
1,10721,14747,broad_fare_bounds,2010,2017,True,True,retained,True,True,retained
1,10721,14771,broad_fare_bounds,2010,2017,True,True,retained,True,True,retained
1,10721,14869,broad_fare_bounds,2010,2017,True,True,retained,True,True,retained
1,10721,15016,broad_fare_bounds,2010,2017,True,True,retained,True,True,retained
1,10721,15304,broad_fare_bounds,2010,2017,True,True,retained,True,True,retained
1,10821,10397,broad_fare_bounds,2010,2017,True,True,retained,True,True,retained
1,10821,10721,broad_fare_bounds,2010,2017,True,True,retained,True,True,retained
1,10821,11278,broad_fare_bounds,2010,2017,True,False,exited,False,False,absent
1,10821,11292,broad_fare_bounds,2010,2017,True,True,retained,True,True,retained
1,10821,11298,broad_fare_bounds,2010,2017,True,True,retained,True,True,retained
1,10821,11433,broad_fare_bounds,2010,2017,True,True,retained,True,True,retained
1,10821,11618,broad_fare_bounds,2010,2017,True,True,retained,True,True,retained
1,10821,11697,broad_fare_bounds,2010,2017,True,True,retained,True,True,retained
1,10821,12266,broad_fare_bounds,2010,2017,True,True,retained,True,True,retained
1,10821,12478,broad_fare_bounds,2010,2017,True,True,retained,True,False,exited
1,10821,12889,broad_fare_bounds,2010,2017,True,True,retained,True,True,retained
1,10821,12892,broad_fare_bounds,2010,2017,True,True,retained,True,True,retained
1,10821,12953,broad_fare_bounds,2010,2017,True,False,exited,True,False,exited
1,10821,13204,broad_fare_bounds,2010,2017,True,True,retained,True,True,retained
1,10821,13232,broad_fare_bounds,2010,2017,True,True,retained,True,True,retained
1,10821,13303,broad_fare_bounds,2010,2017,True,True,retained,True,True,retained
1,10821,13487,broad_fare_bounds,2010,2017,True,True,retained,True,True,retained
1,10821,13796,broad_fare_bounds,2010,2017,True,True,retained,False,True,entered
1,10821,13930,broad_fare_bounds,2010,2017,True,True,retained,True,True,retained
1,10821,14100,broad_fare_bounds,2010,2017,True,True,retained,True,False,exited
1,10821,14107,broad_fare_bounds,2010,2017,True,True,retained,True,True,retained
1,10821,14635,broad_fare_bounds,2010,2017,True,True,retained,True,True,retained
1,10821,14679,broad_fare_bounds,2010,2017,True,True,retained,True,True,retained
1,10821,14747,broad_fare_bounds,2010,2017,True,True,retained,False,True,entered
1,10821,14771,broad_fare_bounds,2010,2017,True,True,retained,True,True,retained
1,10821,14869,broad_fare_bounds,2010,2017,True,True,retained,True,True,retained
1,10821,15016,broad_fare_bounds,2010,2017,True,True,retained,True,True,retained
1,10821,15304,broad_fare_bounds,2010,2017,True,True,retained,True,True,retained
1,11278,10397,broad_fare_bounds,2010,2017,True,True,retained,True,True,retained
1,11278,10721,broad_fare_bounds,2010,2017,True,True,retained,True,True,retained
1,11278,11292,broad_fare_bounds,2010,2017,True,True,retained,True,True,retained
1,11278,11298,broad_fare_bounds,2010,2017,True,True,retained,True,True,retained
1,11278,11433,broad_fare_bounds,2010,2017,True,True,retained,True,True,retained
1,11278,11618,broad_fare_bounds,2010,2017,True,True,retained,True,True,retained
1,11278,11697,broad_fare_bounds,2010,2017,True,True,retained,True,True,retained
1,11278,12266,broad_fare_bounds,2010,2017,True,True,retained,True,True,retained
1,11278,12478,broad_fare_bounds,2010,2017,True,True,retained,True,True,retained
1,11278,12889,broad_fare_bounds,2010,2017,True,True,retained,True,True,retained
1,11278,12892,broad_fare_bounds,2010,2017,True,True,retained,True,True,retained
1,11278,12953,broad_fare_bounds,2010,2017,True,True,retained,True,True,retained
1,11278,13204,broad_fare_bounds,2010,2017,True,True,retained,True,True,retained
1,11278,13232,broad_fare_bounds,2010,2017,True,True,retained,False,True,entered
1,11278,13303,broad_fare_bounds,2010,2017,True,True,retained,True,True,retained
1,11278,13487,broad_fare_bounds,2010,2017,True,True,retained,True,True,retained
1,11278,13796,broad_fare_bounds,2010,2017,False,True,entered,False,False,absent
1,11278,13930,broad_fare_bounds,2010,2017,True,True,retained,True,True,retained
1,11278,14100,broad_fare_bounds,2010,2017,True,True,retained,True,True,retained
1,11278,14107,broad_fare_bounds,2010,2017,True,True,retained,True,True,retained
1,11278,14635,broad_fare_bounds,2010,2017,True,True,retained,True,True,retained
1,11278,14679,broad_fare_bounds,2010,2017,False,True,entered,False,False,absent
1,11278,14747,broad_fare_bounds,2010,2017,True,True,retained,True,True,retained
1,11278,14771,broad_fare_bounds,2010,2017,True,True,retained,False,True,entered
1,11278,14869,broad_fare_bounds,2010,2017,True,True,retained,True,True,retained
1,11278,15016,broad_fare_bounds,2010,2017,True,True,retained,True,True,retained
1,11278,15304,broad_fare_bounds,2010,2017,True,True,retained,True,True,retained
1,11292,10397,broad_fare_bounds,2010,2017,True,True,retained,True,True,retained
1,11292,10721,broad_fare_bounds,2010,2017,True,True,retained,True,True,retained
1,11292,10821,broad_fare_bounds,2010,2017,True,True,retained,True,True,retained
1,11292,11278,broad_fare_bounds,2010,2017,True,True,retained,True,True,retained
1,11292,11298,broad_fare_bounds,2010,2017,True,True,retained,True,True,retained
1,11292,11433,broad_fare_bounds,2010,2017,True,True,retained,True,True,retained
1,11292,11618,broad_fare_bounds,2010,2017,True,True,retained,True,True,retained
1,11292,11697,broad_fare_bounds,2010,2017,True,True,retained,True,True,retained
1,11292,12173,broad_fare_bounds,2010,2017,True,True,retained,True,True,retained
1,11292,12266,broad_fare_bounds,2010,2017,True,True,retained,True,True,retained
1,11292,12478,broad_fare_bounds,2010,2017,True,True,retained,True,True,retained
1,11292,12889,broad_fare_bounds,2010,2017,True,True,retained,True,True,retained
1,11292,12892,broad_fare_bounds,2010,2017,True,True,retained,True,True,retained
1,11292,12953,broad_fare_bounds,2010,2017,True,True,retained,True,True,retained
1,11292,13204,broad_fare_bounds,2010,2017,True,True,retained,True,True,retained
1,11292,13232,broad_fare_bounds,2010,2017,True,True,retained,True,True,retained
1,11292,13303,broad_fare_bounds,2010,2017,True,True,retained,True,True,retained
1,11292,13487,broad_fare_bounds,2010,2017,True,True,retained,True,True,retained
1,11292,13796,broad_fare_bounds,2010,2017,True,True,retained,True,True,retained
1,11292,13930,broad_fare_bounds,2010,2017,True,True,retained,True,True,retained
1,11292,14100,broad_fare_bounds,2010,2017,True,True,retained,True,True,retained
1,11292,14107,broad_fare_bounds,2010,2017,True,True,retained,True,True,retained
1,11292,14635,broad_fare_bounds,2010,2017,True,True,retained,True,True,retained
1,11292,14679,broad_fare_bounds,2010,2017,True,True,retained,True,True,retained
1,11292,14747,broad_fare_bounds,2010,2017,True,True,retained,True,True,retained
1,11292,14771,broad_fare_bounds,2010,2017,True,True,retained,True,True,retained
1,11292,14869,broad_fare_bounds,2010,2017,True,True,retained,True,True,retained
1,11292,15016,broad_fare_bounds,2010,2017,True,True,retained,True,True,retained
1,11292,15304,broad_fare_bounds,2010,2017,True,True,retained,True,True,retained
1,11298,10397,broad_fare_bounds,2010,2017,True,True,retained,True,True,retained
1,11298,10721,broad_fare_bounds,2010,2017,True,True,retained,True,True,retained
1,11298,10821,broad_fare_bounds,2010,2017,True,True,retained,True,True,retained
1,11298,11278,broad_fare_bounds,2010,2017,True,True,retained,True,True,retained
1,11298,11292,broad_fare_bounds,2010,2017,True,True,retained,True,True,retained
1,11298,11433,broad_fare_bounds,2010,2017,True,True,retained,True,True,retained
1,11298,11618,broad_fare_bounds,2010,2017,True,True,retained,True,True,retained
1,11298,11697,broad_fare_bounds,2010,2017,True,True,retained,True,True,retained
1,11298,12173,broad_fare_bounds,2010,2017,True,True,retained,True,True,retained
1,11298,12266,broad_fare_bounds,2010,2017,True,True,retained,True,True,retained
1,11298,12478,broad_fare_bounds,2010,2017,True,True,retained,True,True,retained
1,11298,12889,broad_fare_bounds,2010,2017,True,True,retained,True,True,retained
1,11298,12892,broad_fare_bounds,2010,2017,True,True,retained,True,True,retained
1,11298,12953,broad_fare_bounds,2010,2017,True,True,retained,True,True,retained
1,11298,13204,broad_fare_bounds,2010,2017,True,True,retained,True,True,retained
1,11298,13303,broad_fare_bounds,2010,2017,True,True,retained,True,True,retained
1,11298,13487,broad_fare_bounds,2010,2017,True,True,retained,True,True,retained
1,11298,13796,broad_fare_bounds,2010,2017,True,False,exited,False,False,absent
1,11298,13930,broad_fare_bounds,2010,2017,True,True,retained,True,True,retained
1,11298,14100,broad_fare_bounds,2010,2017,True,True,retained,True,True,retained
1,11298,14107,broad_fare_bounds,2010,2017,True,True,retained,True,True,retained
1,11298,14635,broad_fare_bounds,2010,2017,True,True,retained,True,True,retained
1,11298,14679,broad_fare_bounds,2010,2017,True,True,retained,True,True,retained
1,11298,14747,broad_fare_bounds,2010,2017,True,True,retained,True,True,retained
1,11298,14771,broad_fare_bounds,2010,2017,True,True,retained,True,True,retained
1,11298,14869,broad_fare_bounds,2010,2017,True,True,retained,True,True,retained
1,11298,15016,broad_fare_bounds,2010,2017,True,True,retained,True,True,retained
1,11298,15304,broad_fare_bounds,2010,2017,True,True,retained,True,True,retained
1,11433,10397,broad_fare_bounds,2010,2017,True,True,retained,True,True,retained
1,11433,10721,broad_fare_bounds,2010,2017,True,True,retained,True,True,retained
1,11433,10821,broad_fare_bounds,2010,2017,True,True,retained,True,True,retained
1,11433,11278,broad_fare_bounds,2010,2017,True,True,retained,True,True,retained
1,11433,11292,broad_fare_bounds,2010,2017,True,True,retained,True,True,retained
1,11433,11298,broad_fare_bounds,2010,2017,True,True,retained,True,True,retained
1,11433,11618,broad_fare_bounds,2010,2017,True,True,retained,True,True,retained
1,11433,11697,broad_fare_bounds,2010,2017,True,True,retained,True,True,retained
1,11433,12173,broad_fare_bounds,2010,2017,False,True,entered,False,False,absent
1,11433,12266,broad_fare_bounds,2010,2017,True,True,retained,True,True,retained
1,11433,12478,broad_fare_bounds,2010,2017,True,True,retained,True,True,retained
1,11433,12889,broad_fare_bounds,2010,2017,True,True,retained,True,True,retained
1,11433,12892,broad_fare_bounds,2010,2017,True,True,retained,True,True,retained
1,11433,12953,broad_fare_bounds,2010,2017,True,True,retained,True,True,retained
1,11433,13204,broad_fare_bounds,2010,2017,True,True,retained,True,True,retained
1,11433,13232,broad_fare_bounds,2010,2017,True,True,retained,True,True,retained
1,11433,13303,broad_fare_bounds,2010,2017,True,True,retained,True,True,retained
1,11433,13487,broad_fare_bounds,2010,2017,True,True,retained,True,True,retained
1,11433,13796,broad_fare_bounds,2010,2017,False,True,entered,False,False,absent
1,11433,13930,broad_fare_bounds,2010,2017,True,True,retained,True,True,retained
1,11433,14100,broad_fare_bounds,2010,2017,True,True,retained,True,True,retained
1,11433,14107,broad_fare_bounds,2010,2017,True,True,retained,True,True,retained
1,11433,14635,broad_fare_bounds,2010,2017,True,True,retained,True,True,retained
1,11433,14679,broad_fare_bounds,2010,2017,True,True,retained,True,True,retained
1,11433,14747,broad_fare_bounds,2010,2017,True,True,retained,True,True,retained
1,11433,14771,broad_fare_bounds,2010,2017,True,True,retained,True,True,retained
1,11433,14869,broad_fare_bounds,2010,2017,True,True,retained,True,True,retained
1,11433,15016,broad_fare_bounds,2010,2017,True,True,retained,True,True,retained
1,11433,15304,broad_fare_bounds,2010,2017,True,True,retained,True,True,retained
1,11618,10397,broad_fare_bounds,2010,2017,True,True,retained,True,True,retained
1,11618,10721,broad_fare_bounds,2010,2017,True,True,retained,True,True,retained
1,11618,10821,broad_fare_bounds,2010,2017,True,True,retained,True,True,retained
1,11618,11278,broad_fare_bounds,2010,2017,True,True,retained,True,True,retained
1,11618,11292,broad_fare_bounds,2010,2017,True,True,retained,True,True,retained
1,11618,11298,broad_fare_bounds,2010,2017,True,True,retained,True,True,retained
1,11618,11433,broad_fare_bounds,2010,2017,True,True,retained,True,True,retained
1,11618,11697,broad_fare_bounds,2010,2017,True,True,retained,True,True,retained
1,11618,12173,broad_fare_bounds,2010,2017,True,True,retained,True,True,retained
1,11618,12266,broad_fare_bounds,2010,2017,True,True,retained,True,True,retained
1,11618,12889,broad_fare_bounds,2010,2017,True,True,retained,True,True,retained
1,11618,12892,broad_fare_bounds,2010,2017,True,True,retained,True,True,retained
1,11618,13204,broad_fare_bounds,2010,2017,True,True,retained,True,True,retained
1,11618,13232,broad_fare_bounds,2010,2017,False,True,entered,False,True,entered
1,11618,13303,broad_fare_bounds,2010,2017,True,True,retained,True,True,retained
1,11618,13487,broad_fare_bounds,2010,2017,True,True,retained,True,True,retained
1,11618,13930,broad_fare_bounds,2010,2017,True,True,retained,True,True,retained
1,11618,14100,broad_fare_bounds,2010,2017,True,True,retained,True,False,exited
1,11618,14107,broad_fare_bounds,2010,2017,True,True,retained,True,True,retained
1,11618,14635,broad_fare_bounds,2010,2017,True,True,retained,True,True,retained
1,11618,14679,broad_fare_bounds,2010,2017,True,True,retained,True,True,retained
1,11618,14747,broad_fare_bounds,2010,2017,True,True,retained,True,True,retained
1,11618,14771,broad_fare_bounds,2010,2017,True,True,retained,True,True,retained
1,11618,14869,broad_fare_bounds,2010,2017,True,True,retained,True,True,retained
1,11618,15016,broad_fare_bounds,2010,2017,True,True,retained,True,True,retained
1,11618,15304,broad_fare_bounds,2010,2017,True,True,retained,True,True,retained
1,11697,10397,broad_fare_bounds,2010,2017,True,True,retained,True,True,retained
1,11697,10721,broad_fare_bounds,2010,2017,True,True,retained,True,True,retained
1,11697,10821,broad_fare_bounds,2010,2017,True,True,retained,True,True,retained
1,11697,11278,broad_fare_bounds,2010,2017,True,True,retained,True,True,retained
1,11697,11292,broad_fare_bounds,2010,2017,True,True,retained,True,True,retained
1,11697,11298,broad_fare_bounds,2010,2017,True,True,retained,True,True,retained
1,11697,11433,broad_fare_bounds,2010,2017,True,True,retained,True,True,retained
1,11697,11618,broad_fare_bounds,2010,2017,True,True,retained,True,True,retained
1,11697,12266,broad_fare_bounds,2010,2017,True,True,retained,True,True,retained
1,11697,12478,broad_fare_bounds,2010,2017,True,True,retained,True,True,retained
1,11697,12889,broad_fare_bounds,2010,2017,True,True,retained,True,True,retained
1,11697,12892,broad_fare_bounds,2010,2017,True,True,retained,True,True,retained
1,11697,12953,broad_fare_bounds,2010,2017,True,True,retained,True,True,retained
1,11697,13204,broad_fare_bounds,2010,2017,True,True,retained,True,True,retained
1,11697,13232,broad_fare_bounds,2010,2017,True,True,retained,True,True,retained
1,11697,13487,broad_fare_bounds,2010,2017,True,True,retained,True,True,retained
1,11697,13796,broad_fare_bounds,2010,2017,True,True,retained,False,False,absent
1,11697,13930,broad_fare_bounds,2010,2017,True,True,retained,True,True,retained
1,11697,14100,broad_fare_bounds,2010,2017,True,True,retained,True,True,retained
1,11697,14107,broad_fare_bounds,2010,2017,True,True,retained,True,True,retained
1,11697,14679,broad_fare_bounds,2010,2017,True,True,retained,False,True,entered
1,11697,14747,broad_fare_bounds,2010,2017,True,True,retained,False,True,entered
1,11697,14771,broad_fare_bounds,2010,2017,True,True,retained,True,True,retained
1,11697,14869,broad_fare_bounds,2010,2017,True,True,retained,True,False,exited
1,11697,15016,broad_fare_bounds,2010,2017,True,True,retained,True,True,retained
1,11697,15304,broad_fare_bounds,2010,2017,True,True,retained,True,True,retained
1,12173,10397,broad_fare_bounds,2010,2017,True,True,retained,True,True,retained
1,12173,10721,broad_fare_bounds,2010,2017,False,True,entered,False,False,absent
1,12173,11292,broad_fare_bounds,2010,2017,True,True,retained,True,True,retained
1,12173,11298,broad_fare_bounds,2010,2017,True,True,retained,True,True,retained
1,12173,11433,broad_fare_bounds,2010,2017,True,True,retained,False,False,absent
1,12173,11618,broad_fare_bounds,2010,2017,True,True,retained,True,True,retained
1,12173,12266,broad_fare_bounds,2010,2017,True,True,retained,True,True,retained
1,12173,12478,broad_fare_bounds,2010,2017,True,True,retained,False,True,entered
1,12173,12889,broad_fare_bounds,2010,2017,True,True,retained,True,True,retained
1,12173,12892,broad_fare_bounds,2010,2017,True,True,retained,True,True,retained
1,12173,13487,broad_fare_bounds,2010,2017,True,True,retained,True,True,retained
1,12173,13796,broad_fare_bounds,2010,2017,True,True,retained,True,True,retained
1,12173,13930,broad_fare_bounds,2010,2017,True,True,retained,True,True,retained
1,12173,14107,broad_fare_bounds,2010,2017,True,True,retained,True,True,retained
1,12173,14679,broad_fare_bounds,2010,2017,True,True,retained,True,True,retained
1,12173,14747,broad_fare_bounds,2010,2017,True,True,retained,True,True,retained
1,12173,14771,broad_fare_bounds,2010,2017,True,True,retained,True,True,retained
1,12173,14869,broad_fare_bounds,2010,2017,True,True,retained,True,True,retained
1,12266,10397,broad_fare_bounds,2010,2017,True,True,retained,True,True,retained
1,12266,10721,broad_fare_bounds,2010,2017,True,True,retained,True,True,retained
1,12266,10821,broad_fare_bounds,2010,2017,True,True,retained,True,True,retained
1,12266,11278,broad_fare_bounds,2010,2017,True,True,retained,True,True,retained
1,12266,11292,broad_fare_bounds,2010,2017,True,True,retained,True,True,retained
1,12266,11298,broad_fare_bounds,2010,2017,True,True,retained,True,True,retained
1,12266,11433,broad_fare_bounds,2010,2017,True,True,retained,True,True,retained
1,12266,11618,broad_fare_bounds,2010,2017,True,True,retained,True,True,retained
1,12266,11697,broad_fare_bounds,2010,2017,True,True,retained,True,True,retained
1,12266,12173,broad_fare_bounds,2010,2017,True,True,retained,True,True,retained
1,12266,12478,broad_fare_bounds,2010,2017,True,True,retained,True,False,exited
1,12266,12889,broad_fare_bounds,2010,2017,True,True,retained,True,True,retained
1,12266,12892,broad_fare_bounds,2010,2017,True,True,retained,True,True,retained
1,12266,12953,broad_fare_bounds,2010,2017,True,True,retained,True,True,retained
1,12266,13204,broad_fare_bounds,2010,2017,True,True,retained,True,True,retained
1,12266,13303,broad_fare_bounds,2010,2017,True,True,retained,True,True,retained
1,12266,13487,broad_fare_bounds,2010,2017,True,True,retained,True,True,retained
1,12266,13930,broad_fare_bounds,2010,2017,True,True,retained,True,True,retained
1,12266,14100,broad_fare_bounds,2010,2017,True,True,retained,True,True,retained
1,12266,14107,broad_fare_bounds,2010,2017,True,True,retained,True,True,retained
1,12266,14635,broad_fare_bounds,2010,2017,True,True,retained,True,True,retained
1,12266,14679,broad_fare_bounds,2010,2017,True,True,retained,True,True,retained
1,12266,14747,broad_fare_bounds,2010,2017,True,True,retained,True,True,retained
1,12266,14771,broad_fare_bounds,2010,2017,True,True,retained,True,True,retained
1,12266,14869,broad_fare_bounds,2010,2017,True,True,retained,True,True,retained
1,12266,15016,broad_fare_bounds,2010,2017,True,True,retained,True,True,retained
1,12266,15304,broad_fare_bounds,2010,2017,True,True,retained,True,True,retained
1,12478,10397,broad_fare_bounds,2010,2017,True,True,retained,True,True,retained
1,12478,10721,broad_fare_bounds,2010,2017,True,True,retained,True,True,retained
1,12478,10821,broad_fare_bounds,2010,2017,True,True,retained,True,False,exited
1,12478,11278,broad_fare_bounds,2010,2017,True,True,retained,True,True,retained
1,12478,11292,broad_fare_bounds,2010,2017,True,True,retained,True,True,retained
1,12478,11298,broad_fare_bounds,2010,2017,True,True,retained,True,True,retained
1,12478,11433,broad_fare_bounds,2010,2017,True,True,retained,True,True,retained
1,12478,11697,broad_fare_bounds,2010,2017,True,True,retained,True,True,retained
1,12478,12173,broad_fare_bounds,2010,2017,False,True,entered,False,True,entered
1,12478,12266,broad_fare_bounds,2010,2017,True,False,exited,True,False,exited
1,12478,12889,broad_fare_bounds,2010,2017,True,True,retained,True,True,retained
1,12478,12892,broad_fare_bounds,2010,2017,True,True,retained,True,True,retained
1,12478,13204,broad_fare_bounds,2010,2017,True,True,retained,True,True,retained
1,12478,13303,broad_fare_bounds,2010,2017,True,True,retained,True,True,retained
1,12478,13487,broad_fare_bounds,2010,2017,True,True,retained,True,True,retained
1,12478,13796,broad_fare_bounds,2010,2017,True,True,retained,True,True,retained
1,12478,13930,broad_fare_bounds,2010,2017,True,True,retained,True,True,retained
1,12478,14100,broad_fare_bounds,2010,2017,True,True,retained,True,False,exited
1,12478,14107,broad_fare_bounds,2010,2017,True,True,retained,True,True,retained
1,12478,14635,broad_fare_bounds,2010,2017,True,True,retained,True,True,retained
1,12478,14679,broad_fare_bounds,2010,2017,True,True,retained,True,True,retained
1,12478,14747,broad_fare_bounds,2010,2017,True,True,retained,True,True,retained
1,12478,14771,broad_fare_bounds,2010,2017,True,True,retained,True,True,retained
1,12478,14869,broad_fare_bounds,2010,2017,True,True,retained,True,True,retained
1,12478,15016,broad_fare_bounds,2010,2017,True,False,exited,True,False,exited
1,12478,15304,broad_fare_bounds,2010,2017,True,True,retained,True,True,retained
1,12889,10397,broad_fare_bounds,2010,2017,True,True,retained,True,True,retained
1,12889,10721,broad_fare_bounds,2010,2017,True,True,retained,True,True,retained
1,12889,10821,broad_fare_bounds,2010,2017,True,True,retained,True,True,retained
1,12889,11278,broad_fare_bounds,2010,2017,True,True,retained,True,True,retained
1,12889,11292,broad_fare_bounds,2010,2017,True,True,retained,True,True,retained
1,12889,11298,broad_fare_bounds,2010,2017,True,True,retained,True,True,retained
1,12889,11433,broad_fare_bounds,2010,2017,True,True,retained,True,True,retained
1,12889,11618,broad_fare_bounds,2010,2017,True,True,retained,True,True,retained
1,12889,11697,broad_fare_bounds,2010,2017,True,True,retained,True,True,retained
1,12889,12173,broad_fare_bounds,2010,2017,True,True,retained,True,True,retained
1,12889,12266,broad_fare_bounds,2010,2017,True,True,retained,True,True,retained
1,12889,12478,broad_fare_bounds,2010,2017,True,True,retained,True,True,retained
1,12889,12892,broad_fare_bounds,2010,2017,True,True,retained,True,True,retained
1,12889,12953,broad_fare_bounds,2010,2017,True,True,retained,False,False,absent
1,12889,13204,broad_fare_bounds,2010,2017,True,True,retained,True,True,retained
1,12889,13232,broad_fare_bounds,2010,2017,True,True,retained,True,True,retained
1,12889,13303,broad_fare_bounds,2010,2017,True,True,retained,True,True,retained
1,12889,13487,broad_fare_bounds,2010,2017,True,True,retained,True,True,retained
1,12889,13796,broad_fare_bounds,2010,2017,True,True,retained,True,True,retained
1,12889,13930,broad_fare_bounds,2010,2017,True,True,retained,True,True,retained
1,12889,14100,broad_fare_bounds,2010,2017,True,True,retained,True,True,retained
1,12889,14107,broad_fare_bounds,2010,2017,True,True,retained,True,True,retained
1,12889,14635,broad_fare_bounds,2010,2017,True,True,retained,False,False,absent
1,12889,14679,broad_fare_bounds,2010,2017,True,True,retained,True,True,retained
1,12889,14747,broad_fare_bounds,2010,2017,True,True,retained,True,True,retained
1,12889,14771,broad_fare_bounds,2010,2017,True,True,retained,True,True,retained
1,12889,14869,broad_fare_bounds,2010,2017,True,True,retained,True,True,retained
1,12889,15016,broad_fare_bounds,2010,2017,True,True,retained,True,True,retained
1,12889,15304,broad_fare_bounds,2010,2017,True,True,retained,True,True,retained
1,12892,10397,broad_fare_bounds,2010,2017,True,True,retained,True,True,retained
1,12892,10721,broad_fare_bounds,2010,2017,True,True,retained,True,True,retained
1,12892,10821,broad_fare_bounds,2010,2017,True,True,retained,True,True,retained
1,12892,11278,broad_fare_bounds,2010,2017,True,True,retained,True,True,retained
1,12892,11292,broad_fare_bounds,2010,2017,True,True,retained,True,True,retained
1,12892,11298,broad_fare_bounds,2010,2017,True,True,retained,True,True,retained
1,12892,11433,broad_fare_bounds,2010,2017,True,True,retained,True,True,retained
1,12892,11618,broad_fare_bounds,2010,2017,True,True,retained,True,True,retained
1,12892,11697,broad_fare_bounds,2010,2017,True,True,retained,True,True,retained
1,12892,12173,broad_fare_bounds,2010,2017,True,True,retained,True,True,retained
1,12892,12266,broad_fare_bounds,2010,2017,True,True,retained,True,True,retained
1,12892,12478,broad_fare_bounds,2010,2017,True,True,retained,True,True,retained
1,12892,12889,broad_fare_bounds,2010,2017,True,True,retained,True,True,retained
1,12892,12953,broad_fare_bounds,2010,2017,True,True,retained,False,False,absent
1,12892,13204,broad_fare_bounds,2010,2017,True,True,retained,True,True,retained
1,12892,13232,broad_fare_bounds,2010,2017,True,True,retained,True,True,retained
1,12892,13303,broad_fare_bounds,2010,2017,True,True,retained,True,True,retained
1,12892,13487,broad_fare_bounds,2010,2017,True,True,retained,True,True,retained
1,12892,13796,broad_fare_bounds,2010,2017,True,True,retained,True,True,retained
1,12892,13930,broad_fare_bounds,2010,2017,True,True,retained,True,True,retained
1,12892,14100,broad_fare_bounds,2010,2017,True,True,retained,True,True,retained
1,12892,14107,broad_fare_bounds,2010,2017,True,True,retained,True,True,retained
1,12892,14635,broad_fare_bounds,2010,2017,True,False,exited,False,False,absent
1,12892,14679,broad_fare_bounds,2010,2017,True,True,retained,True,True,retained
1,12892,14747,broad_fare_bounds,2010,2017,True,True,retained,True,True,retained
1,12892,14771,broad_fare_bounds,2010,2017,True,True,retained,True,True,retained
1,12892,14869,broad_fare_bounds,2010,2017,True,True,retained,True,True,retained
1,12892,15016,broad_fare_bounds,2010,2017,True,True,retained,True,True,retained
1,12892,15304,broad_fare_bounds,2010,2017,True,True,retained,True,True,retained
1,12953,10397,broad_fare_bounds,2010,2017,True,True,retained,True,True,retained
1,12953,10721,broad_fare_bounds,2010,2017,True,True,retained,True,True,retained
1,12953,10821,broad_fare_bounds,2010,2017,True,False,exited,True,False,exited
1,12953,11278,broad_fare_bounds,2010,2017,True,True,retained,True,True,retained
1,12953,11292,broad_fare_bounds,2010,2017,True,True,retained,True,True,retained
1,12953,11298,broad_fare_bounds,2010,2017,True,True,retained,True,True,retained
1,12953,11433,broad_fare_bounds,2010,2017,True,True,retained,True,True,retained
1,12953,11697,broad_fare_bounds,2010,2017,True,True,retained,True,True,retained
1,12953,12266,broad_fare_bounds,2010,2017,True,True,retained,True,True,retained
1,12953,12889,broad_fare_bounds,2010,2017,True,True,retained,False,False,absent
1,12953,12892,broad_fare_bounds,2010,2017,True,True,retained,False,False,absent
1,12953,13204,broad_fare_bounds,2010,2017,True,True,retained,True,True,retained
1,12953,13232,broad_fare_bounds,2010,2017,True,True,retained,True,True,retained
1,12953,13303,broad_fare_bounds,2010,2017,True,True,retained,True,True,retained
1,12953,13487,broad_fare_bounds,2010,2017,True,True,retained,True,True,retained
1,12953,13930,broad_fare_bounds,2010,2017,True,True,retained,True,True,retained
1,12953,14100,broad_fare_bounds,2010,2017,True,True,retained,True,True,retained
1,12953,14107,broad_fare_bounds,2010,2017,True,True,retained,False,False,absent
1,12953,14635,broad_fare_bounds,2010,2017,True,True,retained,True,True,retained
1,12953,14679,broad_fare_bounds,2010,2017,True,True,retained,False,False,absent
1,12953,14747,broad_fare_bounds,2010,2017,True,True,retained,False,False,absent
1,12953,14771,broad_fare_bounds,2010,2017,True,True,retained,False,False,absent
1,12953,14869,broad_fare_bounds,2010,2017,True,False,exited,True,False,exited
1,12953,15016,broad_fare_bounds,2010,2017,True,True,retained,True,True,retained
1,12953,15304,broad_fare_bounds,2010,2017,True,True,retained,True,True,retained
1,13204,10397,broad_fare_bounds,2010,2017,True,True,retained,True,True,retained
1,13204,10721,broad_fare_bounds,2010,2017,True,True,retained,True,True,retained
1,13204,10821,broad_fare_bounds,2010,2017,True,True,retained,True,True,retained
1,13204,11278,broad_fare_bounds,2010,2017,True,True,retained,True,True,retained
1,13204,11292,broad_fare_bounds,2010,2017,True,True,retained,True,True,retained
1,13204,11298,broad_fare_bounds,2010,2017,True,True,retained,True,True,retained
1,13204,11433,broad_fare_bounds,2010,2017,True,True,retained,True,True,retained
1,13204,11618,broad_fare_bounds,2010,2017,True,True,retained,True,True,retained
1,13204,11697,broad_fare_bounds,2010,2017,True,True,retained,True,True,retained
1,13204,12266,broad_fare_bounds,2010,2017,True,True,retained,True,True,retained
1,13204,12478,broad_fare_bounds,2010,2017,True,True,retained,True,True,retained
1,13204,12889,broad_fare_bounds,2010,2017,True,True,retained,True,True,retained
1,13204,12892,broad_fare_bounds,2010,2017,True,True,retained,True,True,retained
1,13204,12953,broad_fare_bounds,2010,2017,True,True,retained,True,True,retained
1,13204,13232,broad_fare_bounds,2010,2017,True,True,retained,True,True,retained
1,13204,13303,broad_fare_bounds,2010,2017,True,True,retained,True,True,retained
1,13204,13487,broad_fare_bounds,2010,2017,True,True,retained,True,True,retained
1,13204,13796,broad_fare_bounds,2010,2017,True,True,retained,False,False,absent
1,13204,13930,broad_fare_bounds,2010,2017,True,True,retained,True,True,retained
1,13204,14100,broad_fare_bounds,2010,2017,True,True,retained,True,True,retained
1,13204,14107,broad_fare_bounds,2010,2017,True,True,retained,True,True,retained
1,13204,14635,broad_fare_bounds,2010,2017,True,True,retained,True,False,exited
1,13204,14679,broad_fare_bounds,2010,2017,True,True,retained,False,True,entered
1,13204,14747,broad_fare_bounds,2010,2017,True,True,retained,True,True,retained
1,13204,14771,broad_fare_bounds,2010,2017,True,True,retained,True,True,retained
1,13204,14869,broad_fare_bounds,2010,2017,True,True,retained,True,True,retained
1,13204,15016,broad_fare_bounds,2010,2017,True,True,retained,True,True,retained
1,13232,10397,broad_fare_bounds,2010,2017,True,True,retained,True,True,retained
1,13232,10721,broad_fare_bounds,2010,2017,True,True,retained,True,True,retained
1,13232,10821,broad_fare_bounds,2010,2017,True,True,retained,True,True,retained
1,13232,11278,broad_fare_bounds,2010,2017,False,True,entered,False,True,entered
1,13232,11292,broad_fare_bounds,2010,2017,True,True,retained,True,True,retained
1,13232,11433,broad_fare_bounds,2010,2017,True,True,retained,True,True,retained
1,13232,11618,broad_fare_bounds,2010,2017,False,True,entered,False,True,entered
1,13232,11697,broad_fare_bounds,2010,2017,True,True,retained,True,True,retained
1,13232,12889,broad_fare_bounds,2010,2017,True,True,retained,True,True,retained
1,13232,12892,broad_fare_bounds,2010,2017,True,True,retained,True,True,retained
1,13232,12953,broad_fare_bounds,2010,2017,True,True,retained,True,True,retained
1,13232,13204,broad_fare_bounds,2010,2017,True,True,retained,True,True,retained
1,13232,13487,broad_fare_bounds,2010,2017,True,True,retained,True,True,retained
1,13232,13796,broad_fare_bounds,2010,2017,True,True,retained,True,True,retained
1,13232,14100,broad_fare_bounds,2010,2017,True,True,retained,True,True,retained
1,13232,14107,broad_fare_bounds,2010,2017,True,True,retained,True,True,retained
1,13232,14635,broad_fare_bounds,2010,2017,True,True,retained,True,True,retained
1,13232,14679,broad_fare_bounds,2010,2017,True,True,retained,True,True,retained
1,13232,14747,broad_fare_bounds,2010,2017,True,True,retained,True,True,retained
1,13232,14771,broad_fare_bounds,2010,2017,True,True,retained,True,True,retained
1,13232,14869,broad_fare_bounds,2010,2017,True,True,retained,True,True,retained
1,13232,15016,broad_fare_bounds,2010,2017,True,True,retained,True,True,retained
1,13232,15304,broad_fare_bounds,2010,2017,True,True,retained,True,True,retained
1,13303,10397,broad_fare_bounds,2010,2017,True,True,retained,True,True,retained
1,13303,10721,broad_fare_bounds,2010,2017,True,True,retained,True,True,retained
1,13303,10821,broad_fare_bounds,2010,2017,True,True,retained,True,True,retained
1,13303,11278,broad_fare_bounds,2010,2017,True,True,retained,True,True,retained
1,13303,11292,broad_fare_bounds,2010,2017,True,True,retained,True,True,retained
1,13303,11298,broad_fare_bounds,2010,2017,True,True,retained,True,True,retained
1,13303,11433,broad_fare_bounds,2010,2017,True,True,retained,True,True,retained
1,13303,11618,broad_fare_bounds,2010,2017,True,True,retained,True,True,retained
1,13303,12266,broad_fare_bounds,2010,2017,True,True,retained,True,True,retained
1,13303,12478,broad_fare_bounds,2010,2017,True,True,retained,True,True,retained
1,13303,12889,broad_fare_bounds,2010,2017,True,True,retained,True,True,retained
1,13303,12892,broad_fare_bounds,2010,2017,True,True,retained,True,True,retained
1,13303,12953,broad_fare_bounds,2010,2017,True,True,retained,True,True,retained
1,13303,13204,broad_fare_bounds,2010,2017,True,True,retained,True,True,retained
1,13303,13487,broad_fare_bounds,2010,2017,True,True,retained,True,True,retained
1,13303,13930,broad_fare_bounds,2010,2017,True,True,retained,True,True,retained
1,13303,14100,broad_fare_bounds,2010,2017,True,True,retained,True,True,retained
1,13303,14107,broad_fare_bounds,2010,2017,True,True,retained,True,True,retained
1,13303,14635,broad_fare_bounds,2010,2017,True,False,exited,False,False,absent
1,13303,14679,broad_fare_bounds,2010,2017,True,True,retained,False,True,entered
1,13303,14747,broad_fare_bounds,2010,2017,True,True,retained,True,True,retained
1,13303,14771,broad_fare_bounds,2010,2017,True,True,retained,True,True,retained
1,13303,14869,broad_fare_bounds,2010,2017,False,True,entered,False,True,entered
1,13303,15016,broad_fare_bounds,2010,2017,True,True,retained,True,True,retained
1,13303,15304,broad_fare_bounds,2010,2017,True,True,retained,True,True,retained
1,13487,10397,broad_fare_bounds,2010,2017,True,True,retained,True,True,retained
1,13487,10721,broad_fare_bounds,2010,2017,True,True,retained,True,True,retained
1,13487,10821,broad_fare_bounds,2010,2017,True,True,retained,True,True,retained
1,13487,11278,broad_fare_bounds,2010,2017,True,True,retained,True,True,retained
1,13487,11292,broad_fare_bounds,2010,2017,True,True,retained,True,True,retained
1,13487,11298,broad_fare_bounds,2010,2017,True,True,retained,True,True,retained
1,13487,11433,broad_fare_bounds,2010,2017,True,True,retained,True,True,retained
1,13487,11618,broad_fare_bounds,2010,2017,True,True,retained,True,True,retained
1,13487,11697,broad_fare_bounds,2010,2017,True,True,retained,True,True,retained
1,13487,12173,broad_fare_bounds,2010,2017,True,True,retained,True,True,retained
1,13487,12266,broad_fare_bounds,2010,2017,True,True,retained,True,True,retained
1,13487,12478,broad_fare_bounds,2010,2017,True,True,retained,True,True,retained
1,13487,12889,broad_fare_bounds,2010,2017,True,True,retained,True,True,retained
1,13487,12892,broad_fare_bounds,2010,2017,True,True,retained,True,True,retained
1,13487,12953,broad_fare_bounds,2010,2017,True,True,retained,True,True,retained
1,13487,13204,broad_fare_bounds,2010,2017,True,True,retained,True,True,retained
1,13487,13232,broad_fare_bounds,2010,2017,True,True,retained,True,True,retained
1,13487,13303,broad_fare_bounds,2010,2017,True,True,retained,True,True,retained
1,13487,13796,broad_fare_bounds,2010,2017,True,True,retained,False,False,absent
1,13487,13930,broad_fare_bounds,2010,2017,True,True,retained,True,True,retained
1,13487,14100,broad_fare_bounds,2010,2017,True,True,retained,True,True,retained
1,13487,14107,broad_fare_bounds,2010,2017,True,True,retained,True,True,retained
1,13487,14635,broad_fare_bounds,2010,2017,True,True,retained,True,True,retained
1,13487,14679,broad_fare_bounds,2010,2017,True,True,retained,True,True,retained
1,13487,14747,broad_fare_bounds,2010,2017,True,True,retained,True,True,retained
1,13487,14771,broad_fare_bounds,2010,2017,True,True,retained,True,True,retained
1,13487,14869,broad_fare_bounds,2010,2017,True,True,retained,True,True,retained
1,13487,15016,broad_fare_bounds,2010,2017,True,True,retained,True,True,retained
1,13487,15304,broad_fare_bounds,2010,2017,True,True,retained,True,True,retained
1,13796,10397,broad_fare_bounds,2010,2017,False,True,entered,False,True,entered
1,13796,10721,broad_fare_bounds,2010,2017,True,True,retained,True,False,exited
1,13796,10821,broad_fare_bounds,2010,2017,True,True,retained,False,True,entered
1,13796,11278,broad_fare_bounds,2010,2017,False,True,entered,False,False,absent
1,13796,11292,broad_fare_bounds,2010,2017,True,True,retained,True,True,retained
1,13796,11433,broad_fare_bounds,2010,2017,True,True,retained,False,False,absent
1,13796,11618,broad_fare_bounds,2010,2017,False,True,entered,False,False,absent
1,13796,11697,broad_fare_bounds,2010,2017,True,True,retained,False,True,entered
1,13796,12173,broad_fare_bounds,2010,2017,True,True,retained,True,True,retained
1,13796,12266,broad_fare_bounds,2010,2017,False,True,entered,False,False,absent
1,13796,12478,broad_fare_bounds,2010,2017,True,True,retained,True,True,retained
1,13796,12889,broad_fare_bounds,2010,2017,True,True,retained,True,True,retained
1,13796,12892,broad_fare_bounds,2010,2017,True,True,retained,True,True,retained
1,13796,13204,broad_fare_bounds,2010,2017,True,True,retained,False,False,absent
1,13796,13232,broad_fare_bounds,2010,2017,True,True,retained,True,True,retained
1,13796,13487,broad_fare_bounds,2010,2017,True,True,retained,False,False,absent
1,13796,13930,broad_fare_bounds,2010,2017,True,False,exited,False,False,absent
1,13796,14100,broad_fare_bounds,2010,2017,True,True,retained,False,False,absent
1,13796,14107,broad_fare_bounds,2010,2017,True,True,retained,True,True,retained
1,13796,14679,broad_fare_bounds,2010,2017,True,True,retained,True,True,retained
1,13796,14747,broad_fare_bounds,2010,2017,True,True,retained,True,True,retained
1,13796,14869,broad_fare_bounds,2010,2017,True,True,retained,True,True,retained
1,13796,15016,broad_fare_bounds,2010,2017,True,True,retained,False,True,entered
1,13796,15304,broad_fare_bounds,2010,2017,True,True,retained,False,False,absent
1,13930,10397,broad_fare_bounds,2010,2017,True,True,retained,True,True,retained
1,13930,10721,broad_fare_bounds,2010,2017,True,True,retained,True,True,retained
1,13930,10821,broad_fare_bounds,2010,2017,True,True,retained,True,True,retained
1,13930,11278,broad_fare_bounds,2010,2017,True,True,retained,True,True,retained
1,13930,11292,broad_fare_bounds,2010,2017,True,True,retained,True,True,retained
1,13930,11298,broad_fare_bounds,2010,2017,True,True,retained,True,True,retained
1,13930,11433,broad_fare_bounds,2010,2017,True,True,retained,True,True,retained
1,13930,11618,broad_fare_bounds,2010,2017,True,True,retained,True,True,retained
1,13930,11697,broad_fare_bounds,2010,2017,True,True,retained,True,True,retained
1,13930,12173,broad_fare_bounds,2010,2017,True,True,retained,True,True,retained
1,13930,12266,broad_fare_bounds,2010,2017,True,True,retained,True,True,retained
1,13930,12478,broad_fare_bounds,2010,2017,True,True,retained,True,True,retained
1,13930,12889,broad_fare_bounds,2010,2017,True,True,retained,True,True,retained
1,13930,12892,broad_fare_bounds,2010,2017,True,True,retained,True,True,retained
1,13930,12953,broad_fare_bounds,2010,2017,True,True,retained,True,True,retained
1,13930,13204,broad_fare_bounds,2010,2017,True,True,retained,True,True,retained
1,13930,13303,broad_fare_bounds,2010,2017,True,True,retained,True,True,retained
1,13930,13487,broad_fare_bounds,2010,2017,True,True,retained,True,True,retained
1,13930,14100,broad_fare_bounds,2010,2017,True,True,retained,True,True,retained
1,13930,14107,broad_fare_bounds,2010,2017,True,True,retained,True,True,retained
1,13930,14635,broad_fare_bounds,2010,2017,True,True,retained,True,True,retained
1,13930,14679,broad_fare_bounds,2010,2017,True,True,retained,True,True,retained
1,13930,14747,broad_fare_bounds,2010,2017,True,True,retained,True,True,retained
1,13930,14771,broad_fare_bounds,2010,2017,True,True,retained,True,True,retained
1,13930,14869,broad_fare_bounds,2010,2017,True,True,retained,True,True,retained
1,13930,15016,broad_fare_bounds,2010,2017,True,True,retained,True,True,retained
1,13930,15304,broad_fare_bounds,2010,2017,True,True,retained,True,True,retained
1,14100,10397,broad_fare_bounds,2010,2017,True,True,retained,True,True,retained
1,14100,10721,broad_fare_bounds,2010,2017,True,True,retained,True,True,retained
1,14100,10821,broad_fare_bounds,2010,2017,True,True,retained,True,False,exited
1,14100,11278,broad_fare_bounds,2010,2017,True,True,retained,True,True,retained
1,14100,11292,broad_fare_bounds,2010,2017,True,True,retained,True,True,retained
1,14100,11298,broad_fare_bounds,2010,2017,True,True,retained,True,True,retained
1,14100,11433,broad_fare_bounds,2010,2017,True,True,retained,True,True,retained
1,14100,11618,broad_fare_bounds,2010,2017,True,True,retained,True,False,exited
1,14100,11697,broad_fare_bounds,2010,2017,True,True,retained,True,True,retained
1,14100,12266,broad_fare_bounds,2010,2017,True,True,retained,True,True,retained
1,14100,12478,broad_fare_bounds,2010,2017,True,True,retained,True,False,exited
1,14100,12889,broad_fare_bounds,2010,2017,True,True,retained,True,True,retained
1,14100,12892,broad_fare_bounds,2010,2017,True,True,retained,True,True,retained
1,14100,12953,broad_fare_bounds,2010,2017,True,True,retained,True,True,retained
1,14100,13204,broad_fare_bounds,2010,2017,True,True,retained,True,True,retained
1,14100,13232,broad_fare_bounds,2010,2017,True,True,retained,True,True,retained
1,14100,13303,broad_fare_bounds,2010,2017,True,True,retained,True,True,retained
1,14100,13487,broad_fare_bounds,2010,2017,True,True,retained,True,True,retained
1,14100,13796,broad_fare_bounds,2010,2017,True,True,retained,False,False,absent
1,14100,13930,broad_fare_bounds,2010,2017,True,True,retained,True,True,retained
1,14100,14107,broad_fare_bounds,2010,2017,True,True,retained,True,True,retained
1,14100,14635,broad_fare_bounds,2010,2017,True,True,retained,True,True,retained
1,14100,14679,broad_fare_bounds,2010,2017,True,True,retained,True,True,retained
1,14100,14747,broad_fare_bounds,2010,2017,True,True,retained,True,True,retained
1,14100,14771,broad_fare_bounds,2010,2017,True,True,retained,True,True,retained
1,14100,14869,broad_fare_bounds,2010,2017,True,True,retained,True,True,retained
1,14100,15016,broad_fare_bounds,2010,2017,True,True,retained,True,True,retained
1,14100,15304,broad_fare_bounds,2010,2017,True,True,retained,True,True,retained
1,14107,10397,broad_fare_bounds,2010,2017,True,True,retained,True,True,retained
1,14107,10721,broad_fare_bounds,2010,2017,True,True,retained,True,True,retained
1,14107,10821,broad_fare_bounds,2010,2017,True,True,retained,True,True,retained
1,14107,11278,broad_fare_bounds,2010,2017,True,True,retained,True,True,retained
1,14107,11292,broad_fare_bounds,2010,2017,True,True,retained,True,True,retained
1,14107,11298,broad_fare_bounds,2010,2017,True,True,retained,True,True,retained
1,14107,11433,broad_fare_bounds,2010,2017,True,True,retained,True,True,retained
1,14107,11618,broad_fare_bounds,2010,2017,True,True,retained,True,True,retained
1,14107,11697,broad_fare_bounds,2010,2017,True,True,retained,True,True,retained
1,14107,12173,broad_fare_bounds,2010,2017,True,True,retained,True,True,retained
1,14107,12266,broad_fare_bounds,2010,2017,True,True,retained,True,True,retained
1,14107,12478,broad_fare_bounds,2010,2017,True,True,retained,True,True,retained
1,14107,12889,broad_fare_bounds,2010,2017,True,True,retained,True,True,retained
1,14107,12892,broad_fare_bounds,2010,2017,True,True,retained,True,True,retained
1,14107,12953,broad_fare_bounds,2010,2017,True,True,retained,False,False,absent
1,14107,13204,broad_fare_bounds,2010,2017,True,True,retained,True,True,retained
1,14107,13232,broad_fare_bounds,2010,2017,True,True,retained,True,True,retained
1,14107,13303,broad_fare_bounds,2010,2017,True,True,retained,True,True,retained
1,14107,13487,broad_fare_bounds,2010,2017,True,True,retained,True,True,retained
1,14107,13796,broad_fare_bounds,2010,2017,True,True,retained,True,True,retained
1,14107,13930,broad_fare_bounds,2010,2017,True,True,retained,True,True,retained
1,14107,14100,broad_fare_bounds,2010,2017,True,True,retained,True,True,retained
1,14107,14635,broad_fare_bounds,2010,2017,True,True,retained,False,False,absent
1,14107,14679,broad_fare_bounds,2010,2017,True,True,retained,True,True,retained
1,14107,14747,broad_fare_bounds,2010,2017,True,True,retained,True,True,retained
1,14107,14771,broad_fare_bounds,2010,2017,True,True,retained,True,True,retained
1,14107,14869,broad_fare_bounds,2010,2017,True,True,retained,True,True,retained
1,14107,15016,broad_fare_bounds,2010,2017,True,True,retained,True,True,retained
1,14107,15304,broad_fare_bounds,2010,2017,True,True,retained,True,True,retained
1,14635,10397,broad_fare_bounds,2010,2017,True,True,retained,True,True,retained
1,14635,10721,broad_fare_bounds,2010,2017,True,True,retained,True,True,retained
1,14635,10821,broad_fare_bounds,2010,2017,True,True,retained,True,True,retained
1,14635,11278,broad_fare_bounds,2010,2017,True,True,retained,True,True,retained
1,14635,11292,broad_fare_bounds,2010,2017,True,True,retained,True,True,retained
1,14635,11298,broad_fare_bounds,2010,2017,True,True,retained,True,True,retained
1,14635,11433,broad_fare_bounds,2010,2017,True,True,retained,True,True,retained
1,14635,11618,broad_fare_bounds,2010,2017,True,True,retained,True,True,retained
1,14635,12266,broad_fare_bounds,2010,2017,True,True,retained,True,True,retained
1,14635,12478,broad_fare_bounds,2010,2017,True,True,retained,True,True,retained
1,14635,12889,broad_fare_bounds,2010,2017,True,True,retained,False,False,absent
1,14635,12892,broad_fare_bounds,2010,2017,True,True,retained,False,False,absent
1,14635,12953,broad_fare_bounds,2010,2017,True,True,retained,True,True,retained
1,14635,13204,broad_fare_bounds,2010,2017,True,False,exited,True,False,exited
1,14635,13232,broad_fare_bounds,2010,2017,True,True,retained,True,True,retained
1,14635,13303,broad_fare_bounds,2010,2017,True,False,exited,False,False,absent
1,14635,13487,broad_fare_bounds,2010,2017,True,True,retained,True,True,retained
1,14635,13796,broad_fare_bounds,2010,2017,True,False,exited,False,False,absent
1,14635,13930,broad_fare_bounds,2010,2017,True,True,retained,True,True,retained
1,14635,14100,broad_fare_bounds,2010,2017,True,True,retained,True,True,retained
1,14635,14107,broad_fare_bounds,2010,2017,True,True,retained,False,False,absent
1,14635,14679,broad_fare_bounds,2010,2017,False,True,entered,False,False,absent
1,14635,14747,broad_fare_bounds,2010,2017,True,True,retained,False,False,absent
1,14635,14771,broad_fare_bounds,2010,2017,True,True,retained,False,False,absent
1,14635,15016,broad_fare_bounds,2010,2017,True,True,retained,True,True,retained
1,14679,10397,broad_fare_bounds,2010,2017,True,True,retained,True,True,retained
1,14679,10721,broad_fare_bounds,2010,2017,True,True,retained,True,True,retained
1,14679,10821,broad_fare_bounds,2010,2017,True,True,retained,True,True,retained
1,14679,11278,broad_fare_bounds,2010,2017,True,True,retained,False,False,absent
1,14679,11292,broad_fare_bounds,2010,2017,True,True,retained,True,True,retained
1,14679,11298,broad_fare_bounds,2010,2017,True,True,retained,True,True,retained
1,14679,11433,broad_fare_bounds,2010,2017,True,True,retained,True,True,retained
1,14679,11618,broad_fare_bounds,2010,2017,True,True,retained,True,True,retained
1,14679,11697,broad_fare_bounds,2010,2017,True,True,retained,False,True,entered
1,14679,12173,broad_fare_bounds,2010,2017,True,True,retained,True,True,retained
1,14679,12266,broad_fare_bounds,2010,2017,True,True,retained,True,True,retained
1,14679,12478,broad_fare_bounds,2010,2017,True,True,retained,True,True,retained
1,14679,12889,broad_fare_bounds,2010,2017,True,True,retained,True,True,retained
1,14679,12892,broad_fare_bounds,2010,2017,True,True,retained,True,True,retained
1,14679,12953,broad_fare_bounds,2010,2017,True,True,retained,False,False,absent
1,14679,13204,broad_fare_bounds,2010,2017,True,True,retained,False,True,entered
1,14679,13232,broad_fare_bounds,2010,2017,True,True,retained,True,True,retained
1,14679,13303,broad_fare_bounds,2010,2017,True,True,retained,False,True,entered
1,14679,13487,broad_fare_bounds,2010,2017,True,True,retained,True,True,retained
1,14679,13796,broad_fare_bounds,2010,2017,True,True,retained,True,True,retained
1,14679,13930,broad_fare_bounds,2010,2017,True,True,retained,True,True,retained
1,14679,14100,broad_fare_bounds,2010,2017,True,True,retained,True,True,retained
1,14679,14107,broad_fare_bounds,2010,2017,True,True,retained,True,True,retained
1,14679,14635,broad_fare_bounds,2010,2017,True,True,retained,False,False,absent
1,14679,14747,broad_fare_bounds,2010,2017,True,True,retained,True,True,retained
1,14679,14771,broad_fare_bounds,2010,2017,True,True,retained,True,True,retained
1,14679,14869,broad_fare_bounds,2010,2017,True,True,retained,True,True,retained
1,14679,15016,broad_fare_bounds,2010,2017,True,True,retained,False,True,entered
1,14679,15304,broad_fare_bounds,2010,2017,True,True,retained,False,False,absent
1,14747,10397,broad_fare_bounds,2010,2017,True,True,retained,True,True,retained
1,14747,10721,broad_fare_bounds,2010,2017,True,True,retained,True,True,retained
1,14747,10821,broad_fare_bounds,2010,2017,True,True,retained,False,True,entered
1,14747,11278,broad_fare_bounds,2010,2017,True,True,retained,True,True,retained
1,14747,11292,broad_fare_bounds,2010,2017,True,True,retained,True,True,retained
1,14747,11298,broad_fare_bounds,2010,2017,True,True,retained,True,True,retained
1,14747,11433,broad_fare_bounds,2010,2017,True,True,retained,True,True,retained
1,14747,11618,broad_fare_bounds,2010,2017,True,True,retained,True,True,retained
1,14747,11697,broad_fare_bounds,2010,2017,True,True,retained,False,True,entered
1,14747,12173,broad_fare_bounds,2010,2017,True,True,retained,True,True,retained
1,14747,12266,broad_fare_bounds,2010,2017,True,True,retained,True,True,retained
1,14747,12478,broad_fare_bounds,2010,2017,True,True,retained,True,True,retained
1,14747,12889,broad_fare_bounds,2010,2017,True,True,retained,True,True,retained
1,14747,12892,broad_fare_bounds,2010,2017,True,True,retained,True,True,retained
1,14747,13204,broad_fare_bounds,2010,2017,True,True,retained,True,True,retained
1,14747,13232,broad_fare_bounds,2010,2017,True,True,retained,True,True,retained
1,14747,13303,broad_fare_bounds,2010,2017,True,True,retained,True,True,retained
1,14747,13487,broad_fare_bounds,2010,2017,True,True,retained,True,True,retained
1,14747,13796,broad_fare_bounds,2010,2017,True,True,retained,True,True,retained
1,14747,13930,broad_fare_bounds,2010,2017,True,True,retained,True,True,retained
1,14747,14100,broad_fare_bounds,2010,2017,True,True,retained,True,True,retained
1,14747,14107,broad_fare_bounds,2010,2017,True,True,retained,True,True,retained
1,14747,14635,broad_fare_bounds,2010,2017,True,True,retained,False,False,absent
1,14747,14679,broad_fare_bounds,2010,2017,True,True,retained,True,True,retained
1,14747,14771,broad_fare_bounds,2010,2017,True,True,retained,True,True,retained
1,14747,14869,broad_fare_bounds,2010,2017,True,True,retained,True,True,retained
1,14747,15016,broad_fare_bounds,2010,2017,True,True,retained,True,True,retained
1,14747,15304,broad_fare_bounds,2010,2017,True,True,retained,False,True,entered
1,14771,10397,broad_fare_bounds,2010,2017,True,True,retained,True,True,retained
1,14771,10721,broad_fare_bounds,2010,2017,True,True,retained,True,True,retained
1,14771,10821,broad_fare_bounds,2010,2017,True,True,retained,True,True,retained
1,14771,11278,broad_fare_bounds,2010,2017,True,True,retained,False,True,entered
1,14771,11292,broad_fare_bounds,2010,2017,True,True,retained,True,True,retained
1,14771,11298,broad_fare_bounds,2010,2017,True,True,retained,True,True,retained
1,14771,11433,broad_fare_bounds,2010,2017,True,True,retained,True,True,retained
1,14771,11618,broad_fare_bounds,2010,2017,True,True,retained,True,True,retained
1,14771,11697,broad_fare_bounds,2010,2017,True,True,retained,True,True,retained
1,14771,12173,broad_fare_bounds,2010,2017,True,True,retained,True,True,retained
1,14771,12266,broad_fare_bounds,2010,2017,True,True,retained,True,True,retained
1,14771,12478,broad_fare_bounds,2010,2017,True,True,retained,True,True,retained
1,14771,12889,broad_fare_bounds,2010,2017,True,True,retained,True,True,retained
1,14771,12892,broad_fare_bounds,2010,2017,True,True,retained,True,True,retained
1,14771,12953,broad_fare_bounds,2010,2017,True,True,retained,False,False,absent
1,14771,13204,broad_fare_bounds,2010,2017,True,True,retained,True,True,retained
1,14771,13232,broad_fare_bounds,2010,2017,True,True,retained,True,True,retained
1,14771,13303,broad_fare_bounds,2010,2017,True,True,retained,True,True,retained
1,14771,13487,broad_fare_bounds,2010,2017,True,True,retained,True,True,retained
1,14771,13930,broad_fare_bounds,2010,2017,True,True,retained,True,True,retained
1,14771,14100,broad_fare_bounds,2010,2017,True,True,retained,True,True,retained
1,14771,14107,broad_fare_bounds,2010,2017,True,True,retained,True,True,retained
1,14771,14635,broad_fare_bounds,2010,2017,True,False,exited,False,False,absent
1,14771,14679,broad_fare_bounds,2010,2017,True,True,retained,True,True,retained
1,14771,14747,broad_fare_bounds,2010,2017,True,True,retained,True,True,retained
1,14771,14869,broad_fare_bounds,2010,2017,True,True,retained,True,True,retained
1,14771,15016,broad_fare_bounds,2010,2017,True,True,retained,True,True,retained
1,14771,15304,broad_fare_bounds,2010,2017,True,True,retained,False,True,entered
1,14869,10397,broad_fare_bounds,2010,2017,True,True,retained,True,True,retained
1,14869,10721,broad_fare_bounds,2010,2017,True,True,retained,True,True,retained
1,14869,10821,broad_fare_bounds,2010,2017,True,True,retained,True,True,retained
1,14869,11278,broad_fare_bounds,2010,2017,True,True,retained,True,True,retained
1,14869,11292,broad_fare_bounds,2010,2017,True,True,retained,True,True,retained
1,14869,11298,broad_fare_bounds,2010,2017,True,True,retained,True,True,retained
1,14869,11433,broad_fare_bounds,2010,2017,True,True,retained,True,True,retained
1,14869,11618,broad_fare_bounds,2010,2017,True,True,retained,True,True,retained
1,14869,11697,broad_fare_bounds,2010,2017,True,True,retained,True,False,exited
1,14869,12173,broad_fare_bounds,2010,2017,True,True,retained,True,True,retained
1,14869,12266,broad_fare_bounds,2010,2017,True,True,retained,True,True,retained
1,14869,12478,broad_fare_bounds,2010,2017,True,True,retained,True,True,retained
1,14869,12889,broad_fare_bounds,2010,2017,True,True,retained,True,True,retained
1,14869,12892,broad_fare_bounds,2010,2017,True,True,retained,True,True,retained
1,14869,12953,broad_fare_bounds,2010,2017,True,False,exited,True,False,exited
1,14869,13204,broad_fare_bounds,2010,2017,True,True,retained,True,True,retained
1,14869,13232,broad_fare_bounds,2010,2017,True,True,retained,True,True,retained
1,14869,13303,broad_fare_bounds,2010,2017,False,True,entered,False,True,entered
1,14869,13487,broad_fare_bounds,2010,2017,True,True,retained,True,True,retained
1,14869,13796,broad_fare_bounds,2010,2017,True,True,retained,True,True,retained
1,14869,13930,broad_fare_bounds,2010,2017,True,True,retained,True,True,retained
1,14869,14100,broad_fare_bounds,2010,2017,True,True,retained,True,True,retained
1,14869,14107,broad_fare_bounds,2010,2017,True,True,retained,True,True,retained
1,14869,14679,broad_fare_bounds,2010,2017,True,True,retained,True,True,retained
1,14869,14747,broad_fare_bounds,2010,2017,True,True,retained,True,True,retained
1,14869,14771,broad_fare_bounds,2010,2017,True,True,retained,True,True,retained
1,14869,15016,broad_fare_bounds,2010,2017,True,True,retained,True,True,retained
1,14869,15304,broad_fare_bounds,2010,2017,True,True,retained,True,False,exited
1,15016,10397,broad_fare_bounds,2010,2017,True,True,retained,True,True,retained
1,15016,10721,broad_fare_bounds,2010,2017,True,True,retained,True,True,retained
1,15016,10821,broad_fare_bounds,2010,2017,True,True,retained,True,True,retained
1,15016,11278,broad_fare_bounds,2010,2017,True,True,retained,True,True,retained
1,15016,11292,broad_fare_bounds,2010,2017,True,True,retained,True,True,retained
1,15016,11298,broad_fare_bounds,2010,2017,True,True,retained,True,True,retained
1,15016,11433,broad_fare_bounds,2010,2017,True,True,retained,True,True,retained
1,15016,11618,broad_fare_bounds,2010,2017,True,True,retained,True,True,retained
1,15016,11697,broad_fare_bounds,2010,2017,True,True,retained,True,True,retained
1,15016,12266,broad_fare_bounds,2010,2017,True,True,retained,True,True,retained
1,15016,12478,broad_fare_bounds,2010,2017,True,False,exited,True,False,exited
1,15016,12889,broad_fare_bounds,2010,2017,True,True,retained,True,True,retained
1,15016,12892,broad_fare_bounds,2010,2017,True,True,retained,True,True,retained
1,15016,12953,broad_fare_bounds,2010,2017,True,True,retained,True,True,retained
1,15016,13204,broad_fare_bounds,2010,2017,True,True,retained,True,True,retained
1,15016,13232,broad_fare_bounds,2010,2017,True,True,retained,True,True,retained
1,15016,13303,broad_fare_bounds,2010,2017,True,True,retained,True,True,retained
1,15016,13487,broad_fare_bounds,2010,2017,True,True,retained,True,True,retained
1,15016,13796,broad_fare_bounds,2010,2017,True,True,retained,False,True,entered
1,15016,13930,broad_fare_bounds,2010,2017,True,True,retained,True,True,retained
1,15016,14100,broad_fare_bounds,2010,2017,True,True,retained,True,True,retained
1,15016,14107,broad_fare_bounds,2010,2017,True,True,retained,True,True,retained
1,15016,14635,broad_fare_bounds,2010,2017,True,True,retained,True,True,retained
1,15016,14679,broad_fare_bounds,2010,2017,True,True,retained,False,True,entered
1,15016,14747,broad_fare_bounds,2010,2017,True,True,retained,True,True,retained
1,15016,14771,broad_fare_bounds,2010,2017,True,True,retained,True,True,retained
1,15016,14869,broad_fare_bounds,2010,2017,True,True,retained,True,True,retained
1,15016,15304,broad_fare_bounds,2010,2017,True,True,retained,True,True,retained
1,15304,10397,broad_fare_bounds,2010,2017,True,True,retained,True,True,retained
1,15304,10721,broad_fare_bounds,2010,2017,True,True,retained,True,True,retained
1,15304,10821,broad_fare_bounds,2010,2017,True,True,retained,True,True,retained
1,15304,11278,broad_fare_bounds,2010,2017,True,True,retained,True,True,retained
1,15304,11292,broad_fare_bounds,2010,2017,True,True,retained,True,True,retained
1,15304,11298,broad_fare_bounds,2010,2017,True,True,retained,True,True,retained
1,15304,11433,broad_fare_bounds,2010,2017,True,True,retained,True,True,retained
1,15304,11618,broad_fare_bounds,2010,2017,True,True,retained,True,True,retained
1,15304,11697,broad_fare_bounds,2010,2017,True,True,retained,True,True,retained
1,15304,12266,broad_fare_bounds,2010,2017,True,True,retained,True,True,retained
1,15304,12478,broad_fare_bounds,2010,2017,True,True,retained,True,True,retained
1,15304,12889,broad_fare_bounds,2010,2017,True,True,retained,True,True,retained
1,15304,12892,broad_fare_bounds,2010,2017,True,True,retained,True,True,retained
1,15304,12953,broad_fare_bounds,2010,2017,True,True,retained,True,True,retained
1,15304,13232,broad_fare_bounds,2010,2017,True,True,retained,True,True,retained
1,15304,13303,broad_fare_bounds,2010,2017,True,True,retained,True,True,retained
1,15304,13487,broad_fare_bounds,2010,2017,True,True,retained,True,True,retained
1,15304,13796,broad_fare_bounds,2010,2017,True,True,retained,False,False,absent
1,15304,13930,broad_fare_bounds,2010,2017,True,True,retained,True,True,retained
1,15304,14100,broad_fare_bounds,2010,2017,True,True,retained,True,True,retained
1,15304,14107,broad_fare_bounds,2010,2017,True,True,retained,True,True,retained
1,15304,14679,broad_fare_bounds,2010,2017,True,True,retained,False,False,absent
1,15304,14747,broad_fare_bounds,2010,2017,True,True,retained,False,True,entered
1,15304,14771,broad_fare_bounds,2010,2017,True,True,retained,False,True,entered
1,15304,14869,broad_fare_bounds,2010,2017,True,True,retained,True,False,exited
1,15304,15016,broad_fare_bounds,2010,2017,True,True,retained,True,True,retained
2,10397,10721,broad_fare_bounds,2010,2017,True,True,retained,True,True,retained
2,10397,10821,broad_fare_bounds,2010,2017,True,True,retained,True,True,retained
2,10397,11278,broad_fare_bounds,2010,2017,True,True,retained,True,True,retained
2,10397,11292,broad_fare_bounds,2010,2017,True,True,retained,True,True,retained
2,10397,11298,broad_fare_bounds,2010,2017,True,True,retained,True,True,retained
2,10397,11433,broad_fare_bounds,2010,2017,True,True,retained,True,True,retained
2,10397,11618,broad_fare_bounds,2010,2017,True,True,retained,True,True,retained
2,10397,11697,broad_fare_bounds,2010,2017,True,True,retained,True,True,retained
2,10397,12173,broad_fare_bounds,2010,2017,True,True,retained,True,True,retained
2,10397,12266,broad_fare_bounds,2010,2017,True,True,retained,True,True,retained
2,10397,12478,broad_fare_bounds,2010,2017,True,True,retained,True,True,retained
2,10397,12889,broad_fare_bounds,2010,2017,True,True,retained,True,True,retained
2,10397,12892,broad_fare_bounds,2010,2017,True,True,retained,True,True,retained
2,10397,12953,broad_fare_bounds,2010,2017,True,True,retained,True,True,retained
2,10397,13204,broad_fare_bounds,2010,2017,True,True,retained,True,True,retained
2,10397,13232,broad_fare_bounds,2010,2017,True,True,retained,True,True,retained
2,10397,13303,broad_fare_bounds,2010,2017,True,True,retained,True,True,retained
2,10397,13487,broad_fare_bounds,2010,2017,True,True,retained,True,True,retained
2,10397,13796,broad_fare_bounds,2010,2017,True,True,retained,False,True,entered
2,10397,13930,broad_fare_bounds,2010,2017,True,True,retained,True,True,retained
2,10397,14100,broad_fare_bounds,2010,2017,True,True,retained,True,True,retained
2,10397,14107,broad_fare_bounds,2010,2017,True,True,retained,True,True,retained
2,10397,14635,broad_fare_bounds,2010,2017,True,True,retained,True,True,retained
2,10397,14679,broad_fare_bounds,2010,2017,True,True,retained,True,True,retained
2,10397,14747,broad_fare_bounds,2010,2017,True,True,retained,True,True,retained
2,10397,14771,broad_fare_bounds,2010,2017,True,True,retained,True,True,retained
2,10397,14869,broad_fare_bounds,2010,2017,True,True,retained,True,True,retained
2,10397,15016,broad_fare_bounds,2010,2017,True,True,retained,True,True,retained
2,10397,15304,broad_fare_bounds,2010,2017,True,True,retained,True,True,retained
2,10721,10397,broad_fare_bounds,2010,2017,True,True,retained,True,True,retained
2,10721,10821,broad_fare_bounds,2010,2017,True,True,retained,True,True,retained
2,10721,11278,broad_fare_bounds,2010,2017,True,True,retained,True,True,retained
2,10721,11292,broad_fare_bounds,2010,2017,True,True,retained,True,True,retained
2,10721,11298,broad_fare_bounds,2010,2017,True,True,retained,True,True,retained
2,10721,11433,broad_fare_bounds,2010,2017,True,True,retained,True,True,retained
2,10721,11618,broad_fare_bounds,2010,2017,True,True,retained,True,True,retained
2,10721,11697,broad_fare_bounds,2010,2017,True,True,retained,True,True,retained
2,10721,12173,broad_fare_bounds,2010,2017,True,False,exited,False,False,absent
2,10721,12266,broad_fare_bounds,2010,2017,True,True,retained,True,True,retained
2,10721,12478,broad_fare_bounds,2010,2017,True,True,retained,True,True,retained
2,10721,12889,broad_fare_bounds,2010,2017,True,True,retained,True,True,retained
2,10721,12892,broad_fare_bounds,2010,2017,True,True,retained,True,True,retained
2,10721,12953,broad_fare_bounds,2010,2017,True,True,retained,True,True,retained
2,10721,13204,broad_fare_bounds,2010,2017,True,True,retained,True,True,retained
2,10721,13232,broad_fare_bounds,2010,2017,True,True,retained,True,True,retained
2,10721,13303,broad_fare_bounds,2010,2017,True,True,retained,True,True,retained
2,10721,13487,broad_fare_bounds,2010,2017,True,True,retained,True,True,retained
2,10721,13796,broad_fare_bounds,2010,2017,True,True,retained,True,True,retained
2,10721,13930,broad_fare_bounds,2010,2017,True,True,retained,True,True,retained
2,10721,14100,broad_fare_bounds,2010,2017,True,True,retained,True,True,retained
2,10721,14107,broad_fare_bounds,2010,2017,True,True,retained,True,True,retained
2,10721,14635,broad_fare_bounds,2010,2017,True,True,retained,True,True,retained
2,10721,14679,broad_fare_bounds,2010,2017,True,True,retained,True,True,retained
2,10721,14747,broad_fare_bounds,2010,2017,True,True,retained,True,True,retained
2,10721,14771,broad_fare_bounds,2010,2017,True,True,retained,True,True,retained
2,10721,14869,broad_fare_bounds,2010,2017,True,True,retained,True,True,retained
2,10721,15016,broad_fare_bounds,2010,2017,True,True,retained,True,True,retained
2,10721,15304,broad_fare_bounds,2010,2017,True,True,retained,True,True,retained
2,10821,10397,broad_fare_bounds,2010,2017,True,True,retained,True,True,retained
2,10821,10721,broad_fare_bounds,2010,2017,True,True,retained,True,True,retained
2,10821,11292,broad_fare_bounds,2010,2017,True,True,retained,True,True,retained
2,10821,11298,broad_fare_bounds,2010,2017,True,True,retained,True,True,retained
2,10821,11433,broad_fare_bounds,2010,2017,True,True,retained,True,True,retained
2,10821,11618,broad_fare_bounds,2010,2017,True,True,retained,True,True,retained
2,10821,11697,broad_fare_bounds,2010,2017,True,True,retained,True,True,retained
2,10821,12266,broad_fare_bounds,2010,2017,True,True,retained,True,True,retained
2,10821,12478,broad_fare_bounds,2010,2017,True,True,retained,True,False,exited
2,10821,12889,broad_fare_bounds,2010,2017,True,True,retained,True,True,retained
2,10821,12892,broad_fare_bounds,2010,2017,True,True,retained,True,True,retained
2,10821,12953,broad_fare_bounds,2010,2017,True,False,exited,True,False,exited
2,10821,13204,broad_fare_bounds,2010,2017,True,True,retained,True,True,retained
2,10821,13232,broad_fare_bounds,2010,2017,True,True,retained,True,True,retained
2,10821,13303,broad_fare_bounds,2010,2017,True,True,retained,True,True,retained
2,10821,13487,broad_fare_bounds,2010,2017,True,True,retained,True,True,retained
2,10821,13796,broad_fare_bounds,2010,2017,True,True,retained,False,True,entered
2,10821,13930,broad_fare_bounds,2010,2017,True,True,retained,True,True,retained
2,10821,14100,broad_fare_bounds,2010,2017,True,True,retained,True,False,exited
2,10821,14107,broad_fare_bounds,2010,2017,True,True,retained,True,True,retained
2,10821,14635,broad_fare_bounds,2010,2017,True,True,retained,True,True,retained
2,10821,14679,broad_fare_bounds,2010,2017,True,True,retained,True,True,retained
2,10821,14747,broad_fare_bounds,2010,2017,True,True,retained,True,True,retained
2,10821,14771,broad_fare_bounds,2010,2017,True,True,retained,True,True,retained
2,10821,14869,broad_fare_bounds,2010,2017,True,True,retained,True,True,retained
2,10821,15016,broad_fare_bounds,2010,2017,True,True,retained,True,True,retained
2,10821,15304,broad_fare_bounds,2010,2017,True,True,retained,True,True,retained
2,11278,10397,broad_fare_bounds,2010,2017,True,True,retained,True,True,retained
2,11278,10721,broad_fare_bounds,2010,2017,True,True,retained,True,True,retained
2,11278,11292,broad_fare_bounds,2010,2017,True,True,retained,True,True,retained
2,11278,11298,broad_fare_bounds,2010,2017,True,True,retained,True,True,retained
2,11278,11433,broad_fare_bounds,2010,2017,True,True,retained,True,True,retained
2,11278,11618,broad_fare_bounds,2010,2017,True,True,retained,True,True,retained
2,11278,11697,broad_fare_bounds,2010,2017,True,True,retained,True,True,retained
2,11278,12266,broad_fare_bounds,2010,2017,True,True,retained,True,True,retained
2,11278,12478,broad_fare_bounds,2010,2017,True,True,retained,True,True,retained
2,11278,12889,broad_fare_bounds,2010,2017,True,True,retained,True,True,retained
2,11278,12892,broad_fare_bounds,2010,2017,True,True,retained,True,True,retained
2,11278,12953,broad_fare_bounds,2010,2017,True,True,retained,True,True,retained
2,11278,13204,broad_fare_bounds,2010,2017,True,True,retained,True,True,retained
2,11278,13232,broad_fare_bounds,2010,2017,False,True,entered,False,True,entered
2,11278,13303,broad_fare_bounds,2010,2017,True,True,retained,True,True,retained
2,11278,13487,broad_fare_bounds,2010,2017,True,True,retained,True,True,retained
2,11278,13796,broad_fare_bounds,2010,2017,False,True,entered,False,False,absent
2,11278,13930,broad_fare_bounds,2010,2017,True,True,retained,True,True,retained
2,11278,14100,broad_fare_bounds,2010,2017,True,True,retained,True,True,retained
2,11278,14107,broad_fare_bounds,2010,2017,True,True,retained,True,True,retained
2,11278,14635,broad_fare_bounds,2010,2017,True,True,retained,True,True,retained
2,11278,14679,broad_fare_bounds,2010,2017,True,True,retained,False,False,absent
2,11278,14747,broad_fare_bounds,2010,2017,True,True,retained,True,True,retained
2,11278,14771,broad_fare_bounds,2010,2017,True,True,retained,False,True,entered
2,11278,14869,broad_fare_bounds,2010,2017,True,True,retained,True,True,retained
2,11278,15016,broad_fare_bounds,2010,2017,True,True,retained,True,True,retained
2,11278,15304,broad_fare_bounds,2010,2017,True,True,retained,True,True,retained
2,11292,10397,broad_fare_bounds,2010,2017,True,True,retained,True,True,retained
2,11292,10721,broad_fare_bounds,2010,2017,True,True,retained,True,True,retained
2,11292,10821,broad_fare_bounds,2010,2017,True,True,retained,True,True,retained
2,11292,11278,broad_fare_bounds,2010,2017,True,True,retained,True,True,retained
2,11292,11298,broad_fare_bounds,2010,2017,True,True,retained,True,True,retained
2,11292,11433,broad_fare_bounds,2010,2017,True,True,retained,True,True,retained
2,11292,11618,broad_fare_bounds,2010,2017,True,True,retained,True,True,retained
2,11292,11697,broad_fare_bounds,2010,2017,True,True,retained,True,True,retained
2,11292,12173,broad_fare_bounds,2010,2017,True,True,retained,True,True,retained
2,11292,12266,broad_fare_bounds,2010,2017,True,True,retained,True,True,retained
2,11292,12478,broad_fare_bounds,2010,2017,True,True,retained,True,True,retained
2,11292,12889,broad_fare_bounds,2010,2017,True,True,retained,True,True,retained
2,11292,12892,broad_fare_bounds,2010,2017,True,True,retained,True,True,retained
2,11292,12953,broad_fare_bounds,2010,2017,True,True,retained,True,True,retained
2,11292,13204,broad_fare_bounds,2010,2017,True,True,retained,True,True,retained
2,11292,13232,broad_fare_bounds,2010,2017,True,True,retained,True,True,retained
2,11292,13303,broad_fare_bounds,2010,2017,True,True,retained,True,True,retained
2,11292,13487,broad_fare_bounds,2010,2017,True,True,retained,True,True,retained
2,11292,13796,broad_fare_bounds,2010,2017,True,True,retained,True,True,retained
2,11292,13930,broad_fare_bounds,2010,2017,True,True,retained,True,True,retained
2,11292,14100,broad_fare_bounds,2010,2017,True,True,retained,True,True,retained
2,11292,14107,broad_fare_bounds,2010,2017,True,True,retained,True,True,retained
2,11292,14635,broad_fare_bounds,2010,2017,True,True,retained,True,True,retained
2,11292,14679,broad_fare_bounds,2010,2017,True,True,retained,True,True,retained
2,11292,14747,broad_fare_bounds,2010,2017,True,True,retained,True,True,retained
2,11292,14771,broad_fare_bounds,2010,2017,True,True,retained,True,True,retained
2,11292,14869,broad_fare_bounds,2010,2017,True,True,retained,True,True,retained
2,11292,15016,broad_fare_bounds,2010,2017,True,True,retained,True,True,retained
2,11292,15304,broad_fare_bounds,2010,2017,True,True,retained,True,True,retained
2,11298,10397,broad_fare_bounds,2010,2017,True,True,retained,True,True,retained
2,11298,10721,broad_fare_bounds,2010,2017,True,True,retained,True,True,retained
2,11298,10821,broad_fare_bounds,2010,2017,True,True,retained,True,True,retained
2,11298,11278,broad_fare_bounds,2010,2017,True,True,retained,True,True,retained
2,11298,11292,broad_fare_bounds,2010,2017,True,True,retained,True,True,retained
2,11298,11433,broad_fare_bounds,2010,2017,True,True,retained,True,True,retained
2,11298,11618,broad_fare_bounds,2010,2017,True,True,retained,True,True,retained
2,11298,11697,broad_fare_bounds,2010,2017,True,True,retained,True,True,retained
2,11298,12173,broad_fare_bounds,2010,2017,True,True,retained,True,True,retained
2,11298,12266,broad_fare_bounds,2010,2017,True,True,retained,True,True,retained
2,11298,12478,broad_fare_bounds,2010,2017,True,True,retained,True,True,retained
2,11298,12889,broad_fare_bounds,2010,2017,True,True,retained,True,True,retained
2,11298,12892,broad_fare_bounds,2010,2017,True,True,retained,True,True,retained
2,11298,12953,broad_fare_bounds,2010,2017,True,True,retained,True,True,retained
2,11298,13204,broad_fare_bounds,2010,2017,True,True,retained,True,True,retained
2,11298,13232,broad_fare_bounds,2010,2017,True,False,exited,False,False,absent
2,11298,13303,broad_fare_bounds,2010,2017,True,True,retained,True,True,retained
2,11298,13487,broad_fare_bounds,2010,2017,True,True,retained,True,True,retained
2,11298,13796,broad_fare_bounds,2010,2017,True,True,retained,False,True,entered
2,11298,13930,broad_fare_bounds,2010,2017,True,True,retained,True,True,retained
2,11298,14100,broad_fare_bounds,2010,2017,True,True,retained,True,True,retained
2,11298,14107,broad_fare_bounds,2010,2017,True,True,retained,True,True,retained
2,11298,14635,broad_fare_bounds,2010,2017,True,True,retained,True,True,retained
2,11298,14679,broad_fare_bounds,2010,2017,True,True,retained,True,True,retained
2,11298,14747,broad_fare_bounds,2010,2017,True,True,retained,True,True,retained
2,11298,14771,broad_fare_bounds,2010,2017,True,True,retained,True,True,retained
2,11298,14869,broad_fare_bounds,2010,2017,True,True,retained,True,True,retained
2,11298,15016,broad_fare_bounds,2010,2017,True,True,retained,True,True,retained
2,11298,15304,broad_fare_bounds,2010,2017,True,True,retained,True,True,retained
2,11433,10397,broad_fare_bounds,2010,2017,True,True,retained,True,True,retained
2,11433,10721,broad_fare_bounds,2010,2017,True,True,retained,True,True,retained
2,11433,10821,broad_fare_bounds,2010,2017,True,True,retained,True,True,retained
2,11433,11278,broad_fare_bounds,2010,2017,True,True,retained,True,True,retained
2,11433,11292,broad_fare_bounds,2010,2017,True,True,retained,True,True,retained
2,11433,11298,broad_fare_bounds,2010,2017,True,True,retained,True,True,retained
2,11433,11618,broad_fare_bounds,2010,2017,True,True,retained,True,True,retained
2,11433,11697,broad_fare_bounds,2010,2017,True,True,retained,True,True,retained
2,11433,12173,broad_fare_bounds,2010,2017,True,True,retained,True,False,exited
2,11433,12266,broad_fare_bounds,2010,2017,True,True,retained,True,True,retained
2,11433,12478,broad_fare_bounds,2010,2017,True,True,retained,True,True,retained
2,11433,12889,broad_fare_bounds,2010,2017,True,True,retained,True,True,retained
2,11433,12892,broad_fare_bounds,2010,2017,True,True,retained,True,True,retained
2,11433,12953,broad_fare_bounds,2010,2017,True,True,retained,True,True,retained
2,11433,13204,broad_fare_bounds,2010,2017,True,True,retained,True,True,retained
2,11433,13232,broad_fare_bounds,2010,2017,True,True,retained,True,True,retained
2,11433,13303,broad_fare_bounds,2010,2017,True,True,retained,True,True,retained
2,11433,13487,broad_fare_bounds,2010,2017,True,True,retained,True,True,retained
2,11433,13796,broad_fare_bounds,2010,2017,False,True,entered,False,True,entered
2,11433,13930,broad_fare_bounds,2010,2017,True,True,retained,True,True,retained
2,11433,14100,broad_fare_bounds,2010,2017,True,True,retained,True,True,retained
2,11433,14107,broad_fare_bounds,2010,2017,True,True,retained,True,True,retained
2,11433,14635,broad_fare_bounds,2010,2017,True,True,retained,True,True,retained
2,11433,14679,broad_fare_bounds,2010,2017,True,True,retained,True,True,retained
2,11433,14747,broad_fare_bounds,2010,2017,True,True,retained,True,True,retained
2,11433,14771,broad_fare_bounds,2010,2017,True,True,retained,True,True,retained
2,11433,14869,broad_fare_bounds,2010,2017,True,True,retained,True,True,retained
2,11433,15016,broad_fare_bounds,2010,2017,True,True,retained,True,True,retained
2,11433,15304,broad_fare_bounds,2010,2017,True,True,retained,True,True,retained
2,11618,10397,broad_fare_bounds,2010,2017,True,True,retained,True,True,retained
2,11618,10721,broad_fare_bounds,2010,2017,True,True,retained,True,True,retained
2,11618,10821,broad_fare_bounds,2010,2017,True,True,retained,True,True,retained
2,11618,11278,broad_fare_bounds,2010,2017,True,True,retained,True,True,retained
2,11618,11292,broad_fare_bounds,2010,2017,True,True,retained,True,True,retained
2,11618,11298,broad_fare_bounds,2010,2017,True,True,retained,True,True,retained
2,11618,11433,broad_fare_bounds,2010,2017,True,True,retained,True,True,retained
2,11618,11697,broad_fare_bounds,2010,2017,True,True,retained,True,True,retained
2,11618,12173,broad_fare_bounds,2010,2017,True,True,retained,True,True,retained
2,11618,12266,broad_fare_bounds,2010,2017,True,True,retained,True,True,retained
2,11618,12889,broad_fare_bounds,2010,2017,True,True,retained,True,True,retained
2,11618,12892,broad_fare_bounds,2010,2017,True,True,retained,True,True,retained
2,11618,13204,broad_fare_bounds,2010,2017,True,True,retained,True,True,retained
2,11618,13232,broad_fare_bounds,2010,2017,False,True,entered,False,True,entered
2,11618,13303,broad_fare_bounds,2010,2017,True,True,retained,True,True,retained
2,11618,13487,broad_fare_bounds,2010,2017,True,True,retained,True,True,retained
2,11618,13796,broad_fare_bounds,2010,2017,False,True,entered,False,True,entered
2,11618,13930,broad_fare_bounds,2010,2017,True,True,retained,True,True,retained
2,11618,14100,broad_fare_bounds,2010,2017,True,False,exited,True,False,exited
2,11618,14107,broad_fare_bounds,2010,2017,True,True,retained,True,True,retained
2,11618,14635,broad_fare_bounds,2010,2017,True,True,retained,True,True,retained
2,11618,14679,broad_fare_bounds,2010,2017,True,True,retained,True,True,retained
2,11618,14747,broad_fare_bounds,2010,2017,True,True,retained,True,True,retained
2,11618,14771,broad_fare_bounds,2010,2017,True,True,retained,True,True,retained
2,11618,14869,broad_fare_bounds,2010,2017,True,True,retained,True,True,retained
2,11618,15016,broad_fare_bounds,2010,2017,True,True,retained,True,True,retained
2,11618,15304,broad_fare_bounds,2010,2017,True,True,retained,True,True,retained
2,11697,10397,broad_fare_bounds,2010,2017,True,True,retained,True,True,retained
2,11697,10721,broad_fare_bounds,2010,2017,True,True,retained,True,True,retained
2,11697,10821,broad_fare_bounds,2010,2017,True,True,retained,True,True,retained
2,11697,11278,broad_fare_bounds,2010,2017,True,True,retained,True,True,retained
2,11697,11292,broad_fare_bounds,2010,2017,True,True,retained,True,True,retained
2,11697,11298,broad_fare_bounds,2010,2017,True,True,retained,True,True,retained
2,11697,11433,broad_fare_bounds,2010,2017,True,True,retained,True,True,retained
2,11697,11618,broad_fare_bounds,2010,2017,True,True,retained,True,True,retained
2,11697,12266,broad_fare_bounds,2010,2017,True,True,retained,True,True,retained
2,11697,12478,broad_fare_bounds,2010,2017,True,True,retained,True,True,retained
2,11697,12889,broad_fare_bounds,2010,2017,True,True,retained,True,True,retained
2,11697,12892,broad_fare_bounds,2010,2017,True,True,retained,True,True,retained
2,11697,12953,broad_fare_bounds,2010,2017,True,True,retained,True,True,retained
2,11697,13204,broad_fare_bounds,2010,2017,True,True,retained,True,True,retained
2,11697,13232,broad_fare_bounds,2010,2017,True,True,retained,True,True,retained
2,11697,13487,broad_fare_bounds,2010,2017,True,True,retained,True,True,retained
2,11697,13796,broad_fare_bounds,2010,2017,False,True,entered,False,False,absent
2,11697,13930,broad_fare_bounds,2010,2017,True,True,retained,True,True,retained
2,11697,14100,broad_fare_bounds,2010,2017,True,True,retained,True,True,retained
2,11697,14107,broad_fare_bounds,2010,2017,True,True,retained,True,True,retained
2,11697,14679,broad_fare_bounds,2010,2017,True,True,retained,False,True,entered
2,11697,14747,broad_fare_bounds,2010,2017,True,True,retained,False,True,entered
2,11697,14771,broad_fare_bounds,2010,2017,True,True,retained,True,True,retained
2,11697,14869,broad_fare_bounds,2010,2017,True,True,retained,True,False,exited
2,11697,15016,broad_fare_bounds,2010,2017,True,True,retained,True,True,retained
2,11697,15304,broad_fare_bounds,2010,2017,True,True,retained,True,True,retained
2,12173,10397,broad_fare_bounds,2010,2017,True,True,retained,True,True,retained
2,12173,10721,broad_fare_bounds,2010,2017,True,True,retained,False,False,absent
2,12173,11292,broad_fare_bounds,2010,2017,True,True,retained,True,True,retained
2,12173,11298,broad_fare_bounds,2010,2017,True,True,retained,True,True,retained
2,12173,11433,broad_fare_bounds,2010,2017,True,True,retained,True,False,exited
2,12173,11618,broad_fare_bounds,2010,2017,True,True,retained,True,True,retained
2,12173,12266,broad_fare_bounds,2010,2017,True,True,retained,True,True,retained
2,12173,12478,broad_fare_bounds,2010,2017,True,True,retained,False,True,entered
2,12173,12889,broad_fare_bounds,2010,2017,True,True,retained,True,True,retained
2,12173,12892,broad_fare_bounds,2010,2017,True,True,retained,True,True,retained
2,12173,13487,broad_fare_bounds,2010,2017,True,True,retained,True,True,retained
2,12173,13796,broad_fare_bounds,2010,2017,True,True,retained,True,True,retained
2,12173,13930,broad_fare_bounds,2010,2017,True,True,retained,True,True,retained
2,12173,14100,broad_fare_bounds,2010,2017,True,False,exited,False,False,absent
2,12173,14107,broad_fare_bounds,2010,2017,True,True,retained,True,True,retained
2,12173,14679,broad_fare_bounds,2010,2017,True,True,retained,True,True,retained
2,12173,14747,broad_fare_bounds,2010,2017,True,True,retained,True,True,retained
2,12173,14771,broad_fare_bounds,2010,2017,True,True,retained,True,True,retained
2,12173,14869,broad_fare_bounds,2010,2017,True,True,retained,True,True,retained
2,12266,10397,broad_fare_bounds,2010,2017,True,True,retained,True,True,retained
2,12266,10721,broad_fare_bounds,2010,2017,True,True,retained,True,True,retained
2,12266,10821,broad_fare_bounds,2010,2017,True,True,retained,True,True,retained
2,12266,11278,broad_fare_bounds,2010,2017,True,True,retained,True,True,retained
2,12266,11292,broad_fare_bounds,2010,2017,True,True,retained,True,True,retained
2,12266,11298,broad_fare_bounds,2010,2017,True,True,retained,True,True,retained
2,12266,11433,broad_fare_bounds,2010,2017,True,True,retained,True,True,retained
2,12266,11618,broad_fare_bounds,2010,2017,True,True,retained,True,True,retained
2,12266,11697,broad_fare_bounds,2010,2017,True,True,retained,True,True,retained
2,12266,12173,broad_fare_bounds,2010,2017,True,True,retained,True,True,retained
2,12266,12478,broad_fare_bounds,2010,2017,True,True,retained,True,False,exited
2,12266,12889,broad_fare_bounds,2010,2017,True,True,retained,True,True,retained
2,12266,12892,broad_fare_bounds,2010,2017,True,True,retained,True,True,retained
2,12266,12953,broad_fare_bounds,2010,2017,True,True,retained,True,True,retained
2,12266,13204,broad_fare_bounds,2010,2017,True,True,retained,True,True,retained
2,12266,13303,broad_fare_bounds,2010,2017,True,True,retained,True,True,retained
2,12266,13487,broad_fare_bounds,2010,2017,True,True,retained,True,True,retained
2,12266,13796,broad_fare_bounds,2010,2017,True,True,retained,False,True,entered
2,12266,13930,broad_fare_bounds,2010,2017,True,True,retained,True,True,retained
2,12266,14100,broad_fare_bounds,2010,2017,True,True,retained,True,True,retained
2,12266,14107,broad_fare_bounds,2010,2017,True,True,retained,True,True,retained
2,12266,14635,broad_fare_bounds,2010,2017,True,True,retained,True,True,retained
2,12266,14679,broad_fare_bounds,2010,2017,True,True,retained,True,True,retained
2,12266,14747,broad_fare_bounds,2010,2017,True,True,retained,True,True,retained
2,12266,14771,broad_fare_bounds,2010,2017,True,True,retained,True,True,retained
2,12266,14869,broad_fare_bounds,2010,2017,True,True,retained,True,True,retained
2,12266,15016,broad_fare_bounds,2010,2017,True,True,retained,True,True,retained
2,12266,15304,broad_fare_bounds,2010,2017,True,True,retained,True,True,retained
2,12478,10397,broad_fare_bounds,2010,2017,True,True,retained,True,True,retained
2,12478,10721,broad_fare_bounds,2010,2017,True,True,retained,True,True,retained
2,12478,10821,broad_fare_bounds,2010,2017,True,True,retained,True,False,exited
2,12478,11278,broad_fare_bounds,2010,2017,True,True,retained,True,True,retained
2,12478,11292,broad_fare_bounds,2010,2017,True,True,retained,True,True,retained
2,12478,11298,broad_fare_bounds,2010,2017,True,True,retained,True,True,retained
2,12478,11433,broad_fare_bounds,2010,2017,True,True,retained,True,True,retained
2,12478,11697,broad_fare_bounds,2010,2017,True,True,retained,True,True,retained
2,12478,12173,broad_fare_bounds,2010,2017,False,True,entered,False,True,entered
2,12478,12266,broad_fare_bounds,2010,2017,True,True,retained,True,False,exited
2,12478,12889,broad_fare_bounds,2010,2017,True,True,retained,True,True,retained
2,12478,12892,broad_fare_bounds,2010,2017,True,True,retained,True,True,retained
2,12478,13204,broad_fare_bounds,2010,2017,True,True,retained,True,True,retained
2,12478,13303,broad_fare_bounds,2010,2017,True,True,retained,True,True,retained
2,12478,13487,broad_fare_bounds,2010,2017,True,True,retained,True,True,retained
2,12478,13796,broad_fare_bounds,2010,2017,True,True,retained,True,True,retained
2,12478,13930,broad_fare_bounds,2010,2017,True,True,retained,True,True,retained
2,12478,14100,broad_fare_bounds,2010,2017,True,True,retained,True,True,retained
2,12478,14107,broad_fare_bounds,2010,2017,True,True,retained,True,True,retained
2,12478,14635,broad_fare_bounds,2010,2017,True,True,retained,True,True,retained
2,12478,14679,broad_fare_bounds,2010,2017,True,True,retained,True,True,retained
2,12478,14747,broad_fare_bounds,2010,2017,True,True,retained,True,True,retained
2,12478,14771,broad_fare_bounds,2010,2017,True,True,retained,True,True,retained
2,12478,14869,broad_fare_bounds,2010,2017,True,True,retained,True,True,retained
2,12478,15016,broad_fare_bounds,2010,2017,True,False,exited,True,False,exited
2,12478,15304,broad_fare_bounds,2010,2017,True,True,retained,True,True,retained
2,12889,10397,broad_fare_bounds,2010,2017,True,True,retained,True,True,retained
2,12889,10721,broad_fare_bounds,2010,2017,True,True,retained,True,True,retained
2,12889,10821,broad_fare_bounds,2010,2017,True,True,retained,True,True,retained
2,12889,11278,broad_fare_bounds,2010,2017,True,True,retained,True,True,retained
2,12889,11292,broad_fare_bounds,2010,2017,True,True,retained,True,True,retained
2,12889,11298,broad_fare_bounds,2010,2017,True,True,retained,True,True,retained
2,12889,11433,broad_fare_bounds,2010,2017,True,True,retained,True,True,retained
2,12889,11618,broad_fare_bounds,2010,2017,True,True,retained,True,True,retained
2,12889,11697,broad_fare_bounds,2010,2017,True,True,retained,True,True,retained
2,12889,12173,broad_fare_bounds,2010,2017,True,True,retained,True,True,retained
2,12889,12266,broad_fare_bounds,2010,2017,True,True,retained,True,True,retained
2,12889,12478,broad_fare_bounds,2010,2017,True,True,retained,True,True,retained
2,12889,12892,broad_fare_bounds,2010,2017,True,True,retained,True,True,retained
2,12889,12953,broad_fare_bounds,2010,2017,True,True,retained,False,False,absent
2,12889,13204,broad_fare_bounds,2010,2017,True,True,retained,True,True,retained
2,12889,13232,broad_fare_bounds,2010,2017,True,True,retained,True,True,retained
2,12889,13303,broad_fare_bounds,2010,2017,True,True,retained,True,True,retained
2,12889,13487,broad_fare_bounds,2010,2017,True,True,retained,True,True,retained
2,12889,13796,broad_fare_bounds,2010,2017,True,True,retained,True,True,retained
2,12889,13930,broad_fare_bounds,2010,2017,True,True,retained,True,True,retained
2,12889,14100,broad_fare_bounds,2010,2017,True,True,retained,True,True,retained
2,12889,14107,broad_fare_bounds,2010,2017,True,True,retained,True,True,retained
2,12889,14635,broad_fare_bounds,2010,2017,True,True,retained,False,False,absent
2,12889,14679,broad_fare_bounds,2010,2017,True,True,retained,True,True,retained
2,12889,14747,broad_fare_bounds,2010,2017,True,True,retained,True,True,retained
2,12889,14771,broad_fare_bounds,2010,2017,True,True,retained,True,True,retained
2,12889,14869,broad_fare_bounds,2010,2017,True,True,retained,True,True,retained
2,12889,15016,broad_fare_bounds,2010,2017,True,True,retained,True,True,retained
2,12889,15304,broad_fare_bounds,2010,2017,True,True,retained,True,True,retained
2,12892,10397,broad_fare_bounds,2010,2017,True,True,retained,True,True,retained
2,12892,10721,broad_fare_bounds,2010,2017,True,True,retained,True,True,retained
2,12892,10821,broad_fare_bounds,2010,2017,True,True,retained,True,True,retained
2,12892,11278,broad_fare_bounds,2010,2017,True,True,retained,True,True,retained
2,12892,11292,broad_fare_bounds,2010,2017,True,True,retained,True,True,retained
2,12892,11298,broad_fare_bounds,2010,2017,True,True,retained,True,True,retained
2,12892,11433,broad_fare_bounds,2010,2017,True,True,retained,True,True,retained
2,12892,11618,broad_fare_bounds,2010,2017,True,True,retained,True,True,retained
2,12892,11697,broad_fare_bounds,2010,2017,True,True,retained,True,True,retained
2,12892,12173,broad_fare_bounds,2010,2017,True,True,retained,True,True,retained
2,12892,12266,broad_fare_bounds,2010,2017,True,True,retained,True,True,retained
2,12892,12478,broad_fare_bounds,2010,2017,True,True,retained,True,True,retained
2,12892,12889,broad_fare_bounds,2010,2017,True,True,retained,True,True,retained
2,12892,12953,broad_fare_bounds,2010,2017,True,True,retained,False,False,absent
2,12892,13204,broad_fare_bounds,2010,2017,True,True,retained,True,True,retained
2,12892,13232,broad_fare_bounds,2010,2017,True,True,retained,True,True,retained
2,12892,13303,broad_fare_bounds,2010,2017,True,True,retained,True,True,retained
2,12892,13487,broad_fare_bounds,2010,2017,True,True,retained,True,True,retained
2,12892,13796,broad_fare_bounds,2010,2017,True,True,retained,True,True,retained
2,12892,13930,broad_fare_bounds,2010,2017,True,True,retained,True,True,retained
2,12892,14100,broad_fare_bounds,2010,2017,True,True,retained,True,True,retained
2,12892,14107,broad_fare_bounds,2010,2017,True,True,retained,True,True,retained
2,12892,14635,broad_fare_bounds,2010,2017,True,False,exited,False,False,absent
2,12892,14679,broad_fare_bounds,2010,2017,True,True,retained,True,True,retained
2,12892,14747,broad_fare_bounds,2010,2017,True,True,retained,True,True,retained
2,12892,14771,broad_fare_bounds,2010,2017,True,True,retained,True,True,retained
2,12892,14869,broad_fare_bounds,2010,2017,True,True,retained,True,True,retained
2,12892,15016,broad_fare_bounds,2010,2017,True,True,retained,True,True,retained
2,12892,15304,broad_fare_bounds,2010,2017,True,True,retained,True,True,retained
2,12953,10397,broad_fare_bounds,2010,2017,True,True,retained,True,True,retained
2,12953,10721,broad_fare_bounds,2010,2017,True,True,retained,True,True,retained
2,12953,10821,broad_fare_bounds,2010,2017,True,False,exited,True,False,exited
2,12953,11278,broad_fare_bounds,2010,2017,True,True,retained,True,True,retained
2,12953,11292,broad_fare_bounds,2010,2017,True,True,retained,True,True,retained
2,12953,11298,broad_fare_bounds,2010,2017,True,True,retained,True,True,retained
2,12953,11433,broad_fare_bounds,2010,2017,True,True,retained,True,True,retained
2,12953,11697,broad_fare_bounds,2010,2017,True,True,retained,True,True,retained
2,12953,12266,broad_fare_bounds,2010,2017,True,True,retained,True,True,retained
2,12953,12889,broad_fare_bounds,2010,2017,True,True,retained,False,False,absent
2,12953,12892,broad_fare_bounds,2010,2017,True,True,retained,False,False,absent
2,12953,13204,broad_fare_bounds,2010,2017,True,True,retained,True,True,retained
2,12953,13232,broad_fare_bounds,2010,2017,True,True,retained,True,True,retained
2,12953,13303,broad_fare_bounds,2010,2017,True,True,retained,True,True,retained
2,12953,13487,broad_fare_bounds,2010,2017,True,True,retained,True,True,retained
2,12953,13796,broad_fare_bounds,2010,2017,False,True,entered,False,False,absent
2,12953,13930,broad_fare_bounds,2010,2017,True,True,retained,True,True,retained
2,12953,14100,broad_fare_bounds,2010,2017,True,True,retained,True,True,retained
2,12953,14107,broad_fare_bounds,2010,2017,True,True,retained,False,False,absent
2,12953,14635,broad_fare_bounds,2010,2017,True,True,retained,True,True,retained
2,12953,14679,broad_fare_bounds,2010,2017,True,True,retained,False,False,absent
2,12953,14747,broad_fare_bounds,2010,2017,True,False,exited,False,False,absent
2,12953,14771,broad_fare_bounds,2010,2017,True,True,retained,False,False,absent
2,12953,14869,broad_fare_bounds,2010,2017,True,False,exited,True,False,exited
2,12953,15016,broad_fare_bounds,2010,2017,True,True,retained,True,True,retained
2,12953,15304,broad_fare_bounds,2010,2017,True,True,retained,True,True,retained
2,13204,10397,broad_fare_bounds,2010,2017,True,True,retained,True,True,retained
2,13204,10721,broad_fare_bounds,2010,2017,True,True,retained,True,True,retained
2,13204,10821,broad_fare_bounds,2010,2017,True,True,retained,True,True,retained
2,13204,11278,broad_fare_bounds,2010,2017,True,True,retained,True,True,retained
2,13204,11292,broad_fare_bounds,2010,2017,True,True,retained,True,True,retained
2,13204,11298,broad_fare_bounds,2010,2017,True,True,retained,True,True,retained
2,13204,11433,broad_fare_bounds,2010,2017,True,True,retained,True,True,retained
2,13204,11618,broad_fare_bounds,2010,2017,True,True,retained,True,True,retained
2,13204,11697,broad_fare_bounds,2010,2017,True,True,retained,True,True,retained
2,13204,12173,broad_fare_bounds,2010,2017,True,False,exited,False,False,absent
2,13204,12266,broad_fare_bounds,2010,2017,True,True,retained,True,True,retained
2,13204,12478,broad_fare_bounds,2010,2017,True,True,retained,True,True,retained
2,13204,12889,broad_fare_bounds,2010,2017,True,True,retained,True,True,retained
2,13204,12892,broad_fare_bounds,2010,2017,True,True,retained,True,True,retained
2,13204,12953,broad_fare_bounds,2010,2017,True,True,retained,True,True,retained
2,13204,13232,broad_fare_bounds,2010,2017,True,True,retained,True,True,retained
2,13204,13303,broad_fare_bounds,2010,2017,True,True,retained,True,True,retained
2,13204,13487,broad_fare_bounds,2010,2017,True,True,retained,True,True,retained
2,13204,13796,broad_fare_bounds,2010,2017,False,True,entered,False,False,absent
2,13204,13930,broad_fare_bounds,2010,2017,True,True,retained,True,True,retained
2,13204,14100,broad_fare_bounds,2010,2017,True,True,retained,True,True,retained
2,13204,14107,broad_fare_bounds,2010,2017,True,True,retained,True,True,retained
2,13204,14635,broad_fare_bounds,2010,2017,True,False,exited,True,False,exited
2,13204,14679,broad_fare_bounds,2010,2017,True,True,retained,False,True,entered
2,13204,14747,broad_fare_bounds,2010,2017,True,True,retained,True,True,retained
2,13204,14771,broad_fare_bounds,2010,2017,True,True,retained,True,True,retained
2,13204,14869,broad_fare_bounds,2010,2017,True,True,retained,True,True,retained
2,13204,15016,broad_fare_bounds,2010,2017,True,True,retained,True,True,retained
2,13232,10397,broad_fare_bounds,2010,2017,True,True,retained,True,True,retained
2,13232,10721,broad_fare_bounds,2010,2017,True,True,retained,True,True,retained
2,13232,10821,broad_fare_bounds,2010,2017,True,True,retained,True,True,retained
2,13232,11278,broad_fare_bounds,2010,2017,True,True,retained,False,True,entered
2,13232,11292,broad_fare_bounds,2010,2017,True,True,retained,True,True,retained
2,13232,11298,broad_fare_bounds,2010,2017,True,False,exited,False,False,absent
2,13232,11433,broad_fare_bounds,2010,2017,True,True,retained,True,True,retained
2,13232,11618,broad_fare_bounds,2010,2017,False,True,entered,False,True,entered
2,13232,11697,broad_fare_bounds,2010,2017,True,True,retained,True,True,retained
2,13232,12889,broad_fare_bounds,2010,2017,True,True,retained,True,True,retained
2,13232,12892,broad_fare_bounds,2010,2017,True,True,retained,True,True,retained
2,13232,12953,broad_fare_bounds,2010,2017,True,True,retained,True,True,retained
2,13232,13204,broad_fare_bounds,2010,2017,True,True,retained,True,True,retained
2,13232,13487,broad_fare_bounds,2010,2017,True,True,retained,True,True,retained
2,13232,13796,broad_fare_bounds,2010,2017,True,True,retained,True,True,retained
2,13232,14100,broad_fare_bounds,2010,2017,True,True,retained,True,True,retained
2,13232,14107,broad_fare_bounds,2010,2017,True,True,retained,True,True,retained
2,13232,14635,broad_fare_bounds,2010,2017,True,True,retained,True,True,retained
2,13232,14679,broad_fare_bounds,2010,2017,True,True,retained,True,True,retained
2,13232,14747,broad_fare_bounds,2010,2017,True,True,retained,True,True,retained
2,13232,14771,broad_fare_bounds,2010,2017,True,True,retained,True,True,retained
2,13232,14869,broad_fare_bounds,2010,2017,True,True,retained,True,True,retained
2,13232,15016,broad_fare_bounds,2010,2017,True,True,retained,True,True,retained
2,13232,15304,broad_fare_bounds,2010,2017,True,True,retained,True,True,retained
2,13303,10397,broad_fare_bounds,2010,2017,True,True,retained,True,True,retained
2,13303,10721,broad_fare_bounds,2010,2017,True,True,retained,True,True,retained
2,13303,10821,broad_fare_bounds,2010,2017,True,True,retained,True,True,retained
2,13303,11278,broad_fare_bounds,2010,2017,True,True,retained,True,True,retained
2,13303,11292,broad_fare_bounds,2010,2017,True,True,retained,True,True,retained
2,13303,11298,broad_fare_bounds,2010,2017,True,True,retained,True,True,retained
2,13303,11433,broad_fare_bounds,2010,2017,True,True,retained,True,True,retained
2,13303,11618,broad_fare_bounds,2010,2017,True,True,retained,True,True,retained
2,13303,12266,broad_fare_bounds,2010,2017,True,True,retained,True,True,retained
2,13303,12478,broad_fare_bounds,2010,2017,True,True,retained,True,True,retained
2,13303,12889,broad_fare_bounds,2010,2017,True,True,retained,True,True,retained
2,13303,12892,broad_fare_bounds,2010,2017,True,True,retained,True,True,retained
2,13303,12953,broad_fare_bounds,2010,2017,True,True,retained,True,True,retained
2,13303,13204,broad_fare_bounds,2010,2017,True,True,retained,True,True,retained
2,13303,13487,broad_fare_bounds,2010,2017,True,True,retained,True,True,retained
2,13303,13930,broad_fare_bounds,2010,2017,True,True,retained,True,True,retained
2,13303,14100,broad_fare_bounds,2010,2017,True,True,retained,True,True,retained
2,13303,14107,broad_fare_bounds,2010,2017,True,True,retained,True,True,retained
2,13303,14635,broad_fare_bounds,2010,2017,True,False,exited,True,False,exited
2,13303,14679,broad_fare_bounds,2010,2017,False,True,entered,False,True,entered
2,13303,14747,broad_fare_bounds,2010,2017,True,True,retained,True,True,retained
2,13303,14771,broad_fare_bounds,2010,2017,True,True,retained,True,True,retained
2,13303,14869,broad_fare_bounds,2010,2017,True,True,retained,False,True,entered
2,13303,15016,broad_fare_bounds,2010,2017,True,True,retained,True,True,retained
2,13303,15304,broad_fare_bounds,2010,2017,True,True,retained,True,True,retained
2,13487,10397,broad_fare_bounds,2010,2017,True,True,retained,True,True,retained
2,13487,10721,broad_fare_bounds,2010,2017,True,True,retained,True,True,retained
2,13487,10821,broad_fare_bounds,2010,2017,True,True,retained,True,True,retained
2,13487,11278,broad_fare_bounds,2010,2017,True,True,retained,True,True,retained
2,13487,11292,broad_fare_bounds,2010,2017,True,True,retained,True,True,retained
2,13487,11298,broad_fare_bounds,2010,2017,True,True,retained,True,True,retained
2,13487,11433,broad_fare_bounds,2010,2017,True,True,retained,True,True,retained
2,13487,11618,broad_fare_bounds,2010,2017,True,True,retained,True,True,retained
2,13487,11697,broad_fare_bounds,2010,2017,True,True,retained,True,True,retained
2,13487,12173,broad_fare_bounds,2010,2017,True,True,retained,True,True,retained
2,13487,12266,broad_fare_bounds,2010,2017,True,True,retained,True,True,retained
2,13487,12478,broad_fare_bounds,2010,2017,True,True,retained,True,True,retained
2,13487,12889,broad_fare_bounds,2010,2017,True,True,retained,True,True,retained
2,13487,12892,broad_fare_bounds,2010,2017,True,True,retained,True,True,retained
2,13487,12953,broad_fare_bounds,2010,2017,True,True,retained,True,True,retained
2,13487,13204,broad_fare_bounds,2010,2017,True,True,retained,True,True,retained
2,13487,13232,broad_fare_bounds,2010,2017,True,True,retained,True,True,retained
2,13487,13303,broad_fare_bounds,2010,2017,True,True,retained,True,True,retained
2,13487,13796,broad_fare_bounds,2010,2017,True,True,retained,False,False,absent
2,13487,13930,broad_fare_bounds,2010,2017,True,True,retained,True,True,retained
2,13487,14100,broad_fare_bounds,2010,2017,True,True,retained,True,True,retained
2,13487,14107,broad_fare_bounds,2010,2017,True,True,retained,True,True,retained
2,13487,14635,broad_fare_bounds,2010,2017,True,True,retained,True,True,retained
2,13487,14679,broad_fare_bounds,2010,2017,True,True,retained,True,True,retained
2,13487,14747,broad_fare_bounds,2010,2017,True,True,retained,True,True,retained
2,13487,14771,broad_fare_bounds,2010,2017,True,True,retained,True,True,retained
2,13487,14869,broad_fare_bounds,2010,2017,True,True,retained,True,True,retained
2,13487,15016,broad_fare_bounds,2010,2017,True,True,retained,True,True,retained
2,13487,15304,broad_fare_bounds,2010,2017,True,True,retained,True,True,retained
2,13796,10397,broad_fare_bounds,2010,2017,True,True,retained,False,True,entered
2,13796,10721,broad_fare_bounds,2010,2017,True,True,retained,True,True,retained
2,13796,10821,broad_fare_bounds,2010,2017,True,True,retained,False,True,entered
2,13796,11278,broad_fare_bounds,2010,2017,False,True,entered,False,False,absent
2,13796,11292,broad_fare_bounds,2010,2017,True,True,retained,True,True,retained
2,13796,11298,broad_fare_bounds,2010,2017,True,True,retained,False,True,entered
2,13796,11433,broad_fare_bounds,2010,2017,True,True,retained,False,True,entered
2,13796,11618,broad_fare_bounds,2010,2017,False,True,entered,False,True,entered
2,13796,11697,broad_fare_bounds,2010,2017,True,False,exited,False,False,absent
2,13796,12173,broad_fare_bounds,2010,2017,True,True,retained,True,True,retained
2,13796,12266,broad_fare_bounds,2010,2017,False,True,entered,False,True,entered
2,13796,12478,broad_fare_bounds,2010,2017,True,True,retained,True,True,retained
2,13796,12889,broad_fare_bounds,2010,2017,True,True,retained,True,True,retained
2,13796,12892,broad_fare_bounds,2010,2017,True,True,retained,True,True,retained
2,13796,12953,broad_fare_bounds,2010,2017,True,True,retained,False,False,absent
2,13796,13204,broad_fare_bounds,2010,2017,True,True,retained,False,False,absent
2,13796,13232,broad_fare_bounds,2010,2017,True,True,retained,True,True,retained
2,13796,13487,broad_fare_bounds,2010,2017,True,True,retained,False,False,absent
2,13796,13930,broad_fare_bounds,2010,2017,True,True,retained,False,True,entered
2,13796,14100,broad_fare_bounds,2010,2017,True,True,retained,False,False,absent
2,13796,14107,broad_fare_bounds,2010,2017,True,True,retained,True,True,retained
2,13796,14635,broad_fare_bounds,2010,2017,False,True,entered,False,False,absent
2,13796,14679,broad_fare_bounds,2010,2017,True,True,retained,True,True,retained
2,13796,14747,broad_fare_bounds,2010,2017,True,True,retained,True,True,retained
2,13796,14869,broad_fare_bounds,2010,2017,True,True,retained,True,True,retained
2,13796,15016,broad_fare_bounds,2010,2017,True,True,retained,False,True,entered
2,13796,15304,broad_fare_bounds,2010,2017,True,True,retained,False,False,absent
2,13930,10397,broad_fare_bounds,2010,2017,True,True,retained,True,True,retained
2,13930,10721,broad_fare_bounds,2010,2017,True,True,retained,True,True,retained
2,13930,10821,broad_fare_bounds,2010,2017,True,True,retained,True,True,retained
2,13930,11278,broad_fare_bounds,2010,2017,True,True,retained,True,True,retained
2,13930,11292,broad_fare_bounds,2010,2017,True,True,retained,True,True,retained
2,13930,11298,broad_fare_bounds,2010,2017,True,True,retained,True,True,retained
2,13930,11433,broad_fare_bounds,2010,2017,True,True,retained,True,True,retained
2,13930,11618,broad_fare_bounds,2010,2017,True,True,retained,True,True,retained
2,13930,11697,broad_fare_bounds,2010,2017,True,True,retained,True,True,retained
2,13930,12173,broad_fare_bounds,2010,2017,True,True,retained,True,True,retained
2,13930,12266,broad_fare_bounds,2010,2017,True,True,retained,True,True,retained
2,13930,12478,broad_fare_bounds,2010,2017,True,True,retained,True,True,retained
2,13930,12889,broad_fare_bounds,2010,2017,True,True,retained,True,True,retained
2,13930,12892,broad_fare_bounds,2010,2017,True,True,retained,True,True,retained
2,13930,12953,broad_fare_bounds,2010,2017,True,True,retained,True,True,retained
2,13930,13204,broad_fare_bounds,2010,2017,True,True,retained,True,True,retained
2,13930,13303,broad_fare_bounds,2010,2017,True,True,retained,True,True,retained
2,13930,13487,broad_fare_bounds,2010,2017,True,True,retained,True,True,retained
2,13930,13796,broad_fare_bounds,2010,2017,False,True,entered,False,True,entered
2,13930,14100,broad_fare_bounds,2010,2017,True,True,retained,True,True,retained
2,13930,14107,broad_fare_bounds,2010,2017,True,True,retained,True,True,retained
2,13930,14635,broad_fare_bounds,2010,2017,True,True,retained,True,True,retained
2,13930,14679,broad_fare_bounds,2010,2017,True,True,retained,True,True,retained
2,13930,14747,broad_fare_bounds,2010,2017,True,True,retained,True,True,retained
2,13930,14771,broad_fare_bounds,2010,2017,True,True,retained,True,True,retained
2,13930,14869,broad_fare_bounds,2010,2017,True,True,retained,True,True,retained
2,13930,15016,broad_fare_bounds,2010,2017,True,True,retained,True,True,retained
2,13930,15304,broad_fare_bounds,2010,2017,True,True,retained,True,True,retained
2,14100,10397,broad_fare_bounds,2010,2017,True,True,retained,True,True,retained
2,14100,10721,broad_fare_bounds,2010,2017,True,True,retained,True,True,retained
2,14100,10821,broad_fare_bounds,2010,2017,True,True,retained,True,False,exited
2,14100,11278,broad_fare_bounds,2010,2017,True,True,retained,True,True,retained
2,14100,11292,broad_fare_bounds,2010,2017,True,True,retained,True,True,retained
2,14100,11298,broad_fare_bounds,2010,2017,True,True,retained,True,True,retained
2,14100,11433,broad_fare_bounds,2010,2017,True,True,retained,True,True,retained
2,14100,11618,broad_fare_bounds,2010,2017,True,False,exited,True,False,exited
2,14100,11697,broad_fare_bounds,2010,2017,True,True,retained,True,True,retained
2,14100,12266,broad_fare_bounds,2010,2017,True,True,retained,True,True,retained
2,14100,12478,broad_fare_bounds,2010,2017,True,True,retained,True,True,retained
2,14100,12889,broad_fare_bounds,2010,2017,True,True,retained,True,True,retained
2,14100,12892,broad_fare_bounds,2010,2017,True,True,retained,True,True,retained
2,14100,12953,broad_fare_bounds,2010,2017,True,True,retained,True,True,retained
2,14100,13204,broad_fare_bounds,2010,2017,True,True,retained,True,True,retained
2,14100,13232,broad_fare_bounds,2010,2017,True,True,retained,True,True,retained
2,14100,13303,broad_fare_bounds,2010,2017,True,True,retained,True,True,retained
2,14100,13487,broad_fare_bounds,2010,2017,True,True,retained,True,True,retained
2,14100,13796,broad_fare_bounds,2010,2017,True,True,retained,False,False,absent
2,14100,13930,broad_fare_bounds,2010,2017,True,True,retained,True,True,retained
2,14100,14107,broad_fare_bounds,2010,2017,True,True,retained,True,True,retained
2,14100,14635,broad_fare_bounds,2010,2017,True,True,retained,True,True,retained
2,14100,14679,broad_fare_bounds,2010,2017,True,True,retained,True,True,retained
2,14100,14747,broad_fare_bounds,2010,2017,True,True,retained,True,True,retained
2,14100,14771,broad_fare_bounds,2010,2017,True,True,retained,True,True,retained
2,14100,14869,broad_fare_bounds,2010,2017,True,True,retained,True,True,retained
2,14100,15016,broad_fare_bounds,2010,2017,True,True,retained,True,True,retained
2,14100,15304,broad_fare_bounds,2010,2017,True,True,retained,True,True,retained
2,14107,10397,broad_fare_bounds,2010,2017,True,True,retained,True,True,retained
2,14107,10721,broad_fare_bounds,2010,2017,True,True,retained,True,True,retained
2,14107,10821,broad_fare_bounds,2010,2017,True,True,retained,True,True,retained
2,14107,11278,broad_fare_bounds,2010,2017,True,True,retained,True,True,retained
2,14107,11292,broad_fare_bounds,2010,2017,True,True,retained,True,True,retained
2,14107,11298,broad_fare_bounds,2010,2017,True,True,retained,True,True,retained
2,14107,11433,broad_fare_bounds,2010,2017,True,True,retained,True,True,retained
2,14107,11618,broad_fare_bounds,2010,2017,True,True,retained,True,True,retained
2,14107,11697,broad_fare_bounds,2010,2017,True,True,retained,True,True,retained
2,14107,12173,broad_fare_bounds,2010,2017,True,True,retained,True,True,retained
2,14107,12266,broad_fare_bounds,2010,2017,True,True,retained,True,True,retained
2,14107,12478,broad_fare_bounds,2010,2017,True,True,retained,True,True,retained
2,14107,12889,broad_fare_bounds,2010,2017,True,True,retained,True,True,retained
2,14107,12892,broad_fare_bounds,2010,2017,True,True,retained,True,True,retained
2,14107,12953,broad_fare_bounds,2010,2017,True,True,retained,False,False,absent
2,14107,13204,broad_fare_bounds,2010,2017,True,True,retained,True,True,retained
2,14107,13232,broad_fare_bounds,2010,2017,True,True,retained,True,True,retained
2,14107,13303,broad_fare_bounds,2010,2017,True,True,retained,True,True,retained
2,14107,13487,broad_fare_bounds,2010,2017,True,True,retained,True,True,retained
2,14107,13796,broad_fare_bounds,2010,2017,True,True,retained,True,True,retained
2,14107,13930,broad_fare_bounds,2010,2017,True,True,retained,True,True,retained
2,14107,14100,broad_fare_bounds,2010,2017,True,True,retained,True,True,retained
2,14107,14635,broad_fare_bounds,2010,2017,True,True,retained,False,False,absent
2,14107,14679,broad_fare_bounds,2010,2017,True,True,retained,True,True,retained
2,14107,14747,broad_fare_bounds,2010,2017,True,True,retained,True,True,retained
2,14107,14771,broad_fare_bounds,2010,2017,True,True,retained,True,True,retained
2,14107,14869,broad_fare_bounds,2010,2017,True,True,retained,True,True,retained
2,14107,15016,broad_fare_bounds,2010,2017,True,True,retained,True,True,retained
2,14107,15304,broad_fare_bounds,2010,2017,True,True,retained,True,True,retained
2,14635,10397,broad_fare_bounds,2010,2017,True,True,retained,True,True,retained
2,14635,10721,broad_fare_bounds,2010,2017,True,True,retained,True,True,retained
2,14635,10821,broad_fare_bounds,2010,2017,True,True,retained,True,True,retained
2,14635,11278,broad_fare_bounds,2010,2017,True,True,retained,True,True,retained
2,14635,11292,broad_fare_bounds,2010,2017,True,True,retained,True,True,retained
2,14635,11298,broad_fare_bounds,2010,2017,True,True,retained,True,True,retained
2,14635,11433,broad_fare_bounds,2010,2017,True,True,retained,True,True,retained
2,14635,11618,broad_fare_bounds,2010,2017,True,True,retained,True,True,retained
2,14635,12266,broad_fare_bounds,2010,2017,True,True,retained,True,True,retained
2,14635,12478,broad_fare_bounds,2010,2017,True,True,retained,True,True,retained
2,14635,12889,broad_fare_bounds,2010,2017,True,True,retained,False,False,absent
2,14635,12892,broad_fare_bounds,2010,2017,False,True,entered,False,False,absent
2,14635,12953,broad_fare_bounds,2010,2017,True,True,retained,True,True,retained
2,14635,13204,broad_fare_bounds,2010,2017,True,True,retained,True,False,exited
2,14635,13232,broad_fare_bounds,2010,2017,True,True,retained,True,True,retained
2,14635,13303,broad_fare_bounds,2010,2017,True,False,exited,True,False,exited
2,14635,13487,broad_fare_bounds,2010,2017,True,True,retained,True,True,retained
2,14635,13796,broad_fare_bounds,2010,2017,True,True,retained,False,False,absent
2,14635,13930,broad_fare_bounds,2010,2017,True,True,retained,True,True,retained
2,14635,14100,broad_fare_bounds,2010,2017,True,True,retained,True,True,retained
2,14635,14107,broad_fare_bounds,2010,2017,True,True,retained,False,False,absent
2,14635,14679,broad_fare_bounds,2010,2017,True,True,retained,False,False,absent
2,14635,14747,broad_fare_bounds,2010,2017,True,True,retained,False,False,absent
2,14635,14771,broad_fare_bounds,2010,2017,True,True,retained,False,False,absent
2,14635,15016,broad_fare_bounds,2010,2017,True,True,retained,True,True,retained
2,14679,10397,broad_fare_bounds,2010,2017,True,True,retained,True,True,retained
2,14679,10721,broad_fare_bounds,2010,2017,True,True,retained,True,True,retained
2,14679,10821,broad_fare_bounds,2010,2017,True,True,retained,True,True,retained
2,14679,11278,broad_fare_bounds,2010,2017,True,True,retained,False,False,absent
2,14679,11292,broad_fare_bounds,2010,2017,True,True,retained,True,True,retained
2,14679,11298,broad_fare_bounds,2010,2017,True,True,retained,True,True,retained
2,14679,11433,broad_fare_bounds,2010,2017,True,True,retained,True,True,retained
2,14679,11618,broad_fare_bounds,2010,2017,True,True,retained,True,True,retained
2,14679,11697,broad_fare_bounds,2010,2017,True,True,retained,False,True,entered
2,14679,12173,broad_fare_bounds,2010,2017,True,True,retained,True,True,retained
2,14679,12266,broad_fare_bounds,2010,2017,True,True,retained,True,True,retained
2,14679,12478,broad_fare_bounds,2010,2017,True,True,retained,True,True,retained
2,14679,12889,broad_fare_bounds,2010,2017,True,True,retained,True,True,retained
2,14679,12892,broad_fare_bounds,2010,2017,True,True,retained,True,True,retained
2,14679,12953,broad_fare_bounds,2010,2017,False,True,entered,False,False,absent
2,14679,13204,broad_fare_bounds,2010,2017,True,True,retained,False,True,entered
2,14679,13232,broad_fare_bounds,2010,2017,True,True,retained,True,True,retained
2,14679,13303,broad_fare_bounds,2010,2017,True,True,retained,False,True,entered
2,14679,13487,broad_fare_bounds,2010,2017,True,True,retained,True,True,retained
2,14679,13796,broad_fare_bounds,2010,2017,True,True,retained,True,True,retained
2,14679,13930,broad_fare_bounds,2010,2017,True,True,retained,True,True,retained
2,14679,14100,broad_fare_bounds,2010,2017,True,True,retained,True,True,retained
2,14679,14107,broad_fare_bounds,2010,2017,True,True,retained,True,True,retained
2,14679,14635,broad_fare_bounds,2010,2017,False,True,entered,False,False,absent
2,14679,14747,broad_fare_bounds,2010,2017,True,True,retained,True,True,retained
2,14679,14771,broad_fare_bounds,2010,2017,True,True,retained,True,True,retained
2,14679,14869,broad_fare_bounds,2010,2017,True,True,retained,True,True,retained
2,14679,15016,broad_fare_bounds,2010,2017,True,True,retained,True,True,retained
2,14679,15304,broad_fare_bounds,2010,2017,True,True,retained,False,False,absent
2,14747,10397,broad_fare_bounds,2010,2017,True,True,retained,True,True,retained
2,14747,10721,broad_fare_bounds,2010,2017,True,True,retained,True,True,retained
2,14747,10821,broad_fare_bounds,2010,2017,True,True,retained,True,True,retained
2,14747,11278,broad_fare_bounds,2010,2017,True,True,retained,True,True,retained
2,14747,11292,broad_fare_bounds,2010,2017,True,True,retained,True,True,retained
2,14747,11298,broad_fare_bounds,2010,2017,True,True,retained,True,True,retained
2,14747,11433,broad_fare_bounds,2010,2017,True,True,retained,True,True,retained
2,14747,11618,broad_fare_bounds,2010,2017,True,True,retained,True,True,retained
2,14747,11697,broad_fare_bounds,2010,2017,True,True,retained,False,True,entered
2,14747,12173,broad_fare_bounds,2010,2017,True,True,retained,True,True,retained
2,14747,12266,broad_fare_bounds,2010,2017,True,True,retained,True,True,retained
2,14747,12478,broad_fare_bounds,2010,2017,True,True,retained,True,True,retained
2,14747,12889,broad_fare_bounds,2010,2017,True,True,retained,True,True,retained
2,14747,12892,broad_fare_bounds,2010,2017,True,True,retained,True,True,retained
2,14747,12953,broad_fare_bounds,2010,2017,True,False,exited,False,False,absent
2,14747,13204,broad_fare_bounds,2010,2017,True,True,retained,True,True,retained
2,14747,13232,broad_fare_bounds,2010,2017,True,True,retained,True,True,retained
2,14747,13303,broad_fare_bounds,2010,2017,True,True,retained,True,True,retained
2,14747,13487,broad_fare_bounds,2010,2017,True,True,retained,True,True,retained
2,14747,13796,broad_fare_bounds,2010,2017,True,True,retained,True,True,retained
2,14747,13930,broad_fare_bounds,2010,2017,True,True,retained,True,True,retained
2,14747,14100,broad_fare_bounds,2010,2017,True,True,retained,True,True,retained
2,14747,14107,broad_fare_bounds,2010,2017,True,True,retained,True,True,retained
2,14747,14635,broad_fare_bounds,2010,2017,True,False,exited,False,False,absent
2,14747,14679,broad_fare_bounds,2010,2017,True,True,retained,True,True,retained
2,14747,14771,broad_fare_bounds,2010,2017,True,True,retained,True,True,retained
2,14747,14869,broad_fare_bounds,2010,2017,True,True,retained,True,True,retained
2,14747,15016,broad_fare_bounds,2010,2017,True,True,retained,True,True,retained
2,14747,15304,broad_fare_bounds,2010,2017,True,True,retained,False,True,entered
2,14771,10397,broad_fare_bounds,2010,2017,True,True,retained,True,True,retained
2,14771,10721,broad_fare_bounds,2010,2017,True,True,retained,True,True,retained
2,14771,10821,broad_fare_bounds,2010,2017,True,True,retained,True,True,retained
2,14771,11278,broad_fare_bounds,2010,2017,True,True,retained,False,True,entered
2,14771,11292,broad_fare_bounds,2010,2017,True,True,retained,True,True,retained
2,14771,11298,broad_fare_bounds,2010,2017,True,True,retained,True,True,retained
2,14771,11433,broad_fare_bounds,2010,2017,True,True,retained,True,True,retained
2,14771,11618,broad_fare_bounds,2010,2017,True,True,retained,True,True,retained
2,14771,11697,broad_fare_bounds,2010,2017,True,True,retained,True,True,retained
2,14771,12173,broad_fare_bounds,2010,2017,True,True,retained,True,True,retained
2,14771,12266,broad_fare_bounds,2010,2017,True,True,retained,True,True,retained
2,14771,12478,broad_fare_bounds,2010,2017,True,True,retained,True,True,retained
2,14771,12889,broad_fare_bounds,2010,2017,True,True,retained,True,True,retained
2,14771,12892,broad_fare_bounds,2010,2017,True,True,retained,True,True,retained
2,14771,12953,broad_fare_bounds,2010,2017,True,True,retained,False,False,absent
2,14771,13204,broad_fare_bounds,2010,2017,True,True,retained,True,True,retained
2,14771,13232,broad_fare_bounds,2010,2017,True,True,retained,True,True,retained
2,14771,13303,broad_fare_bounds,2010,2017,True,True,retained,True,True,retained
2,14771,13487,broad_fare_bounds,2010,2017,True,True,retained,True,True,retained
2,14771,13930,broad_fare_bounds,2010,2017,True,True,retained,True,True,retained
2,14771,14100,broad_fare_bounds,2010,2017,True,True,retained,True,True,retained
2,14771,14107,broad_fare_bounds,2010,2017,True,True,retained,True,True,retained
2,14771,14635,broad_fare_bounds,2010,2017,True,True,retained,False,False,absent
2,14771,14679,broad_fare_bounds,2010,2017,True,True,retained,True,True,retained
2,14771,14747,broad_fare_bounds,2010,2017,True,True,retained,True,True,retained
2,14771,14869,broad_fare_bounds,2010,2017,True,True,retained,True,True,retained
2,14771,15016,broad_fare_bounds,2010,2017,True,True,retained,True,True,retained
2,14771,15304,broad_fare_bounds,2010,2017,True,True,retained,False,True,entered
2,14869,10397,broad_fare_bounds,2010,2017,True,True,retained,True,True,retained
2,14869,10721,broad_fare_bounds,2010,2017,True,True,retained,True,True,retained
2,14869,10821,broad_fare_bounds,2010,2017,True,True,retained,True,True,retained
2,14869,11278,broad_fare_bounds,2010,2017,True,True,retained,True,True,retained
2,14869,11292,broad_fare_bounds,2010,2017,True,True,retained,True,True,retained
2,14869,11298,broad_fare_bounds,2010,2017,True,True,retained,True,True,retained
2,14869,11433,broad_fare_bounds,2010,2017,True,True,retained,True,True,retained
2,14869,11618,broad_fare_bounds,2010,2017,True,True,retained,True,True,retained
2,14869,11697,broad_fare_bounds,2010,2017,True,True,retained,True,False,exited
2,14869,12173,broad_fare_bounds,2010,2017,True,True,retained,True,True,retained
2,14869,12266,broad_fare_bounds,2010,2017,True,True,retained,True,True,retained
2,14869,12478,broad_fare_bounds,2010,2017,True,True,retained,True,True,retained
2,14869,12889,broad_fare_bounds,2010,2017,True,True,retained,True,True,retained
2,14869,12892,broad_fare_bounds,2010,2017,True,True,retained,True,True,retained
2,14869,12953,broad_fare_bounds,2010,2017,True,False,exited,True,False,exited
2,14869,13204,broad_fare_bounds,2010,2017,True,True,retained,True,True,retained
2,14869,13232,broad_fare_bounds,2010,2017,True,True,retained,True,True,retained
2,14869,13303,broad_fare_bounds,2010,2017,True,True,retained,False,True,entered
2,14869,13487,broad_fare_bounds,2010,2017,True,True,retained,True,True,retained
2,14869,13796,broad_fare_bounds,2010,2017,True,True,retained,True,True,retained
2,14869,13930,broad_fare_bounds,2010,2017,True,True,retained,True,True,retained
2,14869,14100,broad_fare_bounds,2010,2017,True,True,retained,True,True,retained
2,14869,14107,broad_fare_bounds,2010,2017,True,True,retained,True,True,retained
2,14869,14635,broad_fare_bounds,2010,2017,True,True,retained,False,False,absent
2,14869,14679,broad_fare_bounds,2010,2017,True,True,retained,True,True,retained
2,14869,14747,broad_fare_bounds,2010,2017,True,True,retained,True,True,retained
2,14869,14771,broad_fare_bounds,2010,2017,True,True,retained,True,True,retained
2,14869,15016,broad_fare_bounds,2010,2017,True,True,retained,True,True,retained
2,14869,15304,broad_fare_bounds,2010,2017,True,True,retained,True,False,exited
2,15016,10397,broad_fare_bounds,2010,2017,True,True,retained,True,True,retained
2,15016,10721,broad_fare_bounds,2010,2017,True,True,retained,True,True,retained
2,15016,10821,broad_fare_bounds,2010,2017,True,True,retained,True,True,retained
2,15016,11278,broad_fare_bounds,2010,2017,True,True,retained,True,True,retained
2,15016,11292,broad_fare_bounds,2010,2017,True,True,retained,True,True,retained
2,15016,11298,broad_fare_bounds,2010,2017,True,True,retained,True,True,retained
2,15016,11433,broad_fare_bounds,2010,2017,True,True,retained,True,True,retained
2,15016,11618,broad_fare_bounds,2010,2017,True,True,retained,True,True,retained
2,15016,11697,broad_fare_bounds,2010,2017,True,True,retained,True,True,retained
2,15016,12266,broad_fare_bounds,2010,2017,True,True,retained,True,True,retained
2,15016,12478,broad_fare_bounds,2010,2017,True,False,exited,True,False,exited
2,15016,12889,broad_fare_bounds,2010,2017,True,True,retained,True,True,retained
2,15016,12892,broad_fare_bounds,2010,2017,True,True,retained,True,True,retained
2,15016,12953,broad_fare_bounds,2010,2017,True,True,retained,True,True,retained
2,15016,13204,broad_fare_bounds,2010,2017,True,True,retained,True,True,retained
2,15016,13232,broad_fare_bounds,2010,2017,True,True,retained,True,True,retained
2,15016,13303,broad_fare_bounds,2010,2017,True,True,retained,True,True,retained
2,15016,13487,broad_fare_bounds,2010,2017,True,True,retained,True,True,retained
2,15016,13796,broad_fare_bounds,2010,2017,True,True,retained,False,True,entered
2,15016,13930,broad_fare_bounds,2010,2017,True,True,retained,True,True,retained
2,15016,14100,broad_fare_bounds,2010,2017,True,True,retained,True,True,retained
2,15016,14107,broad_fare_bounds,2010,2017,True,True,retained,True,True,retained
2,15016,14635,broad_fare_bounds,2010,2017,True,True,retained,True,True,retained
2,15016,14679,broad_fare_bounds,2010,2017,True,True,retained,True,True,retained
2,15016,14747,broad_fare_bounds,2010,2017,True,True,retained,True,True,retained
2,15016,14771,broad_fare_bounds,2010,2017,True,True,retained,True,True,retained
2,15016,14869,broad_fare_bounds,2010,2017,True,True,retained,True,True,retained
2,15016,15304,broad_fare_bounds,2010,2017,True,True,retained,True,True,retained
2,15304,10397,broad_fare_bounds,2010,2017,True,True,retained,True,True,retained
2,15304,10721,broad_fare_bounds,2010,2017,True,True,retained,True,True,retained
2,15304,10821,broad_fare_bounds,2010,2017,True,True,retained,True,True,retained
2,15304,11278,broad_fare_bounds,2010,2017,True,True,retained,True,True,retained
2,15304,11292,broad_fare_bounds,2010,2017,True,True,retained,True,True,retained
2,15304,11298,broad_fare_bounds,2010,2017,True,True,retained,True,True,retained
2,15304,11433,broad_fare_bounds,2010,2017,True,True,retained,True,True,retained
2,15304,11618,broad_fare_bounds,2010,2017,True,True,retained,True,True,retained
2,15304,11697,broad_fare_bounds,2010,2017,True,True,retained,True,True,retained
2,15304,12266,broad_fare_bounds,2010,2017,True,True,retained,True,True,retained
2,15304,12478,broad_fare_bounds,2010,2017,True,True,retained,True,True,retained
2,15304,12889,broad_fare_bounds,2010,2017,True,True,retained,True,True,retained
2,15304,12892,broad_fare_bounds,2010,2017,True,True,retained,True,True,retained
2,15304,12953,broad_fare_bounds,2010,2017,True,True,retained,True,True,retained
2,15304,13232,broad_fare_bounds,2010,2017,True,True,retained,True,True,retained
2,15304,13303,broad_fare_bounds,2010,2017,True,True,retained,True,True,retained
2,15304,13487,broad_fare_bounds,2010,2017,True,True,retained,True,True,retained
2,15304,13796,broad_fare_bounds,2010,2017,True,True,retained,False,False,absent
2,15304,13930,broad_fare_bounds,2010,2017,True,True,retained,True,True,retained
2,15304,14100,broad_fare_bounds,2010,2017,True,True,retained,True,True,retained
2,15304,14107,broad_fare_bounds,2010,2017,True,True,retained,True,True,retained
2,15304,14679,broad_fare_bounds,2010,2017,True,True,retained,False,False,absent
2,15304,14747,broad_fare_bounds,2010,2017,True,True,retained,False,True,entered
2,15304,14771,broad_fare_bounds,2010,2017,True,True,retained,False,True,entered
2,15304,14869,broad_fare_bounds,2010,2017,True,True,retained,True,False,exited
2,15304,15016,broad_fare_bounds,2010,2017,True,True,retained,True,True,retained
3,10397,10721,broad_fare_bounds,2010,2017,True,True,retained,True,True,retained
3,10397,10821,broad_fare_bounds,2010,2017,True,True,retained,True,True,retained
3,10397,11278,broad_fare_bounds,2010,2017,True,True,retained,True,True,retained
3,10397,11292,broad_fare_bounds,2010,2017,True,True,retained,True,True,retained
3,10397,11298,broad_fare_bounds,2010,2017,True,True,retained,True,True,retained
3,10397,11433,broad_fare_bounds,2010,2017,True,True,retained,True,True,retained
3,10397,11618,broad_fare_bounds,2010,2017,True,True,retained,True,True,retained
3,10397,11697,broad_fare_bounds,2010,2017,True,True,retained,True,True,retained
3,10397,12173,broad_fare_bounds,2010,2017,True,True,retained,True,True,retained
3,10397,12266,broad_fare_bounds,2010,2017,True,True,retained,True,True,retained
3,10397,12478,broad_fare_bounds,2010,2017,True,True,retained,True,True,retained
3,10397,12889,broad_fare_bounds,2010,2017,True,True,retained,True,True,retained
3,10397,12892,broad_fare_bounds,2010,2017,True,True,retained,True,True,retained
3,10397,12953,broad_fare_bounds,2010,2017,True,True,retained,True,True,retained
3,10397,13204,broad_fare_bounds,2010,2017,True,True,retained,True,True,retained
3,10397,13232,broad_fare_bounds,2010,2017,True,True,retained,True,True,retained
3,10397,13303,broad_fare_bounds,2010,2017,True,True,retained,True,True,retained
3,10397,13487,broad_fare_bounds,2010,2017,True,True,retained,True,True,retained
3,10397,13796,broad_fare_bounds,2010,2017,True,True,retained,True,True,retained
3,10397,13930,broad_fare_bounds,2010,2017,True,True,retained,True,True,retained
3,10397,14100,broad_fare_bounds,2010,2017,True,True,retained,True,True,retained
3,10397,14107,broad_fare_bounds,2010,2017,True,True,retained,True,True,retained
3,10397,14635,broad_fare_bounds,2010,2017,True,True,retained,True,True,retained
3,10397,14679,broad_fare_bounds,2010,2017,True,True,retained,True,True,retained
3,10397,14747,broad_fare_bounds,2010,2017,True,True,retained,True,True,retained
3,10397,14771,broad_fare_bounds,2010,2017,True,True,retained,True,True,retained
3,10397,14869,broad_fare_bounds,2010,2017,True,True,retained,True,True,retained
3,10397,15016,broad_fare_bounds,2010,2017,True,True,retained,True,True,retained
3,10397,15304,broad_fare_bounds,2010,2017,True,True,retained,True,True,retained
3,10721,10397,broad_fare_bounds,2010,2017,True,True,retained,True,True,retained
3,10721,10821,broad_fare_bounds,2010,2017,True,True,retained,True,True,retained
3,10721,11278,broad_fare_bounds,2010,2017,True,True,retained,True,True,retained
3,10721,11292,broad_fare_bounds,2010,2017,True,True,retained,True,True,retained
3,10721,11298,broad_fare_bounds,2010,2017,True,True,retained,True,True,retained
3,10721,11433,broad_fare_bounds,2010,2017,True,True,retained,True,True,retained
3,10721,11618,broad_fare_bounds,2010,2017,True,True,retained,True,True,retained
3,10721,11697,broad_fare_bounds,2010,2017,True,True,retained,True,True,retained
3,10721,12173,broad_fare_bounds,2010,2017,False,True,entered,False,False,absent
3,10721,12266,broad_fare_bounds,2010,2017,True,True,retained,True,True,retained
3,10721,12478,broad_fare_bounds,2010,2017,True,True,retained,True,True,retained
3,10721,12889,broad_fare_bounds,2010,2017,True,True,retained,True,True,retained
3,10721,12892,broad_fare_bounds,2010,2017,True,True,retained,True,True,retained
3,10721,12953,broad_fare_bounds,2010,2017,True,True,retained,True,True,retained
3,10721,13204,broad_fare_bounds,2010,2017,True,True,retained,True,True,retained
3,10721,13232,broad_fare_bounds,2010,2017,True,True,retained,True,True,retained
3,10721,13303,broad_fare_bounds,2010,2017,True,True,retained,True,True,retained
3,10721,13487,broad_fare_bounds,2010,2017,True,True,retained,True,True,retained
3,10721,13796,broad_fare_bounds,2010,2017,True,True,retained,True,True,retained
3,10721,13930,broad_fare_bounds,2010,2017,True,True,retained,True,True,retained
3,10721,14100,broad_fare_bounds,2010,2017,True,True,retained,True,True,retained
3,10721,14107,broad_fare_bounds,2010,2017,True,True,retained,True,True,retained
3,10721,14635,broad_fare_bounds,2010,2017,True,True,retained,True,True,retained
3,10721,14679,broad_fare_bounds,2010,2017,True,True,retained,True,True,retained
3,10721,14747,broad_fare_bounds,2010,2017,True,True,retained,True,True,retained
3,10721,14771,broad_fare_bounds,2010,2017,True,True,retained,True,True,retained
3,10721,14869,broad_fare_bounds,2010,2017,True,True,retained,True,True,retained
3,10721,15016,broad_fare_bounds,2010,2017,True,True,retained,True,True,retained
3,10721,15304,broad_fare_bounds,2010,2017,True,True,retained,True,True,retained
3,10821,10397,broad_fare_bounds,2010,2017,True,True,retained,True,True,retained
3,10821,10721,broad_fare_bounds,2010,2017,True,True,retained,True,True,retained
3,10821,11292,broad_fare_bounds,2010,2017,True,True,retained,True,True,retained
3,10821,11298,broad_fare_bounds,2010,2017,True,True,retained,True,True,retained
3,10821,11433,broad_fare_bounds,2010,2017,True,True,retained,True,True,retained
3,10821,11618,broad_fare_bounds,2010,2017,True,True,retained,True,True,retained
3,10821,11697,broad_fare_bounds,2010,2017,True,True,retained,True,True,retained
3,10821,12266,broad_fare_bounds,2010,2017,True,True,retained,True,True,retained
3,10821,12478,broad_fare_bounds,2010,2017,True,True,retained,True,False,exited
3,10821,12889,broad_fare_bounds,2010,2017,True,True,retained,True,True,retained
3,10821,12892,broad_fare_bounds,2010,2017,True,True,retained,True,True,retained
3,10821,12953,broad_fare_bounds,2010,2017,True,True,retained,True,False,exited
3,10821,13204,broad_fare_bounds,2010,2017,True,True,retained,True,True,retained
3,10821,13232,broad_fare_bounds,2010,2017,True,True,retained,True,True,retained
3,10821,13303,broad_fare_bounds,2010,2017,True,True,retained,True,True,retained
3,10821,13487,broad_fare_bounds,2010,2017,True,True,retained,True,True,retained
3,10821,13796,broad_fare_bounds,2010,2017,True,True,retained,False,True,entered
3,10821,13930,broad_fare_bounds,2010,2017,True,True,retained,True,True,retained
3,10821,14100,broad_fare_bounds,2010,2017,True,True,retained,True,False,exited
3,10821,14107,broad_fare_bounds,2010,2017,True,True,retained,True,True,retained
3,10821,14635,broad_fare_bounds,2010,2017,True,True,retained,True,True,retained
3,10821,14679,broad_fare_bounds,2010,2017,True,True,retained,True,True,retained
3,10821,14747,broad_fare_bounds,2010,2017,True,True,retained,True,True,retained
3,10821,14771,broad_fare_bounds,2010,2017,True,True,retained,True,True,retained
3,10821,14869,broad_fare_bounds,2010,2017,True,True,retained,True,True,retained
3,10821,15016,broad_fare_bounds,2010,2017,True,True,retained,True,True,retained
3,10821,15304,broad_fare_bounds,2010,2017,True,True,retained,True,True,retained
3,11278,10397,broad_fare_bounds,2010,2017,True,True,retained,True,True,retained
3,11278,10721,broad_fare_bounds,2010,2017,True,True,retained,True,True,retained
3,11278,11292,broad_fare_bounds,2010,2017,True,True,retained,True,True,retained
3,11278,11298,broad_fare_bounds,2010,2017,True,True,retained,True,True,retained
3,11278,11433,broad_fare_bounds,2010,2017,True,True,retained,True,True,retained
3,11278,11618,broad_fare_bounds,2010,2017,True,True,retained,True,True,retained
3,11278,11697,broad_fare_bounds,2010,2017,True,True,retained,True,True,retained
3,11278,12266,broad_fare_bounds,2010,2017,True,True,retained,True,True,retained
3,11278,12478,broad_fare_bounds,2010,2017,True,True,retained,True,True,retained
3,11278,12889,broad_fare_bounds,2010,2017,True,True,retained,True,True,retained
3,11278,12892,broad_fare_bounds,2010,2017,True,True,retained,True,True,retained
3,11278,12953,broad_fare_bounds,2010,2017,True,True,retained,True,True,retained
3,11278,13204,broad_fare_bounds,2010,2017,True,True,retained,True,True,retained
3,11278,13232,broad_fare_bounds,2010,2017,False,True,entered,False,True,entered
3,11278,13303,broad_fare_bounds,2010,2017,True,True,retained,True,True,retained
3,11278,13487,broad_fare_bounds,2010,2017,True,True,retained,True,True,retained
3,11278,13796,broad_fare_bounds,2010,2017,True,True,retained,False,False,absent
3,11278,13930,broad_fare_bounds,2010,2017,True,True,retained,True,True,retained
3,11278,14100,broad_fare_bounds,2010,2017,True,True,retained,True,True,retained
3,11278,14107,broad_fare_bounds,2010,2017,True,True,retained,True,True,retained
3,11278,14635,broad_fare_bounds,2010,2017,True,True,retained,True,True,retained
3,11278,14679,broad_fare_bounds,2010,2017,True,True,retained,False,False,absent
3,11278,14747,broad_fare_bounds,2010,2017,True,True,retained,True,True,retained
3,11278,14771,broad_fare_bounds,2010,2017,True,True,retained,False,True,entered
3,11278,14869,broad_fare_bounds,2010,2017,True,True,retained,True,True,retained
3,11278,15016,broad_fare_bounds,2010,2017,True,True,retained,True,True,retained
3,11278,15304,broad_fare_bounds,2010,2017,True,True,retained,True,True,retained
3,11292,10397,broad_fare_bounds,2010,2017,True,True,retained,True,True,retained
3,11292,10721,broad_fare_bounds,2010,2017,True,True,retained,True,True,retained
3,11292,10821,broad_fare_bounds,2010,2017,True,True,retained,True,True,retained
3,11292,11278,broad_fare_bounds,2010,2017,True,True,retained,True,True,retained
3,11292,11298,broad_fare_bounds,2010,2017,True,True,retained,True,True,retained
3,11292,11433,broad_fare_bounds,2010,2017,True,True,retained,True,True,retained
3,11292,11618,broad_fare_bounds,2010,2017,True,True,retained,True,True,retained
3,11292,11697,broad_fare_bounds,2010,2017,True,True,retained,True,True,retained
3,11292,12173,broad_fare_bounds,2010,2017,True,True,retained,True,True,retained
3,11292,12266,broad_fare_bounds,2010,2017,True,True,retained,True,True,retained
3,11292,12478,broad_fare_bounds,2010,2017,True,True,retained,True,True,retained
3,11292,12889,broad_fare_bounds,2010,2017,True,True,retained,True,True,retained
3,11292,12892,broad_fare_bounds,2010,2017,True,True,retained,True,True,retained
3,11292,12953,broad_fare_bounds,2010,2017,True,True,retained,True,True,retained
3,11292,13204,broad_fare_bounds,2010,2017,True,True,retained,True,True,retained
3,11292,13232,broad_fare_bounds,2010,2017,True,True,retained,True,True,retained
3,11292,13303,broad_fare_bounds,2010,2017,True,True,retained,True,True,retained
3,11292,13487,broad_fare_bounds,2010,2017,True,True,retained,True,True,retained
3,11292,13796,broad_fare_bounds,2010,2017,True,True,retained,True,True,retained
3,11292,13930,broad_fare_bounds,2010,2017,True,True,retained,True,True,retained
3,11292,14100,broad_fare_bounds,2010,2017,True,True,retained,True,True,retained
3,11292,14107,broad_fare_bounds,2010,2017,True,True,retained,True,True,retained
3,11292,14635,broad_fare_bounds,2010,2017,True,True,retained,True,True,retained
3,11292,14679,broad_fare_bounds,2010,2017,True,True,retained,True,True,retained
3,11292,14747,broad_fare_bounds,2010,2017,True,True,retained,True,True,retained
3,11292,14771,broad_fare_bounds,2010,2017,True,True,retained,True,True,retained
3,11292,14869,broad_fare_bounds,2010,2017,True,True,retained,True,True,retained
3,11292,15016,broad_fare_bounds,2010,2017,True,True,retained,True,True,retained
3,11292,15304,broad_fare_bounds,2010,2017,True,True,retained,True,True,retained
3,11298,10397,broad_fare_bounds,2010,2017,True,True,retained,True,True,retained
3,11298,10721,broad_fare_bounds,2010,2017,True,True,retained,True,True,retained
3,11298,10821,broad_fare_bounds,2010,2017,True,True,retained,True,True,retained
3,11298,11278,broad_fare_bounds,2010,2017,True,True,retained,True,True,retained
3,11298,11292,broad_fare_bounds,2010,2017,True,True,retained,True,True,retained
3,11298,11433,broad_fare_bounds,2010,2017,True,True,retained,True,True,retained
3,11298,11618,broad_fare_bounds,2010,2017,True,True,retained,True,True,retained
3,11298,11697,broad_fare_bounds,2010,2017,True,True,retained,True,True,retained
3,11298,12173,broad_fare_bounds,2010,2017,True,True,retained,True,True,retained
3,11298,12266,broad_fare_bounds,2010,2017,True,True,retained,True,True,retained
3,11298,12478,broad_fare_bounds,2010,2017,True,True,retained,True,True,retained
3,11298,12889,broad_fare_bounds,2010,2017,True,True,retained,True,True,retained
3,11298,12892,broad_fare_bounds,2010,2017,True,True,retained,True,True,retained
3,11298,12953,broad_fare_bounds,2010,2017,True,True,retained,True,True,retained
3,11298,13204,broad_fare_bounds,2010,2017,True,True,retained,True,True,retained
3,11298,13232,broad_fare_bounds,2010,2017,True,False,exited,False,False,absent
3,11298,13303,broad_fare_bounds,2010,2017,True,True,retained,True,True,retained
3,11298,13487,broad_fare_bounds,2010,2017,True,True,retained,True,True,retained
3,11298,13796,broad_fare_bounds,2010,2017,True,True,retained,False,True,entered
3,11298,13930,broad_fare_bounds,2010,2017,True,True,retained,True,True,retained
3,11298,14100,broad_fare_bounds,2010,2017,True,True,retained,True,True,retained
3,11298,14107,broad_fare_bounds,2010,2017,True,True,retained,True,True,retained
3,11298,14635,broad_fare_bounds,2010,2017,True,True,retained,True,True,retained
3,11298,14679,broad_fare_bounds,2010,2017,True,True,retained,True,True,retained
3,11298,14747,broad_fare_bounds,2010,2017,True,True,retained,True,True,retained
3,11298,14771,broad_fare_bounds,2010,2017,True,True,retained,True,True,retained
3,11298,14869,broad_fare_bounds,2010,2017,True,True,retained,True,True,retained
3,11298,15016,broad_fare_bounds,2010,2017,True,True,retained,True,True,retained
3,11298,15304,broad_fare_bounds,2010,2017,True,True,retained,True,True,retained
3,11433,10397,broad_fare_bounds,2010,2017,True,True,retained,True,True,retained
3,11433,10721,broad_fare_bounds,2010,2017,True,True,retained,True,True,retained
3,11433,10821,broad_fare_bounds,2010,2017,True,True,retained,True,True,retained
3,11433,11278,broad_fare_bounds,2010,2017,True,True,retained,True,True,retained
3,11433,11292,broad_fare_bounds,2010,2017,True,True,retained,True,True,retained
3,11433,11298,broad_fare_bounds,2010,2017,True,True,retained,True,True,retained
3,11433,11618,broad_fare_bounds,2010,2017,True,True,retained,True,True,retained
3,11433,11697,broad_fare_bounds,2010,2017,True,True,retained,True,True,retained
3,11433,12173,broad_fare_bounds,2010,2017,True,True,retained,True,False,exited
3,11433,12266,broad_fare_bounds,2010,2017,True,True,retained,True,True,retained
3,11433,12478,broad_fare_bounds,2010,2017,True,True,retained,True,True,retained
3,11433,12889,broad_fare_bounds,2010,2017,True,True,retained,True,True,retained
3,11433,12892,broad_fare_bounds,2010,2017,True,True,retained,True,True,retained
3,11433,12953,broad_fare_bounds,2010,2017,True,True,retained,True,True,retained
3,11433,13204,broad_fare_bounds,2010,2017,True,True,retained,True,True,retained
3,11433,13232,broad_fare_bounds,2010,2017,True,True,retained,True,True,retained
3,11433,13303,broad_fare_bounds,2010,2017,True,True,retained,True,True,retained
3,11433,13487,broad_fare_bounds,2010,2017,True,True,retained,True,True,retained
3,11433,13796,broad_fare_bounds,2010,2017,True,True,retained,False,True,entered
3,11433,13930,broad_fare_bounds,2010,2017,True,True,retained,True,True,retained
3,11433,14100,broad_fare_bounds,2010,2017,True,True,retained,True,True,retained
3,11433,14107,broad_fare_bounds,2010,2017,True,True,retained,True,True,retained
3,11433,14635,broad_fare_bounds,2010,2017,True,True,retained,True,True,retained
3,11433,14679,broad_fare_bounds,2010,2017,True,True,retained,True,True,retained
3,11433,14747,broad_fare_bounds,2010,2017,True,True,retained,True,True,retained
3,11433,14771,broad_fare_bounds,2010,2017,True,True,retained,True,True,retained
3,11433,14869,broad_fare_bounds,2010,2017,True,True,retained,True,True,retained
3,11433,15016,broad_fare_bounds,2010,2017,True,True,retained,True,True,retained
3,11433,15304,broad_fare_bounds,2010,2017,True,True,retained,True,True,retained
3,11618,10397,broad_fare_bounds,2010,2017,True,True,retained,True,True,retained
3,11618,10721,broad_fare_bounds,2010,2017,True,True,retained,True,True,retained
3,11618,10821,broad_fare_bounds,2010,2017,True,True,retained,True,True,retained
3,11618,11278,broad_fare_bounds,2010,2017,True,True,retained,True,True,retained
3,11618,11292,broad_fare_bounds,2010,2017,True,True,retained,True,True,retained
3,11618,11298,broad_fare_bounds,2010,2017,True,True,retained,True,True,retained
3,11618,11433,broad_fare_bounds,2010,2017,True,True,retained,True,True,retained
3,11618,11697,broad_fare_bounds,2010,2017,True,True,retained,True,True,retained
3,11618,12173,broad_fare_bounds,2010,2017,True,True,retained,True,True,retained
3,11618,12266,broad_fare_bounds,2010,2017,True,True,retained,True,True,retained
3,11618,12889,broad_fare_bounds,2010,2017,True,True,retained,True,True,retained
3,11618,12892,broad_fare_bounds,2010,2017,True,True,retained,True,True,retained
3,11618,13204,broad_fare_bounds,2010,2017,True,True,retained,True,True,retained
3,11618,13232,broad_fare_bounds,2010,2017,False,True,entered,False,True,entered
3,11618,13303,broad_fare_bounds,2010,2017,True,True,retained,True,True,retained
3,11618,13487,broad_fare_bounds,2010,2017,True,True,retained,True,True,retained
3,11618,13796,broad_fare_bounds,2010,2017,True,True,retained,False,True,entered
3,11618,13930,broad_fare_bounds,2010,2017,True,True,retained,True,True,retained
3,11618,14100,broad_fare_bounds,2010,2017,True,False,exited,False,False,absent
3,11618,14107,broad_fare_bounds,2010,2017,True,True,retained,True,True,retained
3,11618,14635,broad_fare_bounds,2010,2017,True,True,retained,True,True,retained
3,11618,14679,broad_fare_bounds,2010,2017,True,True,retained,True,True,retained
3,11618,14747,broad_fare_bounds,2010,2017,True,True,retained,True,True,retained
3,11618,14771,broad_fare_bounds,2010,2017,True,True,retained,True,True,retained
3,11618,14869,broad_fare_bounds,2010,2017,True,True,retained,True,True,retained
3,11618,15016,broad_fare_bounds,2010,2017,True,True,retained,True,True,retained
3,11618,15304,broad_fare_bounds,2010,2017,True,True,retained,True,True,retained
3,11697,10397,broad_fare_bounds,2010,2017,True,True,retained,True,True,retained
3,11697,10721,broad_fare_bounds,2010,2017,True,True,retained,True,True,retained
3,11697,10821,broad_fare_bounds,2010,2017,True,True,retained,True,True,retained
3,11697,11278,broad_fare_bounds,2010,2017,True,True,retained,True,True,retained
3,11697,11292,broad_fare_bounds,2010,2017,True,True,retained,True,True,retained
3,11697,11298,broad_fare_bounds,2010,2017,True,True,retained,True,True,retained
3,11697,11433,broad_fare_bounds,2010,2017,True,True,retained,True,True,retained
3,11697,11618,broad_fare_bounds,2010,2017,True,True,retained,True,True,retained
3,11697,12266,broad_fare_bounds,2010,2017,True,True,retained,True,True,retained
3,11697,12478,broad_fare_bounds,2010,2017,True,True,retained,True,True,retained
3,11697,12889,broad_fare_bounds,2010,2017,True,True,retained,True,True,retained
3,11697,12892,broad_fare_bounds,2010,2017,True,True,retained,True,True,retained
3,11697,12953,broad_fare_bounds,2010,2017,True,True,retained,True,True,retained
3,11697,13204,broad_fare_bounds,2010,2017,True,True,retained,True,True,retained
3,11697,13232,broad_fare_bounds,2010,2017,True,True,retained,True,True,retained
3,11697,13487,broad_fare_bounds,2010,2017,True,True,retained,True,True,retained
3,11697,13796,broad_fare_bounds,2010,2017,True,True,retained,False,False,absent
3,11697,13930,broad_fare_bounds,2010,2017,True,True,retained,True,True,retained
3,11697,14100,broad_fare_bounds,2010,2017,True,True,retained,True,True,retained
3,11697,14107,broad_fare_bounds,2010,2017,True,True,retained,True,True,retained
3,11697,14679,broad_fare_bounds,2010,2017,True,True,retained,False,True,entered
3,11697,14747,broad_fare_bounds,2010,2017,True,True,retained,False,True,entered
3,11697,14771,broad_fare_bounds,2010,2017,True,True,retained,True,True,retained
3,11697,14869,broad_fare_bounds,2010,2017,True,False,exited,False,False,absent
3,11697,15016,broad_fare_bounds,2010,2017,True,True,retained,True,True,retained
3,11697,15304,broad_fare_bounds,2010,2017,True,True,retained,True,True,retained
3,12173,10397,broad_fare_bounds,2010,2017,True,True,retained,True,True,retained
3,12173,10721,broad_fare_bounds,2010,2017,False,True,entered,False,False,absent
3,12173,11292,broad_fare_bounds,2010,2017,True,True,retained,True,True,retained
3,12173,11298,broad_fare_bounds,2010,2017,True,True,retained,True,True,retained
3,12173,11433,broad_fare_bounds,2010,2017,True,True,retained,True,False,exited
3,12173,11618,broad_fare_bounds,2010,2017,True,True,retained,True,True,retained
3,12173,12266,broad_fare_bounds,2010,2017,True,True,retained,True,True,retained
3,12173,12478,broad_fare_bounds,2010,2017,True,True,retained,False,True,entered
3,12173,12889,broad_fare_bounds,2010,2017,True,True,retained,True,True,retained
3,12173,12892,broad_fare_bounds,2010,2017,True,True,retained,True,True,retained
3,12173,13487,broad_fare_bounds,2010,2017,True,True,retained,True,True,retained
3,12173,13796,broad_fare_bounds,2010,2017,True,True,retained,True,True,retained
3,12173,13930,broad_fare_bounds,2010,2017,True,True,retained,True,True,retained
3,12173,14100,broad_fare_bounds,2010,2017,True,False,exited,False,False,absent
3,12173,14107,broad_fare_bounds,2010,2017,True,True,retained,True,True,retained
3,12173,14679,broad_fare_bounds,2010,2017,True,True,retained,True,True,retained
3,12173,14747,broad_fare_bounds,2010,2017,True,True,retained,True,True,retained
3,12173,14771,broad_fare_bounds,2010,2017,True,True,retained,True,True,retained
3,12173,14869,broad_fare_bounds,2010,2017,True,True,retained,True,True,retained
3,12266,10397,broad_fare_bounds,2010,2017,True,True,retained,True,True,retained
3,12266,10721,broad_fare_bounds,2010,2017,True,True,retained,True,True,retained
3,12266,10821,broad_fare_bounds,2010,2017,True,True,retained,True,True,retained
3,12266,11278,broad_fare_bounds,2010,2017,True,True,retained,True,True,retained
3,12266,11292,broad_fare_bounds,2010,2017,True,True,retained,True,True,retained
3,12266,11298,broad_fare_bounds,2010,2017,True,True,retained,True,True,retained
3,12266,11433,broad_fare_bounds,2010,2017,True,True,retained,True,True,retained
3,12266,11618,broad_fare_bounds,2010,2017,True,True,retained,True,True,retained
3,12266,11697,broad_fare_bounds,2010,2017,True,True,retained,True,True,retained
3,12266,12173,broad_fare_bounds,2010,2017,True,True,retained,True,True,retained
3,12266,12478,broad_fare_bounds,2010,2017,True,True,retained,True,False,exited
3,12266,12889,broad_fare_bounds,2010,2017,True,True,retained,True,True,retained
3,12266,12892,broad_fare_bounds,2010,2017,True,True,retained,True,True,retained
3,12266,12953,broad_fare_bounds,2010,2017,True,True,retained,True,True,retained
3,12266,13204,broad_fare_bounds,2010,2017,True,True,retained,True,True,retained
3,12266,13232,broad_fare_bounds,2010,2017,True,False,exited,False,False,absent
3,12266,13303,broad_fare_bounds,2010,2017,True,True,retained,True,True,retained
3,12266,13487,broad_fare_bounds,2010,2017,True,True,retained,True,True,retained
3,12266,13796,broad_fare_bounds,2010,2017,True,True,retained,False,True,entered
3,12266,13930,broad_fare_bounds,2010,2017,True,True,retained,True,True,retained
3,12266,14100,broad_fare_bounds,2010,2017,True,True,retained,True,True,retained
3,12266,14107,broad_fare_bounds,2010,2017,True,True,retained,True,True,retained
3,12266,14635,broad_fare_bounds,2010,2017,True,True,retained,True,True,retained
3,12266,14679,broad_fare_bounds,2010,2017,True,True,retained,True,True,retained
3,12266,14747,broad_fare_bounds,2010,2017,True,True,retained,True,True,retained
3,12266,14771,broad_fare_bounds,2010,2017,True,True,retained,True,True,retained
3,12266,14869,broad_fare_bounds,2010,2017,True,True,retained,True,True,retained
3,12266,15016,broad_fare_bounds,2010,2017,True,True,retained,True,True,retained
3,12266,15304,broad_fare_bounds,2010,2017,True,True,retained,True,True,retained
3,12478,10397,broad_fare_bounds,2010,2017,True,True,retained,True,True,retained
3,12478,10721,broad_fare_bounds,2010,2017,True,True,retained,True,True,retained
3,12478,10821,broad_fare_bounds,2010,2017,True,True,retained,True,False,exited
3,12478,11278,broad_fare_bounds,2010,2017,True,True,retained,True,True,retained
3,12478,11292,broad_fare_bounds,2010,2017,True,True,retained,True,True,retained
3,12478,11298,broad_fare_bounds,2010,2017,True,True,retained,True,True,retained
3,12478,11433,broad_fare_bounds,2010,2017,True,True,retained,True,True,retained
3,12478,11697,broad_fare_bounds,2010,2017,True,True,retained,True,True,retained
3,12478,12173,broad_fare_bounds,2010,2017,False,True,entered,False,True,entered
3,12478,12266,broad_fare_bounds,2010,2017,True,True,retained,True,False,exited
3,12478,12889,broad_fare_bounds,2010,2017,True,True,retained,True,True,retained
3,12478,12892,broad_fare_bounds,2010,2017,True,True,retained,True,True,retained
3,12478,13204,broad_fare_bounds,2010,2017,True,True,retained,True,True,retained
3,12478,13303,broad_fare_bounds,2010,2017,True,True,retained,True,True,retained
3,12478,13487,broad_fare_bounds,2010,2017,True,True,retained,True,True,retained
3,12478,13796,broad_fare_bounds,2010,2017,True,True,retained,True,True,retained
3,12478,13930,broad_fare_bounds,2010,2017,True,True,retained,True,True,retained
3,12478,14100,broad_fare_bounds,2010,2017,True,True,retained,True,True,retained
3,12478,14107,broad_fare_bounds,2010,2017,True,True,retained,True,True,retained
3,12478,14635,broad_fare_bounds,2010,2017,True,True,retained,True,True,retained
3,12478,14679,broad_fare_bounds,2010,2017,True,True,retained,True,True,retained
3,12478,14747,broad_fare_bounds,2010,2017,True,True,retained,True,True,retained
3,12478,14771,broad_fare_bounds,2010,2017,True,True,retained,True,True,retained
3,12478,14869,broad_fare_bounds,2010,2017,True,True,retained,True,True,retained
3,12478,15016,broad_fare_bounds,2010,2017,True,False,exited,True,False,exited
3,12478,15304,broad_fare_bounds,2010,2017,True,True,retained,True,True,retained
3,12889,10397,broad_fare_bounds,2010,2017,True,True,retained,True,True,retained
3,12889,10721,broad_fare_bounds,2010,2017,True,True,retained,True,True,retained
3,12889,10821,broad_fare_bounds,2010,2017,True,True,retained,True,True,retained
3,12889,11278,broad_fare_bounds,2010,2017,True,True,retained,True,True,retained
3,12889,11292,broad_fare_bounds,2010,2017,True,True,retained,True,True,retained
3,12889,11298,broad_fare_bounds,2010,2017,True,True,retained,True,True,retained
3,12889,11433,broad_fare_bounds,2010,2017,True,True,retained,True,True,retained
3,12889,11618,broad_fare_bounds,2010,2017,True,True,retained,True,True,retained
3,12889,11697,broad_fare_bounds,2010,2017,True,True,retained,True,True,retained
3,12889,12173,broad_fare_bounds,2010,2017,True,True,retained,True,True,retained
3,12889,12266,broad_fare_bounds,2010,2017,True,True,retained,True,True,retained
3,12889,12478,broad_fare_bounds,2010,2017,True,True,retained,True,True,retained
3,12889,12892,broad_fare_bounds,2010,2017,True,True,retained,True,True,retained
3,12889,12953,broad_fare_bounds,2010,2017,True,True,retained,False,False,absent
3,12889,13204,broad_fare_bounds,2010,2017,True,True,retained,True,True,retained
3,12889,13232,broad_fare_bounds,2010,2017,True,True,retained,True,True,retained
3,12889,13303,broad_fare_bounds,2010,2017,True,True,retained,True,True,retained
3,12889,13487,broad_fare_bounds,2010,2017,True,True,retained,True,True,retained
3,12889,13796,broad_fare_bounds,2010,2017,True,True,retained,True,True,retained
3,12889,13930,broad_fare_bounds,2010,2017,True,True,retained,True,True,retained
3,12889,14100,broad_fare_bounds,2010,2017,True,True,retained,True,True,retained
3,12889,14107,broad_fare_bounds,2010,2017,True,True,retained,True,True,retained
3,12889,14635,broad_fare_bounds,2010,2017,True,True,retained,False,False,absent
3,12889,14679,broad_fare_bounds,2010,2017,True,True,retained,True,True,retained
3,12889,14747,broad_fare_bounds,2010,2017,True,True,retained,True,True,retained
3,12889,14771,broad_fare_bounds,2010,2017,True,True,retained,True,True,retained
3,12889,14869,broad_fare_bounds,2010,2017,True,True,retained,True,True,retained
3,12889,15016,broad_fare_bounds,2010,2017,True,True,retained,True,True,retained
3,12889,15304,broad_fare_bounds,2010,2017,True,True,retained,True,True,retained
3,12892,10397,broad_fare_bounds,2010,2017,True,True,retained,True,True,retained
3,12892,10721,broad_fare_bounds,2010,2017,True,True,retained,True,True,retained
3,12892,10821,broad_fare_bounds,2010,2017,True,True,retained,True,True,retained
3,12892,11278,broad_fare_bounds,2010,2017,True,True,retained,True,True,retained
3,12892,11292,broad_fare_bounds,2010,2017,True,True,retained,True,True,retained
3,12892,11298,broad_fare_bounds,2010,2017,True,True,retained,True,True,retained
3,12892,11433,broad_fare_bounds,2010,2017,True,True,retained,True,True,retained
3,12892,11618,broad_fare_bounds,2010,2017,True,True,retained,True,True,retained
3,12892,11697,broad_fare_bounds,2010,2017,True,True,retained,True,True,retained
3,12892,12173,broad_fare_bounds,2010,2017,True,True,retained,True,True,retained
3,12892,12266,broad_fare_bounds,2010,2017,True,True,retained,True,True,retained
3,12892,12478,broad_fare_bounds,2010,2017,True,True,retained,True,True,retained
3,12892,12889,broad_fare_bounds,2010,2017,True,True,retained,True,True,retained
3,12892,12953,broad_fare_bounds,2010,2017,True,True,retained,False,False,absent
3,12892,13204,broad_fare_bounds,2010,2017,True,True,retained,True,True,retained
3,12892,13232,broad_fare_bounds,2010,2017,True,True,retained,True,True,retained
3,12892,13303,broad_fare_bounds,2010,2017,True,True,retained,True,True,retained
3,12892,13487,broad_fare_bounds,2010,2017,True,True,retained,True,True,retained
3,12892,13796,broad_fare_bounds,2010,2017,True,True,retained,True,True,retained
3,12892,13930,broad_fare_bounds,2010,2017,True,True,retained,True,True,retained
3,12892,14100,broad_fare_bounds,2010,2017,True,True,retained,True,True,retained
3,12892,14107,broad_fare_bounds,2010,2017,True,True,retained,True,True,retained
3,12892,14635,broad_fare_bounds,2010,2017,False,True,entered,False,False,absent
3,12892,14679,broad_fare_bounds,2010,2017,True,True,retained,True,True,retained
3,12892,14747,broad_fare_bounds,2010,2017,True,True,retained,True,True,retained
3,12892,14771,broad_fare_bounds,2010,2017,True,True,retained,True,True,retained
3,12892,14869,broad_fare_bounds,2010,2017,True,True,retained,True,True,retained
3,12892,15016,broad_fare_bounds,2010,2017,True,True,retained,True,True,retained
3,12892,15304,broad_fare_bounds,2010,2017,True,True,retained,True,True,retained
3,12953,10397,broad_fare_bounds,2010,2017,True,True,retained,True,True,retained
3,12953,10721,broad_fare_bounds,2010,2017,True,True,retained,True,True,retained
3,12953,10821,broad_fare_bounds,2010,2017,True,False,exited,True,False,exited
3,12953,11278,broad_fare_bounds,2010,2017,True,True,retained,True,True,retained
3,12953,11292,broad_fare_bounds,2010,2017,True,True,retained,True,True,retained
3,12953,11298,broad_fare_bounds,2010,2017,True,True,retained,True,True,retained
3,12953,11433,broad_fare_bounds,2010,2017,True,True,retained,True,True,retained
3,12953,11697,broad_fare_bounds,2010,2017,True,True,retained,True,True,retained
3,12953,12266,broad_fare_bounds,2010,2017,True,True,retained,True,True,retained
3,12953,12889,broad_fare_bounds,2010,2017,True,True,retained,False,False,absent
3,12953,12892,broad_fare_bounds,2010,2017,True,True,retained,False,False,absent
3,12953,13204,broad_fare_bounds,2010,2017,True,True,retained,True,True,retained
3,12953,13232,broad_fare_bounds,2010,2017,True,True,retained,True,True,retained
3,12953,13303,broad_fare_bounds,2010,2017,True,True,retained,True,True,retained
3,12953,13487,broad_fare_bounds,2010,2017,True,True,retained,True,True,retained
3,12953,13930,broad_fare_bounds,2010,2017,True,True,retained,True,True,retained
3,12953,14100,broad_fare_bounds,2010,2017,True,True,retained,True,True,retained
3,12953,14107,broad_fare_bounds,2010,2017,True,True,retained,False,False,absent
3,12953,14635,broad_fare_bounds,2010,2017,True,True,retained,True,True,retained
3,12953,14679,broad_fare_bounds,2010,2017,True,True,retained,False,False,absent
3,12953,14747,broad_fare_bounds,2010,2017,True,True,retained,False,False,absent
3,12953,14771,broad_fare_bounds,2010,2017,True,True,retained,False,False,absent
3,12953,14869,broad_fare_bounds,2010,2017,True,False,exited,True,False,exited
3,12953,15016,broad_fare_bounds,2010,2017,True,True,retained,True,True,retained
3,12953,15304,broad_fare_bounds,2010,2017,True,True,retained,True,True,retained
3,13204,10397,broad_fare_bounds,2010,2017,True,True,retained,True,True,retained
3,13204,10721,broad_fare_bounds,2010,2017,True,True,retained,True,True,retained
3,13204,10821,broad_fare_bounds,2010,2017,True,True,retained,True,True,retained
3,13204,11278,broad_fare_bounds,2010,2017,True,True,retained,True,True,retained
3,13204,11292,broad_fare_bounds,2010,2017,True,True,retained,True,True,retained
3,13204,11298,broad_fare_bounds,2010,2017,True,True,retained,True,True,retained
3,13204,11433,broad_fare_bounds,2010,2017,True,True,retained,True,True,retained
3,13204,11618,broad_fare_bounds,2010,2017,True,True,retained,True,True,retained
3,13204,11697,broad_fare_bounds,2010,2017,True,True,retained,True,True,retained
3,13204,12266,broad_fare_bounds,2010,2017,True,True,retained,True,True,retained
3,13204,12478,broad_fare_bounds,2010,2017,True,True,retained,True,True,retained
3,13204,12889,broad_fare_bounds,2010,2017,True,True,retained,True,True,retained
3,13204,12892,broad_fare_bounds,2010,2017,True,True,retained,True,True,retained
3,13204,12953,broad_fare_bounds,2010,2017,True,True,retained,True,True,retained
3,13204,13232,broad_fare_bounds,2010,2017,True,True,retained,True,True,retained
3,13204,13303,broad_fare_bounds,2010,2017,True,True,retained,True,True,retained
3,13204,13487,broad_fare_bounds,2010,2017,True,True,retained,True,True,retained
3,13204,13796,broad_fare_bounds,2010,2017,True,True,retained,False,False,absent
3,13204,13930,broad_fare_bounds,2010,2017,True,True,retained,True,True,retained
3,13204,14100,broad_fare_bounds,2010,2017,True,True,retained,True,True,retained
3,13204,14107,broad_fare_bounds,2010,2017,True,True,retained,True,True,retained
3,13204,14635,broad_fare_bounds,2010,2017,True,False,exited,True,False,exited
3,13204,14679,broad_fare_bounds,2010,2017,True,True,retained,False,True,entered
3,13204,14747,broad_fare_bounds,2010,2017,True,True,retained,True,True,retained
3,13204,14771,broad_fare_bounds,2010,2017,True,True,retained,True,True,retained
3,13204,14869,broad_fare_bounds,2010,2017,True,True,retained,True,True,retained
3,13204,15016,broad_fare_bounds,2010,2017,True,True,retained,True,True,retained
3,13204,15304,broad_fare_bounds,2010,2017,True,False,exited,False,False,absent
3,13232,10397,broad_fare_bounds,2010,2017,True,True,retained,True,True,retained
3,13232,10721,broad_fare_bounds,2010,2017,True,True,retained,True,True,retained
3,13232,10821,broad_fare_bounds,2010,2017,True,True,retained,True,True,retained
3,13232,11278,broad_fare_bounds,2010,2017,False,True,entered,False,True,entered
3,13232,11292,broad_fare_bounds,2010,2017,True,True,retained,True,True,retained
3,13232,11298,broad_fare_bounds,2010,2017,True,False,exited,False,False,absent
3,13232,11433,broad_fare_bounds,2010,2017,True,True,retained,True,True,retained
3,13232,11618,broad_fare_bounds,2010,2017,False,True,entered,False,True,entered
3,13232,11697,broad_fare_bounds,2010,2017,True,True,retained,True,True,retained
3,13232,12889,broad_fare_bounds,2010,2017,True,True,retained,True,True,retained
3,13232,12892,broad_fare_bounds,2010,2017,True,True,retained,True,True,retained
3,13232,12953,broad_fare_bounds,2010,2017,True,True,retained,True,True,retained
3,13232,13204,broad_fare_bounds,2010,2017,True,True,retained,True,True,retained
3,13232,13487,broad_fare_bounds,2010,2017,True,True,retained,True,True,retained
3,13232,13796,broad_fare_bounds,2010,2017,True,True,retained,True,True,retained
3,13232,14100,broad_fare_bounds,2010,2017,True,True,retained,True,True,retained
3,13232,14107,broad_fare_bounds,2010,2017,True,True,retained,True,True,retained
3,13232,14635,broad_fare_bounds,2010,2017,True,True,retained,True,True,retained
3,13232,14679,broad_fare_bounds,2010,2017,True,True,retained,True,True,retained
3,13232,14747,broad_fare_bounds,2010,2017,True,True,retained,True,True,retained
3,13232,14771,broad_fare_bounds,2010,2017,True,True,retained,True,True,retained
3,13232,14869,broad_fare_bounds,2010,2017,True,True,retained,True,True,retained
3,13232,15016,broad_fare_bounds,2010,2017,True,True,retained,True,True,retained
3,13232,15304,broad_fare_bounds,2010,2017,True,True,retained,True,True,retained
3,13303,10397,broad_fare_bounds,2010,2017,True,True,retained,True,True,retained
3,13303,10721,broad_fare_bounds,2010,2017,True,True,retained,True,True,retained
3,13303,10821,broad_fare_bounds,2010,2017,True,True,retained,True,True,retained
3,13303,11278,broad_fare_bounds,2010,2017,True,True,retained,True,True,retained
3,13303,11292,broad_fare_bounds,2010,2017,True,True,retained,True,True,retained
3,13303,11298,broad_fare_bounds,2010,2017,True,True,retained,True,True,retained
3,13303,11433,broad_fare_bounds,2010,2017,True,True,retained,True,True,retained
3,13303,11618,broad_fare_bounds,2010,2017,True,True,retained,True,True,retained
3,13303,12266,broad_fare_bounds,2010,2017,True,True,retained,True,True,retained
3,13303,12478,broad_fare_bounds,2010,2017,True,True,retained,True,True,retained
3,13303,12889,broad_fare_bounds,2010,2017,True,True,retained,True,True,retained
3,13303,12892,broad_fare_bounds,2010,2017,True,True,retained,True,True,retained
3,13303,12953,broad_fare_bounds,2010,2017,True,True,retained,True,True,retained
3,13303,13204,broad_fare_bounds,2010,2017,True,True,retained,True,True,retained
3,13303,13487,broad_fare_bounds,2010,2017,True,True,retained,True,True,retained
3,13303,13930,broad_fare_bounds,2010,2017,True,True,retained,True,True,retained
3,13303,14100,broad_fare_bounds,2010,2017,True,True,retained,True,True,retained
3,13303,14107,broad_fare_bounds,2010,2017,True,True,retained,True,True,retained
3,13303,14635,broad_fare_bounds,2010,2017,True,False,exited,True,False,exited
3,13303,14679,broad_fare_bounds,2010,2017,False,True,entered,False,True,entered
3,13303,14747,broad_fare_bounds,2010,2017,True,True,retained,True,True,retained
3,13303,14771,broad_fare_bounds,2010,2017,True,True,retained,True,True,retained
3,13303,14869,broad_fare_bounds,2010,2017,True,True,retained,False,True,entered
3,13303,15016,broad_fare_bounds,2010,2017,True,True,retained,True,True,retained
3,13303,15304,broad_fare_bounds,2010,2017,True,True,retained,True,True,retained
3,13487,10397,broad_fare_bounds,2010,2017,True,True,retained,True,True,retained
3,13487,10721,broad_fare_bounds,2010,2017,True,True,retained,True,True,retained
3,13487,10821,broad_fare_bounds,2010,2017,True,True,retained,True,True,retained
3,13487,11278,broad_fare_bounds,2010,2017,True,True,retained,True,True,retained
3,13487,11292,broad_fare_bounds,2010,2017,True,True,retained,True,True,retained
3,13487,11298,broad_fare_bounds,2010,2017,True,True,retained,True,True,retained
3,13487,11433,broad_fare_bounds,2010,2017,True,True,retained,True,True,retained
3,13487,11618,broad_fare_bounds,2010,2017,True,True,retained,True,True,retained
3,13487,11697,broad_fare_bounds,2010,2017,True,True,retained,True,True,retained
3,13487,12173,broad_fare_bounds,2010,2017,True,True,retained,True,True,retained
3,13487,12266,broad_fare_bounds,2010,2017,True,True,retained,True,True,retained
3,13487,12478,broad_fare_bounds,2010,2017,True,True,retained,True,True,retained
3,13487,12889,broad_fare_bounds,2010,2017,True,True,retained,True,True,retained
3,13487,12892,broad_fare_bounds,2010,2017,True,True,retained,True,True,retained
3,13487,12953,broad_fare_bounds,2010,2017,True,True,retained,True,True,retained
3,13487,13204,broad_fare_bounds,2010,2017,True,True,retained,True,True,retained
3,13487,13232,broad_fare_bounds,2010,2017,True,True,retained,True,True,retained
3,13487,13303,broad_fare_bounds,2010,2017,True,True,retained,True,True,retained
3,13487,13796,broad_fare_bounds,2010,2017,False,True,entered,False,False,absent
3,13487,13930,broad_fare_bounds,2010,2017,True,True,retained,True,True,retained
3,13487,14100,broad_fare_bounds,2010,2017,True,True,retained,True,True,retained
3,13487,14107,broad_fare_bounds,2010,2017,True,True,retained,True,True,retained
3,13487,14635,broad_fare_bounds,2010,2017,True,True,retained,True,True,retained
3,13487,14679,broad_fare_bounds,2010,2017,True,True,retained,True,True,retained
3,13487,14747,broad_fare_bounds,2010,2017,True,True,retained,True,True,retained
3,13487,14771,broad_fare_bounds,2010,2017,True,True,retained,True,True,retained
3,13487,14869,broad_fare_bounds,2010,2017,True,True,retained,True,True,retained
3,13487,15016,broad_fare_bounds,2010,2017,True,True,retained,True,True,retained
3,13487,15304,broad_fare_bounds,2010,2017,True,True,retained,True,True,retained
3,13796,10397,broad_fare_bounds,2010,2017,True,True,retained,True,True,retained
3,13796,10721,broad_fare_bounds,2010,2017,True,True,retained,True,True,retained
3,13796,10821,broad_fare_bounds,2010,2017,True,True,retained,False,True,entered
3,13796,11278,broad_fare_bounds,2010,2017,False,True,entered,False,False,absent
3,13796,11292,broad_fare_bounds,2010,2017,True,True,retained,True,True,retained
3,13796,11298,broad_fare_bounds,2010,2017,True,True,retained,False,True,entered
3,13796,11433,broad_fare_bounds,2010,2017,True,True,retained,False,True,entered
3,13796,11618,broad_fare_bounds,2010,2017,False,True,entered,False,True,entered
3,13796,11697,broad_fare_bounds,2010,2017,True,True,retained,False,False,absent
3,13796,12173,broad_fare_bounds,2010,2017,True,True,retained,True,True,retained
3,13796,12266,broad_fare_bounds,2010,2017,False,True,entered,False,True,entered
3,13796,12478,broad_fare_bounds,2010,2017,True,True,retained,True,True,retained
3,13796,12889,broad_fare_bounds,2010,2017,True,True,retained,True,True,retained
3,13796,12892,broad_fare_bounds,2010,2017,True,True,retained,True,True,retained
3,13796,12953,broad_fare_bounds,2010,2017,True,True,retained,False,False,absent
3,13796,13204,broad_fare_bounds,2010,2017,True,True,retained,False,False,absent
3,13796,13232,broad_fare_bounds,2010,2017,True,True,retained,True,True,retained
3,13796,13487,broad_fare_bounds,2010,2017,True,True,retained,False,False,absent
3,13796,13930,broad_fare_bounds,2010,2017,True,True,retained,False,True,entered
3,13796,14100,broad_fare_bounds,2010,2017,True,True,retained,False,False,absent
3,13796,14107,broad_fare_bounds,2010,2017,True,True,retained,True,True,retained
3,13796,14679,broad_fare_bounds,2010,2017,True,True,retained,True,True,retained
3,13796,14747,broad_fare_bounds,2010,2017,True,True,retained,True,True,retained
3,13796,14869,broad_fare_bounds,2010,2017,True,True,retained,True,True,retained
3,13796,15016,broad_fare_bounds,2010,2017,True,True,retained,False,True,entered
3,13796,15304,broad_fare_bounds,2010,2017,True,True,retained,False,False,absent
3,13930,10397,broad_fare_bounds,2010,2017,True,True,retained,True,True,retained
3,13930,10721,broad_fare_bounds,2010,2017,True,True,retained,True,True,retained
3,13930,10821,broad_fare_bounds,2010,2017,True,True,retained,True,True,retained
3,13930,11278,broad_fare_bounds,2010,2017,True,True,retained,True,True,retained
3,13930,11292,broad_fare_bounds,2010,2017,True,True,retained,True,True,retained
3,13930,11298,broad_fare_bounds,2010,2017,True,True,retained,True,True,retained
3,13930,11433,broad_fare_bounds,2010,2017,True,True,retained,True,True,retained
3,13930,11618,broad_fare_bounds,2010,2017,True,True,retained,True,True,retained
3,13930,11697,broad_fare_bounds,2010,2017,True,True,retained,True,True,retained
3,13930,12173,broad_fare_bounds,2010,2017,True,True,retained,True,True,retained
3,13930,12266,broad_fare_bounds,2010,2017,True,True,retained,True,True,retained
3,13930,12478,broad_fare_bounds,2010,2017,True,True,retained,True,True,retained
3,13930,12889,broad_fare_bounds,2010,2017,True,True,retained,True,True,retained
3,13930,12892,broad_fare_bounds,2010,2017,True,True,retained,True,True,retained
3,13930,12953,broad_fare_bounds,2010,2017,True,True,retained,True,True,retained
3,13930,13204,broad_fare_bounds,2010,2017,True,True,retained,True,True,retained
3,13930,13303,broad_fare_bounds,2010,2017,True,True,retained,True,True,retained
3,13930,13487,broad_fare_bounds,2010,2017,True,True,retained,True,True,retained
3,13930,13796,broad_fare_bounds,2010,2017,False,True,entered,False,True,entered
3,13930,14100,broad_fare_bounds,2010,2017,True,True,retained,True,True,retained
3,13930,14107,broad_fare_bounds,2010,2017,True,True,retained,True,True,retained
3,13930,14635,broad_fare_bounds,2010,2017,True,True,retained,True,True,retained
3,13930,14679,broad_fare_bounds,2010,2017,True,True,retained,True,True,retained
3,13930,14747,broad_fare_bounds,2010,2017,True,True,retained,True,True,retained
3,13930,14771,broad_fare_bounds,2010,2017,True,True,retained,True,True,retained
3,13930,14869,broad_fare_bounds,2010,2017,True,True,retained,True,True,retained
3,13930,15016,broad_fare_bounds,2010,2017,True,True,retained,True,True,retained
3,13930,15304,broad_fare_bounds,2010,2017,True,True,retained,True,True,retained
3,14100,10397,broad_fare_bounds,2010,2017,True,True,retained,True,True,retained
3,14100,10721,broad_fare_bounds,2010,2017,True,True,retained,True,True,retained
3,14100,10821,broad_fare_bounds,2010,2017,True,True,retained,True,False,exited
3,14100,11278,broad_fare_bounds,2010,2017,True,True,retained,True,True,retained
3,14100,11292,broad_fare_bounds,2010,2017,True,True,retained,True,True,retained
3,14100,11298,broad_fare_bounds,2010,2017,True,True,retained,True,True,retained
3,14100,11433,broad_fare_bounds,2010,2017,True,True,retained,True,True,retained
3,14100,11618,broad_fare_bounds,2010,2017,True,False,exited,False,False,absent
3,14100,11697,broad_fare_bounds,2010,2017,True,True,retained,True,True,retained
3,14100,12266,broad_fare_bounds,2010,2017,True,True,retained,True,True,retained
3,14100,12478,broad_fare_bounds,2010,2017,True,True,retained,True,True,retained
3,14100,12889,broad_fare_bounds,2010,2017,True,True,retained,True,True,retained
3,14100,12892,broad_fare_bounds,2010,2017,True,True,retained,True,True,retained
3,14100,12953,broad_fare_bounds,2010,2017,True,True,retained,True,True,retained
3,14100,13204,broad_fare_bounds,2010,2017,True,True,retained,True,True,retained
3,14100,13232,broad_fare_bounds,2010,2017,True,True,retained,True,True,retained
3,14100,13303,broad_fare_bounds,2010,2017,True,True,retained,True,True,retained
3,14100,13487,broad_fare_bounds,2010,2017,True,True,retained,True,True,retained
3,14100,13796,broad_fare_bounds,2010,2017,True,True,retained,False,False,absent
3,14100,13930,broad_fare_bounds,2010,2017,True,True,retained,True,True,retained
3,14100,14107,broad_fare_bounds,2010,2017,True,True,retained,True,True,retained
3,14100,14635,broad_fare_bounds,2010,2017,True,True,retained,True,True,retained
3,14100,14679,broad_fare_bounds,2010,2017,True,True,retained,True,True,retained
3,14100,14747,broad_fare_bounds,2010,2017,True,True,retained,True,True,retained
3,14100,14771,broad_fare_bounds,2010,2017,True,True,retained,True,True,retained
3,14100,14869,broad_fare_bounds,2010,2017,True,True,retained,True,True,retained
3,14100,15016,broad_fare_bounds,2010,2017,True,True,retained,True,True,retained
3,14100,15304,broad_fare_bounds,2010,2017,True,True,retained,True,True,retained
3,14107,10397,broad_fare_bounds,2010,2017,True,True,retained,True,True,retained
3,14107,10721,broad_fare_bounds,2010,2017,True,True,retained,True,True,retained
3,14107,10821,broad_fare_bounds,2010,2017,True,True,retained,True,True,retained
3,14107,11278,broad_fare_bounds,2010,2017,True,True,retained,True,True,retained
3,14107,11292,broad_fare_bounds,2010,2017,True,True,retained,True,True,retained
3,14107,11298,broad_fare_bounds,2010,2017,True,True,retained,True,True,retained
3,14107,11433,broad_fare_bounds,2010,2017,True,True,retained,True,True,retained
3,14107,11618,broad_fare_bounds,2010,2017,True,True,retained,True,True,retained
3,14107,11697,broad_fare_bounds,2010,2017,True,True,retained,True,True,retained
3,14107,12173,broad_fare_bounds,2010,2017,True,True,retained,True,True,retained
3,14107,12266,broad_fare_bounds,2010,2017,True,True,retained,True,True,retained
3,14107,12478,broad_fare_bounds,2010,2017,True,True,retained,True,True,retained
3,14107,12889,broad_fare_bounds,2010,2017,True,True,retained,True,True,retained
3,14107,12892,broad_fare_bounds,2010,2017,True,True,retained,True,True,retained
3,14107,12953,broad_fare_bounds,2010,2017,True,True,retained,False,False,absent
3,14107,13204,broad_fare_bounds,2010,2017,True,True,retained,True,True,retained
3,14107,13232,broad_fare_bounds,2010,2017,True,True,retained,True,True,retained
3,14107,13303,broad_fare_bounds,2010,2017,True,True,retained,True,True,retained
3,14107,13487,broad_fare_bounds,2010,2017,True,True,retained,True,True,retained
3,14107,13796,broad_fare_bounds,2010,2017,True,True,retained,True,True,retained
3,14107,13930,broad_fare_bounds,2010,2017,True,True,retained,True,True,retained
3,14107,14100,broad_fare_bounds,2010,2017,True,True,retained,True,True,retained
3,14107,14635,broad_fare_bounds,2010,2017,True,True,retained,False,False,absent
3,14107,14679,broad_fare_bounds,2010,2017,True,True,retained,True,True,retained
3,14107,14747,broad_fare_bounds,2010,2017,True,True,retained,True,True,retained
3,14107,14771,broad_fare_bounds,2010,2017,True,True,retained,True,True,retained
3,14107,14869,broad_fare_bounds,2010,2017,True,True,retained,True,True,retained
3,14107,15016,broad_fare_bounds,2010,2017,True,True,retained,True,True,retained
3,14107,15304,broad_fare_bounds,2010,2017,True,True,retained,True,True,retained
3,14635,10397,broad_fare_bounds,2010,2017,True,True,retained,True,True,retained
3,14635,10721,broad_fare_bounds,2010,2017,True,True,retained,True,True,retained
3,14635,10821,broad_fare_bounds,2010,2017,True,True,retained,True,True,retained
3,14635,11278,broad_fare_bounds,2010,2017,True,True,retained,True,True,retained
3,14635,11292,broad_fare_bounds,2010,2017,True,True,retained,True,True,retained
3,14635,11298,broad_fare_bounds,2010,2017,True,True,retained,True,True,retained
3,14635,11433,broad_fare_bounds,2010,2017,True,True,retained,True,True,retained
3,14635,11618,broad_fare_bounds,2010,2017,True,True,retained,True,True,retained
3,14635,12266,broad_fare_bounds,2010,2017,True,True,retained,True,True,retained
3,14635,12478,broad_fare_bounds,2010,2017,True,True,retained,True,True,retained
3,14635,12889,broad_fare_bounds,2010,2017,True,True,retained,False,False,absent
3,14635,12892,broad_fare_bounds,2010,2017,True,True,retained,False,False,absent
3,14635,12953,broad_fare_bounds,2010,2017,True,True,retained,True,True,retained
3,14635,13204,broad_fare_bounds,2010,2017,True,False,exited,True,False,exited
3,14635,13232,broad_fare_bounds,2010,2017,True,True,retained,True,True,retained
3,14635,13303,broad_fare_bounds,2010,2017,True,False,exited,True,False,exited
3,14635,13487,broad_fare_bounds,2010,2017,True,True,retained,True,True,retained
3,14635,13796,broad_fare_bounds,2010,2017,True,False,exited,False,False,absent
3,14635,13930,broad_fare_bounds,2010,2017,True,True,retained,True,True,retained
3,14635,14100,broad_fare_bounds,2010,2017,True,True,retained,True,True,retained
3,14635,14107,broad_fare_bounds,2010,2017,False,True,entered,False,False,absent
3,14635,14679,broad_fare_bounds,2010,2017,True,True,retained,False,False,absent
3,14635,14771,broad_fare_bounds,2010,2017,True,False,exited,False,False,absent
3,14635,15016,broad_fare_bounds,2010,2017,True,True,retained,True,True,retained
3,14679,10397,broad_fare_bounds,2010,2017,True,True,retained,True,True,retained
3,14679,10721,broad_fare_bounds,2010,2017,True,True,retained,True,True,retained
3,14679,10821,broad_fare_bounds,2010,2017,True,True,retained,True,True,retained
3,14679,11278,broad_fare_bounds,2010,2017,True,True,retained,False,False,absent
3,14679,11292,broad_fare_bounds,2010,2017,True,True,retained,True,True,retained
3,14679,11298,broad_fare_bounds,2010,2017,True,True,retained,True,True,retained
3,14679,11433,broad_fare_bounds,2010,2017,True,True,retained,True,True,retained
3,14679,11618,broad_fare_bounds,2010,2017,True,True,retained,True,True,retained
3,14679,11697,broad_fare_bounds,2010,2017,True,True,retained,False,True,entered
3,14679,12173,broad_fare_bounds,2010,2017,True,True,retained,True,True,retained
3,14679,12266,broad_fare_bounds,2010,2017,True,True,retained,True,True,retained
3,14679,12478,broad_fare_bounds,2010,2017,True,True,retained,True,True,retained
3,14679,12889,broad_fare_bounds,2010,2017,True,True,retained,True,True,retained
3,14679,12892,broad_fare_bounds,2010,2017,True,True,retained,True,True,retained
3,14679,12953,broad_fare_bounds,2010,2017,True,True,retained,False,False,absent
3,14679,13204,broad_fare_bounds,2010,2017,True,True,retained,False,True,entered
3,14679,13232,broad_fare_bounds,2010,2017,True,True,retained,True,True,retained
3,14679,13303,broad_fare_bounds,2010,2017,False,True,entered,False,True,entered
3,14679,13487,broad_fare_bounds,2010,2017,True,True,retained,True,True,retained
3,14679,13796,broad_fare_bounds,2010,2017,True,True,retained,True,True,retained
3,14679,13930,broad_fare_bounds,2010,2017,True,True,retained,True,True,retained
3,14679,14100,broad_fare_bounds,2010,2017,True,True,retained,True,True,retained
3,14679,14107,broad_fare_bounds,2010,2017,True,True,retained,True,True,retained
3,14679,14635,broad_fare_bounds,2010,2017,True,True,retained,False,False,absent
3,14679,14747,broad_fare_bounds,2010,2017,True,True,retained,True,True,retained
3,14679,14771,broad_fare_bounds,2010,2017,True,True,retained,True,True,retained
3,14679,14869,broad_fare_bounds,2010,2017,True,True,retained,True,True,retained
3,14679,15016,broad_fare_bounds,2010,2017,True,True,retained,True,True,retained
3,14679,15304,broad_fare_bounds,2010,2017,True,True,retained,False,False,absent
3,14747,10397,broad_fare_bounds,2010,2017,True,True,retained,True,True,retained
3,14747,10721,broad_fare_bounds,2010,2017,True,True,retained,True,True,retained
3,14747,10821,broad_fare_bounds,2010,2017,True,True,retained,True,True,retained
3,14747,11278,broad_fare_bounds,2010,2017,True,True,retained,True,True,retained
3,14747,11292,broad_fare_bounds,2010,2017,True,True,retained,True,True,retained
3,14747,11298,broad_fare_bounds,2010,2017,True,True,retained,True,True,retained
3,14747,11433,broad_fare_bounds,2010,2017,True,True,retained,True,True,retained
3,14747,11618,broad_fare_bounds,2010,2017,True,True,retained,True,True,retained
3,14747,11697,broad_fare_bounds,2010,2017,True,True,retained,False,True,entered
3,14747,12173,broad_fare_bounds,2010,2017,True,True,retained,True,True,retained
3,14747,12266,broad_fare_bounds,2010,2017,True,True,retained,True,True,retained
3,14747,12478,broad_fare_bounds,2010,2017,True,True,retained,True,True,retained
3,14747,12889,broad_fare_bounds,2010,2017,True,True,retained,True,True,retained
3,14747,12892,broad_fare_bounds,2010,2017,True,True,retained,True,True,retained
3,14747,12953,broad_fare_bounds,2010,2017,True,False,exited,False,False,absent
3,14747,13204,broad_fare_bounds,2010,2017,True,True,retained,True,True,retained
3,14747,13232,broad_fare_bounds,2010,2017,True,True,retained,True,True,retained
3,14747,13303,broad_fare_bounds,2010,2017,True,True,retained,True,True,retained
3,14747,13487,broad_fare_bounds,2010,2017,True,True,retained,True,True,retained
3,14747,13796,broad_fare_bounds,2010,2017,True,True,retained,True,True,retained
3,14747,13930,broad_fare_bounds,2010,2017,True,True,retained,True,True,retained
3,14747,14100,broad_fare_bounds,2010,2017,True,True,retained,True,True,retained
3,14747,14107,broad_fare_bounds,2010,2017,True,True,retained,True,True,retained
3,14747,14679,broad_fare_bounds,2010,2017,True,True,retained,True,True,retained
3,14747,14771,broad_fare_bounds,2010,2017,True,True,retained,True,True,retained
3,14747,14869,broad_fare_bounds,2010,2017,True,True,retained,True,True,retained
3,14747,15016,broad_fare_bounds,2010,2017,True,True,retained,True,True,retained
3,14747,15304,broad_fare_bounds,2010,2017,True,True,retained,False,True,entered
3,14771,10397,broad_fare_bounds,2010,2017,True,True,retained,True,True,retained
3,14771,10721,broad_fare_bounds,2010,2017,True,True,retained,True,True,retained
3,14771,10821,broad_fare_bounds,2010,2017,True,True,retained,True,True,retained
3,14771,11278,broad_fare_bounds,2010,2017,True,True,retained,False,True,entered
3,14771,11292,broad_fare_bounds,2010,2017,True,True,retained,True,True,retained
3,14771,11298,broad_fare_bounds,2010,2017,True,True,retained,True,True,retained
3,14771,11433,broad_fare_bounds,2010,2017,True,True,retained,True,True,retained
3,14771,11618,broad_fare_bounds,2010,2017,True,True,retained,True,True,retained
3,14771,11697,broad_fare_bounds,2010,2017,True,True,retained,True,True,retained
3,14771,12173,broad_fare_bounds,2010,2017,True,True,retained,True,True,retained
3,14771,12266,broad_fare_bounds,2010,2017,True,True,retained,True,True,retained
3,14771,12478,broad_fare_bounds,2010,2017,True,True,retained,True,True,retained
3,14771,12889,broad_fare_bounds,2010,2017,True,True,retained,True,True,retained
3,14771,12892,broad_fare_bounds,2010,2017,True,True,retained,True,True,retained
3,14771,12953,broad_fare_bounds,2010,2017,True,True,retained,False,False,absent
3,14771,13204,broad_fare_bounds,2010,2017,True,True,retained,True,True,retained
3,14771,13232,broad_fare_bounds,2010,2017,True,True,retained,True,True,retained
3,14771,13303,broad_fare_bounds,2010,2017,True,True,retained,True,True,retained
3,14771,13487,broad_fare_bounds,2010,2017,True,True,retained,True,True,retained
3,14771,13930,broad_fare_bounds,2010,2017,True,True,retained,True,True,retained
3,14771,14100,broad_fare_bounds,2010,2017,True,True,retained,True,True,retained
3,14771,14107,broad_fare_bounds,2010,2017,True,True,retained,True,True,retained
3,14771,14679,broad_fare_bounds,2010,2017,True,True,retained,True,True,retained
3,14771,14747,broad_fare_bounds,2010,2017,True,True,retained,True,True,retained
3,14771,14869,broad_fare_bounds,2010,2017,True,True,retained,True,True,retained
3,14771,15016,broad_fare_bounds,2010,2017,True,True,retained,True,True,retained
3,14771,15304,broad_fare_bounds,2010,2017,True,True,retained,False,True,entered
3,14869,10397,broad_fare_bounds,2010,2017,True,True,retained,True,True,retained
3,14869,10721,broad_fare_bounds,2010,2017,True,True,retained,True,True,retained
3,14869,10821,broad_fare_bounds,2010,2017,True,True,retained,True,True,retained
3,14869,11278,broad_fare_bounds,2010,2017,True,True,retained,True,True,retained
3,14869,11292,broad_fare_bounds,2010,2017,True,True,retained,True,True,retained
3,14869,11298,broad_fare_bounds,2010,2017,True,True,retained,True,True,retained
3,14869,11433,broad_fare_bounds,2010,2017,True,True,retained,True,True,retained
3,14869,11618,broad_fare_bounds,2010,2017,True,True,retained,True,True,retained
3,14869,11697,broad_fare_bounds,2010,2017,True,True,retained,False,False,absent
3,14869,12173,broad_fare_bounds,2010,2017,True,True,retained,True,True,retained
3,14869,12266,broad_fare_bounds,2010,2017,True,True,retained,True,True,retained
3,14869,12478,broad_fare_bounds,2010,2017,True,True,retained,True,True,retained
3,14869,12889,broad_fare_bounds,2010,2017,True,True,retained,True,True,retained
3,14869,12892,broad_fare_bounds,2010,2017,True,True,retained,True,True,retained
3,14869,12953,broad_fare_bounds,2010,2017,True,True,retained,True,False,exited
3,14869,13204,broad_fare_bounds,2010,2017,True,True,retained,True,True,retained
3,14869,13232,broad_fare_bounds,2010,2017,True,True,retained,True,True,retained
3,14869,13303,broad_fare_bounds,2010,2017,False,True,entered,False,True,entered
3,14869,13487,broad_fare_bounds,2010,2017,True,True,retained,True,True,retained
3,14869,13796,broad_fare_bounds,2010,2017,True,True,retained,True,True,retained
3,14869,13930,broad_fare_bounds,2010,2017,True,True,retained,True,True,retained
3,14869,14100,broad_fare_bounds,2010,2017,True,True,retained,True,True,retained
3,14869,14107,broad_fare_bounds,2010,2017,True,True,retained,True,True,retained
3,14869,14679,broad_fare_bounds,2010,2017,True,True,retained,True,True,retained
3,14869,14747,broad_fare_bounds,2010,2017,True,True,retained,True,True,retained
3,14869,14771,broad_fare_bounds,2010,2017,True,True,retained,True,True,retained
3,14869,15016,broad_fare_bounds,2010,2017,True,True,retained,True,True,retained
3,14869,15304,broad_fare_bounds,2010,2017,True,True,retained,False,False,absent
3,15016,10397,broad_fare_bounds,2010,2017,True,True,retained,True,True,retained
3,15016,10721,broad_fare_bounds,2010,2017,True,True,retained,True,True,retained
3,15016,10821,broad_fare_bounds,2010,2017,True,True,retained,True,True,retained
3,15016,11278,broad_fare_bounds,2010,2017,True,True,retained,True,True,retained
3,15016,11292,broad_fare_bounds,2010,2017,True,True,retained,True,True,retained
3,15016,11298,broad_fare_bounds,2010,2017,True,True,retained,True,True,retained
3,15016,11433,broad_fare_bounds,2010,2017,True,True,retained,True,True,retained
3,15016,11618,broad_fare_bounds,2010,2017,True,True,retained,True,True,retained
3,15016,11697,broad_fare_bounds,2010,2017,True,True,retained,True,True,retained
3,15016,12266,broad_fare_bounds,2010,2017,True,True,retained,True,True,retained
3,15016,12478,broad_fare_bounds,2010,2017,True,False,exited,True,False,exited
3,15016,12889,broad_fare_bounds,2010,2017,True,True,retained,True,True,retained
3,15016,12892,broad_fare_bounds,2010,2017,True,True,retained,True,True,retained
3,15016,12953,broad_fare_bounds,2010,2017,True,True,retained,True,True,retained
3,15016,13204,broad_fare_bounds,2010,2017,True,True,retained,True,True,retained
3,15016,13232,broad_fare_bounds,2010,2017,True,True,retained,True,True,retained
3,15016,13303,broad_fare_bounds,2010,2017,True,True,retained,True,True,retained
3,15016,13487,broad_fare_bounds,2010,2017,True,True,retained,True,True,retained
3,15016,13796,broad_fare_bounds,2010,2017,True,True,retained,False,True,entered
3,15016,13930,broad_fare_bounds,2010,2017,True,True,retained,True,True,retained
3,15016,14100,broad_fare_bounds,2010,2017,True,True,retained,True,True,retained
3,15016,14107,broad_fare_bounds,2010,2017,True,True,retained,True,True,retained
3,15016,14635,broad_fare_bounds,2010,2017,True,True,retained,True,True,retained
3,15016,14679,broad_fare_bounds,2010,2017,True,True,retained,True,True,retained
3,15016,14747,broad_fare_bounds,2010,2017,True,True,retained,True,True,retained
3,15016,14771,broad_fare_bounds,2010,2017,True,True,retained,True,True,retained
3,15016,14869,broad_fare_bounds,2010,2017,True,True,retained,True,True,retained
3,15016,15304,broad_fare_bounds,2010,2017,True,True,retained,True,True,retained
3,15304,10397,broad_fare_bounds,2010,2017,True,True,retained,True,True,retained
3,15304,10721,broad_fare_bounds,2010,2017,True,True,retained,True,True,retained
3,15304,10821,broad_fare_bounds,2010,2017,True,True,retained,True,True,retained
3,15304,11278,broad_fare_bounds,2010,2017,True,True,retained,True,True,retained
3,15304,11292,broad_fare_bounds,2010,2017,True,True,retained,True,True,retained
3,15304,11298,broad_fare_bounds,2010,2017,True,True,retained,True,True,retained
3,15304,11433,broad_fare_bounds,2010,2017,True,True,retained,True,True,retained
3,15304,11618,broad_fare_bounds,2010,2017,True,True,retained,True,True,retained
3,15304,11697,broad_fare_bounds,2010,2017,True,True,retained,True,True,retained
3,15304,12266,broad_fare_bounds,2010,2017,True,True,retained,True,True,retained
3,15304,12478,broad_fare_bounds,2010,2017,True,True,retained,True,True,retained
3,15304,12889,broad_fare_bounds,2010,2017,True,True,retained,True,True,retained
3,15304,12892,broad_fare_bounds,2010,2017,True,True,retained,True,True,retained
3,15304,12953,broad_fare_bounds,2010,2017,True,True,retained,True,True,retained
3,15304,13232,broad_fare_bounds,2010,2017,True,True,retained,True,True,retained
3,15304,13303,broad_fare_bounds,2010,2017,True,True,retained,True,True,retained
3,15304,13487,broad_fare_bounds,2010,2017,True,True,retained,True,True,retained
3,15304,13796,broad_fare_bounds,2010,2017,True,True,retained,False,False,absent
3,15304,13930,broad_fare_bounds,2010,2017,True,True,retained,True,True,retained
3,15304,14100,broad_fare_bounds,2010,2017,True,True,retained,True,True,retained
3,15304,14107,broad_fare_bounds,2010,2017,True,True,retained,True,True,retained
3,15304,14679,broad_fare_bounds,2010,2017,True,True,retained,False,False,absent
3,15304,14747,broad_fare_bounds,2010,2017,True,True,retained,False,True,entered
3,15304,14771,broad_fare_bounds,2010,2017,True,True,retained,False,True,entered
3,15304,14869,broad_fare_bounds,2010,2017,True,True,retained,False,False,absent
3,15304,15016,broad_fare_bounds,2010,2017,True,True,retained,True,True,retained
4,10397,10721,broad_fare_bounds,2010,2017,True,True,retained,True,True,retained
4,10397,10821,broad_fare_bounds,2010,2017,True,True,retained,True,True,retained
4,10397,11278,broad_fare_bounds,2010,2017,True,True,retained,True,True,retained
4,10397,11292,broad_fare_bounds,2010,2017,True,True,retained,True,True,retained
4,10397,11298,broad_fare_bounds,2010,2017,True,True,retained,True,True,retained
4,10397,11433,broad_fare_bounds,2010,2017,True,True,retained,True,True,retained
4,10397,11618,broad_fare_bounds,2010,2017,True,True,retained,True,True,retained
4,10397,11697,broad_fare_bounds,2010,2017,True,True,retained,True,True,retained
4,10397,12173,broad_fare_bounds,2010,2017,True,True,retained,True,True,retained
4,10397,12266,broad_fare_bounds,2010,2017,True,True,retained,True,True,retained
4,10397,12478,broad_fare_bounds,2010,2017,True,True,retained,True,True,retained
4,10397,12889,broad_fare_bounds,2010,2017,True,True,retained,True,True,retained
4,10397,12892,broad_fare_bounds,2010,2017,True,True,retained,True,True,retained
4,10397,12953,broad_fare_bounds,2010,2017,True,True,retained,True,True,retained
4,10397,13204,broad_fare_bounds,2010,2017,True,True,retained,True,True,retained
4,10397,13232,broad_fare_bounds,2010,2017,True,True,retained,True,True,retained
4,10397,13303,broad_fare_bounds,2010,2017,True,True,retained,True,True,retained
4,10397,13487,broad_fare_bounds,2010,2017,True,True,retained,True,True,retained
4,10397,13796,broad_fare_bounds,2010,2017,True,True,retained,True,True,retained
4,10397,13930,broad_fare_bounds,2010,2017,True,True,retained,True,True,retained
4,10397,14100,broad_fare_bounds,2010,2017,True,True,retained,True,True,retained
4,10397,14107,broad_fare_bounds,2010,2017,True,True,retained,True,True,retained
4,10397,14635,broad_fare_bounds,2010,2017,True,True,retained,True,True,retained
4,10397,14679,broad_fare_bounds,2010,2017,True,True,retained,True,True,retained
4,10397,14747,broad_fare_bounds,2010,2017,True,True,retained,True,True,retained
4,10397,14771,broad_fare_bounds,2010,2017,True,True,retained,True,True,retained
4,10397,14869,broad_fare_bounds,2010,2017,True,True,retained,True,True,retained
4,10397,15016,broad_fare_bounds,2010,2017,True,True,retained,True,True,retained
4,10397,15304,broad_fare_bounds,2010,2017,True,True,retained,True,True,retained
4,10721,10397,broad_fare_bounds,2010,2017,True,True,retained,True,True,retained
4,10721,10821,broad_fare_bounds,2010,2017,True,True,retained,True,True,retained
4,10721,11278,broad_fare_bounds,2010,2017,True,True,retained,True,True,retained
4,10721,11292,broad_fare_bounds,2010,2017,True,True,retained,True,True,retained
4,10721,11298,broad_fare_bounds,2010,2017,True,True,retained,True,True,retained
4,10721,11433,broad_fare_bounds,2010,2017,True,True,retained,True,True,retained
4,10721,11618,broad_fare_bounds,2010,2017,True,True,retained,True,True,retained
4,10721,11697,broad_fare_bounds,2010,2017,True,True,retained,True,True,retained
4,10721,12173,broad_fare_bounds,2010,2017,True,True,retained,False,False,absent
4,10721,12266,broad_fare_bounds,2010,2017,True,True,retained,True,True,retained
4,10721,12478,broad_fare_bounds,2010,2017,True,True,retained,True,True,retained
4,10721,12889,broad_fare_bounds,2010,2017,True,True,retained,True,True,retained
4,10721,12892,broad_fare_bounds,2010,2017,True,True,retained,True,True,retained
4,10721,12953,broad_fare_bounds,2010,2017,True,True,retained,True,True,retained
4,10721,13204,broad_fare_bounds,2010,2017,True,True,retained,True,True,retained
4,10721,13232,broad_fare_bounds,2010,2017,True,True,retained,True,True,retained
4,10721,13303,broad_fare_bounds,2010,2017,True,True,retained,True,True,retained
4,10721,13487,broad_fare_bounds,2010,2017,True,True,retained,True,True,retained
4,10721,13796,broad_fare_bounds,2010,2017,True,True,retained,False,False,absent
4,10721,13930,broad_fare_bounds,2010,2017,True,True,retained,True,True,retained
4,10721,14100,broad_fare_bounds,2010,2017,True,True,retained,True,True,retained
4,10721,14107,broad_fare_bounds,2010,2017,True,True,retained,True,True,retained
4,10721,14635,broad_fare_bounds,2010,2017,True,True,retained,True,True,retained
4,10721,14679,broad_fare_bounds,2010,2017,True,True,retained,True,True,retained
4,10721,14747,broad_fare_bounds,2010,2017,True,True,retained,True,True,retained
4,10721,14771,broad_fare_bounds,2010,2017,True,True,retained,True,True,retained
4,10721,14869,broad_fare_bounds,2010,2017,True,True,retained,True,True,retained
4,10721,15016,broad_fare_bounds,2010,2017,True,True,retained,True,True,retained
4,10721,15304,broad_fare_bounds,2010,2017,True,True,retained,True,True,retained
4,10821,10397,broad_fare_bounds,2010,2017,True,True,retained,True,True,retained
4,10821,10721,broad_fare_bounds,2010,2017,True,True,retained,True,True,retained
4,10821,11292,broad_fare_bounds,2010,2017,True,True,retained,True,True,retained
4,10821,11298,broad_fare_bounds,2010,2017,True,True,retained,True,True,retained
4,10821,11433,broad_fare_bounds,2010,2017,True,True,retained,True,True,retained
4,10821,11618,broad_fare_bounds,2010,2017,True,True,retained,True,True,retained
4,10821,11697,broad_fare_bounds,2010,2017,True,True,retained,True,True,retained
4,10821,12266,broad_fare_bounds,2010,2017,True,True,retained,True,True,retained
4,10821,12478,broad_fare_bounds,2010,2017,True,True,retained,True,False,exited
4,10821,12889,broad_fare_bounds,2010,2017,True,True,retained,True,True,retained
4,10821,12892,broad_fare_bounds,2010,2017,True,True,retained,True,True,retained
4,10821,12953,broad_fare_bounds,2010,2017,True,False,exited,True,False,exited
4,10821,13204,broad_fare_bounds,2010,2017,True,True,retained,True,True,retained
4,10821,13232,broad_fare_bounds,2010,2017,True,True,retained,True,True,retained
4,10821,13303,broad_fare_bounds,2010,2017,True,True,retained,True,True,retained
4,10821,13487,broad_fare_bounds,2010,2017,True,True,retained,True,True,retained
4,10821,13796,broad_fare_bounds,2010,2017,True,True,retained,False,True,entered
4,10821,13930,broad_fare_bounds,2010,2017,True,True,retained,True,True,retained
4,10821,14100,broad_fare_bounds,2010,2017,True,True,retained,True,False,exited
4,10821,14107,broad_fare_bounds,2010,2017,True,True,retained,True,True,retained
4,10821,14635,broad_fare_bounds,2010,2017,True,True,retained,True,True,retained
4,10821,14679,broad_fare_bounds,2010,2017,True,True,retained,True,True,retained
4,10821,14747,broad_fare_bounds,2010,2017,True,True,retained,False,True,entered
4,10821,14771,broad_fare_bounds,2010,2017,True,True,retained,True,True,retained
4,10821,14869,broad_fare_bounds,2010,2017,True,True,retained,True,True,retained
4,10821,15016,broad_fare_bounds,2010,2017,True,True,retained,True,True,retained
4,10821,15304,broad_fare_bounds,2010,2017,True,True,retained,True,True,retained
4,11278,10397,broad_fare_bounds,2010,2017,True,True,retained,True,True,retained
4,11278,10721,broad_fare_bounds,2010,2017,True,True,retained,True,True,retained
4,11278,11292,broad_fare_bounds,2010,2017,True,True,retained,True,True,retained
4,11278,11298,broad_fare_bounds,2010,2017,True,True,retained,True,True,retained
4,11278,11433,broad_fare_bounds,2010,2017,True,True,retained,True,True,retained
4,11278,11618,broad_fare_bounds,2010,2017,True,True,retained,True,True,retained
4,11278,11697,broad_fare_bounds,2010,2017,True,True,retained,True,True,retained
4,11278,12173,broad_fare_bounds,2010,2017,True,False,exited,False,False,absent
4,11278,12266,broad_fare_bounds,2010,2017,True,True,retained,True,True,retained
4,11278,12478,broad_fare_bounds,2010,2017,True,True,retained,True,True,retained
4,11278,12889,broad_fare_bounds,2010,2017,True,True,retained,True,True,retained
4,11278,12892,broad_fare_bounds,2010,2017,True,True,retained,True,True,retained
4,11278,12953,broad_fare_bounds,2010,2017,True,True,retained,True,True,retained
4,11278,13204,broad_fare_bounds,2010,2017,True,True,retained,True,True,retained
4,11278,13232,broad_fare_bounds,2010,2017,False,True,entered,False,True,entered
4,11278,13303,broad_fare_bounds,2010,2017,True,True,retained,True,True,retained
4,11278,13487,broad_fare_bounds,2010,2017,True,True,retained,True,True,retained
4,11278,13796,broad_fare_bounds,2010,2017,False,True,entered,False,False,absent
4,11278,13930,broad_fare_bounds,2010,2017,True,True,retained,True,True,retained
4,11278,14100,broad_fare_bounds,2010,2017,True,True,retained,True,True,retained
4,11278,14107,broad_fare_bounds,2010,2017,True,True,retained,True,True,retained
4,11278,14635,broad_fare_bounds,2010,2017,True,True,retained,True,True,retained
4,11278,14679,broad_fare_bounds,2010,2017,True,True,retained,False,False,absent
4,11278,14747,broad_fare_bounds,2010,2017,True,True,retained,True,True,retained
4,11278,14771,broad_fare_bounds,2010,2017,True,True,retained,False,True,entered
4,11278,14869,broad_fare_bounds,2010,2017,True,True,retained,True,True,retained
4,11278,15016,broad_fare_bounds,2010,2017,True,True,retained,True,True,retained
4,11278,15304,broad_fare_bounds,2010,2017,True,True,retained,True,True,retained
4,11292,10397,broad_fare_bounds,2010,2017,True,True,retained,True,True,retained
4,11292,10721,broad_fare_bounds,2010,2017,True,True,retained,True,True,retained
4,11292,10821,broad_fare_bounds,2010,2017,True,True,retained,True,True,retained
4,11292,11278,broad_fare_bounds,2010,2017,True,True,retained,True,True,retained
4,11292,11298,broad_fare_bounds,2010,2017,True,True,retained,True,True,retained
4,11292,11433,broad_fare_bounds,2010,2017,True,True,retained,True,True,retained
4,11292,11618,broad_fare_bounds,2010,2017,True,True,retained,True,True,retained
4,11292,11697,broad_fare_bounds,2010,2017,True,True,retained,True,True,retained
4,11292,12173,broad_fare_bounds,2010,2017,True,True,retained,True,True,retained
4,11292,12266,broad_fare_bounds,2010,2017,True,True,retained,True,True,retained
4,11292,12478,broad_fare_bounds,2010,2017,True,True,retained,True,True,retained
4,11292,12889,broad_fare_bounds,2010,2017,True,True,retained,True,True,retained
4,11292,12892,broad_fare_bounds,2010,2017,True,True,retained,True,True,retained
4,11292,12953,broad_fare_bounds,2010,2017,True,True,retained,True,True,retained
4,11292,13204,broad_fare_bounds,2010,2017,True,True,retained,True,True,retained
4,11292,13232,broad_fare_bounds,2010,2017,True,True,retained,True,True,retained
4,11292,13303,broad_fare_bounds,2010,2017,True,True,retained,True,True,retained
4,11292,13487,broad_fare_bounds,2010,2017,True,True,retained,True,True,retained
4,11292,13796,broad_fare_bounds,2010,2017,True,True,retained,True,True,retained
4,11292,13930,broad_fare_bounds,2010,2017,True,True,retained,True,True,retained
4,11292,14100,broad_fare_bounds,2010,2017,True,True,retained,True,True,retained
4,11292,14107,broad_fare_bounds,2010,2017,True,True,retained,True,True,retained
4,11292,14635,broad_fare_bounds,2010,2017,True,True,retained,True,True,retained
4,11292,14679,broad_fare_bounds,2010,2017,True,True,retained,True,True,retained
4,11292,14747,broad_fare_bounds,2010,2017,True,True,retained,True,True,retained
4,11292,14771,broad_fare_bounds,2010,2017,True,True,retained,True,True,retained
4,11292,14869,broad_fare_bounds,2010,2017,True,True,retained,True,True,retained
4,11292,15016,broad_fare_bounds,2010,2017,True,True,retained,True,True,retained
4,11292,15304,broad_fare_bounds,2010,2017,True,True,retained,True,True,retained
4,11298,10397,broad_fare_bounds,2010,2017,True,True,retained,True,True,retained
4,11298,10721,broad_fare_bounds,2010,2017,True,True,retained,True,True,retained
4,11298,10821,broad_fare_bounds,2010,2017,True,True,retained,True,True,retained
4,11298,11278,broad_fare_bounds,2010,2017,True,True,retained,True,True,retained
4,11298,11292,broad_fare_bounds,2010,2017,True,True,retained,True,True,retained
4,11298,11433,broad_fare_bounds,2010,2017,True,True,retained,True,True,retained
4,11298,11618,broad_fare_bounds,2010,2017,True,True,retained,True,True,retained
4,11298,11697,broad_fare_bounds,2010,2017,True,True,retained,True,True,retained
4,11298,12173,broad_fare_bounds,2010,2017,True,True,retained,True,True,retained
4,11298,12266,broad_fare_bounds,2010,2017,True,True,retained,True,True,retained
4,11298,12478,broad_fare_bounds,2010,2017,True,True,retained,True,True,retained
4,11298,12889,broad_fare_bounds,2010,2017,True,True,retained,True,True,retained
4,11298,12892,broad_fare_bounds,2010,2017,True,True,retained,True,True,retained
4,11298,12953,broad_fare_bounds,2010,2017,True,True,retained,True,True,retained
4,11298,13204,broad_fare_bounds,2010,2017,True,True,retained,True,True,retained
4,11298,13303,broad_fare_bounds,2010,2017,True,True,retained,True,True,retained
4,11298,13487,broad_fare_bounds,2010,2017,True,True,retained,True,True,retained
4,11298,13796,broad_fare_bounds,2010,2017,True,True,retained,False,True,entered
4,11298,13930,broad_fare_bounds,2010,2017,True,True,retained,True,True,retained
4,11298,14100,broad_fare_bounds,2010,2017,True,True,retained,True,True,retained
4,11298,14107,broad_fare_bounds,2010,2017,True,True,retained,True,True,retained
4,11298,14635,broad_fare_bounds,2010,2017,True,True,retained,True,True,retained
4,11298,14679,broad_fare_bounds,2010,2017,True,True,retained,True,True,retained
4,11298,14747,broad_fare_bounds,2010,2017,True,True,retained,True,True,retained
4,11298,14771,broad_fare_bounds,2010,2017,True,True,retained,True,True,retained
4,11298,14869,broad_fare_bounds,2010,2017,True,True,retained,True,True,retained
4,11298,15016,broad_fare_bounds,2010,2017,True,True,retained,True,True,retained
4,11298,15304,broad_fare_bounds,2010,2017,True,True,retained,True,True,retained
4,11433,10397,broad_fare_bounds,2010,2017,True,True,retained,True,True,retained
4,11433,10721,broad_fare_bounds,2010,2017,True,True,retained,True,True,retained
4,11433,10821,broad_fare_bounds,2010,2017,True,True,retained,True,True,retained
4,11433,11278,broad_fare_bounds,2010,2017,True,True,retained,True,True,retained
4,11433,11292,broad_fare_bounds,2010,2017,True,True,retained,True,True,retained
4,11433,11298,broad_fare_bounds,2010,2017,True,True,retained,True,True,retained
4,11433,11618,broad_fare_bounds,2010,2017,True,True,retained,True,True,retained
4,11433,11697,broad_fare_bounds,2010,2017,True,True,retained,True,True,retained
4,11433,12173,broad_fare_bounds,2010,2017,True,True,retained,True,False,exited
4,11433,12266,broad_fare_bounds,2010,2017,True,True,retained,True,True,retained
4,11433,12478,broad_fare_bounds,2010,2017,True,True,retained,True,True,retained
4,11433,12889,broad_fare_bounds,2010,2017,True,True,retained,True,True,retained
4,11433,12892,broad_fare_bounds,2010,2017,True,True,retained,True,True,retained
4,11433,12953,broad_fare_bounds,2010,2017,True,True,retained,True,True,retained
4,11433,13204,broad_fare_bounds,2010,2017,True,True,retained,True,True,retained
4,11433,13232,broad_fare_bounds,2010,2017,True,True,retained,True,True,retained
4,11433,13303,broad_fare_bounds,2010,2017,True,True,retained,True,True,retained
4,11433,13487,broad_fare_bounds,2010,2017,True,True,retained,True,True,retained
4,11433,13796,broad_fare_bounds,2010,2017,True,True,retained,False,True,entered
4,11433,13930,broad_fare_bounds,2010,2017,True,True,retained,True,True,retained
4,11433,14100,broad_fare_bounds,2010,2017,True,True,retained,True,True,retained
4,11433,14107,broad_fare_bounds,2010,2017,True,True,retained,True,True,retained
4,11433,14635,broad_fare_bounds,2010,2017,True,True,retained,True,True,retained
4,11433,14679,broad_fare_bounds,2010,2017,True,True,retained,True,True,retained
4,11433,14747,broad_fare_bounds,2010,2017,True,True,retained,True,True,retained
4,11433,14771,broad_fare_bounds,2010,2017,True,True,retained,True,True,retained
4,11433,14869,broad_fare_bounds,2010,2017,True,True,retained,True,True,retained
4,11433,15016,broad_fare_bounds,2010,2017,True,True,retained,True,True,retained
4,11433,15304,broad_fare_bounds,2010,2017,True,True,retained,True,True,retained
4,11618,10397,broad_fare_bounds,2010,2017,True,True,retained,True,True,retained
4,11618,10721,broad_fare_bounds,2010,2017,True,True,retained,True,True,retained
4,11618,10821,broad_fare_bounds,2010,2017,True,True,retained,True,True,retained
4,11618,11278,broad_fare_bounds,2010,2017,True,True,retained,True,True,retained
4,11618,11292,broad_fare_bounds,2010,2017,True,True,retained,True,True,retained
4,11618,11298,broad_fare_bounds,2010,2017,True,True,retained,True,True,retained
4,11618,11433,broad_fare_bounds,2010,2017,True,True,retained,True,True,retained
4,11618,11697,broad_fare_bounds,2010,2017,True,True,retained,True,True,retained
4,11618,12173,broad_fare_bounds,2010,2017,True,True,retained,True,True,retained
4,11618,12266,broad_fare_bounds,2010,2017,True,True,retained,True,True,retained
4,11618,12889,broad_fare_bounds,2010,2017,True,True,retained,True,True,retained
4,11618,12892,broad_fare_bounds,2010,2017,True,True,retained,True,True,retained
4,11618,13204,broad_fare_bounds,2010,2017,True,True,retained,True,True,retained
4,11618,13232,broad_fare_bounds,2010,2017,False,True,entered,False,True,entered
4,11618,13303,broad_fare_bounds,2010,2017,True,True,retained,True,True,retained
4,11618,13487,broad_fare_bounds,2010,2017,True,True,retained,True,True,retained
4,11618,13796,broad_fare_bounds,2010,2017,True,True,retained,False,False,absent
4,11618,13930,broad_fare_bounds,2010,2017,True,True,retained,True,True,retained
4,11618,14100,broad_fare_bounds,2010,2017,True,False,exited,False,False,absent
4,11618,14107,broad_fare_bounds,2010,2017,True,True,retained,True,True,retained
4,11618,14635,broad_fare_bounds,2010,2017,True,True,retained,True,True,retained
4,11618,14679,broad_fare_bounds,2010,2017,True,True,retained,True,True,retained
4,11618,14747,broad_fare_bounds,2010,2017,True,True,retained,True,True,retained
4,11618,14771,broad_fare_bounds,2010,2017,True,True,retained,True,True,retained
4,11618,14869,broad_fare_bounds,2010,2017,True,True,retained,True,True,retained
4,11618,15016,broad_fare_bounds,2010,2017,True,True,retained,True,True,retained
4,11618,15304,broad_fare_bounds,2010,2017,True,True,retained,True,True,retained
4,11697,10397,broad_fare_bounds,2010,2017,True,True,retained,True,True,retained
4,11697,10721,broad_fare_bounds,2010,2017,True,True,retained,True,True,retained
4,11697,10821,broad_fare_bounds,2010,2017,True,True,retained,True,True,retained
4,11697,11278,broad_fare_bounds,2010,2017,True,True,retained,True,True,retained
4,11697,11292,broad_fare_bounds,2010,2017,True,True,retained,True,True,retained
4,11697,11298,broad_fare_bounds,2010,2017,True,True,retained,True,True,retained
4,11697,11433,broad_fare_bounds,2010,2017,True,True,retained,True,True,retained
4,11697,11618,broad_fare_bounds,2010,2017,True,True,retained,True,True,retained
4,11697,12266,broad_fare_bounds,2010,2017,True,True,retained,True,True,retained
4,11697,12478,broad_fare_bounds,2010,2017,True,True,retained,True,True,retained
4,11697,12889,broad_fare_bounds,2010,2017,True,True,retained,True,True,retained
4,11697,12892,broad_fare_bounds,2010,2017,True,True,retained,True,True,retained
4,11697,12953,broad_fare_bounds,2010,2017,True,True,retained,True,True,retained
4,11697,13204,broad_fare_bounds,2010,2017,True,True,retained,True,True,retained
4,11697,13232,broad_fare_bounds,2010,2017,True,True,retained,True,True,retained
4,11697,13487,broad_fare_bounds,2010,2017,True,True,retained,True,True,retained
4,11697,13796,broad_fare_bounds,2010,2017,True,True,retained,False,False,absent
4,11697,13930,broad_fare_bounds,2010,2017,True,True,retained,True,True,retained
4,11697,14100,broad_fare_bounds,2010,2017,True,True,retained,True,True,retained
4,11697,14107,broad_fare_bounds,2010,2017,True,True,retained,True,True,retained
4,11697,14679,broad_fare_bounds,2010,2017,True,True,retained,False,True,entered
4,11697,14747,broad_fare_bounds,2010,2017,True,True,retained,False,True,entered
4,11697,14771,broad_fare_bounds,2010,2017,True,True,retained,True,True,retained
4,11697,14869,broad_fare_bounds,2010,2017,True,True,retained,False,True,entered
4,11697,15016,broad_fare_bounds,2010,2017,True,True,retained,True,True,retained
4,11697,15304,broad_fare_bounds,2010,2017,True,True,retained,True,True,retained
4,12173,10397,broad_fare_bounds,2010,2017,True,True,retained,True,True,retained
4,12173,10721,broad_fare_bounds,2010,2017,False,True,entered,False,False,absent
4,12173,11292,broad_fare_bounds,2010,2017,True,True,retained,True,True,retained
4,12173,11298,broad_fare_bounds,2010,2017,True,True,retained,True,True,retained
4,12173,11433,broad_fare_bounds,2010,2017,True,True,retained,True,False,exited
4,12173,11618,broad_fare_bounds,2010,2017,True,True,retained,True,True,retained
4,12173,12266,broad_fare_bounds,2010,2017,True,True,retained,True,True,retained
4,12173,12478,broad_fare_bounds,2010,2017,True,True,retained,False,True,entered
4,12173,12889,broad_fare_bounds,2010,2017,True,True,retained,True,True,retained
4,12173,12892,broad_fare_bounds,2010,2017,True,True,retained,True,True,retained
4,12173,13487,broad_fare_bounds,2010,2017,True,True,retained,True,True,retained
4,12173,13796,broad_fare_bounds,2010,2017,True,True,retained,True,True,retained
4,12173,13930,broad_fare_bounds,2010,2017,True,True,retained,True,True,retained
4,12173,14107,broad_fare_bounds,2010,2017,True,True,retained,True,True,retained
4,12173,14679,broad_fare_bounds,2010,2017,True,True,retained,True,True,retained
4,12173,14747,broad_fare_bounds,2010,2017,True,True,retained,True,True,retained
4,12173,14771,broad_fare_bounds,2010,2017,True,True,retained,True,True,retained
4,12173,14869,broad_fare_bounds,2010,2017,True,True,retained,True,True,retained
4,12266,10397,broad_fare_bounds,2010,2017,True,True,retained,True,True,retained
4,12266,10721,broad_fare_bounds,2010,2017,True,True,retained,True,True,retained
4,12266,10821,broad_fare_bounds,2010,2017,True,True,retained,True,True,retained
4,12266,11278,broad_fare_bounds,2010,2017,True,True,retained,True,True,retained
4,12266,11292,broad_fare_bounds,2010,2017,True,True,retained,True,True,retained
4,12266,11298,broad_fare_bounds,2010,2017,True,True,retained,True,True,retained
4,12266,11433,broad_fare_bounds,2010,2017,True,True,retained,True,True,retained
4,12266,11618,broad_fare_bounds,2010,2017,True,True,retained,True,True,retained
4,12266,11697,broad_fare_bounds,2010,2017,True,True,retained,True,True,retained
4,12266,12173,broad_fare_bounds,2010,2017,True,True,retained,True,True,retained
4,12266,12478,broad_fare_bounds,2010,2017,True,True,retained,True,False,exited
4,12266,12889,broad_fare_bounds,2010,2017,True,True,retained,True,True,retained
4,12266,12892,broad_fare_bounds,2010,2017,True,True,retained,True,True,retained
4,12266,12953,broad_fare_bounds,2010,2017,True,True,retained,True,True,retained
4,12266,13204,broad_fare_bounds,2010,2017,True,True,retained,True,True,retained
4,12266,13303,broad_fare_bounds,2010,2017,True,True,retained,True,True,retained
4,12266,13487,broad_fare_bounds,2010,2017,True,True,retained,True,True,retained
4,12266,13796,broad_fare_bounds,2010,2017,False,True,entered,False,True,entered
4,12266,13930,broad_fare_bounds,2010,2017,True,True,retained,True,True,retained
4,12266,14100,broad_fare_bounds,2010,2017,True,True,retained,True,True,retained
4,12266,14107,broad_fare_bounds,2010,2017,True,True,retained,True,True,retained
4,12266,14635,broad_fare_bounds,2010,2017,True,True,retained,True,True,retained
4,12266,14679,broad_fare_bounds,2010,2017,True,True,retained,True,True,retained
4,12266,14747,broad_fare_bounds,2010,2017,True,True,retained,True,True,retained
4,12266,14771,broad_fare_bounds,2010,2017,True,True,retained,True,True,retained
4,12266,14869,broad_fare_bounds,2010,2017,True,True,retained,True,True,retained
4,12266,15016,broad_fare_bounds,2010,2017,True,True,retained,True,True,retained
4,12266,15304,broad_fare_bounds,2010,2017,True,True,retained,True,True,retained
4,12478,10397,broad_fare_bounds,2010,2017,True,True,retained,True,True,retained
4,12478,10721,broad_fare_bounds,2010,2017,True,True,retained,True,True,retained
4,12478,10821,broad_fare_bounds,2010,2017,True,True,retained,True,False,exited
4,12478,11278,broad_fare_bounds,2010,2017,True,True,retained,True,True,retained
4,12478,11292,broad_fare_bounds,2010,2017,True,True,retained,True,True,retained
4,12478,11298,broad_fare_bounds,2010,2017,True,True,retained,True,True,retained
4,12478,11433,broad_fare_bounds,2010,2017,True,True,retained,True,True,retained
4,12478,11697,broad_fare_bounds,2010,2017,True,True,retained,True,True,retained
4,12478,12173,broad_fare_bounds,2010,2017,False,True,entered,False,True,entered
4,12478,12266,broad_fare_bounds,2010,2017,True,False,exited,True,False,exited
4,12478,12889,broad_fare_bounds,2010,2017,True,True,retained,True,True,retained
4,12478,12892,broad_fare_bounds,2010,2017,True,True,retained,True,True,retained
4,12478,13204,broad_fare_bounds,2010,2017,True,True,retained,True,True,retained
4,12478,13303,broad_fare_bounds,2010,2017,True,True,retained,True,True,retained
4,12478,13487,broad_fare_bounds,2010,2017,True,True,retained,True,True,retained
4,12478,13796,broad_fare_bounds,2010,2017,True,True,retained,True,True,retained
4,12478,13930,broad_fare_bounds,2010,2017,True,True,retained,True,True,retained
4,12478,14100,broad_fare_bounds,2010,2017,True,True,retained,True,True,retained
4,12478,14107,broad_fare_bounds,2010,2017,True,True,retained,True,True,retained
4,12478,14635,broad_fare_bounds,2010,2017,True,True,retained,True,True,retained
4,12478,14679,broad_fare_bounds,2010,2017,True,True,retained,True,True,retained
4,12478,14747,broad_fare_bounds,2010,2017,True,True,retained,True,True,retained
4,12478,14771,broad_fare_bounds,2010,2017,True,True,retained,True,True,retained
4,12478,14869,broad_fare_bounds,2010,2017,True,True,retained,True,True,retained
4,12478,15016,broad_fare_bounds,2010,2017,True,False,exited,True,False,exited
4,12478,15304,broad_fare_bounds,2010,2017,True,True,retained,True,True,retained
4,12889,10397,broad_fare_bounds,2010,2017,True,True,retained,True,True,retained
4,12889,10721,broad_fare_bounds,2010,2017,True,True,retained,True,True,retained
4,12889,10821,broad_fare_bounds,2010,2017,True,True,retained,True,True,retained
4,12889,11278,broad_fare_bounds,2010,2017,True,True,retained,True,True,retained
4,12889,11292,broad_fare_bounds,2010,2017,True,True,retained,True,True,retained
4,12889,11298,broad_fare_bounds,2010,2017,True,True,retained,True,True,retained
4,12889,11433,broad_fare_bounds,2010,2017,True,True,retained,True,True,retained
4,12889,11618,broad_fare_bounds,2010,2017,True,True,retained,True,True,retained
4,12889,11697,broad_fare_bounds,2010,2017,True,True,retained,True,True,retained
4,12889,12173,broad_fare_bounds,2010,2017,True,True,retained,True,True,retained
4,12889,12266,broad_fare_bounds,2010,2017,True,True,retained,True,True,retained
4,12889,12478,broad_fare_bounds,2010,2017,True,True,retained,True,True,retained
4,12889,12892,broad_fare_bounds,2010,2017,True,True,retained,True,True,retained
4,12889,12953,broad_fare_bounds,2010,2017,True,True,retained,False,False,absent
4,12889,13204,broad_fare_bounds,2010,2017,True,True,retained,True,True,retained
4,12889,13232,broad_fare_bounds,2010,2017,True,True,retained,True,True,retained
4,12889,13303,broad_fare_bounds,2010,2017,True,True,retained,True,True,retained
4,12889,13487,broad_fare_bounds,2010,2017,True,True,retained,True,True,retained
4,12889,13796,broad_fare_bounds,2010,2017,True,True,retained,True,True,retained
4,12889,13930,broad_fare_bounds,2010,2017,True,True,retained,True,True,retained
4,12889,14100,broad_fare_bounds,2010,2017,True,True,retained,True,True,retained
4,12889,14107,broad_fare_bounds,2010,2017,True,True,retained,True,True,retained
4,12889,14635,broad_fare_bounds,2010,2017,True,True,retained,False,False,absent
4,12889,14679,broad_fare_bounds,2010,2017,True,True,retained,True,True,retained
4,12889,14747,broad_fare_bounds,2010,2017,True,True,retained,True,True,retained
4,12889,14771,broad_fare_bounds,2010,2017,True,True,retained,True,True,retained
4,12889,14869,broad_fare_bounds,2010,2017,True,True,retained,True,True,retained
4,12889,15016,broad_fare_bounds,2010,2017,True,True,retained,True,True,retained
4,12889,15304,broad_fare_bounds,2010,2017,True,True,retained,True,True,retained
4,12892,10397,broad_fare_bounds,2010,2017,True,True,retained,True,True,retained
4,12892,10721,broad_fare_bounds,2010,2017,True,True,retained,True,True,retained
4,12892,10821,broad_fare_bounds,2010,2017,True,True,retained,True,True,retained
4,12892,11278,broad_fare_bounds,2010,2017,True,True,retained,True,True,retained
4,12892,11292,broad_fare_bounds,2010,2017,True,True,retained,True,True,retained
4,12892,11298,broad_fare_bounds,2010,2017,True,True,retained,True,True,retained
4,12892,11433,broad_fare_bounds,2010,2017,True,True,retained,True,True,retained
4,12892,11618,broad_fare_bounds,2010,2017,True,True,retained,True,True,retained
4,12892,11697,broad_fare_bounds,2010,2017,True,True,retained,True,True,retained
4,12892,12173,broad_fare_bounds,2010,2017,True,True,retained,True,True,retained
4,12892,12266,broad_fare_bounds,2010,2017,True,True,retained,True,True,retained
4,12892,12478,broad_fare_bounds,2010,2017,True,True,retained,True,True,retained
4,12892,12889,broad_fare_bounds,2010,2017,True,True,retained,True,True,retained
4,12892,12953,broad_fare_bounds,2010,2017,True,True,retained,False,False,absent
4,12892,13204,broad_fare_bounds,2010,2017,True,True,retained,True,True,retained
4,12892,13232,broad_fare_bounds,2010,2017,True,True,retained,True,True,retained
4,12892,13303,broad_fare_bounds,2010,2017,True,True,retained,True,True,retained
4,12892,13487,broad_fare_bounds,2010,2017,True,True,retained,True,True,retained
4,12892,13796,broad_fare_bounds,2010,2017,True,True,retained,True,True,retained
4,12892,13930,broad_fare_bounds,2010,2017,True,True,retained,True,True,retained
4,12892,14100,broad_fare_bounds,2010,2017,True,True,retained,True,True,retained
4,12892,14107,broad_fare_bounds,2010,2017,True,True,retained,True,True,retained
4,12892,14635,broad_fare_bounds,2010,2017,True,True,retained,False,False,absent
4,12892,14679,broad_fare_bounds,2010,2017,True,True,retained,True,True,retained
4,12892,14747,broad_fare_bounds,2010,2017,True,True,retained,True,True,retained
4,12892,14771,broad_fare_bounds,2010,2017,True,True,retained,True,True,retained
4,12892,14869,broad_fare_bounds,2010,2017,True,True,retained,True,True,retained
4,12892,15016,broad_fare_bounds,2010,2017,True,True,retained,True,True,retained
4,12892,15304,broad_fare_bounds,2010,2017,True,True,retained,True,True,retained
4,12953,10397,broad_fare_bounds,2010,2017,True,True,retained,True,True,retained
4,12953,10721,broad_fare_bounds,2010,2017,True,True,retained,True,True,retained
4,12953,10821,broad_fare_bounds,2010,2017,True,False,exited,True,False,exited
4,12953,11278,broad_fare_bounds,2010,2017,True,True,retained,True,True,retained
4,12953,11292,broad_fare_bounds,2010,2017,True,True,retained,True,True,retained
4,12953,11298,broad_fare_bounds,2010,2017,True,True,retained,True,True,retained
4,12953,11433,broad_fare_bounds,2010,2017,True,True,retained,True,True,retained
4,12953,11697,broad_fare_bounds,2010,2017,True,True,retained,True,True,retained
4,12953,12266,broad_fare_bounds,2010,2017,True,True,retained,True,True,retained
4,12953,12889,broad_fare_bounds,2010,2017,True,True,retained,False,False,absent
4,12953,12892,broad_fare_bounds,2010,2017,True,True,retained,False,False,absent
4,12953,13204,broad_fare_bounds,2010,2017,True,True,retained,True,True,retained
4,12953,13232,broad_fare_bounds,2010,2017,True,True,retained,True,True,retained
4,12953,13303,broad_fare_bounds,2010,2017,True,True,retained,True,True,retained
4,12953,13487,broad_fare_bounds,2010,2017,True,True,retained,True,True,retained
4,12953,13796,broad_fare_bounds,2010,2017,True,True,retained,False,False,absent
4,12953,13930,broad_fare_bounds,2010,2017,True,True,retained,True,True,retained
4,12953,14100,broad_fare_bounds,2010,2017,True,True,retained,True,True,retained
4,12953,14107,broad_fare_bounds,2010,2017,True,True,retained,False,False,absent
4,12953,14635,broad_fare_bounds,2010,2017,True,True,retained,True,True,retained
4,12953,14679,broad_fare_bounds,2010,2017,True,True,retained,False,False,absent
4,12953,14747,broad_fare_bounds,2010,2017,True,False,exited,False,False,absent
4,12953,14771,broad_fare_bounds,2010,2017,True,True,retained,False,False,absent
4,12953,14869,broad_fare_bounds,2010,2017,False,True,entered,False,False,absent
4,12953,15016,broad_fare_bounds,2010,2017,True,True,retained,True,True,retained
4,12953,15304,broad_fare_bounds,2010,2017,True,True,retained,True,True,retained
4,13204,10397,broad_fare_bounds,2010,2017,True,True,retained,True,True,retained
4,13204,10721,broad_fare_bounds,2010,2017,True,True,retained,True,True,retained
4,13204,10821,broad_fare_bounds,2010,2017,True,True,retained,True,True,retained
4,13204,11278,broad_fare_bounds,2010,2017,True,True,retained,True,True,retained
4,13204,11292,broad_fare_bounds,2010,2017,True,True,retained,True,True,retained
4,13204,11298,broad_fare_bounds,2010,2017,True,True,retained,True,True,retained
4,13204,11433,broad_fare_bounds,2010,2017,True,True,retained,True,True,retained
4,13204,11618,broad_fare_bounds,2010,2017,True,True,retained,True,True,retained
4,13204,11697,broad_fare_bounds,2010,2017,True,True,retained,True,True,retained
4,13204,12266,broad_fare_bounds,2010,2017,True,True,retained,True,True,retained
4,13204,12478,broad_fare_bounds,2010,2017,True,True,retained,True,True,retained
4,13204,12889,broad_fare_bounds,2010,2017,True,True,retained,True,True,retained
4,13204,12892,broad_fare_bounds,2010,2017,True,True,retained,True,True,retained
4,13204,12953,broad_fare_bounds,2010,2017,True,True,retained,True,True,retained
4,13204,13232,broad_fare_bounds,2010,2017,True,True,retained,True,True,retained
4,13204,13303,broad_fare_bounds,2010,2017,True,True,retained,True,True,retained
4,13204,13487,broad_fare_bounds,2010,2017,True,True,retained,True,True,retained
4,13204,13796,broad_fare_bounds,2010,2017,True,True,retained,False,False,absent
4,13204,13930,broad_fare_bounds,2010,2017,True,True,retained,True,True,retained
4,13204,14100,broad_fare_bounds,2010,2017,True,True,retained,True,True,retained
4,13204,14107,broad_fare_bounds,2010,2017,True,True,retained,True,True,retained
4,13204,14635,broad_fare_bounds,2010,2017,True,True,retained,True,False,exited
4,13204,14679,broad_fare_bounds,2010,2017,True,True,retained,False,True,entered
4,13204,14747,broad_fare_bounds,2010,2017,True,True,retained,True,True,retained
4,13204,14771,broad_fare_bounds,2010,2017,True,True,retained,True,True,retained
4,13204,14869,broad_fare_bounds,2010,2017,True,True,retained,True,True,retained
4,13204,15016,broad_fare_bounds,2010,2017,True,True,retained,True,True,retained
4,13232,10397,broad_fare_bounds,2010,2017,True,True,retained,True,True,retained
4,13232,10721,broad_fare_bounds,2010,2017,True,True,retained,True,True,retained
4,13232,10821,broad_fare_bounds,2010,2017,True,True,retained,True,True,retained
4,13232,11278,broad_fare_bounds,2010,2017,False,True,entered,False,True,entered
4,13232,11292,broad_fare_bounds,2010,2017,True,True,retained,True,True,retained
4,13232,11298,broad_fare_bounds,2010,2017,True,False,exited,False,False,absent
4,13232,11433,broad_fare_bounds,2010,2017,True,True,retained,True,True,retained
4,13232,11618,broad_fare_bounds,2010,2017,False,True,entered,False,True,entered
4,13232,11697,broad_fare_bounds,2010,2017,True,True,retained,True,True,retained
4,13232,12889,broad_fare_bounds,2010,2017,True,True,retained,True,True,retained
4,13232,12892,broad_fare_bounds,2010,2017,True,True,retained,True,True,retained
4,13232,12953,broad_fare_bounds,2010,2017,True,True,retained,True,True,retained
4,13232,13204,broad_fare_bounds,2010,2017,True,True,retained,True,True,retained
4,13232,13487,broad_fare_bounds,2010,2017,True,True,retained,True,True,retained
4,13232,13796,broad_fare_bounds,2010,2017,True,True,retained,True,True,retained
4,13232,14100,broad_fare_bounds,2010,2017,True,True,retained,True,True,retained
4,13232,14107,broad_fare_bounds,2010,2017,True,True,retained,True,True,retained
4,13232,14635,broad_fare_bounds,2010,2017,True,True,retained,True,True,retained
4,13232,14679,broad_fare_bounds,2010,2017,True,True,retained,True,True,retained
4,13232,14747,broad_fare_bounds,2010,2017,True,True,retained,True,True,retained
4,13232,14771,broad_fare_bounds,2010,2017,True,True,retained,True,True,retained
4,13232,14869,broad_fare_bounds,2010,2017,True,True,retained,True,True,retained
4,13232,15016,broad_fare_bounds,2010,2017,True,True,retained,True,True,retained
4,13232,15304,broad_fare_bounds,2010,2017,True,True,retained,True,True,retained
4,13303,10397,broad_fare_bounds,2010,2017,True,True,retained,True,True,retained
4,13303,10721,broad_fare_bounds,2010,2017,True,True,retained,True,True,retained
4,13303,10821,broad_fare_bounds,2010,2017,True,True,retained,True,True,retained
4,13303,11278,broad_fare_bounds,2010,2017,True,True,retained,True,True,retained
4,13303,11292,broad_fare_bounds,2010,2017,True,True,retained,True,True,retained
4,13303,11298,broad_fare_bounds,2010,2017,True,True,retained,True,True,retained
4,13303,11433,broad_fare_bounds,2010,2017,True,True,retained,True,True,retained
4,13303,11618,broad_fare_bounds,2010,2017,True,True,retained,True,True,retained
4,13303,12266,broad_fare_bounds,2010,2017,True,True,retained,True,True,retained
4,13303,12478,broad_fare_bounds,2010,2017,True,True,retained,True,True,retained
4,13303,12889,broad_fare_bounds,2010,2017,True,True,retained,True,True,retained
4,13303,12892,broad_fare_bounds,2010,2017,True,True,retained,True,True,retained
4,13303,12953,broad_fare_bounds,2010,2017,True,True,retained,True,True,retained
4,13303,13204,broad_fare_bounds,2010,2017,True,True,retained,True,True,retained
4,13303,13487,broad_fare_bounds,2010,2017,True,True,retained,True,True,retained
4,13303,13930,broad_fare_bounds,2010,2017,True,True,retained,True,True,retained
4,13303,14100,broad_fare_bounds,2010,2017,True,True,retained,True,True,retained
4,13303,14107,broad_fare_bounds,2010,2017,True,True,retained,True,True,retained
4,13303,14635,broad_fare_bounds,2010,2017,True,True,retained,False,False,absent
4,13303,14679,broad_fare_bounds,2010,2017,False,True,entered,False,True,entered
4,13303,14747,broad_fare_bounds,2010,2017,True,True,retained,True,True,retained
4,13303,14771,broad_fare_bounds,2010,2017,True,True,retained,True,True,retained
4,13303,14869,broad_fare_bounds,2010,2017,True,True,retained,False,True,entered
4,13303,15016,broad_fare_bounds,2010,2017,True,True,retained,True,True,retained
4,13303,15304,broad_fare_bounds,2010,2017,True,True,retained,True,True,retained
4,13487,10397,broad_fare_bounds,2010,2017,True,True,retained,True,True,retained
4,13487,10721,broad_fare_bounds,2010,2017,True,True,retained,True,True,retained
4,13487,10821,broad_fare_bounds,2010,2017,True,True,retained,True,True,retained
4,13487,11278,broad_fare_bounds,2010,2017,True,True,retained,True,True,retained
4,13487,11292,broad_fare_bounds,2010,2017,True,True,retained,True,True,retained
4,13487,11298,broad_fare_bounds,2010,2017,True,True,retained,True,True,retained
4,13487,11433,broad_fare_bounds,2010,2017,True,True,retained,True,True,retained
4,13487,11618,broad_fare_bounds,2010,2017,True,True,retained,True,True,retained
4,13487,11697,broad_fare_bounds,2010,2017,True,True,retained,True,True,retained
4,13487,12173,broad_fare_bounds,2010,2017,True,True,retained,True,True,retained
4,13487,12266,broad_fare_bounds,2010,2017,True,True,retained,True,True,retained
4,13487,12478,broad_fare_bounds,2010,2017,True,True,retained,True,True,retained
4,13487,12889,broad_fare_bounds,2010,2017,True,True,retained,True,True,retained
4,13487,12892,broad_fare_bounds,2010,2017,True,True,retained,True,True,retained
4,13487,12953,broad_fare_bounds,2010,2017,True,True,retained,True,True,retained
4,13487,13204,broad_fare_bounds,2010,2017,True,True,retained,True,True,retained
4,13487,13232,broad_fare_bounds,2010,2017,True,True,retained,True,True,retained
4,13487,13303,broad_fare_bounds,2010,2017,True,True,retained,True,True,retained
4,13487,13796,broad_fare_bounds,2010,2017,True,True,retained,False,False,absent
4,13487,13930,broad_fare_bounds,2010,2017,True,True,retained,True,True,retained
4,13487,14100,broad_fare_bounds,2010,2017,True,True,retained,True,True,retained
4,13487,14107,broad_fare_bounds,2010,2017,True,True,retained,True,True,retained
4,13487,14635,broad_fare_bounds,2010,2017,True,True,retained,True,True,retained
4,13487,14679,broad_fare_bounds,2010,2017,True,True,retained,True,True,retained
4,13487,14747,broad_fare_bounds,2010,2017,True,True,retained,True,True,retained
4,13487,14771,broad_fare_bounds,2010,2017,True,True,retained,True,True,retained
4,13487,14869,broad_fare_bounds,2010,2017,True,True,retained,True,True,retained
4,13487,15016,broad_fare_bounds,2010,2017,True,True,retained,True,True,retained
4,13487,15304,broad_fare_bounds,2010,2017,True,True,retained,True,True,retained
4,13796,10397,broad_fare_bounds,2010,2017,True,True,retained,True,True,retained
4,13796,10721,broad_fare_bounds,2010,2017,True,True,retained,False,False,absent
4,13796,10821,broad_fare_bounds,2010,2017,True,True,retained,False,True,entered
4,13796,11278,broad_fare_bounds,2010,2017,False,True,entered,False,False,absent
4,13796,11292,broad_fare_bounds,2010,2017,True,True,retained,True,True,retained
4,13796,11298,broad_fare_bounds,2010,2017,True,True,retained,False,True,entered
4,13796,11433,broad_fare_bounds,2010,2017,True,True,retained,False,True,entered
4,13796,11618,broad_fare_bounds,2010,2017,False,True,entered,False,False,absent
4,13796,11697,broad_fare_bounds,2010,2017,True,True,retained,False,False,absent
4,13796,12173,broad_fare_bounds,2010,2017,True,True,retained,True,True,retained
4,13796,12266,broad_fare_bounds,2010,2017,True,True,retained,False,True,entered
4,13796,12478,broad_fare_bounds,2010,2017,True,True,retained,True,True,retained
4,13796,12889,broad_fare_bounds,2010,2017,True,True,retained,True,True,retained
4,13796,12892,broad_fare_bounds,2010,2017,True,True,retained,True,True,retained
4,13796,12953,broad_fare_bounds,2010,2017,True,False,exited,False,False,absent
4,13796,13204,broad_fare_bounds,2010,2017,True,True,retained,False,False,absent
4,13796,13232,broad_fare_bounds,2010,2017,True,True,retained,True,True,retained
4,13796,13487,broad_fare_bounds,2010,2017,True,True,retained,False,False,absent
4,13796,13930,broad_fare_bounds,2010,2017,True,True,retained,False,True,entered
4,13796,14100,broad_fare_bounds,2010,2017,True,True,retained,False,False,absent
4,13796,14107,broad_fare_bounds,2010,2017,True,True,retained,True,True,retained
4,13796,14635,broad_fare_bounds,2010,2017,False,True,entered,False,False,absent
4,13796,14679,broad_fare_bounds,2010,2017,True,True,retained,True,True,retained
4,13796,14747,broad_fare_bounds,2010,2017,True,True,retained,True,True,retained
4,13796,14869,broad_fare_bounds,2010,2017,True,True,retained,True,True,retained
4,13796,15016,broad_fare_bounds,2010,2017,True,True,retained,False,True,entered
4,13796,15304,broad_fare_bounds,2010,2017,True,True,retained,False,False,absent
4,13930,10397,broad_fare_bounds,2010,2017,True,True,retained,True,True,retained
4,13930,10721,broad_fare_bounds,2010,2017,True,True,retained,True,True,retained
4,13930,10821,broad_fare_bounds,2010,2017,True,True,retained,True,True,retained
4,13930,11278,broad_fare_bounds,2010,2017,True,True,retained,True,True,retained
4,13930,11292,broad_fare_bounds,2010,2017,True,True,retained,True,True,retained
4,13930,11298,broad_fare_bounds,2010,2017,True,True,retained,True,True,retained
4,13930,11433,broad_fare_bounds,2010,2017,True,True,retained,True,True,retained
4,13930,11618,broad_fare_bounds,2010,2017,True,True,retained,True,True,retained
4,13930,11697,broad_fare_bounds,2010,2017,True,True,retained,True,True,retained
4,13930,12173,broad_fare_bounds,2010,2017,True,True,retained,True,True,retained
4,13930,12266,broad_fare_bounds,2010,2017,True,True,retained,True,True,retained
4,13930,12478,broad_fare_bounds,2010,2017,True,True,retained,True,True,retained
4,13930,12889,broad_fare_bounds,2010,2017,True,True,retained,True,True,retained
4,13930,12892,broad_fare_bounds,2010,2017,True,True,retained,True,True,retained
4,13930,12953,broad_fare_bounds,2010,2017,True,True,retained,True,True,retained
4,13930,13204,broad_fare_bounds,2010,2017,True,True,retained,True,True,retained
4,13930,13303,broad_fare_bounds,2010,2017,True,True,retained,True,True,retained
4,13930,13487,broad_fare_bounds,2010,2017,True,True,retained,True,True,retained
4,13930,13796,broad_fare_bounds,2010,2017,False,True,entered,False,True,entered
4,13930,14100,broad_fare_bounds,2010,2017,True,True,retained,True,True,retained
4,13930,14107,broad_fare_bounds,2010,2017,True,True,retained,True,True,retained
4,13930,14635,broad_fare_bounds,2010,2017,True,True,retained,True,True,retained
4,13930,14679,broad_fare_bounds,2010,2017,True,True,retained,True,True,retained
4,13930,14747,broad_fare_bounds,2010,2017,True,True,retained,True,True,retained
4,13930,14771,broad_fare_bounds,2010,2017,True,True,retained,True,True,retained
4,13930,14869,broad_fare_bounds,2010,2017,True,True,retained,True,True,retained
4,13930,15016,broad_fare_bounds,2010,2017,True,True,retained,True,True,retained
4,13930,15304,broad_fare_bounds,2010,2017,True,True,retained,True,True,retained
4,14100,10397,broad_fare_bounds,2010,2017,True,True,retained,True,True,retained
4,14100,10721,broad_fare_bounds,2010,2017,True,True,retained,True,True,retained
4,14100,10821,broad_fare_bounds,2010,2017,True,True,retained,True,False,exited
4,14100,11278,broad_fare_bounds,2010,2017,True,True,retained,True,True,retained
4,14100,11292,broad_fare_bounds,2010,2017,True,True,retained,True,True,retained
4,14100,11298,broad_fare_bounds,2010,2017,True,True,retained,True,True,retained
4,14100,11433,broad_fare_bounds,2010,2017,True,True,retained,True,True,retained
4,14100,11618,broad_fare_bounds,2010,2017,True,False,exited,False,False,absent
4,14100,11697,broad_fare_bounds,2010,2017,True,True,retained,True,True,retained
4,14100,12266,broad_fare_bounds,2010,2017,True,True,retained,True,True,retained
4,14100,12478,broad_fare_bounds,2010,2017,True,True,retained,True,True,retained
4,14100,12889,broad_fare_bounds,2010,2017,True,True,retained,True,True,retained
4,14100,12892,broad_fare_bounds,2010,2017,True,True,retained,True,True,retained
4,14100,12953,broad_fare_bounds,2010,2017,True,True,retained,True,True,retained
4,14100,13204,broad_fare_bounds,2010,2017,True,True,retained,True,True,retained
4,14100,13232,broad_fare_bounds,2010,2017,True,True,retained,True,True,retained
4,14100,13303,broad_fare_bounds,2010,2017,True,True,retained,True,True,retained
4,14100,13487,broad_fare_bounds,2010,2017,True,True,retained,True,True,retained
4,14100,13796,broad_fare_bounds,2010,2017,True,True,retained,False,False,absent
4,14100,13930,broad_fare_bounds,2010,2017,True,True,retained,True,True,retained
4,14100,14107,broad_fare_bounds,2010,2017,True,True,retained,True,True,retained
4,14100,14635,broad_fare_bounds,2010,2017,True,True,retained,True,True,retained
4,14100,14679,broad_fare_bounds,2010,2017,True,True,retained,True,True,retained
4,14100,14747,broad_fare_bounds,2010,2017,True,True,retained,True,True,retained
4,14100,14771,broad_fare_bounds,2010,2017,True,True,retained,True,True,retained
4,14100,14869,broad_fare_bounds,2010,2017,True,True,retained,True,True,retained
4,14100,15016,broad_fare_bounds,2010,2017,True,True,retained,True,True,retained
4,14100,15304,broad_fare_bounds,2010,2017,True,True,retained,True,True,retained
4,14107,10397,broad_fare_bounds,2010,2017,True,True,retained,True,True,retained
4,14107,10721,broad_fare_bounds,2010,2017,True,True,retained,True,True,retained
4,14107,10821,broad_fare_bounds,2010,2017,True,True,retained,True,True,retained
4,14107,11278,broad_fare_bounds,2010,2017,True,True,retained,True,True,retained
4,14107,11292,broad_fare_bounds,2010,2017,True,True,retained,True,True,retained
4,14107,11298,broad_fare_bounds,2010,2017,True,True,retained,True,True,retained
4,14107,11433,broad_fare_bounds,2010,2017,True,True,retained,True,True,retained
4,14107,11618,broad_fare_bounds,2010,2017,True,True,retained,True,True,retained
4,14107,11697,broad_fare_bounds,2010,2017,True,True,retained,True,True,retained
4,14107,12173,broad_fare_bounds,2010,2017,True,True,retained,True,True,retained
4,14107,12266,broad_fare_bounds,2010,2017,True,True,retained,True,True,retained
4,14107,12478,broad_fare_bounds,2010,2017,True,True,retained,True,True,retained
4,14107,12889,broad_fare_bounds,2010,2017,True,True,retained,True,True,retained
4,14107,12892,broad_fare_bounds,2010,2017,True,True,retained,True,True,retained
4,14107,12953,broad_fare_bounds,2010,2017,True,True,retained,False,False,absent
4,14107,13204,broad_fare_bounds,2010,2017,True,True,retained,True,True,retained
4,14107,13232,broad_fare_bounds,2010,2017,True,True,retained,True,True,retained
4,14107,13303,broad_fare_bounds,2010,2017,True,True,retained,True,True,retained
4,14107,13487,broad_fare_bounds,2010,2017,True,True,retained,True,True,retained
4,14107,13796,broad_fare_bounds,2010,2017,True,True,retained,True,True,retained
4,14107,13930,broad_fare_bounds,2010,2017,True,True,retained,True,True,retained
4,14107,14100,broad_fare_bounds,2010,2017,True,True,retained,True,True,retained
4,14107,14635,broad_fare_bounds,2010,2017,True,True,retained,False,False,absent
4,14107,14679,broad_fare_bounds,2010,2017,True,True,retained,True,True,retained
4,14107,14747,broad_fare_bounds,2010,2017,True,True,retained,True,True,retained
4,14107,14771,broad_fare_bounds,2010,2017,True,True,retained,True,True,retained
4,14107,14869,broad_fare_bounds,2010,2017,True,True,retained,True,True,retained
4,14107,15016,broad_fare_bounds,2010,2017,True,True,retained,True,True,retained
4,14107,15304,broad_fare_bounds,2010,2017,True,True,retained,True,True,retained
4,14635,10397,broad_fare_bounds,2010,2017,True,True,retained,True,True,retained
4,14635,10721,broad_fare_bounds,2010,2017,True,True,retained,True,True,retained
4,14635,10821,broad_fare_bounds,2010,2017,True,True,retained,True,True,retained
4,14635,11278,broad_fare_bounds,2010,2017,True,True,retained,True,True,retained
4,14635,11292,broad_fare_bounds,2010,2017,True,True,retained,True,True,retained
4,14635,11298,broad_fare_bounds,2010,2017,True,True,retained,True,True,retained
4,14635,11433,broad_fare_bounds,2010,2017,True,True,retained,True,True,retained
4,14635,11618,broad_fare_bounds,2010,2017,True,True,retained,True,True,retained
4,14635,12266,broad_fare_bounds,2010,2017,True,True,retained,True,True,retained
4,14635,12478,broad_fare_bounds,2010,2017,True,True,retained,True,True,retained
4,14635,12889,broad_fare_bounds,2010,2017,True,True,retained,False,False,absent
4,14635,12892,broad_fare_bounds,2010,2017,True,True,retained,False,False,absent
4,14635,12953,broad_fare_bounds,2010,2017,True,True,retained,True,True,retained
4,14635,13204,broad_fare_bounds,2010,2017,True,False,exited,True,False,exited
4,14635,13232,broad_fare_bounds,2010,2017,True,True,retained,True,True,retained
4,14635,13303,broad_fare_bounds,2010,2017,True,True,retained,False,False,absent
4,14635,13487,broad_fare_bounds,2010,2017,True,True,retained,True,True,retained
4,14635,13796,broad_fare_bounds,2010,2017,True,False,exited,False,False,absent
4,14635,13930,broad_fare_bounds,2010,2017,True,True,retained,True,True,retained
4,14635,14100,broad_fare_bounds,2010,2017,True,True,retained,True,True,retained
4,14635,14107,broad_fare_bounds,2010,2017,True,True,retained,False,False,absent
4,14635,14679,broad_fare_bounds,2010,2017,True,False,exited,False,False,absent
4,14635,14747,broad_fare_bounds,2010,2017,True,True,retained,False,False,absent
4,14635,14771,broad_fare_bounds,2010,2017,True,False,exited,False,False,absent
4,14635,14869,broad_fare_bounds,2010,2017,False,True,entered,False,False,absent
4,14635,15016,broad_fare_bounds,2010,2017,True,True,retained,True,True,retained
4,14679,10397,broad_fare_bounds,2010,2017,True,True,retained,True,True,retained
4,14679,10721,broad_fare_bounds,2010,2017,True,True,retained,True,True,retained
4,14679,10821,broad_fare_bounds,2010,2017,True,True,retained,True,True,retained
4,14679,11278,broad_fare_bounds,2010,2017,True,True,retained,False,False,absent
4,14679,11292,broad_fare_bounds,2010,2017,True,True,retained,True,True,retained
4,14679,11298,broad_fare_bounds,2010,2017,True,True,retained,True,True,retained
4,14679,11433,broad_fare_bounds,2010,2017,True,True,retained,True,True,retained
4,14679,11618,broad_fare_bounds,2010,2017,True,True,retained,True,True,retained
4,14679,11697,broad_fare_bounds,2010,2017,True,True,retained,False,True,entered
4,14679,12173,broad_fare_bounds,2010,2017,True,True,retained,True,True,retained
4,14679,12266,broad_fare_bounds,2010,2017,True,True,retained,True,True,retained
4,14679,12478,broad_fare_bounds,2010,2017,True,True,retained,True,True,retained
4,14679,12889,broad_fare_bounds,2010,2017,True,True,retained,True,True,retained
4,14679,12892,broad_fare_bounds,2010,2017,True,True,retained,True,True,retained
4,14679,12953,broad_fare_bounds,2010,2017,True,True,retained,False,False,absent
4,14679,13204,broad_fare_bounds,2010,2017,True,True,retained,False,True,entered
4,14679,13232,broad_fare_bounds,2010,2017,True,True,retained,True,True,retained
4,14679,13303,broad_fare_bounds,2010,2017,False,True,entered,False,True,entered
4,14679,13487,broad_fare_bounds,2010,2017,True,True,retained,True,True,retained
4,14679,13796,broad_fare_bounds,2010,2017,True,True,retained,True,True,retained
4,14679,13930,broad_fare_bounds,2010,2017,True,True,retained,True,True,retained
4,14679,14100,broad_fare_bounds,2010,2017,True,True,retained,True,True,retained
4,14679,14107,broad_fare_bounds,2010,2017,True,True,retained,True,True,retained
4,14679,14635,broad_fare_bounds,2010,2017,True,True,retained,False,False,absent
4,14679,14747,broad_fare_bounds,2010,2017,True,True,retained,True,True,retained
4,14679,14771,broad_fare_bounds,2010,2017,True,True,retained,True,True,retained
4,14679,14869,broad_fare_bounds,2010,2017,True,True,retained,True,True,retained
4,14679,15016,broad_fare_bounds,2010,2017,True,True,retained,True,True,retained
4,14679,15304,broad_fare_bounds,2010,2017,True,True,retained,False,False,absent
4,14747,10397,broad_fare_bounds,2010,2017,True,True,retained,True,True,retained
4,14747,10721,broad_fare_bounds,2010,2017,True,True,retained,True,True,retained
4,14747,10821,broad_fare_bounds,2010,2017,True,True,retained,False,True,entered
4,14747,11278,broad_fare_bounds,2010,2017,True,True,retained,True,True,retained
4,14747,11292,broad_fare_bounds,2010,2017,True,True,retained,True,True,retained
4,14747,11298,broad_fare_bounds,2010,2017,True,True,retained,True,True,retained
4,14747,11433,broad_fare_bounds,2010,2017,True,True,retained,True,True,retained
4,14747,11618,broad_fare_bounds,2010,2017,True,True,retained,True,True,retained
4,14747,11697,broad_fare_bounds,2010,2017,True,True,retained,False,True,entered
4,14747,12173,broad_fare_bounds,2010,2017,True,True,retained,True,True,retained
4,14747,12266,broad_fare_bounds,2010,2017,True,True,retained,True,True,retained
4,14747,12478,broad_fare_bounds,2010,2017,True,True,retained,True,True,retained
4,14747,12889,broad_fare_bounds,2010,2017,True,True,retained,True,True,retained
4,14747,12892,broad_fare_bounds,2010,2017,True,True,retained,True,True,retained
4,14747,12953,broad_fare_bounds,2010,2017,True,True,retained,False,False,absent
4,14747,13204,broad_fare_bounds,2010,2017,True,True,retained,True,True,retained
4,14747,13232,broad_fare_bounds,2010,2017,True,True,retained,True,True,retained
4,14747,13303,broad_fare_bounds,2010,2017,True,True,retained,True,True,retained
4,14747,13487,broad_fare_bounds,2010,2017,True,True,retained,True,True,retained
4,14747,13796,broad_fare_bounds,2010,2017,True,True,retained,True,True,retained
4,14747,13930,broad_fare_bounds,2010,2017,True,True,retained,True,True,retained
4,14747,14100,broad_fare_bounds,2010,2017,True,True,retained,True,True,retained
4,14747,14107,broad_fare_bounds,2010,2017,True,True,retained,True,True,retained
4,14747,14635,broad_fare_bounds,2010,2017,False,True,entered,False,False,absent
4,14747,14679,broad_fare_bounds,2010,2017,True,True,retained,True,True,retained
4,14747,14771,broad_fare_bounds,2010,2017,True,True,retained,True,True,retained
4,14747,14869,broad_fare_bounds,2010,2017,True,True,retained,True,True,retained
4,14747,15016,broad_fare_bounds,2010,2017,True,True,retained,True,True,retained
4,14747,15304,broad_fare_bounds,2010,2017,True,True,retained,False,True,entered
4,14771,10397,broad_fare_bounds,2010,2017,True,True,retained,True,True,retained
4,14771,10721,broad_fare_bounds,2010,2017,True,True,retained,True,True,retained
4,14771,10821,broad_fare_bounds,2010,2017,True,True,retained,True,True,retained
4,14771,11278,broad_fare_bounds,2010,2017,True,True,retained,False,True,entered
4,14771,11292,broad_fare_bounds,2010,2017,True,True,retained,True,True,retained
4,14771,11298,broad_fare_bounds,2010,2017,True,True,retained,True,True,retained
4,14771,11433,broad_fare_bounds,2010,2017,True,True,retained,True,True,retained
4,14771,11618,broad_fare_bounds,2010,2017,True,True,retained,True,True,retained
4,14771,11697,broad_fare_bounds,2010,2017,True,True,retained,True,True,retained
4,14771,12173,broad_fare_bounds,2010,2017,True,True,retained,True,True,retained
4,14771,12266,broad_fare_bounds,2010,2017,True,True,retained,True,True,retained
4,14771,12478,broad_fare_bounds,2010,2017,True,True,retained,True,True,retained
4,14771,12889,broad_fare_bounds,2010,2017,True,True,retained,True,True,retained
4,14771,12892,broad_fare_bounds,2010,2017,True,True,retained,True,True,retained
4,14771,12953,broad_fare_bounds,2010,2017,True,True,retained,False,False,absent
4,14771,13204,broad_fare_bounds,2010,2017,True,True,retained,True,True,retained
4,14771,13232,broad_fare_bounds,2010,2017,True,True,retained,True,True,retained
4,14771,13303,broad_fare_bounds,2010,2017,True,True,retained,True,True,retained
4,14771,13487,broad_fare_bounds,2010,2017,True,True,retained,True,True,retained
4,14771,13930,broad_fare_bounds,2010,2017,True,True,retained,True,True,retained
4,14771,14100,broad_fare_bounds,2010,2017,True,True,retained,True,True,retained
4,14771,14107,broad_fare_bounds,2010,2017,True,True,retained,True,True,retained
4,14771,14679,broad_fare_bounds,2010,2017,True,True,retained,True,True,retained
4,14771,14747,broad_fare_bounds,2010,2017,True,True,retained,True,True,retained
4,14771,14869,broad_fare_bounds,2010,2017,True,True,retained,True,True,retained
4,14771,15016,broad_fare_bounds,2010,2017,True,True,retained,True,True,retained
4,14771,15304,broad_fare_bounds,2010,2017,True,True,retained,False,True,entered
4,14869,10397,broad_fare_bounds,2010,2017,True,True,retained,True,True,retained
4,14869,10721,broad_fare_bounds,2010,2017,True,True,retained,True,True,retained
4,14869,10821,broad_fare_bounds,2010,2017,True,True,retained,True,True,retained
4,14869,11278,broad_fare_bounds,2010,2017,True,True,retained,True,True,retained
4,14869,11292,broad_fare_bounds,2010,2017,True,True,retained,True,True,retained
4,14869,11298,broad_fare_bounds,2010,2017,True,True,retained,True,True,retained
4,14869,11433,broad_fare_bounds,2010,2017,True,True,retained,True,True,retained
4,14869,11618,broad_fare_bounds,2010,2017,True,True,retained,True,True,retained
4,14869,11697,broad_fare_bounds,2010,2017,True,True,retained,False,True,entered
4,14869,12173,broad_fare_bounds,2010,2017,True,True,retained,True,True,retained
4,14869,12266,broad_fare_bounds,2010,2017,True,True,retained,True,True,retained
4,14869,12478,broad_fare_bounds,2010,2017,True,True,retained,True,True,retained
4,14869,12889,broad_fare_bounds,2010,2017,True,True,retained,True,True,retained
4,14869,12892,broad_fare_bounds,2010,2017,True,True,retained,True,True,retained
4,14869,12953,broad_fare_bounds,2010,2017,True,True,retained,False,False,absent
4,14869,13204,broad_fare_bounds,2010,2017,True,True,retained,True,True,retained
4,14869,13232,broad_fare_bounds,2010,2017,True,True,retained,True,True,retained
4,14869,13303,broad_fare_bounds,2010,2017,False,True,entered,False,True,entered
4,14869,13487,broad_fare_bounds,2010,2017,True,True,retained,True,True,retained
4,14869,13796,broad_fare_bounds,2010,2017,True,True,retained,True,True,retained
4,14869,13930,broad_fare_bounds,2010,2017,True,True,retained,True,True,retained
4,14869,14100,broad_fare_bounds,2010,2017,True,True,retained,True,True,retained
4,14869,14107,broad_fare_bounds,2010,2017,True,True,retained,True,True,retained
4,14869,14635,broad_fare_bounds,2010,2017,True,False,exited,False,False,absent
4,14869,14679,broad_fare_bounds,2010,2017,True,True,retained,True,True,retained
4,14869,14747,broad_fare_bounds,2010,2017,True,True,retained,True,True,retained
4,14869,14771,broad_fare_bounds,2010,2017,True,True,retained,True,True,retained
4,14869,15016,broad_fare_bounds,2010,2017,True,True,retained,True,True,retained
4,14869,15304,broad_fare_bounds,2010,2017,True,True,retained,False,True,entered
4,15016,10397,broad_fare_bounds,2010,2017,True,True,retained,True,True,retained
4,15016,10721,broad_fare_bounds,2010,2017,True,True,retained,True,True,retained
4,15016,10821,broad_fare_bounds,2010,2017,True,True,retained,True,True,retained
4,15016,11278,broad_fare_bounds,2010,2017,True,True,retained,True,True,retained
4,15016,11292,broad_fare_bounds,2010,2017,True,True,retained,True,True,retained
4,15016,11298,broad_fare_bounds,2010,2017,True,True,retained,True,True,retained
4,15016,11433,broad_fare_bounds,2010,2017,True,True,retained,True,True,retained
4,15016,11618,broad_fare_bounds,2010,2017,True,True,retained,True,True,retained
4,15016,11697,broad_fare_bounds,2010,2017,True,True,retained,True,True,retained
4,15016,12266,broad_fare_bounds,2010,2017,True,True,retained,True,True,retained
4,15016,12478,broad_fare_bounds,2010,2017,True,False,exited,True,False,exited
4,15016,12889,broad_fare_bounds,2010,2017,True,True,retained,True,True,retained
4,15016,12892,broad_fare_bounds,2010,2017,True,True,retained,True,True,retained
4,15016,12953,broad_fare_bounds,2010,2017,True,True,retained,True,True,retained
4,15016,13204,broad_fare_bounds,2010,2017,True,True,retained,True,True,retained
4,15016,13232,broad_fare_bounds,2010,2017,True,True,retained,True,True,retained
4,15016,13303,broad_fare_bounds,2010,2017,True,True,retained,True,True,retained
4,15016,13487,broad_fare_bounds,2010,2017,True,True,retained,True,True,retained
4,15016,13796,broad_fare_bounds,2010,2017,True,True,retained,False,True,entered
4,15016,13930,broad_fare_bounds,2010,2017,True,True,retained,True,True,retained
4,15016,14100,broad_fare_bounds,2010,2017,True,True,retained,True,True,retained
4,15016,14107,broad_fare_bounds,2010,2017,True,True,retained,True,True,retained
4,15016,14635,broad_fare_bounds,2010,2017,True,True,retained,True,True,retained
4,15016,14679,broad_fare_bounds,2010,2017,True,True,retained,True,True,retained
4,15016,14747,broad_fare_bounds,2010,2017,True,True,retained,True,True,retained
4,15016,14771,broad_fare_bounds,2010,2017,True,True,retained,True,True,retained
4,15016,14869,broad_fare_bounds,2010,2017,True,True,retained,True,True,retained
4,15016,15304,broad_fare_bounds,2010,2017,True,True,retained,True,True,retained
4,15304,10397,broad_fare_bounds,2010,2017,True,True,retained,True,True,retained
4,15304,10721,broad_fare_bounds,2010,2017,True,True,retained,True,True,retained
4,15304,10821,broad_fare_bounds,2010,2017,True,True,retained,True,True,retained
4,15304,11278,broad_fare_bounds,2010,2017,True,True,retained,True,True,retained
4,15304,11292,broad_fare_bounds,2010,2017,True,True,retained,True,True,retained
4,15304,11298,broad_fare_bounds,2010,2017,True,True,retained,True,True,retained
4,15304,11433,broad_fare_bounds,2010,2017,True,True,retained,True,True,retained
4,15304,11618,broad_fare_bounds,2010,2017,True,True,retained,True,True,retained
4,15304,11697,broad_fare_bounds,2010,2017,True,True,retained,True,True,retained
4,15304,12266,broad_fare_bounds,2010,2017,True,True,retained,True,True,retained
4,15304,12478,broad_fare_bounds,2010,2017,True,True,retained,True,True,retained
4,15304,12889,broad_fare_bounds,2010,2017,True,True,retained,True,True,retained
4,15304,12892,broad_fare_bounds,2010,2017,True,True,retained,True,True,retained
4,15304,12953,broad_fare_bounds,2010,2017,True,True,retained,True,True,retained
4,15304,13232,broad_fare_bounds,2010,2017,True,True,retained,True,True,retained
4,15304,13303,broad_fare_bounds,2010,2017,True,True,retained,True,True,retained
4,15304,13487,broad_fare_bounds,2010,2017,True,True,retained,True,True,retained
4,15304,13796,broad_fare_bounds,2010,2017,True,True,retained,False,False,absent
4,15304,13930,broad_fare_bounds,2010,2017,True,True,retained,True,True,retained
4,15304,14100,broad_fare_bounds,2010,2017,True,True,retained,True,True,retained
4,15304,14107,broad_fare_bounds,2010,2017,True,True,retained,True,True,retained
4,15304,14679,broad_fare_bounds,2010,2017,True,True,retained,False,False,absent
4,15304,14747,broad_fare_bounds,2010,2017,True,True,retained,False,True,entered
4,15304,14771,broad_fare_bounds,2010,2017,True,True,retained,False,True,entered
4,15304,14869,broad_fare_bounds,2010,2017,True,True,retained,False,True,entered
4,15304,15016,broad_fare_bounds,2010,2017,True,True,retained,True,True,retained
