Year,Quarter,Origin,Dest,RPCarrier,passengers,records,fare_mean,fare_variance,sample,t100_passengers,seats,departures,scheduled_departures,load_factor,scheduled_minus_performed,performed_scheduled_ratio,Origin_risk,Origin_fixed,Dest_risk,Dest_fixed,risk,fixed_risk,route,route_carrier,route_carrier_season,period,pair
2023,1,ATL,DEN,DL,4511.0,1184,268.1732830857903,21774.853986938047,primary,213671.0,245828.0,1390.0,1399.0,0.8691890264737947,9.0,0.993566833452466,0.18081180811808117,0.18081180811808117,0.014760147601476014,0.014760147601476014,0.09778597785977859,0.09778597785977859,ATL-DEN,ATL-DEN_DL,ATL-DEN_DL_Q1,2023Q1,ATL-DEN
2023,1,ATL,DEN,UA,1371.0,728,235.57159737417942,15468.81715988458,primary,213671.0,245828.0,1390.0,1399.0,0.8691890264737947,9.0,0.993566833452466,0.18081180811808117,0.18081180811808117,0.014760147601476014,0.014760147601476014,0.09778597785977859,0.09778597785977859,ATL-DEN,ATL-DEN_UA,ATL-DEN_UA_Q1,2023Q1,ATL-DEN
2023,1,ATL,DEN,WN,1491.0,654,204.46340710932262,7324.269498519032,primary,213671.0,245828.0,1390.0,1399.0,0.8691890264737947,9.0,0.993566833452466,0.18081180811808117,0.18081180811808117,0.014760147601476014,0.014760147601476014,0.09778597785977859,0.09778597785977859,ATL-DEN,ATL-DEN_WN,ATL-DEN_WN_Q1,2023Q1,ATL-DEN
2023,1,ATL,DFW,AA,3837.0,1151,221.59092520198072,10594.378355385852,primary,212729.0,264567.0,1397.0,1431.0,0.8040647548636073,34.0,0.976240391334731,0.18081180811808117,0.18081180811808117,0.1070110701107011,0.1070110701107011,0.14391143911439114,0.14391143911439114,ATL-DFW,ATL-DFW_AA,ATL-DFW_AA_Q1,2023Q1,ATL-DFW
2023,1,ATL,DFW,DL,3803.0,1322,243.7589771233237,14793.071696008687,primary,212729.0,264567.0,1397.0,1431.0,0.8040647548636073,34.0,0.976240391334731,0.18081180811808117,0.18081180811808117,0.1070110701107011,0.1070110701107011,0.14391143911439114,0.14391143911439114,ATL-DFW,ATL-DFW_DL,ATL-DFW_DL_Q1,2023Q1,ATL-DFW
2023,1,ATL,JFK,DL,2899.0,743,187.59405657123148,11111.79684439279,primary,126894.0,165000.0,957.0,948.0,0.7690545454545454,-9.0,1.009493670886076,0.18081180811808117,0.18081180811808117,0.12177121771217712,0.12177121771217712,0.15129151291512916,0.15129151291512916,ATL-JFK,ATL-JFK_DL,ATL-JFK_DL_Q1,2023Q1,ATL-JFK
2023,1,ATL,LAX,AA,1214.0,669,294.18433278418456,34789.03739506552,primary,206550.0,238625.0,1202.0,1214.0,0.8655840754321634,12.0,0.9901153212520593,0.18081180811808117,0.18081180811808117,0.033210332103321034,0.033210332103321034,0.1070110701107011,0.1070110701107011,ATL-LAX,ATL-LAX_AA,ATL-LAX_AA_Q1,2023Q1,ATL-LAX
2023,1,ATL,LAX,DL,5421.0,1729,495.82124515772,95608.24694157811,primary,206550.0,238625.0,1202.0,1214.0,0.8655840754321634,12.0,0.9901153212520593,0.18081180811808117,0.18081180811808117,0.033210332103321034,0.033210332103321034,0.1070110701107011,0.1070110701107011,ATL-LAX,ATL-LAX_DL,ATL-LAX_DL_Q1,2023Q1,ATL-LAX
2023,1,ATL,LAX,WN,100.0,91,253.6789,12916.561865790012,primary,206550.0,238625.0,1202.0,1214.0,0.8655840754321634,12.0,0.9901153212520593,0.18081180811808117,0.18081180811808117,0.033210332103321034,0.033210332103321034,0.1070110701107011,0.1070110701107011,ATL-LAX,ATL-LAX_WN,ATL-LAX_WN_Q1,2023Q1,ATL-LAX
2023,1,ATL,ORD,AA,753.0,369,166.60996015936254,6349.570084327766,primary,193422.0,250493.0,1523.0,1534.0,0.7721652900480253,11.0,0.9928292046936115,0.18081180811808117,0.18081180811808117,0.08118081180811808,0.08118081180811808,0.13099630996309963,0.13099630996309963,ATL-ORD,ATL-ORD_AA,ATL-ORD_AA_Q1,2023Q1,ATL-ORD
2023,1,ATL,ORD,DL,3968.0,1270,206.41266129032257,11606.024592514317,primary,193422.0,250493.0,1523.0,1534.0,0.7721652900480253,11.0,0.9928292046936115,0.18081180811808117,0.18081180811808117,0.08118081180811808,0.08118081180811808,0.13099630996309963,0.13099630996309963,ATL-ORD,ATL-ORD_DL,ATL-ORD_DL_Q1,2023Q1,ATL-ORD
2023,1,ATL,ORD,UA,1946.0,751,187.2772918807811,6815.268053251901,primary,193422.0,250493.0,1523.0,1534.0,0.7721652900480253,11.0,0.9928292046936115,0.18081180811808117,0.18081180811808117,0.08118081180811808,0.08118081180811808,0.13099630996309963,0.13099630996309963,ATL-ORD,ATL-ORD_UA,ATL-ORD_UA_Q1,2023Q1,ATL-ORD
2023,1,ATL,SEA,DL,1915.0,770,359.2222402088773,38965.548589080674,primary,108942.0,124596.0,671.0,677.0,0.8743619377829144,6.0,0.9911373707533235,0.18081180811808117,0.18081180811808117,0.2066420664206642,0.2066420664206642,0.19372693726937268,0.19372693726937268,ATL-SEA,ATL-SEA_DL,ATL-SEA_DL_Q1,2023Q1,ATL-SEA
2023,1,DEN,ATL,DL,4379.0,1183,272.96303950673666,22865.345783887708,primary,211130.0,246736.0,1393.0,1403.0,0.8556919136242785,10.0,0.992872416250891,0.014760147601476014,0.014760147601476014,0.18081180811808117,0.18081180811808117,0.09778597785977859,0.09778597785977859,DEN-ATL,DEN-ATL_DL,DEN-ATL_DL_Q1,2023Q1,ATL-DEN
2023,1,DEN,ATL,UA,1461.0,771,236.0764065708419,14349.58509543771,primary,211130.0,246736.0,1393.0,1403.0,0.8556919136242785,10.0,0.992872416250891,0.014760147601476014,0.014760147601476014,0.18081180811808117,0.18081180811808117,0.09778597785977859,0.09778597785977859,DEN-ATL,DEN-ATL_UA,DEN-ATL_UA_Q1,2023Q1,ATL-DEN
2023,1,DEN,ATL,WN,1534.0,674,202.1420143415906,7081.357600310097,primary,211130.0,246736.0,1393.0,1403.0,0.8556919136242785,10.0,0.992872416250891,0.014760147601476014,0.014760147601476014,0.18081180811808117,0.18081180811808117,0.09778597785977859,0.09778597785977859,DEN-ATL,DEN-ATL_WN,DEN-ATL_WN_Q1,2023Q1,ATL-DEN
2023,1,DEN,DFW,AA,3818.0,1061,225.09010214772132,12102.429056589877,primary,196059.0,230347.0,1280.0,1312.0,0.8511463140392538,32.0,0.975609756097561,0.014760147601476014,0.014760147601476014,0.1070110701107011,0.1070110701107011,0.060885608856088555,0.060885608856088555,DEN-DFW,DEN-DFW_AA,DEN-DFW_AA_Q1,2023Q1,DEN-DFW
2023,1,DEN,DFW,UA,2328.0,1015,194.0746821305842,10894.35876665153,primary,196059.0,230347.0,1280.0,1312.0,0.8511463140392538,32.0,0.975609756097561,0.014760147601476014,0.014760147601476014,0.1070110701107011,0.1070110701107011,0.060885608856088555,0.060885608856088555,DEN-DFW,DEN-DFW_UA,DEN-DFW_UA_Q1,2023Q1,DEN-DFW
2023,1,DEN,JFK,DL,1715.0,609,236.3602857142857,25912.384668548097,primary,49539.0,64193.0,391.0,403.0,0.7717196579066253,12.0,0.9702233250620348,0.014760147601476014,0.014760147601476014,0.12177121771217712,0.12177121771217712,0.06826568265682657,0.06826568265682657,DEN-JFK,DEN-JFK_DL,DEN-JFK_DL_Q1,2023Q1,DEN-JFK
2023,1,DEN,LAX,DL,1696.0,546,170.06528891509433,10224.259010883517,primary,237114.0,294771.0,1780.0,1788.0,0.8044007042755223,8.0,0.9955257270693513,0.014760147601476014,0.014760147601476014,0.033210332103321034,0.033210332103321034,0.023985239852398525,0.023985239852398525,DEN-LAX,DEN-LAX_DL,DEN-LAX_DL_Q1,2023Q1,DEN-LAX
2023,1,DEN,LAX,UA,4652.0,1305,177.74440240756664,12673.969290593013,primary,237114.0,294771.0,1780.0,1788.0,0.8044007042755223,8.0,0.9955257270693513,0.014760147601476014,0.014760147601476014,0.033210332103321034,0.033210332103321034,0.023985239852398525,0.023985239852398525,DEN-LAX,DEN-LAX_UA,DEN-LAX_UA_Q1,2023Q1,DEN-LAX
2023,1,DEN,LAX,WN,2795.0,887,144.05335599284436,5251.349520401,primary,237114.0,294771.0,1780.0,1788.0,0.8044007042755223,8.0,0.9955257270693513,0.014760147601476014,0.014760147601476014,0.033210332103321034,0.033210332103321034,0.023985239852398525,0.023985239852398525,DEN-LAX,DEN-LAX_WN,DEN-LAX_WN_Q1,2023Q1,DEN-LAX
2023,1,DEN,ORD,AA,1452.0,504,202.1806955922865,10373.38135798723,primary,228916.0,300072.0,1475.0,1503.0,0.7628702444746595,28.0,0.9813705921490352,0.014760147601476014,0.014760147601476014,0.08118081180811808,0.08118081180811808,0.047970479704797044,0.047970479704797044,DEN-ORD,DEN-ORD_AA,DEN-ORD_AA_Q1,2023Q1,DEN-ORD
2023,1,DEN,ORD,UA,6244.0,1470,189.96466367713006,10348.58572940321,primary,228916.0,300072.0,1475.0,1503.0,0.7628702444746595,28.0,0.9813705921490352,0.014760147601476014,0.014760147601476014,0.08118081180811808,0.08118081180811808,0.047970479704797044,0.047970479704797044,DEN-ORD,DEN-ORD_UA,DEN-ORD_UA_Q1,2023Q1,DEN-ORD
2023,1,DEN,ORD,WN,1906.0,683,161.55547219307448,4483.71398039089,primary,228916.0,300072.0,1475.0,1503.0,0.7628702444746595,28.0,0.9813705921490352,0.014760147601476014,0.014760147601476014,0.08118081180811808,0.08118081180811808,0.047970479704797044,0.047970479704797044,DEN-ORD,DEN-ORD_WN,DEN-ORD_WN_Q1,2023Q1,DEN-ORD
2023,1,DEN,SEA,DL,1444.0,453,169.00225761772853,9234.089211246654,primary,179512.0,225607.0,1379.0,1401.0,0.7956845310650822,22.0,0.9842969307637401,0.014760147601476014,0.014760147601476014,0.2066420664206642,0.2066420664206642,0.11070110701107011,0.11070110701107011,DEN-SEA,DEN-SEA_DL,DEN-SEA_DL_Q1,2023Q1,DEN-SEA
2023,1,DEN,SEA,UA,1992.0,830,197.35901104417673,13509.280258911516,primary,179512.0,225607.0,1379.0,1401.0,0.7956845310650822,22.0,0.9842969307637401,0.014760147601476014,0.014760147601476014,0.2066420664206642,0.2066420664206642,0.11070110701107011,0.11070110701107011,DEN-SEA,DEN-SEA_UA,DEN-SEA_UA_Q1,2023Q1,DEN-SEA
2023,1,DEN,SEA,WN,1311.0,622,156.81890922959573,6745.238317727075,primary,179512.0,225607.0,1379.0,1401.0,0.7956845310650822,22.0,0.9842969307637401,0.014760147601476014,0.014760147601476014,0.2066420664206642,0.2066420664206642,0.11070110701107011,0.11070110701107011,DEN-SEA,DEN-SEA_WN,DEN-SEA_WN_Q1,2023Q1,DEN-SEA
2023,1,DFW,ATL,AA,3753.0,1091,215.6375459632294,9479.298023207659,primary,211772.0,263722.0,1394.0,1429.0,0.8030122629132193,35.0,0.9755073477956613,0.1070110701107011,0.1070110701107011,0.18081180811808117,0.18081180811808117,0.14391143911439114,0.14391143911439114,DFW-ATL,DFW-ATL_AA,DFW-ATL_AA_Q1,2023Q1,ATL-DFW
2023,1,DFW,ATL,DL,3747.0,1284,247.36788897784893,14718.98383629619,primary,211772.0,263722.0,1394.0,1429.0,0.8030122629132193,35.0,0.9755073477956613,0.1070110701107011,0.1070110701107011,0.18081180811808117,0.18081180811808117,0.14391143911439114,0.14391143911439114,DFW-ATL,DFW-ATL_DL,DFW-ATL_DL_Q1,2023Q1,ATL-DFW
2023,1,DFW,DEN,AA,3893.0,1034,219.239450295402,9978.003276861964,primary,190911.0,227937.0,1285.0,1317.0,0.8375603785256452,32.0,0.9757023538344722,0.1070110701107011,0.1070110701107011,0.014760147601476014,0.014760147601476014,0.060885608856088555,0.060885608856088555,DFW-DEN,DFW-DEN_AA,DFW-DEN_AA_Q1,2023Q1,DEN-DFW
2023,1,DFW,DEN,UA,2147.0,972,190.97148579413135,11288.223863698331,primary,190911.0,227937.0,1285.0,1317.0,0.8375603785256452,32.0,0.9757023538344722,0.1070110701107011,0.1070110701107011,0.014760147601476014,0.014760147601476014,0.060885608856088555,0.060885608856088555,DFW-DEN,DFW-DEN_UA,DFW-DEN_UA_Q1,2023Q1,DEN-DFW
2023,1,DFW,JFK,AA,1317.0,686,179.87773728170083,16490.677229959834,primary,59862.0,77686.0,513.0,525.0,0.7705635507041165,12.0,0.9771428571428571,0.1070110701107011,0.1070110701107011,0.12177121771217712,0.12177121771217712,0.11439114391143912,0.11439114391143912,DFW-JFK,DFW-JFK_AA,DFW-JFK_AA_Q1,2023Q1,DFW-JFK
2023,1,DFW,JFK,DL,826.0,459,190.5806053268765,15626.042270093632,primary,59862.0,77686.0,513.0,525.0,0.7705635507041165,12.0,0.9771428571428571,0.1070110701107011,0.1070110701107011,0.12177121771217712,0.12177121771217712,0.11439114391143912,0.11439114391143912,DFW-JFK,DFW-JFK_DL,DFW-JFK_DL_Q1,2023Q1,DFW-JFK
2023,1,DFW,LAX,AA,6136.0,1620,302.6133018252933,30419.84154516057,primary,234740.0,290239.0,1516.0,1550.0,0.808781728161963,34.0,0.9780645161290322,0.1070110701107011,0.1070110701107011,0.033210332103321034,0.033210332103321034,0.07011070110701106,0.07011070110701106,DFW-LAX,DFW-LAX_AA,DFW-LAX_AA_Q1,2023Q1,DFW-LAX
2023,1,DFW,LAX,DL,1029.0,507,268.74028182701653,30421.72311158238,primary,234740.0,290239.0,1516.0,1550.0,0.808781728161963,34.0,0.9780645161290322,0.1070110701107011,0.1070110701107011,0.033210332103321034,0.033210332103321034,0.07011070110701106,0.07011070110701106,DFW-LAX,DFW-LAX_DL,DFW-LAX_DL_Q1,2023Q1,DFW-LAX
2023,1,DFW,ORD,AA,4915.0,1338,270.138018311292,11836.490819999643,primary,182156.0,223767.0,1261.0,1292.0,0.814043178842278,31.0,0.9760061919504643,0.1070110701107011,0.1070110701107011,0.08118081180811808,0.08118081180811808,0.0940959409594096,0.0940959409594096,DFW-ORD,DFW-ORD_AA,DFW-ORD_AA_Q1,2023Q1,DFW-ORD
2023,1,DFW,ORD,UA,2773.0,1022,214.92503786512802,11441.361098925729,primary,182156.0,223767.0,1261.0,1292.0,0.814043178842278,31.0,0.9760061919504643,0.1070110701107011,0.1070110701107011,0.08118081180811808,0.08118081180811808,0.0940959409594096,0.0940959409594096,DFW-ORD,DFW-ORD_UA,DFW-ORD_UA_Q1,2023Q1,DFW-ORD
2023,1,DFW,SEA,AA,2148.0,798,297.8336545623836,27299.035200377897,primary,125832.0,153927.0,835.0,866.0,0.8174784150928687,31.0,0.964203233256351,0.1070110701107011,0.1070110701107011,0.2066420664206642,0.2066420664206642,0.15682656826568264,0.15682656826568264,DFW-SEA,DFW-SEA_AA,DFW-SEA_AA_Q1,2023Q1,DFW-SEA
2023,1,JFK,ATL,DL,2865.0,742,190.35985689354274,11976.348795197671,primary,123491.0,162621.0,943.0,942.0,0.7593791699718978,-1.0,1.0010615711252655,0.12177121771217712,0.12177121771217712,0.18081180811808117,0.18081180811808117,0.15129151291512916,0.15129151291512916,JFK-ATL,JFK-ATL_DL,JFK-ATL_DL_Q1,2023Q1,ATL-JFK
2023,1,JFK,DEN,DL,1793.0,666,232.3220524261015,23135.589369351415,primary,52135.0,65249.0,397.0,404.0,0.7990160768747414,7.0,0.9826732673267327,0.12177121771217712,0.12177121771217712,0.014760147601476014,0.014760147601476014,0.06826568265682657,0.06826568265682657,JFK-DEN,JFK-DEN_DL,JFK-DEN_DL_Q1,2023Q1,DEN-JFK
2023,1,JFK,DFW,AA,1445.0,755,177.6064152249135,14998.437333862188,primary,60467.0,78344.0,514.0,525.0,0.7718140508526499,11.0,0.979047619047619,0.12177121771217712,0.12177121771217712,0.1070110701107011,0.1070110701107011,0.11439114391143912,0.11439114391143912,JFK-DFW,JFK-DFW_AA,JFK-DFW_AA_Q1,2023Q1,DFW-JFK
2023,1,JFK,DFW,DL,802.0,461,199.029825436409,15455.817662563037,primary,60467.0,78344.0,514.0,525.0,0.7718140508526499,11.0,0.979047619047619,0.12177121771217712,0.12177121771217712,0.1070110701107011,0.1070110701107011,0.11439114391143912,0.11439114391143912,JFK-DFW,JFK-DFW_DL,JFK-DFW_DL_Q1,2023Q1,DFW-JFK
2023,1,JFK,LAX,AA,4315.0,1880,485.95158053302436,171374.54984241497,primary,303279.0,379244.0,2384.0,2395.0,0.7996936009534759,11.0,0.9954070981210856,0.12177121771217712,0.12177121771217712,0.033210332103321034,0.033210332103321034,0.07749077490774908,0.07749077490774908,JFK-LAX,JFK-LAX_AA,JFK-LAX_AA_Q1,2023Q1,JFK-LAX
2023,1,JFK,LAX,DL,9536.0,2285,429.4831606543624,155044.16384061848,primary,303279.0,379244.0,2384.0,2395.0,0.7996936009534759,11.0,0.9954070981210856,0.12177121771217712,0.12177121771217712,0.033210332103321034,0.033210332103321034,0.07749077490774908,0.07749077490774908,JFK-LAX,JFK-LAX_DL,JFK-LAX_DL_Q1,2023Q1,JFK-LAX
2023,1,JFK,ORD,AA,784.0,376,166.4236224489796,4618.802393765618,primary,48627.0,75423.0,704.0,705.0,0.6447237580048526,1.0,0.9985815602836879,0.12177121771217712,0.12177121771217712,0.08118081180811808,0.08118081180811808,0.1014760147601476,0.1014760147601476,JFK-ORD,JFK-ORD_AA,JFK-ORD_AA_Q1,2023Q1,JFK-ORD
2023,1,JFK,ORD,DL,47.0,45,151.01744680851064,3274.3126402897215,primary,48627.0,75423.0,704.0,705.0,0.6447237580048526,1.0,0.9985815602836879,0.12177121771217712,0.12177121771217712,0.08118081180811808,0.08118081180811808,0.1014760147601476,0.1014760147601476,JFK-ORD,JFK-ORD_DL,JFK-ORD_DL_Q1,2023Q1,JFK-ORD
2023,1,JFK,SEA,DL,2222.0,892,276.9143204320432,47696.92960428615,primary,93015.0,117963.0,658.0,665.0,0.7885099565117876,7.0,0.9894736842105263,0.12177121771217712,0.12177121771217712,0.2066420664206642,0.2066420664206642,0.16420664206642066,0.16420664206642066,JFK-SEA,JFK-SEA_DL,JFK-SEA_DL_Q1,2023Q1,JFK-SEA
2023,1,LAX,ATL,AA,1205.0,677,318.41437344398344,38493.28239240822,primary,209863.0,240086.0,1208.0,1214.0,0.8741159417875262,6.0,0.9950576606260296,0.033210332103321034,0.033210332103321034,0.18081180811808117,0.18081180811808117,0.1070110701107011,0.1070110701107011,LAX-ATL,LAX-ATL_AA,LAX-ATL_AA_Q1,2023Q1,ATL-LAX
2023,1,LAX,ATL,DL,5342.0,1694,495.01248783227254,96857.39305373208,primary,209863.0,240086.0,1208.0,1214.0,0.8741159417875262,6.0,0.9950576606260296,0.033210332103321034,0.033210332103321034,0.18081180811808117,0.18081180811808117,0.1070110701107011,0.1070110701107011,LAX-ATL,LAX-ATL_DL,LAX-ATL_DL_Q1,2023Q1,ATL-LAX
2023,1,LAX,ATL,WN,81.0,75,269.7588888888889,13654.820496296292,primary,209863.0,240086.0,1208.0,1214.0,0.8741159417875262,6.0,0.9950576606260296,0.033210332103321034,0.033210332103321034,0.18081180811808117,0.18081180811808117,0.1070110701107011,0.1070110701107011,LAX-ATL,LAX-ATL_WN,LAX-ATL_WN_Q1,2023Q1,ATL-LAX
2023,1,LAX,DEN,DL,1776.0,567,165.03497184684684,8633.871156755962,primary,220953.0,285045.0,1761.0,1786.0,0.7751512919012787,25.0,0.9860022396416573,0.033210332103321034,0.033210332103321034,0.014760147601476014,0.014760147601476014,0.023985239852398525,0.023985239852398525,LAX-DEN,LAX-DEN_DL,LAX-DEN_DL_Q1,2023Q1,DEN-LAX
2023,1,LAX,DEN,UA,4419.0,1294,178.48033039149126,11126.977602832692,primary,220953.0,285045.0,1761.0,1786.0,0.7751512919012787,25.0,0.9860022396416573,0.033210332103321034,0.033210332103321034,0.014760147601476014,0.014760147601476014,0.023985239852398525,0.023985239852398525,LAX-DEN,LAX-DEN_UA,LAX-DEN_UA_Q1,2023Q1,DEN-LAX
2023,1,LAX,DEN,WN,2796.0,902,140.19371602288984,4998.47249280777,primary,220953.0,285045.0,1761.0,1786.0,0.7751512919012787,25.0,0.9860022396416573,0.033210332103321034,0.033210332103321034,0.014760147601476014,0.014760147601476014,0.023985239852398525,0.023985239852398525,LAX-DEN,LAX-DEN_WN,LAX-DEN_WN_Q1,2023Q1,DEN-LAX
2023,1,LAX,DFW,AA,6250.0,1657,309.2290128,32624.89875318542,primary,237090.0,288880.0,1508.0,1543.0,0.8207214068125173,35.0,0.9773169151004537,0.033210332103321034,0.033210332103321034,0.1070110701107011,0.1070110701107011,0.07011070110701106,0.07011070110701106,LAX-DFW,LAX-DFW_AA,LAX-DFW_AA_Q1,2023Q1,DFW-LAX
2023,1,LAX,DFW,DL,1163.0,541,272.55836629406707,32091.121066290594,primary,237090.0,288880.0,1508.0,1543.0,0.8207214068125173,35.0,0.9773169151004537,0.033210332103321034,0.033210332103321034,0.1070110701107011,0.1070110701107011,0.07011070110701106,0.07011070110701106,LAX-DFW,LAX-DFW_DL,LAX-DFW_DL_Q1,2023Q1,DFW-LAX
2023,1,LAX,JFK,AA,4384.0,1879,490.59387545620433,174515.6652355968,primary,312304.0,380773.0,2396.0,2397.0,0.8201842042371702,1.0,0.9995828118481435,0.033210332103321034,0.033210332103321034,0.12177121771217712,0.12177121771217712,0.07749077490774908,0.07749077490774908,LAX-JFK,LAX-JFK_AA,LAX-JFK_AA_Q1,2023Q1,JFK-LAX
2023,1,LAX,JFK,DL,9445.0,2277,432.5029327686607,157036.14348711082,primary,312304.0,380773.0,2396.0,2397.0,0.8201842042371702,1.0,0.9995828118481435,0.033210332103321034,0.033210332103321034,0.12177121771217712,0.12177121771217712,0.07749077490774908,0.07749077490774908,LAX-JFK,LAX-JFK_DL,LAX-JFK_DL_Q1,2023Q1,JFK-LAX
2023,1,LAX,ORD,AA,5420.0,1398,259.15011992619924,27566.404333288214,primary,272658.0,324834.0,1555.0,1561.0,0.8393764199560391,6.0,0.9961563100576554,0.033210332103321034,0.033210332103321034,0.08118081180811808,0.08118081180811808,0.05719557195571956,0.05719557195571956,LAX-ORD,LAX-ORD_AA,LAX-ORD_AA_Q1,2023Q1,LAX-ORD
2023,1,LAX,ORD,UA,7035.0,1985,260.09820469083155,29280.908943088158,primary,272658.0,324834.0,1555.0,1561.0,0.8393764199560391,6.0,0.9961563100576554,0.033210332103321034,0.033210332103321034,0.08118081180811808,0.08118081180811808,0.05719557195571956,0.05719557195571956,LAX-ORD,LAX-ORD_UA,LAX-ORD_UA_Q1,2023Q1,LAX-ORD
2023,1,LAX,SEA,DL,3552.0,809,211.7604222972973,16364.73499402211,primary,202298.0,268333.0,1654.0,1700.0,0.7539065265919584,46.0,0.9729411764705882,0.033210332103321034,0.033210332103321034,0.2066420664206642,0.2066420664206642,0.11992619926199262,0.11992619926199262,LAX-SEA,LAX-SEA_DL,LAX-SEA_DL_Q1,2023Q1,LAX-SEA
2023,1,LAX,SEA,UA,1047.0,422,193.78765042979944,7285.489341757457,primary,202298.0,268333.0,1654.0,1700.0,0.7539065265919584,46.0,0.9729411764705882,0.033210332103321034,0.033210332103321034,0.2066420664206642,0.2066420664206642,0.11992619926199262,0.11992619926199262,LAX-SEA,LAX-SEA_UA,LAX-SEA_UA_Q1,2023Q1,LAX-SEA
2023,1,LAX,SEA,WN,121.0,89,130.8774380165289,3587.9214372378956,primary,202298.0,268333.0,1654.0,1700.0,0.7539065265919584,46.0,0.9729411764705882,0.033210332103321034,0.033210332103321034,0.2066420664206642,0.2066420664206642,0.11992619926199262,0.11992619926199262,LAX-SEA,LAX-SEA_WN,LAX-SEA_WN_Q1,2023Q1,LAX-SEA
2023,1,ORD,ATL,AA,828.0,393,167.24952898550723,8124.06943709699,primary,194058.0,250426.0,1524.0,1537.0,0.7749115507175772,13.0,0.9915419648666233,0.08118081180811808,0.08118081180811808,0.18081180811808117,0.18081180811808117,0.13099630996309963,0.13099630996309963,ORD-ATL,ORD-ATL_AA,ORD-ATL_AA_Q1,2023Q1,ATL-ORD
2023,1,ORD,ATL,DL,3669.0,1186,206.55359498500954,12190.143168133596,primary,194058.0,250426.0,1524.0,1537.0,0.7749115507175772,13.0,0.9915419648666233,0.08118081180811808,0.08118081180811808,0.18081180811808117,0.18081180811808117,0.13099630996309963,0.13099630996309963,ORD-ATL,ORD-ATL_DL,ORD-ATL_DL_Q1,2023Q1,ATL-ORD
2023,1,ORD,ATL,UA,2075.0,795,186.48255903614458,6914.732211716393,primary,194058.0,250426.0,1524.0,1537.0,0.7749115507175772,13.0,0.9915419648666233,0.08118081180811808,0.08118081180811808,0.18081180811808117,0.18081180811808117,0.13099630996309963,0.13099630996309963,ORD-ATL,ORD-ATL_UA,ORD-ATL_UA_Q1,2023Q1,ATL-ORD
2023,1,ORD,DEN,AA,1490.0,500,194.91091946308725,8655.721104053919,primary,228872.0,300837.0,1477.0,1503.0,0.7607840790860166,26.0,0.9827012641383899,0.08118081180811808,0.08118081180811808,0.014760147601476014,0.014760147601476014,0.047970479704797044,0.047970479704797044,ORD-DEN,ORD-DEN_AA,ORD-DEN_AA_Q1,2023Q1,DEN-ORD
2023,1,ORD,DEN,UA,6296.0,1468,186.2509466327827,10229.392066861197,primary,228872.0,300837.0,1477.0,1503.0,0.7607840790860166,26.0,0.9827012641383899,0.08118081180811808,0.08118081180811808,0.014760147601476014,0.014760147601476014,0.047970479704797044,0.047970479704797044,ORD-DEN,ORD-DEN_UA,ORD-DEN_UA_Q1,2023Q1,DEN-ORD
2023,1,ORD,DEN,WN,1851.0,669,160.134981091302,3976.7489231087748,primary,228872.0,300837.0,1477.0,1503.0,0.7607840790860166,26.0,0.9827012641383899,0.08118081180811808,0.08118081180811808,0.014760147601476014,0.014760147601476014,0.047970479704797044,0.047970479704797044,ORD-DEN,ORD-DEN_WN,ORD-DEN_WN_Q1,2023Q1,DEN-ORD
2023,1,ORD,DFW,AA,4845.0,1365,271.45366357069145,13338.162542470905,primary,182586.0,219498.0,1253.0,1282.0,0.8318344586283246,29.0,0.9773790951638065,0.08118081180811808,0.08118081180811808,0.1070110701107011,0.1070110701107011,0.0940959409594096,0.0940959409594096,ORD-DFW,ORD-DFW_AA,ORD-DFW_AA_Q1,2023Q1,DFW-ORD
2023,1,ORD,DFW,UA,2703.0,1031,217.0933000369959,12238.890249117168,primary,182586.0,219498.0,1253.0,1282.0,0.8318344586283246,29.0,0.9773790951638065,0.08118081180811808,0.08118081180811808,0.1070110701107011,0.1070110701107011,0.0940959409594096,0.0940959409594096,ORD-DFW,ORD-DFW_UA,ORD-DFW_UA_Q1,2023Q1,DFW-ORD
2023,1,ORD,JFK,AA,787.0,371,163.63017789072427,5155.873243678649,primary,46774.0,74776.0,699.0,702.0,0.6255215577190543,3.0,0.9957264957264957,0.08118081180811808,0.08118081180811808,0.12177121771217712,0.12177121771217712,0.1014760147601476,0.1014760147601476,ORD-JFK,ORD-JFK_AA,ORD-JFK_AA_Q1,2023Q1,JFK-ORD
2023,1,ORD,JFK,DL,101.0,76,194.05623762376237,6883.80728287423,primary,46774.0,74776.0,699.0,702.0,0.6255215577190543,3.0,0.9957264957264957,0.08118081180811808,0.08118081180811808,0.12177121771217712,0.12177121771217712,0.1014760147601476,0.1014760147601476,ORD-JFK,ORD-JFK_DL,ORD-JFK_DL_Q1,2023Q1,JFK-ORD
2023,1,ORD,LAX,AA,5435.0,1429,256.84821343146274,26837.825838997684,primary,265079.0,318119.0,1553.0,1565.0,0.8332699398652705,12.0,0.9923322683706071,0.08118081180811808,0.08118081180811808,0.033210332103321034,0.033210332103321034,0.05719557195571956,0.05719557195571956,ORD-LAX,ORD-LAX_AA,ORD-LAX_AA_Q1,2023Q1,LAX-ORD
2023,1,ORD,LAX,UA,7097.0,1993,253.3271340002818,27076.067303946125,primary,265079.0,318119.0,1553.0,1565.0,0.8332699398652705,12.0,0.9923322683706071,0.08118081180811808,0.08118081180811808,0.033210332103321034,0.033210332103321034,0.05719557195571956,0.05719557195571956,ORD-LAX,ORD-LAX_UA,ORD-LAX_UA_Q1,2023Q1,LAX-ORD
2023,1,ORD,SEA,AA,404.0,201,212.06460396039606,10702.2322292986,primary,118444.0,149258.0,886.0,902.0,0.7935521044098138,16.0,0.9822616407982262,0.08118081180811808,0.08118081180811808,0.2066420664206642,0.2066420664206642,0.14391143911439114,0.14391143911439114,ORD-SEA,ORD-SEA_AA,ORD-SEA_AA_Q1,2023Q1,ORD-SEA
2023,1,ORD,SEA,DL,951.0,390,203.7663196635121,11346.939333458278,primary,118444.0,149258.0,886.0,902.0,0.7935521044098138,16.0,0.9822616407982262,0.08118081180811808,0.08118081180811808,0.2066420664206642,0.2066420664206642,0.14391143911439114,0.14391143911439114,ORD-SEA,ORD-SEA_DL,ORD-SEA_DL_Q1,2023Q1,ORD-SEA
2023,1,ORD,SEA,UA,1349.0,696,236.4629651593773,17318.986615373884,primary,118444.0,149258.0,886.0,902.0,0.7935521044098138,16.0,0.9822616407982262,0.08118081180811808,0.08118081180811808,0.2066420664206642,0.2066420664206642,0.14391143911439114,0.14391143911439114,ORD-SEA,ORD-SEA_UA,ORD-SEA_UA_Q1,2023Q1,ORD-SEA
2023,1,SEA,ATL,DL,1957.0,802,362.21323454266735,37554.34868698282,primary,105735.0,124266.0,670.0,678.0,0.8508763459031432,8.0,0.9882005899705014,0.2066420664206642,0.2066420664206642,0.18081180811808117,0.18081180811808117,0.19372693726937268,0.19372693726937268,SEA-ATL,SEA-ATL_DL,SEA-ATL_DL_Q1,2023Q1,ATL-SEA
2023,1,SEA,DEN,DL,1445.0,461,168.24573702422146,8642.04395220766,primary,174020.0,221348.0,1376.0,1398.0,0.7861828433055641,22.0,0.9842632331902719,0.2066420664206642,0.2066420664206642,0.014760147601476014,0.014760147601476014,0.11070110701107011,0.11070110701107011,SEA-DEN,SEA-DEN_DL,SEA-DEN_DL_Q1,2023Q1,DEN-SEA
2023,1,SEA,DEN,UA,1853.0,790,193.17733944954128,12656.16050673691,primary,174020.0,221348.0,1376.0,1398.0,0.7861828433055641,22.0,0.9842632331902719,0.2066420664206642,0.2066420664206642,0.014760147601476014,0.014760147601476014,0.11070110701107011,0.11070110701107011,SEA-DEN,SEA-DEN_UA,SEA-DEN_UA_Q1,2023Q1,DEN-SEA
2023,1,SEA,DEN,WN,1333.0,624,154.82897974493622,6821.299921839804,primary,174020.0,221348.0,1376.0,1398.0,0.7861828433055641,22.0,0.9842632331902719,0.2066420664206642,0.2066420664206642,0.014760147601476014,0.014760147601476014,0.11070110701107011,0.11070110701107011,SEA-DEN,SEA-DEN_WN,SEA-DEN_WN_Q1,2023Q1,DEN-SEA
2023,1,SEA,DFW,AA,2206.0,798,300.14008159564827,30023.256117853714,primary,122316.0,152668.0,828.0,871.0,0.8011895092619279,43.0,0.9506314580941446,0.2066420664206642,0.2066420664206642,0.1070110701107011,0.1070110701107011,0.15682656826568264,0.15682656826568264,SEA-DFW,SEA-DFW_AA,SEA-DFW_AA_Q1,2023Q1,DFW-SEA
2023,1,SEA,JFK,DL,2127.0,858,283.65666666666664,53958.40042880429,primary,94285.0,118224.0,658.0,667.0,0.7975115035864122,9.0,0.9865067466266867,0.2066420664206642,0.2066420664206642,0.12177121771217712,0.12177121771217712,0.16420664206642066,0.16420664206642066,SEA-JFK,SEA-JFK_DL,SEA-JFK_DL_Q1,2023Q1,JFK-SEA
2023,1,SEA,LAX,DL,3518.0,807,208.85068789084707,15327.037811522263,primary,203435.0,269066.0,1657.0,1698.0,0.7560784342874982,41.0,0.9758539458186102,0.2066420664206642,0.2066420664206642,0.033210332103321034,0.033210332103321034,0.11992619926199262,0.11992619926199262,SEA-LAX,SEA-LAX_DL,SEA-LAX_DL_Q1,2023Q1,LAX-SEA
2023,1,SEA,LAX,UA,999.0,383,173.24152152152152,5431.034993881174,primary,203435.0,269066.0,1657.0,1698.0,0.7560784342874982,41.0,0.9758539458186102,0.2066420664206642,0.2066420664206642,0.033210332103321034,0.033210332103321034,0.11992619926199262,0.11992619926199262,SEA-LAX,SEA-LAX_UA,SEA-LAX_UA_Q1,2023Q1,LAX-SEA
2023,1,SEA,LAX,WN,73.0,55,141.83246575342466,3876.3375884406087,primary,203435.0,269066.0,1657.0,1698.0,0.7560784342874982,41.0,0.9758539458186102,0.2066420664206642,0.2066420664206642,0.033210332103321034,0.033210332103321034,0.11992619926199262,0.11992619926199262,SEA-LAX,SEA-LAX_WN,SEA-LAX_WN_Q1,2023Q1,LAX-SEA
2023,1,SEA,ORD,AA,519.0,223,200.5636223506744,12541.8386724277,primary,116590.0,149176.0,885.0,896.0,0.781560036466992,11.0,0.9877232142857143,0.2066420664206642,0.2066420664206642,0.08118081180811808,0.08118081180811808,0.14391143911439114,0.14391143911439114,SEA-ORD,SEA-ORD_AA,SEA-ORD_AA_Q1,2023Q1,ORD-SEA
2023,1,SEA,ORD,DL,1091.0,430,204.31769019248395,13548.152215196416,primary,116590.0,149176.0,885.0,896.0,0.781560036466992,11.0,0.9877232142857143,0.2066420664206642,0.2066420664206642,0.08118081180811808,0.08118081180811808,0.14391143911439114,0.14391143911439114,SEA-ORD,SEA-ORD_DL,SEA-ORD_DL_Q1,2023Q1,ORD-SEA
2023,1,SEA,ORD,UA,1118.0,616,233.19960644007156,17865.667222564254,primary,116590.0,149176.0,885.0,896.0,0.781560036466992,11.0,0.9877232142857143,0.2066420664206642,0.2066420664206642,0.08118081180811808,0.08118081180811808,0.14391143911439114,0.14391143911439114,SEA-ORD,SEA-ORD_UA,SEA-ORD_UA_Q1,2023Q1,ORD-SEA
2023,1,ATL,DEN,DL,739.0,182,290.9377537212449,30469.181511057075,one_way,213671.0,245828.0,1390.0,1399.0,0.8691890264737947,9.0,0.993566833452466,0.18081180811808117,0.18081180811808117,0.014760147601476014,0.014760147601476014,0.09778597785977859,0.09778597785977859,ATL-DEN,ATL-DEN_DL,ATL-DEN_DL_Q1,2023Q1,ATL-DEN
2023,1,ATL,DEN,UA,362.0,142,260.50828729281767,26107.702969994818,one_way,213671.0,245828.0,1390.0,1399.0,0.8691890264737947,9.0,0.993566833452466,0.18081180811808117,0.18081180811808117,0.014760147601476014,0.014760147601476014,0.09778597785977859,0.09778597785977859,ATL-DEN,ATL-DEN_UA,ATL-DEN_UA_Q1,2023Q1,ATL-DEN
2023,1,ATL,DEN,WN,343.0,96,239.54810495626822,11957.384712152256,one_way,213671.0,245828.0,1390.0,1399.0,0.8691890264737947,9.0,0.993566833452466,0.18081180811808117,0.18081180811808117,0.014760147601476014,0.014760147601476014,0.09778597785977859,0.09778597785977859,ATL-DEN,ATL-DEN_WN,ATL-DEN_WN_Q1,2023Q1,ATL-DEN
2023,1,ATL,DFW,AA,874.0,270,271.20480549199084,17189.114805282545,one_way,212729.0,264567.0,1397.0,1431.0,0.8040647548636073,34.0,0.976240391334731,0.18081180811808117,0.18081180811808117,0.1070110701107011,0.1070110701107011,0.14391143911439114,0.14391143911439114,ATL-DFW,ATL-DFW_AA,ATL-DFW_AA_Q1,2023Q1,ATL-DFW
2023,1,ATL,DFW,DL,648.0,192,273.79475308641975,24674.43781197608,one_way,212729.0,264567.0,1397.0,1431.0,0.8040647548636073,34.0,0.976240391334731,0.18081180811808117,0.18081180811808117,0.1070110701107011,0.1070110701107011,0.14391143911439114,0.14391143911439114,ATL-DFW,ATL-DFW_DL,ATL-DFW_DL_Q1,2023Q1,ATL-DFW
2023,1,ATL,JFK,DL,780.0,130,211.89871794871794,16439.547434253785,one_way,126894.0,165000.0,957.0,948.0,0.7690545454545454,-9.0,1.009493670886076,0.18081180811808117,0.18081180811808117,0.12177121771217712,0.12177121771217712,0.15129151291512916,0.15129151291512916,ATL-JFK,ATL-JFK_DL,ATL-JFK_DL_Q1,2023Q1,ATL-JFK
2023,1,ATL,LAX,AA,347.0,124,358.57348703170027,62456.54431147175,one_way,206550.0,238625.0,1202.0,1214.0,0.8655840754321634,12.0,0.9901153212520593,0.18081180811808117,0.18081180811808117,0.033210332103321034,0.033210332103321034,0.1070110701107011,0.1070110701107011,ATL-LAX,ATL-LAX_AA,ATL-LAX_AA_Q1,2023Q1,ATL-LAX
2023,1,ATL,LAX,DL,1031.0,286,649.8836081474296,116596.88073033729,one_way,206550.0,238625.0,1202.0,1214.0,0.8655840754321634,12.0,0.9901153212520593,0.18081180811808117,0.18081180811808117,0.033210332103321034,0.033210332103321034,0.1070110701107011,0.1070110701107011,ATL-LAX,ATL-LAX_DL,ATL-LAX_DL_Q1,2023Q1,ATL-LAX
2023,1,ATL,LAX,WN,30.0,22,267.6,17751.77333333333,one_way,206550.0,238625.0,1202.0,1214.0,0.8655840754321634,12.0,0.9901153212520593,0.18081180811808117,0.18081180811808117,0.033210332103321034,0.033210332103321034,0.1070110701107011,0.1070110701107011,ATL-LAX,ATL-LAX_WN,ATL-LAX_WN_Q1,2023Q1,ATL-LAX
2023,1,ATL,ORD,AA,248.0,77,187.95967741935485,9443.079019250777,one_way,193422.0,250493.0,1523.0,1534.0,0.7721652900480253,11.0,0.9928292046936115,0.18081180811808117,0.18081180811808117,0.08118081180811808,0.08118081180811808,0.13099630996309963,0.13099630996309963,ATL-ORD,ATL-ORD_AA,ATL-ORD_AA_Q1,2023Q1,ATL-ORD
2023,1,ATL,ORD,DL,861.0,213,236.83855981416957,17404.843855765583,one_way,193422.0,250493.0,1523.0,1534.0,0.7721652900480253,11.0,0.9928292046936115,0.18081180811808117,0.18081180811808117,0.08118081180811808,0.08118081180811808,0.13099630996309963,0.13099630996309963,ATL-ORD,ATL-ORD_DL,ATL-ORD_DL_Q1,2023Q1,ATL-ORD
2023,1,ATL,ORD,UA,473.0,155,205.61310782241014,9486.364056514809,one_way,193422.0,250493.0,1523.0,1534.0,0.7721652900480253,11.0,0.9928292046936115,0.18081180811808117,0.18081180811808117,0.08118081180811808,0.08118081180811808,0.13099630996309963,0.13099630996309963,ATL-ORD,ATL-ORD_UA,ATL-ORD_UA_Q1,2023Q1,ATL-ORD
2023,1,ATL,SEA,DL,401.0,122,398.4837905236908,58350.33951281395,one_way,108942.0,124596.0,671.0,677.0,0.8743619377829144,6.0,0.9911373707533235,0.18081180811808117,0.18081180811808117,0.2066420664206642,0.2066420664206642,0.19372693726937268,0.19372693726937268,ATL-SEA,ATL-SEA_DL,ATL-SEA_DL_Q1,2023Q1,ATL-SEA
2023,1,DEN,ATL,DL,617.0,191,322.4100486223663,38180.322946026805,one_way,211130.0,246736.0,1393.0,1403.0,0.8556919136242785,10.0,0.992872416250891,0.014760147601476014,0.014760147601476014,0.18081180811808117,0.18081180811808117,0.09778597785977859,0.09778597785977859,DEN-ATL,DEN-ATL_DL,DEN-ATL_DL_Q1,2023Q1,ATL-DEN
2023,1,DEN,ATL,UA,426.0,158,257.07511737089203,20843.03191606603,one_way,211130.0,246736.0,1393.0,1403.0,0.8556919136242785,10.0,0.992872416250891,0.014760147601476014,0.014760147601476014,0.18081180811808117,0.18081180811808117,0.09778597785977859,0.09778597785977859,DEN-ATL,DEN-ATL_UA,DEN-ATL_UA_Q1,2023Q1,ATL-DEN
2023,1,DEN,ATL,WN,370.0,97,231.3918918918919,11660.6761504748,one_way,211130.0,246736.0,1393.0,1403.0,0.8556919136242785,10.0,0.992872416250891,0.014760147601476014,0.014760147601476014,0.18081180811808117,0.18081180811808117,0.09778597785977859,0.09778597785977859,DEN-ATL,DEN-ATL_WN,DEN-ATL_WN_Q1,2023Q1,ATL-DEN
2023,1,DEN,DFW,AA,845.0,228,273.8615384615385,22645.69325443785,one_way,196059.0,230347.0,1280.0,1312.0,0.8511463140392538,32.0,0.975609756097561,0.014760147601476014,0.014760147601476014,0.1070110701107011,0.1070110701107011,0.060885608856088555,0.060885608856088555,DEN-DFW,DEN-DFW_AA,DEN-DFW_AA_Q1,2023Q1,DEN-DFW
2023,1,DEN,DFW,UA,676.0,210,211.60355029585799,15046.049928223809,one_way,196059.0,230347.0,1280.0,1312.0,0.8511463140392538,32.0,0.975609756097561,0.014760147601476014,0.014760147601476014,0.1070110701107011,0.1070110701107011,0.060885608856088555,0.060885608856088555,DEN-DFW,DEN-DFW_UA,DEN-DFW_UA_Q1,2023Q1,DEN-DFW
2023,1,DEN,JFK,DL,613.0,134,239.2430668841762,31188.268814085248,one_way,49539.0,64193.0,391.0,403.0,0.7717196579066253,12.0,0.9702233250620348,0.014760147601476014,0.014760147601476014,0.12177121771217712,0.12177121771217712,0.06826568265682657,0.06826568265682657,DEN-JFK,DEN-JFK_DL,DEN-JFK_DL_Q1,2023Q1,DEN-JFK
2023,1,DEN,LAX,DL,583.0,132,189.33790737564323,17998.789763716974,one_way,237114.0,294771.0,1780.0,1788.0,0.8044007042755223,8.0,0.9955257270693513,0.014760147601476014,0.014760147601476014,0.033210332103321034,0.033210332103321034,0.023985239852398525,0.023985239852398525,DEN-LAX,DEN-LAX_DL,DEN-LAX_DL_Q1,2023Q1,DEN-LAX
2023,1,DEN,LAX,UA,1481.0,289,204.39230249831195,21047.981817858526,one_way,237114.0,294771.0,1780.0,1788.0,0.8044007042755223,8.0,0.9955257270693513,0.014760147601476014,0.014760147601476014,0.033210332103321034,0.033210332103321034,0.023985239852398525,0.023985239852398525,DEN-LAX,DEN-LAX_UA,DEN-LAX_UA_Q1,2023Q1,DEN-LAX
2023,1,DEN,LAX,WN,729.0,128,173.19341563786008,8397.972192585814,one_way,237114.0,294771.0,1780.0,1788.0,0.8044007042755223,8.0,0.9955257270693513,0.014760147601476014,0.014760147601476014,0.033210332103321034,0.033210332103321034,0.023985239852398525,0.023985239852398525,DEN-LAX,DEN-LAX_WN,DEN-LAX_WN_Q1,2023Q1,DEN-LAX
2023,1,DEN,ORD,AA,401.0,124,236.10224438902742,15140.86984533679,one_way,228916.0,300072.0,1475.0,1503.0,0.7628702444746595,28.0,0.9813705921490352,0.014760147601476014,0.014760147601476014,0.08118081180811808,0.08118081180811808,0.047970479704797044,0.047970479704797044,DEN-ORD,DEN-ORD_AA,DEN-ORD_AA_Q1,2023Q1,DEN-ORD
2023,1,DEN,ORD,UA,1275.0,268,221.13882352941175,15835.631708419845,one_way,228916.0,300072.0,1475.0,1503.0,0.7628702444746595,28.0,0.9813705921490352,0.014760147601476014,0.014760147601476014,0.08118081180811808,0.08118081180811808,0.047970479704797044,0.047970479704797044,DEN-ORD,DEN-ORD_UA,DEN-ORD_UA_Q1,2023Q1,DEN-ORD
2023,1,DEN,ORD,WN,415.0,90,182.7397590361446,8234.269624038316,one_way,228916.0,300072.0,1475.0,1503.0,0.7628702444746595,28.0,0.9813705921490352,0.014760147601476014,0.014760147601476014,0.08118081180811808,0.08118081180811808,0.047970479704797044,0.047970479704797044,DEN-ORD,DEN-ORD_WN,DEN-ORD_WN_Q1,2023Q1,DEN-ORD
2023,1,DEN,SEA,DL,460.0,103,184.23260869565217,15530.448067107754,one_way,179512.0,225607.0,1379.0,1401.0,0.7956845310650822,22.0,0.9842969307637401,0.014760147601476014,0.014760147601476014,0.2066420664206642,0.2066420664206642,0.11070110701107011,0.11070110701107011,DEN-SEA,DEN-SEA_DL,DEN-SEA_DL_Q1,2023Q1,DEN-SEA
2023,1,DEN,SEA,UA,646.0,175,219.46749226006193,19391.248943246843,one_way,179512.0,225607.0,1379.0,1401.0,0.7956845310650822,22.0,0.9842969307637401,0.014760147601476014,0.014760147601476014,0.2066420664206642,0.2066420664206642,0.11070110701107011,0.11070110701107011,DEN-SEA,DEN-SEA_UA,DEN-SEA_UA_Q1,2023Q1,DEN-SEA
2023,1,DEN,SEA,WN,291.0,94,199.30584192439864,12192.555945253363,one_way,179512.0,225607.0,1379.0,1401.0,0.7956845310650822,22.0,0.9842969307637401,0.014760147601476014,0.014760147601476014,0.2066420664206642,0.2066420664206642,0.11070110701107011,0.11070110701107011,DEN-SEA,DEN-SEA_WN,DEN-SEA_WN_Q1,2023Q1,DEN-SEA
2023,1,DFW,ATL,AA,789.0,210,250.64638783269962,14425.810319651871,one_way,211772.0,263722.0,1394.0,1429.0,0.8030122629132193,35.0,0.9755073477956613,0.1070110701107011,0.1070110701107011,0.18081180811808117,0.18081180811808117,0.14391143911439114,0.14391143911439114,DFW-ATL,DFW-ATL_AA,DFW-ATL_AA_Q1,2023Q1,ATL-DFW
2023,1,DFW,ATL,DL,631.0,192,284.1600633914422,22527.551241834313,one_way,211772.0,263722.0,1394.0,1429.0,0.8030122629132193,35.0,0.9755073477956613,0.1070110701107011,0.1070110701107011,0.18081180811808117,0.18081180811808117,0.14391143911439114,0.14391143911439114,DFW-ATL,DFW-ATL_DL,DFW-ATL_DL_Q1,2023Q1,ATL-DFW
2023,1,DFW,DEN,AA,909.0,191,248.26952695269526,14850.102272713528,one_way,190911.0,227937.0,1285.0,1317.0,0.8375603785256452,32.0,0.9757023538344722,0.1070110701107011,0.1070110701107011,0.014760147601476014,0.014760147601476014,0.060885608856088555,0.060885608856088555,DFW-DEN,DFW-DEN_AA,DFW-DEN_AA_Q1,2023Q1,DEN-DFW
2023,1,DFW,DEN,UA,512.0,184,204.345703125,18199.480098724365,one_way,190911.0,227937.0,1285.0,1317.0,0.8375603785256452,32.0,0.9757023538344722,0.1070110701107011,0.1070110701107011,0.014760147601476014,0.014760147601476014,0.060885608856088555,0.060885608856088555,DFW-DEN,DFW-DEN_UA,DFW-DEN_UA_Q1,2023Q1,DEN-DFW
2023,1,DFW,JFK,AA,445.0,142,204.63370786516853,25869.333245802307,one_way,59862.0,77686.0,513.0,525.0,0.7705635507041165,12.0,0.9771428571428571,0.1070110701107011,0.1070110701107011,0.12177121771217712,0.12177121771217712,0.11439114391143912,0.11439114391143912,DFW-JFK,DFW-JFK_AA,DFW-JFK_AA_Q1,2023Q1,DFW-JFK
2023,1,DFW,JFK,DL,344.0,112,189.45058139534885,17419.81732524337,one_way,59862.0,77686.0,513.0,525.0,0.7705635507041165,12.0,0.9771428571428571,0.1070110701107011,0.1070110701107011,0.12177121771217712,0.12177121771217712,0.11439114391143912,0.11439114391143912,DFW-JFK,DFW-JFK_DL,DFW-JFK_DL_Q1,2023Q1,DFW-JFK
2023,1,DFW,LAX,AA,1653.0,337,360.33393829401086,45253.0209716042,one_way,234740.0,290239.0,1516.0,1550.0,0.808781728161963,34.0,0.9780645161290322,0.1070110701107011,0.1070110701107011,0.033210332103321034,0.033210332103321034,0.07011070110701106,0.07011070110701106,DFW-LAX,DFW-LAX_AA,DFW-LAX_AA_Q1,2023Q1,DFW-LAX
2023,1,DFW,LAX,DL,329.0,130,321.9392097264438,34714.664997551765,one_way,234740.0,290239.0,1516.0,1550.0,0.808781728161963,34.0,0.9780645161290322,0.1070110701107011,0.1070110701107011,0.033210332103321034,0.033210332103321034,0.07011070110701106,0.07011070110701106,DFW-LAX,DFW-LAX_DL,DFW-LAX_DL_Q1,2023Q1,DFW-LAX
2023,1,DFW,ORD,AA,1100.0,279,319.9136363636364,20853.713450413212,one_way,182156.0,223767.0,1261.0,1292.0,0.814043178842278,31.0,0.9760061919504643,0.1070110701107011,0.1070110701107011,0.08118081180811808,0.08118081180811808,0.0940959409594096,0.0940959409594096,DFW-ORD,DFW-ORD_AA,DFW-ORD_AA_Q1,2023Q1,DFW-ORD
2023,1,DFW,ORD,UA,756.0,220,230.12301587301587,16035.88301524314,one_way,182156.0,223767.0,1261.0,1292.0,0.814043178842278,31.0,0.9760061919504643,0.1070110701107011,0.1070110701107011,0.08118081180811808,0.08118081180811808,0.0940959409594096,0.0940959409594096,DFW-ORD,DFW-ORD_UA,DFW-ORD_UA_Q1,2023Q1,DFW-ORD
2023,1,DFW,SEA,AA,567.0,160,340.9453262786596,38312.4784922657,one_way,125832.0,153927.0,835.0,866.0,0.8174784150928687,31.0,0.964203233256351,0.1070110701107011,0.1070110701107011,0.2066420664206642,0.2066420664206642,0.15682656826568264,0.15682656826568264,DFW-SEA,DFW-SEA_AA,DFW-SEA_AA_Q1,2023Q1,DFW-SEA
2023,1,JFK,ATL,DL,755.0,143,215.88079470198676,17389.694399368447,one_way,123491.0,162621.0,943.0,942.0,0.7593791699718978,-1.0,1.0010615711252655,0.12177121771217712,0.12177121771217712,0.18081180811808117,0.18081180811808117,0.15129151291512916,0.15129151291512916,JFK-ATL,JFK-ATL_DL,JFK-ATL_DL_Q1,2023Q1,ATL-JFK
2023,1,JFK,DEN,DL,609.0,128,224.91954022988506,24861.60107959157,one_way,52135.0,65249.0,397.0,404.0,0.7990160768747414,7.0,0.9826732673267327,0.12177121771217712,0.12177121771217712,0.014760147601476014,0.014760147601476014,0.06826568265682657,0.06826568265682657,JFK-DEN,JFK-DEN_DL,JFK-DEN_DL_Q1,2023Q1,DEN-JFK
2023,1,JFK,DFW,AA,495.0,147,195.27474747474747,22049.86390776452,one_way,60467.0,78344.0,514.0,525.0,0.7718140508526499,11.0,0.979047619047619,0.12177121771217712,0.12177121771217712,0.1070110701107011,0.1070110701107011,0.11439114391143912,0.11439114391143912,JFK-DFW,JFK-DFW_AA,JFK-DFW_AA_Q1,2023Q1,DFW-JFK
2023,1,JFK,DFW,DL,298.0,111,215.51677852348993,19515.37723525967,one_way,60467.0,78344.0,514.0,525.0,0.7718140508526499,11.0,0.979047619047619,0.12177121771217712,0.12177121771217712,0.1070110701107011,0.1070110701107011,0.11439114391143912,0.11439114391143912,JFK-DFW,JFK-DFW_DL,JFK-DFW_DL_Q1,2023Q1,DFW-JFK
2023,1,JFK,LAX,AA,1663.0,455,475.1172579675286,167358.1684514109,one_way,303279.0,379244.0,2384.0,2395.0,0.7996936009534759,11.0,0.9954070981210856,0.12177121771217712,0.12177121771217712,0.033210332103321034,0.033210332103321034,0.07749077490774908,0.07749077490774908,JFK-LAX,JFK-LAX_AA,JFK-LAX_AA_Q1,2023Q1,JFK-LAX
2023,1,JFK,LAX,DL,3043.0,384,440.13342096615185,162381.54184393288,one_way,303279.0,379244.0,2384.0,2395.0,0.7996936009534759,11.0,0.9954070981210856,0.12177121771217712,0.12177121771217712,0.033210332103321034,0.033210332103321034,0.07749077490774908,0.07749077490774908,JFK-LAX,JFK-LAX_DL,JFK-LAX_DL_Q1,2023Q1,JFK-LAX
2023,1,JFK,ORD,AA,333.0,110,186.018018018018,5286.780456131812,one_way,48627.0,75423.0,704.0,705.0,0.6447237580048526,1.0,0.9985815602836879,0.12177121771217712,0.12177121771217712,0.08118081180811808,0.08118081180811808,0.1014760147601476,0.1014760147601476,JFK-ORD,JFK-ORD_AA,JFK-ORD_AA_Q1,2023Q1,JFK-ORD
2023,1,JFK,SEA,DL,748.0,197,281.7152406417112,49678.87746825762,one_way,93015.0,117963.0,658.0,665.0,0.7885099565117876,7.0,0.9894736842105263,0.12177121771217712,0.12177121771217712,0.2066420664206642,0.2066420664206642,0.16420664206642066,0.16420664206642066,JFK-SEA,JFK-SEA_DL,JFK-SEA_DL_Q1,2023Q1,JFK-SEA
2023,1,LAX,ATL,AA,375.0,168,409.90133333333335,61029.57693155552,one_way,209863.0,240086.0,1208.0,1214.0,0.8741159417875262,6.0,0.9950576606260296,0.033210332103321034,0.033210332103321034,0.18081180811808117,0.18081180811808117,0.1070110701107011,0.1070110701107011,LAX-ATL,LAX-ATL_AA,LAX-ATL_AA_Q1,2023Q1,ATL-LAX
2023,1,LAX,ATL,DL,975.0,269,657.268717948718,127107.79650861281,one_way,209863.0,240086.0,1208.0,1214.0,0.8741159417875262,6.0,0.9950576606260296,0.033210332103321034,0.033210332103321034,0.18081180811808117,0.18081180811808117,0.1070110701107011,0.1070110701107011,LAX-ATL,LAX-ATL_DL,LAX-ATL_DL_Q1,2023Q1,ATL-LAX
2023,1,LAX,ATL,WN,32.0,26,304.46875,17946.2490234375,one_way,209863.0,240086.0,1208.0,1214.0,0.8741159417875262,6.0,0.9950576606260296,0.033210332103321034,0.033210332103321034,0.18081180811808117,0.18081180811808117,0.1070110701107011,0.1070110701107011,LAX-ATL,LAX-ATL_WN,LAX-ATL_WN_Q1,2023Q1,ATL-LAX
2023,1,LAX,DEN,DL,642.0,132,172.08722741433021,12977.789899166353,one_way,220953.0,285045.0,1761.0,1786.0,0.7751512919012787,25.0,0.9860022396416573,0.033210332103321034,0.033210332103321034,0.014760147601476014,0.014760147601476014,0.023985239852398525,0.023985239852398525,LAX-DEN,LAX-DEN_DL,LAX-DEN_DL_Q1,2023Q1,DEN-LAX
2023,1,LAX,DEN,UA,1207.0,242,207.87986743993372,15783.903546627,one_way,220953.0,285045.0,1761.0,1786.0,0.7751512919012787,25.0,0.9860022396416573,0.033210332103321034,0.033210332103321034,0.014760147601476014,0.014760147601476014,0.023985239852398525,0.023985239852398525,LAX-DEN,LAX-DEN_UA,LAX-DEN_UA_Q1,2023Q1,DEN-LAX
2023,1,LAX,DEN,WN,715.0,131,157.55384615384617,8125.296051640664,one_way,220953.0,285045.0,1761.0,1786.0,0.7751512919012787,25.0,0.9860022396416573,0.033210332103321034,0.033210332103321034,0.014760147601476014,0.014760147601476014,0.023985239852398525,0.023985239852398525,LAX-DEN,LAX-DEN_WN,LAX-DEN_WN_Q1,2023Q1,DEN-LAX
2023,1,LAX,DFW,AA,1769.0,382,380.9225551158847,50711.96743360706,one_way,237090.0,288880.0,1508.0,1543.0,0.8207214068125173,35.0,0.9773169151004537,0.033210332103321034,0.033210332103321034,0.1070110701107011,0.1070110701107011,0.07011070110701106,0.07011070110701106,LAX-DFW,LAX-DFW_AA,LAX-DFW_AA_Q1,2023Q1,DFW-LAX
2023,1,LAX,DFW,DL,452.0,154,319.8473451327434,37864.695723040175,one_way,237090.0,288880.0,1508.0,1543.0,0.8207214068125173,35.0,0.9773169151004537,0.033210332103321034,0.033210332103321034,0.1070110701107011,0.1070110701107011,0.07011070110701106,0.07011070110701106,LAX-DFW,LAX-DFW_DL,LAX-DFW_DL_Q1,2023Q1,DFW-LAX
2023,1,LAX,JFK,AA,1757.0,472,480.6835515082527,169955.42632591838,one_way,312304.0,380773.0,2396.0,2397.0,0.8201842042371702,1.0,0.9995828118481435,0.033210332103321034,0.033210332103321034,0.12177121771217712,0.12177121771217712,0.07749077490774908,0.07749077490774908,LAX-JFK,LAX-JFK_AA,LAX-JFK_AA_Q1,2023Q1,JFK-LAX
2023,1,LAX,JFK,DL,2971.0,395,448.4005385392124,164235.98026224787,one_way,312304.0,380773.0,2396.0,2397.0,0.8201842042371702,1.0,0.9995828118481435,0.033210332103321034,0.033210332103321034,0.12177121771217712,0.12177121771217712,0.07749077490774908,0.07749077490774908,LAX-JFK,LAX-JFK_DL,LAX-JFK_DL_Q1,2023Q1,JFK-LAX
2023,1,LAX,ORD,AA,1617.0,305,310.46072974644403,36585.27010286882,one_way,272658.0,324834.0,1555.0,1561.0,0.8393764199560391,6.0,0.9961563100576554,0.033210332103321034,0.033210332103321034,0.08118081180811808,0.08118081180811808,0.05719557195571956,0.05719557195571956,LAX-ORD,LAX-ORD_AA,LAX-ORD_AA_Q1,2023Q1,LAX-ORD
2023,1,LAX,ORD,UA,2135.0,392,293.83934426229507,38427.825711982194,one_way,272658.0,324834.0,1555.0,1561.0,0.8393764199560391,6.0,0.9961563100576554,0.033210332103321034,0.033210332103321034,0.08118081180811808,0.08118081180811808,0.05719557195571956,0.05719557195571956,LAX-ORD,LAX-ORD_UA,LAX-ORD_UA_Q1,2023Q1,LAX-ORD
2023,1,LAX,SEA,DL,1170.0,206,234.8111111111111,24511.06261158595,one_way,202298.0,268333.0,1654.0,1700.0,0.7539065265919584,46.0,0.9729411764705882,0.033210332103321034,0.033210332103321034,0.2066420664206642,0.2066420664206642,0.11992619926199262,0.11992619926199262,LAX-SEA,LAX-SEA_DL,LAX-SEA_DL_Q1,2023Q1,LAX-SEA
2023,1,LAX,SEA,UA,568.0,149,204.91725352112675,8615.111110766717,one_way,202298.0,268333.0,1654.0,1700.0,0.7539065265919584,46.0,0.9729411764705882,0.033210332103321034,0.033210332103321034,0.2066420664206642,0.2066420664206642,0.11992619926199262,0.11992619926199262,LAX-SEA,LAX-SEA_UA,LAX-SEA_UA_Q1,2023Q1,LAX-SEA
2023,1,LAX,SEA,WN,38.0,17,150.42105263157896,6120.3490304709085,one_way,202298.0,268333.0,1654.0,1700.0,0.7539065265919584,46.0,0.9729411764705882,0.033210332103321034,0.033210332103321034,0.2066420664206642,0.2066420664206642,0.11992619926199262,0.11992619926199262,LAX-SEA,LAX-SEA_WN,LAX-SEA_WN_Q1,2023Q1,LAX-SEA
2023,1,ORD,ATL,AA,311.0,90,183.91961414790995,12325.469422359165,one_way,194058.0,250426.0,1524.0,1537.0,0.7749115507175772,13.0,0.9915419648666233,0.08118081180811808,0.08118081180811808,0.18081180811808117,0.18081180811808117,0.13099630996309963,0.13099630996309963,ORD-ATL,ORD-ATL_AA,ORD-ATL_AA_Q1,2023Q1,ATL-ORD
2023,1,ORD,ATL,DL,654.0,200,251.09633027522935,21375.912738826708,one_way,194058.0,250426.0,1524.0,1537.0,0.7749115507175772,13.0,0.9915419648666233,0.08118081180811808,0.08118081180811808,0.18081180811808117,0.18081180811808117,0.13099630996309963,0.13099630996309963,ORD-ATL,ORD-ATL_DL,ORD-ATL_DL_Q1,2023Q1,ATL-ORD
2023,1,ORD,ATL,UA,588.0,185,199.96428571428572,9199.514030612248,one_way,194058.0,250426.0,1524.0,1537.0,0.7749115507175772,13.0,0.9915419648666233,0.08118081180811808,0.08118081180811808,0.18081180811808117,0.18081180811808117,0.13099630996309963,0.13099630996309963,ORD-ATL,ORD-ATL_UA,ORD-ATL_UA_Q1,2023Q1,ATL-ORD
2023,1,ORD,DEN,AA,443.0,126,212.2821670428894,10187.854919005957,one_way,228872.0,300837.0,1477.0,1503.0,0.7607840790860166,26.0,0.9827012641383899,0.08118081180811808,0.08118081180811808,0.014760147601476014,0.014760147601476014,0.047970479704797044,0.047970479704797044,ORD-DEN,ORD-DEN_AA,ORD-DEN_AA_Q1,2023Q1,DEN-ORD
2023,1,ORD,DEN,UA,1319.0,259,203.9029567854435,16012.933721355977,one_way,228872.0,300837.0,1477.0,1503.0,0.7607840790860166,26.0,0.9827012641383899,0.08118081180811808,0.08118081180811808,0.014760147601476014,0.014760147601476014,0.047970479704797044,0.047970479704797044,ORD-DEN,ORD-DEN_UA,ORD-DEN_UA_Q1,2023Q1,DEN-ORD
2023,1,ORD,DEN,WN,371.0,84,180.91374663072776,6477.733800248472,one_way,228872.0,300837.0,1477.0,1503.0,0.7607840790860166,26.0,0.9827012641383899,0.08118081180811808,0.08118081180811808,0.014760147601476014,0.014760147601476014,0.047970479704797044,0.047970479704797044,ORD-DEN,ORD-DEN_WN,ORD-DEN_WN_Q1,2023Q1,DEN-ORD
2023,1,ORD,DFW,AA,1018.0,298,331.12278978388997,27725.29238828784,one_way,182586.0,219498.0,1253.0,1282.0,0.8318344586283246,29.0,0.9773790951638065,0.08118081180811808,0.08118081180811808,0.1070110701107011,0.1070110701107011,0.0940959409594096,0.0940959409594096,ORD-DFW,ORD-DFW_AA,ORD-DFW_AA_Q1,2023Q1,DFW-ORD
2023,1,ORD,DFW,UA,682.0,225,237.92961876832845,19191.886542083397,one_way,182586.0,219498.0,1253.0,1282.0,0.8318344586283246,29.0,0.9773790951638065,0.08118081180811808,0.08118081180811808,0.1070110701107011,0.1070110701107011,0.0940959409594096,0.0940959409594096,ORD-DFW,ORD-DFW_UA,ORD-DFW_UA_Q1,2023Q1,DFW-ORD
2023,1,ORD,JFK,AA,337.0,104,179.9940652818991,7068.059311960133,one_way,46774.0,74776.0,699.0,702.0,0.6255215577190543,3.0,0.9957264957264957,0.08118081180811808,0.08118081180811808,0.12177121771217712,0.12177121771217712,0.1014760147601476,0.1014760147601476,ORD-JFK,ORD-JFK_AA,ORD-JFK_AA_Q1,2023Q1,JFK-ORD
2023,1,ORD,LAX,AA,1595.0,303,306.8307210031348,36185.54125057734,one_way,265079.0,318119.0,1553.0,1565.0,0.8332699398652705,12.0,0.9923322683706071,0.08118081180811808,0.08118081180811808,0.033210332103321034,0.033210332103321034,0.05719557195571956,0.05719557195571956,ORD-LAX,ORD-LAX_AA,ORD-LAX_AA_Q1,2023Q1,LAX-ORD
2023,1,ORD,LAX,UA,2200.0,397,272.8354545454545,31916.567470247945,one_way,265079.0,318119.0,1553.0,1565.0,0.8332699398652705,12.0,0.9923322683706071,0.08118081180811808,0.08118081180811808,0.033210332103321034,0.033210332103321034,0.05719557195571956,0.05719557195571956,ORD-LAX,ORD-LAX_UA,ORD-LAX_UA_Q1,2023Q1,LAX-ORD
2023,1,ORD,SEA,AA,156.0,60,233.7948717948718,13525.95792241946,one_way,118444.0,149258.0,886.0,902.0,0.7935521044098138,16.0,0.9822616407982262,0.08118081180811808,0.08118081180811808,0.2066420664206642,0.2066420664206642,0.14391143911439114,0.14391143911439114,ORD-SEA,ORD-SEA_AA,ORD-SEA_AA_Q1,2023Q1,ORD-SEA
2023,1,ORD,SEA,DL,328.0,94,219.20426829268294,17456.540591537763,one_way,118444.0,149258.0,886.0,902.0,0.7935521044098138,16.0,0.9822616407982262,0.08118081180811808,0.08118081180811808,0.2066420664206642,0.2066420664206642,0.14391143911439114,0.14391143911439114,ORD-SEA,ORD-SEA_DL,ORD-SEA_DL_Q1,2023Q1,ORD-SEA
2023,1,ORD,SEA,UA,537.0,188,250.68715083798884,21987.395607710947,one_way,118444.0,149258.0,886.0,902.0,0.7935521044098138,16.0,0.9822616407982262,0.08118081180811808,0.08118081180811808,0.2066420664206642,0.2066420664206642,0.14391143911439114,0.14391143911439114,ORD-SEA,ORD-SEA_UA,ORD-SEA_UA_Q1,2023Q1,ORD-SEA
2023,1,SEA,ATL,DL,413.0,126,409.1501210653753,50749.44961862944,one_way,105735.0,124266.0,670.0,678.0,0.8508763459031432,8.0,0.9882005899705014,0.2066420664206642,0.2066420664206642,0.18081180811808117,0.18081180811808117,0.19372693726937268,0.19372693726937268,SEA-ATL,SEA-ATL_DL,SEA-ATL_DL_Q1,2023Q1,ATL-SEA
2023,1,SEA,DEN,DL,451.0,101,180.84035476718404,13143.916863732236,one_way,174020.0,221348.0,1376.0,1398.0,0.7861828433055641,22.0,0.9842632331902719,0.2066420664206642,0.2066420664206642,0.014760147601476014,0.014760147601476014,0.11070110701107011,0.11070110701107011,SEA-DEN,SEA-DEN_DL,SEA-DEN_DL_Q1,2023Q1,DEN-SEA
2023,1,SEA,DEN,UA,517.0,146,209.50096711798838,18455.383461347083,one_way,174020.0,221348.0,1376.0,1398.0,0.7861828433055641,22.0,0.9842632331902719,0.2066420664206642,0.2066420664206642,0.014760147601476014,0.014760147601476014,0.11070110701107011,0.11070110701107011,SEA-DEN,SEA-DEN_UA,SEA-DEN_UA_Q1,2023Q1,DEN-SEA
2023,1,SEA,DEN,WN,310.0,92,189.38709677419354,12539.108220603543,one_way,174020.0,221348.0,1376.0,1398.0,0.7861828433055641,22.0,0.9842632331902719,0.2066420664206642,0.2066420664206642,0.014760147601476014,0.014760147601476014,0.11070110701107011,0.11070110701107011,SEA-DEN,SEA-DEN_WN,SEA-DEN_WN_Q1,2023Q1,DEN-SEA
2023,1,SEA,DFW,AA,639.0,171,341.3740219092332,44524.8256788164,one_way,122316.0,152668.0,828.0,871.0,0.8011895092619279,43.0,0.9506314580941446,0.2066420664206642,0.2066420664206642,0.1070110701107011,0.1070110701107011,0.15682656826568264,0.15682656826568264,SEA-DFW,SEA-DFW_AA,SEA-DFW_AA_Q1,2023Q1,DFW-SEA
2023,1,SEA,JFK,DL,681.0,191,307.215859030837,69512.59804511374,one_way,94285.0,118224.0,658.0,667.0,0.7975115035864122,9.0,0.9865067466266867,0.2066420664206642,0.2066420664206642,0.12177121771217712,0.12177121771217712,0.16420664206642066,0.16420664206642066,SEA-JFK,SEA-JFK_DL,SEA-JFK_DL_Q1,2023Q1,JFK-SEA
2023,1,SEA,LAX,DL,1147.0,212,227.11333914559722,21572.388200445566,one_way,203435.0,269066.0,1657.0,1698.0,0.7560784342874982,41.0,0.9758539458186102,0.2066420664206642,0.2066420664206642,0.033210332103321034,0.033210332103321034,0.11992619926199262,0.11992619926199262,SEA-LAX,SEA-LAX_DL,SEA-LAX_DL_Q1,2023Q1,LAX-SEA
2023,1,SEA,LAX,UA,522.0,110,169.41954022988506,5768.090269520413,one_way,203435.0,269066.0,1657.0,1698.0,0.7560784342874982,41.0,0.9758539458186102,0.2066420664206642,0.2066420664206642,0.033210332103321034,0.033210332103321034,0.11992619926199262,0.11992619926199262,SEA-LAX,SEA-LAX_UA,SEA-LAX_UA_Q1,2023Q1,LAX-SEA
2023,1,SEA,LAX,WN,35.0,18,152.57142857142858,4665.044897959178,one_way,203435.0,269066.0,1657.0,1698.0,0.7560784342874982,41.0,0.9758539458186102,0.2066420664206642,0.2066420664206642,0.033210332103321034,0.033210332103321034,0.11992619926199262,0.11992619926199262,SEA-LAX,SEA-LAX_WN,SEA-LAX_WN_Q1,2023Q1,LAX-SEA
2023,1,SEA,ORD,AA,272.0,85,203.27941176470588,16315.693987889274,one_way,116590.0,149176.0,885.0,896.0,0.781560036466992,11.0,0.9877232142857143,0.2066420664206642,0.2066420664206642,0.08118081180811808,0.08118081180811808,0.14391143911439114,0.14391143911439114,SEA-ORD,SEA-ORD_AA,SEA-ORD_AA_Q1,2023Q1,ORD-SEA
2023,1,SEA,ORD,DL,465.0,133,216.73978494623657,20374.583901029015,one_way,116590.0,149176.0,885.0,896.0,0.781560036466992,11.0,0.9877232142857143,0.2066420664206642,0.2066420664206642,0.08118081180811808,0.08118081180811808,0.14391143911439114,0.14391143911439114,SEA-ORD,SEA-ORD_DL,SEA-ORD_DL_Q1,2023Q1,ORD-SEA
2023,1,SEA,ORD,UA,330.0,131,251.75757575757575,29167.96547291093,one_way,116590.0,149176.0,885.0,896.0,0.781560036466992,11.0,0.9877232142857143,0.2066420664206642,0.2066420664206642,0.08118081180811808,0.08118081180811808,0.14391143911439114,0.14391143911439114,SEA-ORD,SEA-ORD_UA,SEA-ORD_UA_Q1,2023Q1,ORD-SEA
2023,2,ATL,DEN,DL,4710.0,1291,268.677110403397,16436.11663239333,primary,243024.0,272508.0,1555.0,1584.0,0.8918050112290281,29.0,0.9816919191919192,0.09157509157509157,0.09157509157509157,0.03663003663003663,0.03663003663003663,0.0641025641025641,0.0641025641025641,ATL-DEN,ATL-DEN_DL,ATL-DEN_DL_Q2,2023Q2,ATL-DEN
2023,2,ATL,DEN,UA,1467.0,748,241.29764144512612,10720.630354219087,primary,243024.0,272508.0,1555.0,1584.0,0.8918050112290281,29.0,0.9816919191919192,0.09157509157509157,0.09157509157509157,0.03663003663003663,0.03663003663003663,0.0641025641025641,0.0641025641025641,ATL-DEN,ATL-DEN_UA,ATL-DEN_UA_Q2,2023Q2,ATL-DEN
2023,2,ATL,DEN,WN,1977.0,887,216.9506727364694,6011.633499243944,primary,243024.0,272508.0,1555.0,1584.0,0.8918050112290281,29.0,0.9816919191919192,0.09157509157509157,0.09157509157509157,0.03663003663003663,0.03663003663003663,0.0641025641025641,0.0641025641025641,ATL-DEN,ATL-DEN_WN,ATL-DEN_WN_Q2,2023Q2,ATL-DEN
2023,2,ATL,DFW,AA,4231.0,1032,221.812214606476,10480.007519723265,primary,251642.0,302872.0,1609.0,1638.0,0.830852637417787,29.0,0.9822954822954822,0.09157509157509157,0.09157509157509157,0.10989010989010989,0.10989010989010989,0.10073260073260074,0.10073260073260074,ATL-DFW,ATL-DFW_AA,ATL-DFW_AA_Q2,2023Q2,ATL-DFW
2023,2,ATL,DFW,DL,4580.0,1392,234.30588646288209,9641.753784825545,primary,251642.0,302872.0,1609.0,1638.0,0.830852637417787,29.0,0.9822954822954822,0.09157509157509157,0.09157509157509157,0.10989010989010989,0.10989010989010989,0.10073260073260074,0.10073260073260074,ATL-DFW,ATL-DFW_DL,ATL-DFW_DL_Q2,2023Q2,ATL-DFW
2023,2,ATL,JFK,DL,3803.0,877,217.09065211674994,11998.28884737911,primary,143224.0,163950.0,989.0,985.0,0.8735834095760903,-4.0,1.0040609137055838,0.09157509157509157,0.09157509157509157,0.10989010989010989,0.10989010989010989,0.10073260073260074,0.10073260073260074,ATL-JFK,ATL-JFK_DL,ATL-JFK_DL_Q2,2023Q2,ATL-JFK
2023,2,ATL,LAX,AA,1266.0,558,323.490766192733,28381.673738354482,primary,246112.0,269996.0,1354.0,1364.0,0.9115394302137809,10.0,0.9926686217008798,0.09157509157509157,0.09157509157509157,0.007326007326007326,0.007326007326007326,0.04945054945054945,0.04945054945054945,ATL-LAX,ATL-LAX_AA,ATL-LAX_AA_Q2,2023Q2,ATL-LAX
2023,2,ATL,LAX,DL,6600.0,1550,465.86855,76442.80724185202,primary,246112.0,269996.0,1354.0,1364.0,0.9115394302137809,10.0,0.9926686217008798,0.09157509157509157,0.09157509157509157,0.007326007326007326,0.007326007326007326,0.04945054945054945,0.04945054945054945,ATL-LAX,ATL-LAX_DL,ATL-LAX_DL_Q2,2023Q2,ATL-LAX
2023,2,ATL,LAX,WN,333.0,264,232.95603603603604,6848.7525026053045,primary,246112.0,269996.0,1354.0,1364.0,0.9115394302137809,10.0,0.9926686217008798,0.09157509157509157,0.09157509157509157,0.007326007326007326,0.007326007326007326,0.04945054945054945,0.04945054945054945,ATL-LAX,ATL-LAX_WN,ATL-LAX_WN_Q2,2023Q2,ATL-LAX
2023,2,ATL,ORD,AA,1401.0,600,177.8232119914347,7427.221306456846,primary,238016.0,273056.0,1626.0,1644.0,0.871674674791984,18.0,0.9890510948905109,0.09157509157509157,0.09157509157509157,0.12087912087912088,0.12087912087912088,0.10622710622710622,0.10622710622710622,ATL-ORD,ATL-ORD_AA,ATL-ORD_AA_Q2,2023Q2,ATL-ORD
2023,2,ATL,ORD,DL,5168.0,1454,226.2039802631579,8715.898211769738,primary,238016.0,273056.0,1626.0,1644.0,0.871674674791984,18.0,0.9890510948905109,0.09157509157509157,0.09157509157509157,0.12087912087912088,0.12087912087912088,0.10622710622710622,0.10622710622710622,ATL-ORD,ATL-ORD_DL,ATL-ORD_DL_Q2,2023Q2,ATL-ORD
2023,2,ATL,ORD,UA,2610.0,904,198.91617624521075,7010.620819095369,primary,238016.0,273056.0,1626.0,1644.0,0.871674674791984,18.0,0.9890510948905109,0.09157509157509157,0.09157509157509157,0.12087912087912088,0.12087912087912088,0.10622710622710622,0.10622710622710622,ATL-ORD,ATL-ORD_UA,ATL-ORD_UA_Q2,2023Q2,ATL-ORD
2023,2,ATL,SEA,DL,3107.0,1040,407.7344351464435,40164.860059119295,primary,162354.0,176294.0,897.0,908.0,0.9209275414931876,11.0,0.987885462555066,0.09157509157509157,0.09157509157509157,0.07692307692307693,0.07692307692307693,0.08424908424908426,0.08424908424908426,ATL-SEA,ATL-SEA_DL,ATL-SEA_DL_Q2,2023Q2,ATL-SEA
2023,2,DEN,ATL,DL,4699.0,1254,268.367984677591,16268.591225200013,primary,243539.0,278631.0,1571.0,1586.0,0.8740556506634223,15.0,0.9905422446406053,0.03663003663003663,0.03663003663003663,0.09157509157509157,0.09157509157509157,0.0641025641025641,0.0641025641025641,DEN-ATL,DEN-ATL_DL,DEN-ATL_DL_Q2,2023Q2,ATL-DEN
2023,2,DEN,ATL,UA,1505.0,749,240.7735348837209,11667.987462056102,primary,243539.0,278631.0,1571.0,1586.0,0.8740556506634223,15.0,0.9905422446406053,0.03663003663003663,0.03663003663003663,0.09157509157509157,0.09157509157509157,0.0641025641025641,0.0641025641025641,DEN-ATL,DEN-ATL_UA,DEN-ATL_UA_Q2,2023Q2,ATL-DEN
2023,2,DEN,ATL,WN,1975.0,903,216.31071898734177,5837.831851634961,primary,243539.0,278631.0,1571.0,1586.0,0.8740556506634223,15.0,0.9905422446406053,0.03663003663003663,0.03663003663003663,0.09157509157509157,0.09157509157509157,0.0641025641025641,0.0641025641025641,DEN-ATL,DEN-ATL_WN,DEN-ATL_WN_Q2,2023Q2,ATL-DEN
2023,2,DEN,DFW,AA,4047.0,911,218.37304917222633,10691.33666853798,primary,217730.0,259769.0,1506.0,1536.0,0.8381677567377169,30.0,0.98046875,0.03663003663003663,0.03663003663003663,0.10989010989010989,0.10989010989010989,0.07326007326007326,0.07326007326007326,DEN-DFW,DEN-DFW_AA,DEN-DFW_AA_Q2,2023Q2,DEN-DFW
2023,2,DEN,DFW,UA,2608.0,1085,186.3991986196319,8437.213527003492,primary,217730.0,259769.0,1506.0,1536.0,0.8381677567377169,30.0,0.98046875,0.03663003663003663,0.03663003663003663,0.10989010989010989,0.10989010989010989,0.07326007326007326,0.07326007326007326,DEN-DFW,DEN-DFW_UA,DEN-DFW_UA_Q2,2023Q2,DEN-DFW
2023,2,DEN,JFK,DL,2497.0,769,236.63256307569083,17918.985199357754,primary,53904.0,62157.0,368.0,374.0,0.8672233215888798,6.0,0.983957219251337,0.03663003663003663,0.03663003663003663,0.10989010989010989,0.10989010989010989,0.07326007326007326,0.07326007326007326,DEN-JFK,DEN-JFK_DL,DEN-JFK_DL_Q2,2023Q2,DEN-JFK
2023,2,DEN,LAX,DL,1970.0,565,187.04834010152283,8595.570453843735,primary,240342.0,279105.0,1739.0,1755.0,0.8611167840060192,16.0,0.9908831908831909,0.03663003663003663,0.03663003663003663,0.007326007326007326,0.007326007326007326,0.02197802197802198,0.02197802197802198,DEN-LAX,DEN-LAX_DL,DEN-LAX_DL_Q2,2023Q2,DEN-LAX
2023,2,DEN,LAX,UA,5669.0,1434,192.95296877756215,10424.66736774308,primary,240342.0,279105.0,1739.0,1755.0,0.8611167840060192,16.0,0.9908831908831909,0.03663003663003663,0.03663003663003663,0.007326007326007326,0.007326007326007326,0.02197802197802198,0.02197802197802198,DEN-LAX,DEN-LAX_UA,DEN-LAX_UA_Q2,2023Q2,DEN-LAX
2023,2,DEN,LAX,WN,3272.0,1040,164.39186735941323,5421.157598805137,primary,240342.0,279105.0,1739.0,1755.0,0.8611167840060192,16.0,0.9908831908831909,0.03663003663003663,0.03663003663003663,0.007326007326007326,0.007326007326007326,0.02197802197802198,0.02197802197802198,DEN-LAX,DEN-LAX_WN,DEN-LAX_WN_Q2,2023Q2,DEN-LAX
2023,2,DEN,ORD,AA,1844.0,665,221.79504338394793,11091.091796581633,primary,254001.0,290694.0,1573.0,1580.0,0.8737744845094843,7.0,0.9955696202531645,0.03663003663003663,0.03663003663003663,0.12087912087912088,0.12087912087912088,0.07875457875457875,0.07875457875457875,DEN-ORD,DEN-ORD_AA,DEN-ORD_AA_Q2,2023Q2,DEN-ORD
2023,2,DEN,ORD,UA,6558.0,1761,234.06463250991158,12158.014680796623,primary,254001.0,290694.0,1573.0,1580.0,0.8737744845094843,7.0,0.9955696202531645,0.03663003663003663,0.03663003663003663,0.12087912087912088,0.12087912087912088,0.07875457875457875,0.07875457875457875,DEN-ORD,DEN-ORD_UA,DEN-ORD_UA_Q2,2023Q2,DEN-ORD
2023,2,DEN,ORD,WN,3108.0,1194,174.1248873873874,4080.306138436481,primary,254001.0,290694.0,1573.0,1580.0,0.8737744845094843,7.0,0.9955696202531645,0.03663003663003663,0.03663003663003663,0.12087912087912088,0.12087912087912088,0.07875457875457875,0.07875457875457875,DEN-ORD,DEN-ORD_WN,DEN-ORD_WN_Q2,2023Q2,DEN-ORD
2023,2,DEN,SEA,DL,1777.0,569,201.7183849184018,9268.985640891791,primary,248490.0,275814.0,1687.0,1707.0,0.9009332376166547,20.0,0.9882835383714118,0.03663003663003663,0.03663003663003663,0.07692307692307693,0.07692307692307693,0.05677655677655678,0.05677655677655678,DEN-SEA,DEN-SEA_DL,DEN-SEA_DL_Q2,2023Q2,DEN-SEA
2023,2,DEN,SEA,UA,2855.0,1165,242.61145359019264,12129.353539498275,primary,248490.0,275814.0,1687.0,1707.0,0.9009332376166547,20.0,0.9882835383714118,0.03663003663003663,0.03663003663003663,0.07692307692307693,0.07692307692307693,0.05677655677655678,0.05677655677655678,DEN-SEA,DEN-SEA_UA,DEN-SEA_UA_Q2,2023Q2,DEN-SEA
2023,2,DEN,SEA,WN,1712.0,777,204.67862733644859,7556.766754482625,primary,248490.0,275814.0,1687.0,1707.0,0.9009332376166547,20.0,0.9882835383714118,0.03663003663003663,0.03663003663003663,0.07692307692307693,0.07692307692307693,0.05677655677655678,0.05677655677655678,DEN-SEA,DEN-SEA_WN,DEN-SEA_WN_Q2,2023Q2,DEN-SEA
2023,2,DFW,ATL,AA,4180.0,979,212.52141866028708,8128.804681073525,primary,253792.0,304487.0,1620.0,1644.0,0.8335068492250901,24.0,0.9854014598540146,0.10989010989010989,0.10989010989010989,0.09157509157509157,0.09157509157509157,0.10073260073260074,0.10073260073260074,DFW-ATL,DFW-ATL_AA,DFW-ATL_AA_Q2,2023Q2,ATL-DFW
2023,2,DFW,ATL,DL,4536.0,1318,237.06805996472661,10074.99531479887,primary,253792.0,304487.0,1620.0,1644.0,0.8335068492250901,24.0,0.9854014598540146,0.10989010989010989,0.10989010989010989,0.09157509157509157,0.09157509157509157,0.10073260073260074,0.10073260073260074,DFW-ATL,DFW-ATL_DL,DFW-ATL_DL_Q2,2023Q2,ATL-DFW
2023,2,DFW,DEN,AA,4270.0,918,213.3999555035129,8427.20368264438,primary,223737.0,256747.0,1507.0,1534.0,0.87142985117645,27.0,0.9823989569752282,0.10989010989010989,0.10989010989010989,0.03663003663003663,0.03663003663003663,0.07326007326007326,0.07326007326007326,DFW-DEN,DFW-DEN_AA,DFW-DEN_AA_Q2,2023Q2,DEN-DFW
2023,2,DFW,DEN,UA,2397.0,1092,192.52835627868168,8841.891089329889,primary,223737.0,256747.0,1507.0,1534.0,0.87142985117645,27.0,0.9823989569752282,0.10989010989010989,0.10989010989010989,0.03663003663003663,0.03663003663003663,0.07326007326007326,0.07326007326007326,DFW-DEN,DFW-DEN_UA,DFW-DEN_UA_Q2,2023Q2,DEN-DFW
2023,2,DFW,JFK,AA,1496.0,747,223.19839572192512,16568.786879779247,primary,61160.0,66888.0,447.0,457.0,0.914364310489176,10.0,0.9781181619256017,0.10989010989010989,0.10989010989010989,0.10989010989010989,0.10989010989010989,0.10989010989010989,0.10989010989010989,DFW-JFK,DFW-JFK_AA,DFW-JFK_AA_Q2,2023Q2,DFW-JFK
2023,2,DFW,JFK,DL,867.0,520,258.29870818915805,21616.33728114552,primary,61160.0,66888.0,447.0,457.0,0.914364310489176,10.0,0.9781181619256017,0.10989010989010989,0.10989010989010989,0.10989010989010989,0.10989010989010989,0.10989010989010989,0.10989010989010989,DFW-JFK,DFW-JFK_DL,DFW-JFK_DL_Q2,2023Q2,DFW-JFK
2023,2,DFW,LAX,AA,6599.0,1419,302.0433868767995,27001.977318291145,primary,270664.0,308627.0,1652.0,1676.0,0.8769939117445978,24.0,0.9856801909307876,0.10989010989010989,0.10989010989010989,0.007326007326007326,0.007326007326007326,0.05860805860805861,0.05860805860805861,DFW-LAX,DFW-LAX_AA,DFW-LAX_AA_Q2,2023Q2,DFW-LAX
2023,2,DFW,LAX,DL,1184.0,590,261.7812331081081,18241.393176857833,primary,270664.0,308627.0,1652.0,1676.0,0.8769939117445978,24.0,0.9856801909307876,0.10989010989010989,0.10989010989010989,0.007326007326007326,0.007326007326007326,0.05860805860805861,0.05860805860805861,DFW-LAX,DFW-LAX_DL,DFW-LAX_DL_Q2,2023Q2,DFW-LAX
2023,2,DFW,ORD,AA,6242.0,1379,279.1286174303108,11283.460352061607,primary,219368.0,244191.0,1444.0,1464.0,0.8983459668865765,20.0,0.9863387978142076,0.10989010989010989,0.10989010989010989,0.12087912087912088,0.12087912087912088,0.11538461538461539,0.11538461538461539,DFW-ORD,DFW-ORD_AA,DFW-ORD_AA_Q2,2023Q2,DFW-ORD
2023,2,DFW,ORD,UA,3460.0,1139,238.48593352601154,9357.020204706583,primary,219368.0,244191.0,1444.0,1464.0,0.8983459668865765,20.0,0.9863387978142076,0.10989010989010989,0.10989010989010989,0.12087912087912088,0.12087912087912088,0.11538461538461539,0.11538461538461539,DFW-ORD,DFW-ORD_UA,DFW-ORD_UA_Q2,2023Q2,DFW-ORD
2023,2,DFW,SEA,AA,3067.0,978,350.71104336485166,26436.453205823665,primary,157653.0,173773.0,944.0,961.0,0.9072353012263125,17.0,0.9823100936524454,0.10989010989010989,0.10989010989010989,0.07692307692307693,0.07692307692307693,0.09340659340659341,0.09340659340659341,DFW-SEA,DFW-SEA_AA,DFW-SEA_AA_Q2,2023Q2,DFW-SEA
2023,2,JFK,ATL,DL,3957.0,871,211.8756077836745,11110.327658545182,primary,136149.0,162710.0,986.0,983.0,0.8367586503595353,-3.0,1.0030518819938963,0.10989010989010989,0.10989010989010989,0.09157509157509157,0.09157509157509157,0.10073260073260074,0.10073260073260074,JFK-ATL,JFK-ATL_DL,JFK-ATL_DL_Q2,2023Q2,ATL-JFK
2023,2,JFK,DEN,DL,2502.0,828,244.8894044764189,18123.283647487064,primary,53308.0,60919.0,360.0,374.0,0.8750636090546463,14.0,0.9625668449197861,0.10989010989010989,0.10989010989010989,0.03663003663003663,0.03663003663003663,0.07326007326007326,0.07326007326007326,JFK-DEN,JFK-DEN_DL,JFK-DEN_DL_Q2,2023Q2,DEN-JFK
2023,2,JFK,DFW,AA,1605.0,832,216.25075389408102,17129.41756746902,primary,57795.0,66446.0,444.0,456.0,0.8698040514101677,12.0,0.9736842105263158,0.10989010989010989,0.10989010989010989,0.10989010989010989,0.10989010989010989,0.10989010989010989,0.10989010989010989,JFK-DFW,JFK-DFW_AA,JFK-DFW_AA_Q2,2023Q2,DFW-JFK
2023,2,JFK,DFW,DL,944.0,549,241.08547669491526,15895.484901679542,primary,57795.0,66446.0,444.0,456.0,0.8698040514101677,12.0,0.9736842105263158,0.10989010989010989,0.10989010989010989,0.10989010989010989,0.10989010989010989,0.10989010989010989,0.10989010989010989,JFK-DFW,JFK-DFW_DL,JFK-DFW_DL_Q2,2023Q2,DFW-JFK
2023,2,JFK,LAX,AA,4759.0,1851,519.2222988022694,178825.12952091848,primary,363662.0,409340.0,2522.0,2537.0,0.8884106122050129,15.0,0.9940875049270792,0.10989010989010989,0.10989010989010989,0.007326007326007326,0.007326007326007326,0.05860805860805861,0.05860805860805861,JFK-LAX,JFK-LAX_AA,JFK-LAX_AA_Q2,2023Q2,JFK-LAX
2023,2,JFK,LAX,DL,12298.0,2637,447.9814652789071,139014.4532609852,primary,363662.0,409340.0,2522.0,2537.0,0.8884106122050129,15.0,0.9940875049270792,0.10989010989010989,0.10989010989010989,0.007326007326007326,0.007326007326007326,0.05860805860805861,0.05860805860805861,JFK-LAX,JFK-LAX_DL,JFK-LAX_DL_Q2,2023Q2,JFK-LAX
2023,2,JFK,ORD,AA,1511.0,679,193.7395632031767,5638.699991205642,primary,59462.0,70190.0,653.0,661.0,0.8471577147741843,8.0,0.9878971255673222,0.10989010989010989,0.10989010989010989,0.12087912087912088,0.12087912087912088,0.11538461538461539,0.11538461538461539,JFK-ORD,JFK-ORD_AA,JFK-ORD_AA_Q2,2023Q2,JFK-ORD
2023,2,JFK,ORD,DL,42.0,38,202.3402380952381,5920.293245181398,primary,59462.0,70190.0,653.0,661.0,0.8471577147741843,8.0,0.9878971255673222,0.10989010989010989,0.10989010989010989,0.12087912087912088,0.12087912087912088,0.11538461538461539,0.11538461538461539,JFK-ORD,JFK-ORD_DL,JFK-ORD_DL_Q2,2023Q2,JFK-ORD
2023,2,JFK,SEA,DL,2967.0,1112,361.8629592180653,48956.38965925791,primary,123313.0,137858.0,775.0,793.0,0.8944928839820685,18.0,0.9773013871374527,0.10989010989010989,0.10989010989010989,0.07692307692307693,0.07692307692307693,0.09340659340659341,0.09340659340659341,JFK-SEA,JFK-SEA_DL,JFK-SEA_DL_Q2,2023Q2,JFK-SEA
2023,2,LAX,ATL,AA,1242.0,548,329.24074074074076,28042.270281254838,primary,242769.0,269053.0,1350.0,1365.0,0.9023092104529591,15.0,0.989010989010989,0.007326007326007326,0.007326007326007326,0.09157509157509157,0.09157509157509157,0.04945054945054945,0.04945054945054945,LAX-ATL,LAX-ATL_AA,LAX-ATL_AA_Q2,2023Q2,ATL-LAX
2023,2,LAX,ATL,DL,6608.0,1529,466.5849773002421,75360.9413050237,primary,242769.0,269053.0,1350.0,1365.0,0.9023092104529591,15.0,0.989010989010989,0.007326007326007326,0.007326007326007326,0.09157509157509157,0.09157509157509157,0.04945054945054945,0.04945054945054945,LAX-ATL,LAX-ATL_DL,LAX-ATL_DL_Q2,2023Q2,ATL-LAX
2023,2,LAX,ATL,WN,241.0,192,235.60029045643154,8278.07624265422,primary,242769.0,269053.0,1350.0,1365.0,0.9023092104529591,15.0,0.989010989010989,0.007326007326007326,0.007326007326007326,0.09157509157509157,0.09157509157509157,0.04945054945054945,0.04945054945054945,LAX-ATL,LAX-ATL_WN,LAX-ATL_WN_Q2,2023Q2,ATL-LAX
2023,2,LAX,DEN,DL,2143.0,594,191.03894540363976,9568.29628922847,primary,237243.0,269882.0,1719.0,1758.0,0.8790619604123283,39.0,0.9778156996587031,0.007326007326007326,0.007326007326007326,0.03663003663003663,0.03663003663003663,0.02197802197802198,0.02197802197802198,LAX-DEN,LAX-DEN_DL,LAX-DEN_DL_Q2,2023Q2,DEN-LAX
2023,2,LAX,DEN,UA,5417.0,1416,200.07103378253646,10961.320221600668,primary,237243.0,269882.0,1719.0,1758.0,0.8790619604123283,39.0,0.9778156996587031,0.007326007326007326,0.007326007326007326,0.03663003663003663,0.03663003663003663,0.02197802197802198,0.02197802197802198,LAX-DEN,LAX-DEN_UA,LAX-DEN_UA_Q2,2023Q2,DEN-LAX
2023,2,LAX,DEN,WN,3238.0,1068,164.7674366893144,5315.5663128858905,primary,237243.0,269882.0,1719.0,1758.0,0.8790619604123283,39.0,0.9778156996587031,0.007326007326007326,0.007326007326007326,0.03663003663003663,0.03663003663003663,0.02197802197802198,0.02197802197802198,LAX-DEN,LAX-DEN_WN,LAX-DEN_WN_Q2,2023Q2,DEN-LAX
2023,2,LAX,DFW,AA,6459.0,1437,305.070337513547,28520.504971770293,primary,264804.0,305347.0,1635.0,1661.0,0.8672231919750317,26.0,0.9843467790487658,0.007326007326007326,0.007326007326007326,0.10989010989010989,0.10989010989010989,0.05860805860805861,0.05860805860805861,LAX-DFW,LAX-DFW_AA,LAX-DFW_AA_Q2,2023Q2,DFW-LAX
2023,2,LAX,DFW,DL,1371.0,628,261.31301969365427,18147.115636103917,primary,264804.0,305347.0,1635.0,1661.0,0.8672231919750317,26.0,0.9843467790487658,0.007326007326007326,0.007326007326007326,0.10989010989010989,0.10989010989010989,0.05860805860805861,0.05860805860805861,LAX-DFW,LAX-DFW_DL,LAX-DFW_DL_Q2,2023Q2,DFW-LAX
2023,2,LAX,JFK,AA,4575.0,1766,530.3843846994536,175147.6192552662,primary,375422.0,406799.0,2511.0,2533.0,0.9228685419580678,22.0,0.9913146466640348,0.007326007326007326,0.007326007326007326,0.10989010989010989,0.10989010989010989,0.05860805860805861,0.05860805860805861,LAX-JFK,LAX-JFK_AA,LAX-JFK_AA_Q2,2023Q2,JFK-LAX
2023,2,LAX,JFK,DL,12368.0,2671,447.9402514553687,135075.14529100244,primary,375422.0,406799.0,2511.0,2533.0,0.9228685419580678,22.0,0.9913146466640348,0.007326007326007326,0.007326007326007326,0.10989010989010989,0.10989010989010989,0.05860805860805861,0.05860805860805861,LAX-JFK,LAX-JFK_DL,LAX-JFK_DL_Q2,2023Q2,JFK-LAX
2023,2,LAX,ORD,AA,6365.0,1403,296.47096622152395,26583.507249702714,primary,309915.0,335317.0,1715.0,1730.0,0.9242448190816451,15.0,0.9913294797687862,0.007326007326007326,0.007326007326007326,0.12087912087912088,0.12087912087912088,0.0641025641025641,0.0641025641025641,LAX-ORD,LAX-ORD_AA,LAX-ORD_AA_Q2,2023Q2,LAX-ORD
2023,2,LAX,ORD,UA,8641.0,2287,314.6997187825483,34583.42214380474,primary,309915.0,335317.0,1715.0,1730.0,0.9242448190816451,15.0,0.9913294797687862,0.007326007326007326,0.007326007326007326,0.12087912087912088,0.12087912087912088,0.0641025641025641,0.0641025641025641,LAX-ORD,LAX-ORD_UA,LAX-ORD_UA_Q2,2023Q2,LAX-ORD
2023,2,LAX,ORD,WN,34.0,32,182.33294117647057,2609.745873702428,primary,309915.0,335317.0,1715.0,1730.0,0.9242448190816451,15.0,0.9913294797687862,0.007326007326007326,0.007326007326007326,0.12087912087912088,0.12087912087912088,0.0641025641025641,0.0641025641025641,LAX-ORD,LAX-ORD_WN,LAX-ORD_WN_Q2,2023Q2,LAX-ORD
2023,2,LAX,SEA,DL,5474.0,1067,190.05778224333213,9831.90917290398,primary,275309.0,312585.0,1951.0,1976.0,0.8807492362077515,25.0,0.9873481781376519,0.007326007326007326,0.007326007326007326,0.07692307692307693,0.07692307692307693,0.04212454212454213,0.04212454212454213,LAX-SEA,LAX-SEA_DL,LAX-SEA_DL_Q2,2023Q2,LAX-SEA
2023,2,LAX,SEA,UA,1240.0,526,202.612,9582.942781967744,primary,275309.0,312585.0,1951.0,1976.0,0.8807492362077515,25.0,0.9873481781376519,0.007326007326007326,0.007326007326007326,0.07692307692307693,0.07692307692307693,0.04212454212454213,0.04212454212454213,LAX-SEA,LAX-SEA_UA,LAX-SEA_UA_Q2,2023Q2,LAX-SEA
2023,2,LAX,SEA,WN,61.0,48,163.73901639344263,7351.82030395055,primary,275309.0,312585.0,1951.0,1976.0,0.8807492362077515,25.0,0.9873481781376519,0.007326007326007326,0.007326007326007326,0.07692307692307693,0.07692307692307693,0.04212454212454213,0.04212454212454213,LAX-SEA,LAX-SEA_WN,LAX-SEA_WN_Q2,2023Q2,LAX-SEA
2023,2,ORD,ATL,AA,1461.0,602,169.8418754277892,6404.57242276613,primary,225020.0,273386.0,1631.0,1645.0,0.8230853079528578,14.0,0.9914893617021276,0.12087912087912088,0.12087912087912088,0.09157509157509157,0.09157509157509157,0.10622710622710622,0.10622710622710622,ORD-ATL,ORD-ATL_AA,ORD-ATL_AA_Q2,2023Q2,ATL-ORD
2023,2,ORD,ATL,DL,4880.0,1408,226.03785655737704,9402.329961225332,primary,225020.0,273386.0,1631.0,1645.0,0.8230853079528578,14.0,0.9914893617021276,0.12087912087912088,0.12087912087912088,0.09157509157509157,0.09157509157509157,0.10622710622710622,0.10622710622710622,ORD-ATL,ORD-ATL_DL,ORD-ATL_DL_Q2,2023Q2,ATL-ORD
2023,2,ORD,ATL,UA,2682.0,930,195.46901193139448,7072.0798732593685,primary,225020.0,273386.0,1631.0,1645.0,0.8230853079528578,14.0,0.9914893617021276,0.12087912087912088,0.12087912087912088,0.09157509157509157,0.09157509157509157,0.10622710622710622,0.10622710622710622,ORD-ATL,ORD-ATL_UA,ORD-ATL_UA_Q2,2023Q2,ATL-ORD
2023,2,ORD,DEN,AA,1743.0,646,218.35013769363167,9909.588206865723,primary,247553.0,288786.0,1561.0,1582.0,0.8572195328028367,21.0,0.9867256637168141,0.12087912087912088,0.12087912087912088,0.03663003663003663,0.03663003663003663,0.07875457875457875,0.07875457875457875,ORD-DEN,ORD-DEN_AA,ORD-DEN_AA_Q2,2023Q2,DEN-ORD
2023,2,ORD,DEN,UA,6527.0,1770,233.96731270108776,11915.798393697689,primary,247553.0,288786.0,1561.0,1582.0,0.8572195328028367,21.0,0.9867256637168141,0.12087912087912088,0.12087912087912088,0.03663003663003663,0.03663003663003663,0.07875457875457875,0.07875457875457875,ORD-DEN,ORD-DEN_UA,ORD-DEN_UA_Q2,2023Q2,DEN-ORD
2023,2,ORD,DEN,WN,2925.0,1146,171.4572923076923,3975.378923813696,primary,247553.0,288786.0,1561.0,1582.0,0.8572195328028367,21.0,0.9867256637168141,0.12087912087912088,0.12087912087912088,0.03663003663003663,0.03663003663003663,0.07875457875457875,0.07875457875457875,ORD-DEN,ORD-DEN_WN,ORD-DEN_WN_Q2,2023Q2,DEN-ORD
2023,2,ORD,DFW,AA,6299.0,1433,279.018529925385,12287.599009237514,primary,206441.0,243210.0,1447.0,1469.0,0.848817894001069,22.0,0.9850238257317904,0.12087912087912088,0.12087912087912088,0.10989010989010989,0.10989010989010989,0.11538461538461539,0.11538461538461539,ORD-DFW,ORD-DFW_AA,ORD-DFW_AA_Q2,2023Q2,DFW-ORD
2023,2,ORD,DFW,UA,3364.0,1124,230.94746135552913,8656.552412936973,primary,206441.0,243210.0,1447.0,1469.0,0.848817894001069,22.0,0.9850238257317904,0.12087912087912088,0.12087912087912088,0.10989010989010989,0.10989010989010989,0.11538461538461539,0.11538461538461539,ORD-DFW,ORD-DFW_UA,ORD-DFW_UA_Q2,2023Q2,DFW-ORD
2023,2,ORD,JFK,AA,1640.0,728,195.7861524390244,6199.933803062129,primary,60390.0,70444.0,655.0,663.0,0.8572767020612118,8.0,0.9879336349924586,0.12087912087912088,0.12087912087912088,0.10989010989010989,0.10989010989010989,0.11538461538461539,0.11538461538461539,ORD-JFK,ORD-JFK_AA,ORD-JFK_AA_Q2,2023Q2,JFK-ORD
2023,2,ORD,JFK,DL,221.0,150,254.12321266968328,11188.98197384164,primary,60390.0,70444.0,655.0,663.0,0.8572767020612118,8.0,0.9879336349924586,0.12087912087912088,0.12087912087912088,0.10989010989010989,0.10989010989010989,0.11538461538461539,0.11538461538461539,ORD-JFK,ORD-JFK_DL,ORD-JFK_DL_Q2,2023Q2,JFK-ORD
2023,2,ORD,LAX,AA,6383.0,1410,292.98516684944383,26348.441456462067,primary,297883.0,334645.0,1720.0,1734.0,0.8901462744101959,14.0,0.9919261822376009,0.12087912087912088,0.12087912087912088,0.007326007326007326,0.007326007326007326,0.0641025641025641,0.0641025641025641,ORD-LAX,ORD-LAX_AA,ORD-LAX_AA_Q2,2023Q2,LAX-ORD
2023,2,ORD,LAX,UA,8533.0,2208,300.133195827962,30935.23452356145,primary,297883.0,334645.0,1720.0,1734.0,0.8901462744101959,14.0,0.9919261822376009,0.12087912087912088,0.12087912087912088,0.007326007326007326,0.007326007326007326,0.0641025641025641,0.0641025641025641,ORD-LAX,ORD-LAX_UA,ORD-LAX_UA_Q2,2023Q2,LAX-ORD
2023,2,ORD,LAX,WN,34.0,32,189.44941176470587,4009.6849114186844,primary,297883.0,334645.0,1720.0,1734.0,0.8901462744101959,14.0,0.9919261822376009,0.12087912087912088,0.12087912087912088,0.007326007326007326,0.007326007326007326,0.0641025641025641,0.0641025641025641,ORD-LAX,ORD-LAX_WN,ORD-LAX_WN_Q2,2023Q2,LAX-ORD
2023,2,ORD,SEA,AA,892.0,384,289.8162219730942,16110.349606914868,primary,195393.0,214251.0,1310.0,1333.0,0.9119817410420488,23.0,0.9827456864216054,0.12087912087912088,0.12087912087912088,0.07692307692307693,0.07692307692307693,0.09890109890109891,0.09890109890109891,ORD-SEA,ORD-SEA_AA,ORD-SEA_AA_Q2,2023Q2,ORD-SEA
2023,2,ORD,SEA,DL,2238.0,783,255.51124218051834,14263.782408197818,primary,195393.0,214251.0,1310.0,1333.0,0.9119817410420488,23.0,0.9827456864216054,0.12087912087912088,0.12087912087912088,0.07692307692307693,0.07692307692307693,0.09890109890109891,0.09890109890109891,ORD-SEA,ORD-SEA_DL,ORD-SEA_DL_Q2,2023Q2,ORD-SEA
2023,2,ORD,SEA,UA,2185.0,1082,296.01705263157896,17521.900546736346,primary,195393.0,214251.0,1310.0,1333.0,0.9119817410420488,23.0,0.9827456864216054,0.12087912087912088,0.12087912087912088,0.07692307692307693,0.07692307692307693,0.09890109890109891,0.09890109890109891,ORD-SEA,ORD-SEA_UA,ORD-SEA_UA_Q2,2023Q2,ORD-SEA
2023,2,SEA,ATL,DL,3184.0,1035,403.81095163316587,42541.05473248003,primary,156337.0,176697.0,899.0,908.0,0.8847745009819069,9.0,0.9900881057268722,0.07692307692307693,0.07692307692307693,0.09157509157509157,0.09157509157509157,0.08424908424908426,0.08424908424908426,SEA-ATL,SEA-ATL_DL,SEA-ATL_DL_Q2,2023Q2,ATL-SEA
2023,2,SEA,DEN,DL,1707.0,554,198.88244288224956,9937.381447517982,primary,230379.0,268770.0,1672.0,1710.0,0.8571603973657774,38.0,0.9777777777777777,0.07692307692307693,0.07692307692307693,0.03663003663003663,0.03663003663003663,0.05677655677655678,0.05677655677655678,SEA-DEN,SEA-DEN_DL,SEA-DEN_DL_Q2,2023Q2,DEN-SEA
2023,2,SEA,DEN,UA,2651.0,1146,242.878023387401,13280.05164392401,primary,230379.0,268770.0,1672.0,1710.0,0.8571603973657774,38.0,0.9777777777777777,0.07692307692307693,0.07692307692307693,0.03663003663003663,0.03663003663003663,0.05677655677655678,0.05677655677655678,SEA-DEN,SEA-DEN_UA,SEA-DEN_UA_Q2,2023Q2,DEN-SEA
2023,2,SEA,DEN,WN,1880.0,795,200.31436170212766,8259.977509698962,primary,230379.0,268770.0,1672.0,1710.0,0.8571603973657774,38.0,0.9777777777777777,0.07692307692307693,0.07692307692307693,0.03663003663003663,0.03663003663003663,0.05677655677655678,0.05677655677655678,SEA-DEN,SEA-DEN_WN,SEA-DEN_WN_Q2,2023Q2,DEN-SEA
2023,2,SEA,DFW,AA,3126.0,1011,351.9670825335893,30532.846617847943,primary,151235.0,173527.0,945.0,966.0,0.8715358416845793,21.0,0.9782608695652174,0.07692307692307693,0.07692307692307693,0.10989010989010989,0.10989010989010989,0.09340659340659341,0.09340659340659341,SEA-DFW,SEA-DFW_AA,SEA-DFW_AA_Q2,2023Q2,DFW-SEA
2023,2,SEA,JFK,DL,2968.0,1140,366.59236185983826,54586.5274263286,primary,124478.0,138915.0,778.0,795.0,0.896073138250009,17.0,0.9786163522012579,0.07692307692307693,0.07692307692307693,0.10989010989010989,0.10989010989010989,0.09340659340659341,0.09340659340659341,SEA-JFK,SEA-JFK_DL,SEA-JFK_DL_Q2,2023Q2,JFK-SEA
2023,2,SEA,LAX,DL,5635.0,1003,183.0167968056788,9043.716551993311,primary,258160.0,312084.0,1942.0,1975.0,0.8272131861934607,33.0,0.9832911392405064,0.07692307692307693,0.07692307692307693,0.007326007326007326,0.007326007326007326,0.04212454212454213,0.04212454212454213,SEA-LAX,SEA-LAX_DL,SEA-LAX_DL_Q2,2023Q2,LAX-SEA
2023,2,SEA,LAX,UA,1112.0,481,180.67036870503597,7335.009979989962,primary,258160.0,312084.0,1942.0,1975.0,0.8272131861934607,33.0,0.9832911392405064,0.07692307692307693,0.07692307692307693,0.007326007326007326,0.007326007326007326,0.04212454212454213,0.04212454212454213,SEA-LAX,SEA-LAX_UA,SEA-LAX_UA_Q2,2023Q2,LAX-SEA
2023,2,SEA,LAX,WN,76.0,62,160.19868421052632,4228.8053482686955,primary,258160.0,312084.0,1942.0,1975.0,0.8272131861934607,33.0,0.9832911392405064,0.07692307692307693,0.07692307692307693,0.007326007326007326,0.007326007326007326,0.04212454212454213,0.04212454212454213,SEA-LAX,SEA-LAX_WN,SEA-LAX_WN_Q2,2023Q2,LAX-SEA
2023,2,SEA,ORD,AA,828.0,389,277.44824879227053,20856.970189324566,primary,193264.0,213786.0,1302.0,1328.0,0.9040068105488667,26.0,0.9804216867469879,0.07692307692307693,0.07692307692307693,0.12087912087912088,0.12087912087912088,0.09890109890109891,0.09890109890109891,SEA-ORD,SEA-ORD_AA,SEA-ORD_AA_Q2,2023Q2,ORD-SEA
2023,2,SEA,ORD,DL,2221.0,782,249.0927825303917,14321.227611438087,primary,193264.0,213786.0,1302.0,1328.0,0.9040068105488667,26.0,0.9804216867469879,0.07692307692307693,0.07692307692307693,0.12087912087912088,0.12087912087912088,0.09890109890109891,0.09890109890109891,SEA-ORD,SEA-ORD_DL,SEA-ORD_DL_Q2,2023Q2,ORD-SEA
2023,2,SEA,ORD,UA,2175.0,1058,285.1450436781609,16734.34098757281,primary,193264.0,213786.0,1302.0,1328.0,0.9040068105488667,26.0,0.9804216867469879,0.07692307692307693,0.07692307692307693,0.12087912087912088,0.12087912087912088,0.09890109890109891,0.09890109890109891,SEA-ORD,SEA-ORD_UA,SEA-ORD_UA_Q2,2023Q2,ORD-SEA
2023,2,ATL,DEN,DL,769.0,192,301.6410923276983,21982.20408515274,one_way,243024.0,272508.0,1555.0,1584.0,0.8918050112290281,29.0,0.9816919191919192,0.09157509157509157,0.09157509157509157,0.03663003663003663,0.03663003663003663,0.0641025641025641,0.0641025641025641,ATL-DEN,ATL-DEN_DL,ATL-DEN_DL_Q2,2023Q2,ATL-DEN
2023,2,ATL,DEN,UA,415.0,142,261.8,16672.328674698787,one_way,243024.0,272508.0,1555.0,1584.0,0.8918050112290281,29.0,0.9816919191919192,0.09157509157509157,0.09157509157509157,0.03663003663003663,0.03663003663003663,0.0641025641025641,0.0641025641025641,ATL-DEN,ATL-DEN_UA,ATL-DEN_UA_Q2,2023Q2,ATL-DEN
2023,2,ATL,DEN,WN,472.0,128,247.4978813559322,10868.593215850327,one_way,243024.0,272508.0,1555.0,1584.0,0.8918050112290281,29.0,0.9816919191919192,0.09157509157509157,0.09157509157509157,0.03663003663003663,0.03663003663003663,0.0641025641025641,0.0641025641025641,ATL-DEN,ATL-DEN_WN,ATL-DEN_WN_Q2,2023Q2,ATL-DEN
2023,2,ATL,DFW,AA,956.0,246,279.93305439330544,19419.160790252266,one_way,251642.0,302872.0,1609.0,1638.0,0.830852637417787,29.0,0.9822954822954822,0.09157509157509157,0.09157509157509157,0.10989010989010989,0.10989010989010989,0.10073260073260074,0.10073260073260074,ATL-DFW,ATL-DFW_AA,ATL-DFW_AA_Q2,2023Q2,ATL-DFW
2023,2,ATL,DFW,DL,762.0,207,259.82152230971127,14608.90252891618,one_way,251642.0,302872.0,1609.0,1638.0,0.830852637417787,29.0,0.9822954822954822,0.09157509157509157,0.09157509157509157,0.10989010989010989,0.10989010989010989,0.10073260073260074,0.10073260073260074,ATL-DFW,ATL-DFW_DL,ATL-DFW_DL_Q2,2023Q2,ATL-DFW
2023,2,ATL,JFK,DL,1272.0,182,233.06289308176102,16871.607679680383,one_way,143224.0,163950.0,989.0,985.0,0.8735834095760903,-4.0,1.0040609137055838,0.09157509157509157,0.09157509157509157,0.10989010989010989,0.10989010989010989,0.10073260073260074,0.10073260073260074,ATL-JFK,ATL-JFK_DL,ATL-JFK_DL_Q2,2023Q2,ATL-JFK
2023,2,ATL,LAX,AA,470.0,149,340.0191489361702,39582.546441828876,one_way,246112.0,269996.0,1354.0,1364.0,0.9115394302137809,10.0,0.9926686217008798,0.09157509157509157,0.09157509157509157,0.007326007326007326,0.007326007326007326,0.04945054945054945,0.04945054945054945,ATL-LAX,ATL-LAX_AA,ATL-LAX_AA_Q2,2023Q2,ATL-LAX
2023,2,ATL,LAX,DL,1155.0,271,610.5636363636364,112473.09789846512,one_way,246112.0,269996.0,1354.0,1364.0,0.9115394302137809,10.0,0.9926686217008798,0.09157509157509157,0.09157509157509157,0.007326007326007326,0.007326007326007326,0.04945054945054945,0.04945054945054945,ATL-LAX,ATL-LAX_DL,ATL-LAX_DL_Q2,2023Q2,ATL-LAX
2023,2,ATL,LAX,WN,144.0,82,246.22222222222223,8594.172839506173,one_way,246112.0,269996.0,1354.0,1364.0,0.9115394302137809,10.0,0.9926686217008798,0.09157509157509157,0.09157509157509157,0.007326007326007326,0.007326007326007326,0.04945054945054945,0.04945054945054945,ATL-LAX,ATL-LAX_WN,ATL-LAX_WN_Q2,2023Q2,ATL-LAX
2023,2,ATL,ORD,AA,448.0,128,207.453125,11677.63619559152,one_way,238016.0,273056.0,1626.0,1644.0,0.871674674791984,18.0,0.9890510948905109,0.09157509157509157,0.09157509157509157,0.12087912087912088,0.12087912087912088,0.10622710622710622,0.10622710622710622,ATL-ORD,ATL-ORD_AA,ATL-ORD_AA_Q2,2023Q2,ATL-ORD
2023,2,ATL,ORD,DL,1124.0,236,243.64768683274022,13461.817156570964,one_way,238016.0,273056.0,1626.0,1644.0,0.871674674791984,18.0,0.9890510948905109,0.09157509157509157,0.09157509157509157,0.12087912087912088,0.12087912087912088,0.10622710622710622,0.10622710622710622,ATL-ORD,ATL-ORD_DL,ATL-ORD_DL_Q2,2023Q2,ATL-ORD
2023,2,ATL,ORD,UA,697.0,200,225.75466284074605,10222.69016835835,one_way,238016.0,273056.0,1626.0,1644.0,0.871674674791984,18.0,0.9890510948905109,0.09157509157509157,0.09157509157509157,0.12087912087912088,0.12087912087912088,0.10622710622710622,0.10622710622710622,ATL-ORD,ATL-ORD_UA,ATL-ORD_UA_Q2,2023Q2,ATL-ORD
2023,2,ATL,SEA,DL,626.0,177,409.84185303514374,41742.01812052794,one_way,162354.0,176294.0,897.0,908.0,0.9209275414931876,11.0,0.987885462555066,0.09157509157509157,0.09157509157509157,0.07692307692307693,0.07692307692307693,0.08424908424908426,0.08424908424908426,ATL-SEA,ATL-SEA_DL,ATL-SEA_DL_Q2,2023Q2,ATL-SEA
2023,2,DEN,ATL,DL,802.0,185,287.288029925187,21910.648958961712,one_way,243539.0,278631.0,1571.0,1586.0,0.8740556506634223,15.0,0.9905422446406053,0.03663003663003663,0.03663003663003663,0.09157509157509157,0.09157509157509157,0.0641025641025641,0.0641025641025641,DEN-ATL,DEN-ATL_DL,DEN-ATL_DL_Q2,2023Q2,ATL-DEN
2023,2,DEN,ATL,UA,452.0,143,258.9867256637168,19615.203363615015,one_way,243539.0,278631.0,1571.0,1586.0,0.8740556506634223,15.0,0.9905422446406053,0.03663003663003663,0.03663003663003663,0.09157509157509157,0.09157509157509157,0.0641025641025641,0.0641025641025641,DEN-ATL,DEN-ATL_UA,DEN-ATL_UA_Q2,2023Q2,ATL-DEN
2023,2,DEN,ATL,WN,443.0,117,243.12641083521444,10126.751514657393,one_way,243539.0,278631.0,1571.0,1586.0,0.8740556506634223,15.0,0.9905422446406053,0.03663003663003663,0.03663003663003663,0.09157509157509157,0.09157509157509157,0.0641025641025641,0.0641025641025641,DEN-ATL,DEN-ATL_WN,DEN-ATL_WN_Q2,2023Q2,ATL-DEN
2023,2,DEN,DFW,AA,882.0,194,263.63151927437644,21791.3188704809,one_way,217730.0,259769.0,1506.0,1536.0,0.8381677567377169,30.0,0.98046875,0.03663003663003663,0.03663003663003663,0.10989010989010989,0.10989010989010989,0.07326007326007326,0.07326007326007326,DEN-DFW,DEN-DFW_AA,DEN-DFW_AA_Q2,2023Q2,DEN-DFW
2023,2,DEN,DFW,UA,785.0,185,194.60382165605097,11928.896545904492,one_way,217730.0,259769.0,1506.0,1536.0,0.8381677567377169,30.0,0.98046875,0.03663003663003663,0.03663003663003663,0.10989010989010989,0.10989010989010989,0.07326007326007326,0.07326007326007326,DEN-DFW,DEN-DFW_UA,DEN-DFW_UA_Q2,2023Q2,DEN-DFW
2023,2,DEN,JFK,DL,967.0,167,232.358841778697,21612.05013640412,one_way,53904.0,62157.0,368.0,374.0,0.8672233215888798,6.0,0.983957219251337,0.03663003663003663,0.03663003663003663,0.10989010989010989,0.10989010989010989,0.07326007326007326,0.07326007326007326,DEN-JFK,DEN-JFK_DL,DEN-JFK_DL_Q2,2023Q2,DEN-JFK
2023,2,DEN,LAX,DL,721.0,138,195.55339805825244,12814.754776941401,one_way,240342.0,279105.0,1739.0,1755.0,0.8611167840060192,16.0,0.9908831908831909,0.03663003663003663,0.03663003663003663,0.007326007326007326,0.007326007326007326,0.02197802197802198,0.02197802197802198,DEN-LAX,DEN-LAX_DL,DEN-LAX_DL_Q2,2023Q2,DEN-LAX
2023,2,DEN,LAX,UA,1794.0,288,203.42028985507247,14887.911427786661,one_way,240342.0,279105.0,1739.0,1755.0,0.8611167840060192,16.0,0.9908831908831909,0.03663003663003663,0.03663003663003663,0.007326007326007326,0.007326007326007326,0.02197802197802198,0.02197802197802198,DEN-LAX,DEN-LAX_UA,DEN-LAX_UA_Q2,2023Q2,DEN-LAX
2023,2,DEN,LAX,WN,915.0,124,189.9672131147541,9173.852476932727,one_way,240342.0,279105.0,1739.0,1755.0,0.8611167840060192,16.0,0.9908831908831909,0.03663003663003663,0.03663003663003663,0.007326007326007326,0.007326007326007326,0.02197802197802198,0.02197802197802198,DEN-LAX,DEN-LAX_WN,DEN-LAX_WN_Q2,2023Q2,DEN-LAX
2023,2,DEN,ORD,AA,620.0,147,241.83709677419355,14847.37507544225,one_way,254001.0,290694.0,1573.0,1580.0,0.8737744845094843,7.0,0.9955696202531645,0.03663003663003663,0.03663003663003663,0.12087912087912088,0.12087912087912088,0.07875457875457875,0.07875457875457875,DEN-ORD,DEN-ORD_AA,DEN-ORD_AA_Q2,2023Q2,DEN-ORD
2023,2,DEN,ORD,UA,1557.0,327,246.32305716120746,17713.34778564413,one_way,254001.0,290694.0,1573.0,1580.0,0.8737744845094843,7.0,0.9955696202531645,0.03663003663003663,0.03663003663003663,0.12087912087912088,0.12087912087912088,0.07875457875457875,0.07875457875457875,DEN-ORD,DEN-ORD_UA,DEN-ORD_UA_Q2,2023Q2,DEN-ORD
2023,2,DEN,ORD,WN,765.0,144,190.44183006535948,6402.630929984189,one_way,254001.0,290694.0,1573.0,1580.0,0.8737744845094843,7.0,0.9955696202531645,0.03663003663003663,0.03663003663003663,0.12087912087912088,0.12087912087912088,0.07875457875457875,0.07875457875457875,DEN-ORD,DEN-ORD_WN,DEN-ORD_WN_Q2,2023Q2,DEN-ORD
2023,2,DEN,SEA,DL,649.0,129,204.79815100154084,11135.754326319257,one_way,248490.0,275814.0,1687.0,1707.0,0.9009332376166547,20.0,0.9882835383714118,0.03663003663003663,0.03663003663003663,0.07692307692307693,0.07692307692307693,0.05677655677655678,0.05677655677655678,DEN-SEA,DEN-SEA_DL,DEN-SEA_DL_Q2,2023Q2,DEN-SEA
2023,2,DEN,SEA,UA,956.0,260,240.10041841004184,13524.077782251712,one_way,248490.0,275814.0,1687.0,1707.0,0.9009332376166547,20.0,0.9882835383714118,0.03663003663003663,0.03663003663003663,0.07692307692307693,0.07692307692307693,0.05677655677655678,0.05677655677655678,DEN-SEA,DEN-SEA_UA,DEN-SEA_UA_Q2,2023Q2,DEN-SEA
2023,2,DEN,SEA,WN,409.0,108,231.4205378973105,10935.358600199666,one_way,248490.0,275814.0,1687.0,1707.0,0.9009332376166547,20.0,0.9882835383714118,0.03663003663003663,0.03663003663003663,0.07692307692307693,0.07692307692307693,0.05677655677655678,0.05677655677655678,DEN-SEA,DEN-SEA_WN,DEN-SEA_WN_Q2,2023Q2,DEN-SEA
2023,2,DFW,ATL,AA,898.0,183,245.29510022271714,12443.12561073606,one_way,253792.0,304487.0,1620.0,1644.0,0.8335068492250901,24.0,0.9854014598540146,0.10989010989010989,0.10989010989010989,0.09157509157509157,0.09157509157509157,0.10073260073260074,0.10073260073260074,DFW-ATL,DFW-ATL_AA,DFW-ATL_AA_Q2,2023Q2,ATL-DFW
2023,2,DFW,ATL,DL,794.0,207,274.6448362720403,17494.20383353741,one_way,253792.0,304487.0,1620.0,1644.0,0.8335068492250901,24.0,0.9854014598540146,0.10989010989010989,0.10989010989010989,0.09157509157509157,0.09157509157509157,0.10073260073260074,0.10073260073260074,DFW-ATL,DFW-ATL_DL,DFW-ATL_DL_Q2,2023Q2,ATL-DFW
2023,2,DFW,DEN,AA,1082.0,177,236.13308687615526,12259.671751839036,one_way,223737.0,256747.0,1507.0,1534.0,0.87142985117645,27.0,0.9823989569752282,0.10989010989010989,0.10989010989010989,0.03663003663003663,0.03663003663003663,0.07326007326007326,0.07326007326007326,DFW-DEN,DFW-DEN_AA,DFW-DEN_AA_Q2,2023Q2,DEN-DFW
2023,2,DFW,DEN,UA,585.0,202,220.9025641025641,13609.879395134783,one_way,223737.0,256747.0,1507.0,1534.0,0.87142985117645,27.0,0.9823989569752282,0.10989010989010989,0.10989010989010989,0.03663003663003663,0.03663003663003663,0.07326007326007326,0.07326007326007326,DFW-DEN,DFW-DEN_UA,DFW-DEN_UA_Q2,2023Q2,DEN-DFW
2023,2,DFW,JFK,AA,560.0,167,236.45535714285714,22955.144435586735,one_way,61160.0,66888.0,447.0,457.0,0.914364310489176,10.0,0.9781181619256017,0.10989010989010989,0.10989010989010989,0.10989010989010989,0.10989010989010989,0.10989010989010989,0.10989010989010989,DFW-JFK,DFW-JFK_AA,DFW-JFK_AA_Q2,2023Q2,DFW-JFK
2023,2,DFW,JFK,DL,400.0,148,271.73,30677.327099999995,one_way,61160.0,66888.0,447.0,457.0,0.914364310489176,10.0,0.9781181619256017,0.10989010989010989,0.10989010989010989,0.10989010989010989,0.10989010989010989,0.10989010989010989,0.10989010989010989,DFW-JFK,DFW-JFK_DL,DFW-JFK_DL_Q2,2023Q2,DFW-JFK
2023,2,DFW,LAX,AA,1820.0,309,360.3626373626374,41337.02563700035,one_way,270664.0,308627.0,1652.0,1676.0,0.8769939117445978,24.0,0.9856801909307876,0.10989010989010989,0.10989010989010989,0.007326007326007326,0.007326007326007326,0.05860805860805861,0.05860805860805861,DFW-LAX,DFW-LAX_AA,DFW-LAX_AA_Q2,2023Q2,DFW-LAX
2023,2,DFW,LAX,DL,343.0,139,318.11661807580174,26921.53158972878,one_way,270664.0,308627.0,1652.0,1676.0,0.8769939117445978,24.0,0.9856801909307876,0.10989010989010989,0.10989010989010989,0.007326007326007326,0.007326007326007326,0.05860805860805861,0.05860805860805861,DFW-LAX,DFW-LAX_DL,DFW-LAX_DL_Q2,2023Q2,DFW-LAX
2023,2,DFW,ORD,AA,1278.0,261,322.48591549295776,21056.481413520247,one_way,219368.0,244191.0,1444.0,1464.0,0.8983459668865765,20.0,0.9863387978142076,0.10989010989010989,0.10989010989010989,0.12087912087912088,0.12087912087912088,0.11538461538461539,0.11538461538461539,DFW-ORD,DFW-ORD_AA,DFW-ORD_AA_Q2,2023Q2,DFW-ORD
2023,2,DFW,ORD,UA,1012.0,257,260.9347826086956,13398.574798075279,one_way,219368.0,244191.0,1444.0,1464.0,0.8983459668865765,20.0,0.9863387978142076,0.10989010989010989,0.10989010989010989,0.12087912087912088,0.12087912087912088,0.11538461538461539,0.11538461538461539,DFW-ORD,DFW-ORD_UA,DFW-ORD_UA_Q2,2023Q2,DFW-ORD
2023,2,DFW,SEA,AA,823.0,191,371.5370595382746,34664.3579826052,one_way,157653.0,173773.0,944.0,961.0,0.9072353012263125,17.0,0.9823100936524454,0.10989010989010989,0.10989010989010989,0.07692307692307693,0.07692307692307693,0.09340659340659341,0.09340659340659341,DFW-SEA,DFW-SEA_AA,DFW-SEA_AA_Q2,2023Q2,DFW-SEA
2023,2,JFK,ATL,DL,1390.0,171,216.0661870503597,14894.696338698828,one_way,136149.0,162710.0,986.0,983.0,0.8367586503595353,-3.0,1.0030518819938963,0.10989010989010989,0.10989010989010989,0.09157509157509157,0.09157509157509157,0.10073260073260074,0.10073260073260074,JFK-ATL,JFK-ATL_DL,JFK-ATL_DL_Q2,2023Q2,ATL-JFK
2023,2,JFK,DEN,DL,824.0,147,242.88956310679612,21304.120085246024,one_way,53308.0,60919.0,360.0,374.0,0.8750636090546463,14.0,0.9625668449197861,0.10989010989010989,0.10989010989010989,0.03663003663003663,0.03663003663003663,0.07326007326007326,0.07326007326007326,JFK-DEN,JFK-DEN_DL,JFK-DEN_DL_Q2,2023Q2,DEN-JFK
2023,2,JFK,DFW,AA,523.0,157,220.64244741873804,23955.621678140167,one_way,57795.0,66446.0,444.0,456.0,0.8698040514101677,12.0,0.9736842105263158,0.10989010989010989,0.10989010989010989,0.10989010989010989,0.10989010989010989,0.10989010989010989,0.10989010989010989,JFK-DFW,JFK-DFW_AA,JFK-DFW_AA_Q2,2023Q2,DFW-JFK
2023,2,JFK,DFW,DL,399.0,129,229.81704260651628,16658.94146393554,one_way,57795.0,66446.0,444.0,456.0,0.8698040514101677,12.0,0.9736842105263158,0.10989010989010989,0.10989010989010989,0.10989010989010989,0.10989010989010989,0.10989010989010989,0.10989010989010989,JFK-DFW,JFK-DFW_DL,JFK-DFW_DL_Q2,2023Q2,DFW-JFK
2023,2,JFK,LAX,AA,2064.0,478,499.890503875969,178806.37851447478,one_way,363662.0,409340.0,2522.0,2537.0,0.8884106122050129,15.0,0.9940875049270792,0.10989010989010989,0.10989010989010989,0.007326007326007326,0.007326007326007326,0.05860805860805861,0.05860805860805861,JFK-LAX,JFK-LAX_AA,JFK-LAX_AA_Q2,2023Q2,JFK-LAX
2023,2,JFK,LAX,DL,4180.0,451,439.8177033492823,135237.27250955792,one_way,363662.0,409340.0,2522.0,2537.0,0.8884106122050129,15.0,0.9940875049270792,0.10989010989010989,0.10989010989010989,0.007326007326007326,0.007326007326007326,0.05860805860805861,0.05860805860805861,JFK-LAX,JFK-LAX_DL,JFK-LAX_DL_Q2,2023Q2,JFK-LAX
2023,2,JFK,ORD,AA,630.0,153,199.1968253968254,6889.666021667923,one_way,59462.0,70190.0,653.0,661.0,0.8471577147741843,8.0,0.9878971255673222,0.10989010989010989,0.10989010989010989,0.12087912087912088,0.12087912087912088,0.11538461538461539,0.11538461538461539,JFK-ORD,JFK-ORD_AA,JFK-ORD_AA_Q2,2023Q2,JFK-ORD
2023,2,JFK,SEA,DL,1024.0,246,359.1787109375,53626.02177333832,one_way,123313.0,137858.0,775.0,793.0,0.8944928839820685,18.0,0.9773013871374527,0.10989010989010989,0.10989010989010989,0.07692307692307693,0.07692307692307693,0.09340659340659341,0.09340659340659341,JFK-SEA,JFK-SEA_DL,JFK-SEA_DL_Q2,2023Q2,JFK-SEA
2023,2,LAX,ATL,AA,434.0,130,348.2603686635945,35638.66723120048,one_way,242769.0,269053.0,1350.0,1365.0,0.9023092104529591,15.0,0.989010989010989,0.007326007326007326,0.007326007326007326,0.09157509157509157,0.09157509157509157,0.04945054945054945,0.04945054945054945,LAX-ATL,LAX-ATL_AA,LAX-ATL_AA_Q2,2023Q2,ATL-LAX
2023,2,LAX,ATL,DL,1164.0,248,608.3307560137457,104768.9962705624,one_way,242769.0,269053.0,1350.0,1365.0,0.9023092104529591,15.0,0.989010989010989,0.007326007326007326,0.007326007326007326,0.09157509157509157,0.09157509157509157,0.04945054945054945,0.04945054945054945,LAX-ATL,LAX-ATL_DL,LAX-ATL_DL_Q2,2023Q2,ATL-LAX
2023,2,LAX,ATL,WN,95.0,55,260.17894736842106,12596.146925207751,one_way,242769.0,269053.0,1350.0,1365.0,0.9023092104529591,15.0,0.989010989010989,0.007326007326007326,0.007326007326007326,0.09157509157509157,0.09157509157509157,0.04945054945054945,0.04945054945054945,LAX-ATL,LAX-ATL_WN,LAX-ATL_WN_Q2,2023Q2,ATL-LAX
2023,2,LAX,DEN,DL,894.0,167,201.17337807606265,13372.286494852582,one_way,237243.0,269882.0,1719.0,1758.0,0.8790619604123283,39.0,0.9778156996587031,0.007326007326007326,0.007326007326007326,0.03663003663003663,0.03663003663003663,0.02197802197802198,0.02197802197802198,LAX-DEN,LAX-DEN_DL,LAX-DEN_DL_Q2,2023Q2,DEN-LAX
2023,2,LAX,DEN,UA,1576.0,298,229.35913705583755,16565.854523113194,one_way,237243.0,269882.0,1719.0,1758.0,0.8790619604123283,39.0,0.9778156996587031,0.007326007326007326,0.007326007326007326,0.03663003663003663,0.03663003663003663,0.02197802197802198,0.02197802197802198,LAX-DEN,LAX-DEN_UA,LAX-DEN_UA_Q2,2023Q2,DEN-LAX
2023,2,LAX,DEN,WN,874.0,150,192.02974828375287,8898.944195131146,one_way,237243.0,269882.0,1719.0,1758.0,0.8790619604123283,39.0,0.9778156996587031,0.007326007326007326,0.007326007326007326,0.03663003663003663,0.03663003663003663,0.02197802197802198,0.02197802197802198,LAX-DEN,LAX-DEN_WN,LAX-DEN_WN_Q2,2023Q2,DEN-LAX
2023,2,LAX,DFW,AA,1685.0,325,376.3554896142433,48116.27778143683,one_way,264804.0,305347.0,1635.0,1661.0,0.8672231919750317,26.0,0.9843467790487658,0.007326007326007326,0.007326007326007326,0.10989010989010989,0.10989010989010989,0.05860805860805861,0.05860805860805861,LAX-DFW,LAX-DFW_AA,LAX-DFW_AA_Q2,2023Q2,DFW-LAX
2023,2,LAX,DFW,DL,524.0,167,294.94274809160305,24205.98145504341,one_way,264804.0,305347.0,1635.0,1661.0,0.8672231919750317,26.0,0.9843467790487658,0.007326007326007326,0.007326007326007326,0.10989010989010989,0.10989010989010989,0.05860805860805861,0.05860805860805861,LAX-DFW,LAX-DFW_DL,LAX-DFW_DL_Q2,2023Q2,DFW-LAX
2023,2,LAX,JFK,AA,1914.0,425,526.8505747126437,172942.53462088178,one_way,375422.0,406799.0,2511.0,2533.0,0.9228685419580678,22.0,0.9913146466640348,0.007326007326007326,0.007326007326007326,0.10989010989010989,0.10989010989010989,0.05860805860805861,0.05860805860805861,LAX-JFK,LAX-JFK_AA,LAX-JFK_AA_Q2,2023Q2,JFK-LAX
2023,2,LAX,JFK,DL,4224.0,457,442.0738636363636,126202.68393810265,one_way,375422.0,406799.0,2511.0,2533.0,0.9228685419580678,22.0,0.9913146466640348,0.007326007326007326,0.007326007326007326,0.10989010989010989,0.10989010989010989,0.05860805860805861,0.05860805860805861,LAX-JFK,LAX-JFK_DL,LAX-JFK_DL_Q2,2023Q2,JFK-LAX
2023,2,LAX,ORD,AA,1998.0,304,338.8123123123123,36130.67398254108,one_way,309915.0,335317.0,1715.0,1730.0,0.9242448190816451,15.0,0.9913294797687862,0.007326007326007326,0.007326007326007326,0.12087912087912088,0.12087912087912088,0.0641025641025641,0.0641025641025641,LAX-ORD,LAX-ORD_AA,LAX-ORD_AA_Q2,2023Q2,LAX-ORD
2023,2,LAX,ORD,UA,2660.0,475,357.01654135338345,43270.12378653402,one_way,309915.0,335317.0,1715.0,1730.0,0.9242448190816451,15.0,0.9913294797687862,0.007326007326007326,0.007326007326007326,0.12087912087912088,0.12087912087912088,0.0641025641025641,0.0641025641025641,LAX-ORD,LAX-ORD_UA,LAX-ORD_UA_Q2,2023Q2,LAX-ORD
2023,2,LAX,SEA,DL,1835.0,262,204.10354223433242,15561.351676825878,one_way,275309.0,312585.0,1951.0,1976.0,0.8807492362077515,25.0,0.9873481781376519,0.007326007326007326,0.007326007326007326,0.07692307692307693,0.07692307692307693,0.04212454212454213,0.04212454212454213,LAX-SEA,LAX-SEA_DL,LAX-SEA_DL_Q2,2023Q2,LAX-SEA
2023,2,LAX,SEA,UA,706.0,188,214.58781869688386,11433.307443683836,one_way,275309.0,312585.0,1951.0,1976.0,0.8807492362077515,25.0,0.9873481781376519,0.007326007326007326,0.007326007326007326,0.07692307692307693,0.07692307692307693,0.04212454212454213,0.04212454212454213,LAX-SEA,LAX-SEA_UA,LAX-SEA_UA_Q2,2023Q2,LAX-SEA
2023,2,ORD,ATL,AA,497.0,119,182.67203219315894,9476.997064884286,one_way,225020.0,273386.0,1631.0,1645.0,0.8230853079528578,14.0,0.9914893617021276,0.12087912087912088,0.12087912087912088,0.09157509157509157,0.09157509157509157,0.10622710622710622,0.10622710622710622,ORD-ATL,ORD-ATL_AA,ORD-ATL_AA_Q2,2023Q2,ATL-ORD
2023,2,ORD,ATL,DL,892.0,228,244.10538116591928,18118.002347724665,one_way,225020.0,273386.0,1631.0,1645.0,0.8230853079528578,14.0,0.9914893617021276,0.12087912087912088,0.12087912087912088,0.09157509157509157,0.09157509157509157,0.10622710622710622,0.10622710622710622,ORD-ATL,ORD-ATL_DL,ORD-ATL_DL_Q2,2023Q2,ATL-ORD
2023,2,ORD,ATL,UA,748.0,207,211.13235294117646,11037.60948804656,one_way,225020.0,273386.0,1631.0,1645.0,0.8230853079528578,14.0,0.9914893617021276,0.12087912087912088,0.12087912087912088,0.09157509157509157,0.09157509157509157,0.10622710622710622,0.10622710622710622,ORD-ATL,ORD-ATL_UA,ORD-ATL_UA_Q2,2023Q2,ATL-ORD
2023,2,ORD,DEN,AA,521.0,130,232.06717850287907,11633.490688584265,one_way,247553.0,288786.0,1561.0,1582.0,0.8572195328028367,21.0,0.9867256637168141,0.12087912087912088,0.12087912087912088,0.03663003663003663,0.03663003663003663,0.07875457875457875,0.07875457875457875,ORD-DEN,ORD-DEN_AA,ORD-DEN_AA_Q2,2023Q2,DEN-ORD
2023,2,ORD,DEN,UA,1501.0,311,245.5549633577615,17282.197678562952,one_way,247553.0,288786.0,1561.0,1582.0,0.8572195328028367,21.0,0.9867256637168141,0.12087912087912088,0.12087912087912088,0.03663003663003663,0.03663003663003663,0.07875457875457875,0.07875457875457875,ORD-DEN,ORD-DEN_UA,ORD-DEN_UA_Q2,2023Q2,DEN-ORD
2023,2,ORD,DEN,WN,609.0,121,181.66502463054186,6754.459220073288,one_way,247553.0,288786.0,1561.0,1582.0,0.8572195328028367,21.0,0.9867256637168141,0.12087912087912088,0.12087912087912088,0.03663003663003663,0.03663003663003663,0.07875457875457875,0.07875457875457875,ORD-DEN,ORD-DEN_WN,ORD-DEN_WN_Q2,2023Q2,DEN-ORD
2023,2,ORD,DFW,AA,1293.0,293,328.6527455529776,24651.710040799124,one_way,206441.0,243210.0,1447.0,1469.0,0.848817894001069,22.0,0.9850238257317904,0.12087912087912088,0.12087912087912088,0.10989010989010989,0.10989010989010989,0.11538461538461539,0.11538461538461539,ORD-DFW,ORD-DFW_AA,ORD-DFW_AA_Q2,2023Q2,DFW-ORD
2023,2,ORD,DFW,UA,909.0,234,234.17271727172718,12006.87335906308,one_way,206441.0,243210.0,1447.0,1469.0,0.848817894001069,22.0,0.9850238257317904,0.12087912087912088,0.12087912087912088,0.10989010989010989,0.10989010989010989,0.11538461538461539,0.11538461538461539,ORD-DFW,ORD-DFW_UA,ORD-DFW_UA_Q2,2023Q2,DFW-ORD
2023,2,ORD,JFK,AA,706.0,174,204.96600566572238,8012.551252317251,one_way,60390.0,70444.0,655.0,663.0,0.8572767020612118,8.0,0.9879336349924586,0.12087912087912088,0.12087912087912088,0.10989010989010989,0.10989010989010989,0.11538461538461539,0.11538461538461539,ORD-JFK,ORD-JFK_AA,ORD-JFK_AA_Q2,2023Q2,JFK-ORD
2023,2,ORD,LAX,AA,2004.0,300,323.97305389221555,34121.22182879753,one_way,297883.0,334645.0,1720.0,1734.0,0.8901462744101959,14.0,0.9919261822376009,0.12087912087912088,0.12087912087912088,0.007326007326007326,0.007326007326007326,0.0641025641025641,0.0641025641025641,ORD-LAX,ORD-LAX_AA,ORD-LAX_AA_Q2,2023Q2,LAX-ORD
2023,2,ORD,LAX,UA,2577.0,424,313.4058983313931,35429.85232066178,one_way,297883.0,334645.0,1720.0,1734.0,0.8901462744101959,14.0,0.9919261822376009,0.12087912087912088,0.12087912087912088,0.007326007326007326,0.007326007326007326,0.0641025641025641,0.0641025641025641,ORD-LAX,ORD-LAX_UA,ORD-LAX_UA_Q2,2023Q2,LAX-ORD
2023,2,ORD,SEA,AA,445.0,111,292.6112359550562,14604.129761393764,one_way,195393.0,214251.0,1310.0,1333.0,0.9119817410420488,23.0,0.9827456864216054,0.12087912087912088,0.12087912087912088,0.07692307692307693,0.07692307692307693,0.09890109890109891,0.09890109890109891,ORD-SEA,ORD-SEA_AA,ORD-SEA_AA_Q2,2023Q2,ORD-SEA
2023,2,ORD,SEA,DL,771.0,177,261.09079118028535,17554.935985236545,one_way,195393.0,214251.0,1310.0,1333.0,0.9119817410420488,23.0,0.9827456864216054,0.12087912087912088,0.12087912087912088,0.07692307692307693,0.07692307692307693,0.09890109890109891,0.09890109890109891,ORD-SEA,ORD-SEA_DL,ORD-SEA_DL_Q2,2023Q2,ORD-SEA
2023,2,ORD,SEA,UA,748.0,260,302.0548128342246,21500.82988325374,one_way,195393.0,214251.0,1310.0,1333.0,0.9119817410420488,23.0,0.9827456864216054,0.12087912087912088,0.12087912087912088,0.07692307692307693,0.07692307692307693,0.09890109890109891,0.09890109890109891,ORD-SEA,ORD-SEA_UA,ORD-SEA_UA_Q2,2023Q2,ORD-SEA
2023,2,SEA,ATL,DL,678.0,152,394.429203539823,54595.24793771375,one_way,156337.0,176697.0,899.0,908.0,0.8847745009819069,9.0,0.9900881057268722,0.07692307692307693,0.07692307692307693,0.09157509157509157,0.09157509157509157,0.08424908424908426,0.08424908424908426,SEA-ATL,SEA-ATL_DL,SEA-ATL_DL_Q2,2023Q2,ATL-SEA
2023,2,SEA,DEN,DL,579.0,113,198.17789291882556,13054.049528548123,one_way,230379.0,268770.0,1672.0,1710.0,0.8571603973657774,38.0,0.9777777777777777,0.07692307692307693,0.07692307692307693,0.03663003663003663,0.03663003663003663,0.05677655677655678,0.05677655677655678,SEA-DEN,SEA-DEN_DL,SEA-DEN_DL_Q2,2023Q2,DEN-SEA
2023,2,SEA,DEN,UA,743.0,234,243.59623149394346,18348.752179607247,one_way,230379.0,268770.0,1672.0,1710.0,0.8571603973657774,38.0,0.9777777777777777,0.07692307692307693,0.07692307692307693,0.03663003663003663,0.03663003663003663,0.05677655677655678,0.05677655677655678,SEA-DEN,SEA-DEN_UA,SEA-DEN_UA_Q2,2023Q2,DEN-SEA
2023,2,SEA,DEN,WN,568.0,119,213.92253521126761,12794.874280896642,one_way,230379.0,268770.0,1672.0,1710.0,0.8571603973657774,38.0,0.9777777777777777,0.07692307692307693,0.07692307692307693,0.03663003663003663,0.03663003663003663,0.05677655677655678,0.05677655677655678,SEA-DEN,SEA-DEN_WN,SEA-DEN_WN_Q2,2023Q2,DEN-SEA
2023,2,SEA,DFW,AA,869.0,214,381.57192174913695,48174.783377319545,one_way,151235.0,173527.0,945.0,966.0,0.8715358416845793,21.0,0.9782608695652174,0.07692307692307693,0.07692307692307693,0.10989010989010989,0.10989010989010989,0.09340659340659341,0.09340659340659341,SEA-DFW,SEA-DFW_AA,SEA-DFW_AA_Q2,2023Q2,DFW-SEA
2023,2,SEA,JFK,DL,1030.0,275,368.33300970873785,67432.69784239796,one_way,124478.0,138915.0,778.0,795.0,0.896073138250009,17.0,0.9786163522012579,0.07692307692307693,0.07692307692307693,0.10989010989010989,0.10989010989010989,0.09340659340659341,0.09340659340659341,SEA-JFK,SEA-JFK_DL,SEA-JFK_DL_Q2,2023Q2,JFK-SEA
2023,2,SEA,LAX,DL,2037.0,235,182.92047128129602,12696.790926042013,one_way,258160.0,312084.0,1942.0,1975.0,0.8272131861934607,33.0,0.9832911392405064,0.07692307692307693,0.07692307692307693,0.007326007326007326,0.007326007326007326,0.04212454212454213,0.04212454212454213,SEA-LAX,SEA-LAX_DL,SEA-LAX_DL_Q2,2023Q2,LAX-SEA
2023,2,SEA,LAX,UA,585.0,149,176.60854700854702,7875.031379940094,one_way,258160.0,312084.0,1942.0,1975.0,0.8272131861934607,33.0,0.9832911392405064,0.07692307692307693,0.07692307692307693,0.007326007326007326,0.007326007326007326,0.04212454212454213,0.04212454212454213,SEA-LAX,SEA-LAX_UA,SEA-LAX_UA_Q2,2023Q2,LAX-SEA
2023,2,SEA,ORD,AA,381.0,116,269.18897637795277,26055.29762126191,one_way,193264.0,213786.0,1302.0,1328.0,0.9040068105488667,26.0,0.9804216867469879,0.07692307692307693,0.07692307692307693,0.12087912087912088,0.12087912087912088,0.09890109890109891,0.09890109890109891,SEA-ORD,SEA-ORD_AA,SEA-ORD_AA_Q2,2023Q2,ORD-SEA
2023,2,SEA,ORD,DL,745.0,167,240.39597315436242,16348.698238818077,one_way,193264.0,213786.0,1302.0,1328.0,0.9040068105488667,26.0,0.9804216867469879,0.07692307692307693,0.07692307692307693,0.12087912087912088,0.12087912087912088,0.09890109890109891,0.09890109890109891,SEA-ORD,SEA-ORD_DL,SEA-ORD_DL_Q2,2023Q2,ORD-SEA
2023,2,SEA,ORD,UA,738.0,233,273.42953929539294,21080.310075939517,one_way,193264.0,213786.0,1302.0,1328.0,0.9040068105488667,26.0,0.9804216867469879,0.07692307692307693,0.07692307692307693,0.12087912087912088,0.12087912087912088,0.09890109890109891,0.09890109890109891,SEA-ORD,SEA-ORD_UA,SEA-ORD_UA_Q2,2023Q2,ORD-SEA
2023,3,ATL,DEN,DL,4391.0,1280,277.1962696424505,19413.472651855307,primary,247332.0,280929.0,1588.0,1608.0,0.8804075050991532,20.0,0.9875621890547264,0.13768115942028986,0.13768115942028986,0.018115942028985508,0.018115942028985508,0.07789855072463768,0.07789855072463768,ATL-DEN,ATL-DEN_DL,ATL-DEN_DL_Q3,2023Q3,ATL-DEN
2023,3,ATL,DEN,UA,1630.0,719,220.36377914110432,11955.139945840783,primary,247332.0,280929.0,1588.0,1608.0,0.8804075050991532,20.0,0.9875621890547264,0.13768115942028986,0.13768115942028986,0.018115942028985508,0.018115942028985508,0.07789855072463768,0.07789855072463768,ATL-DEN,ATL-DEN_UA,ATL-DEN_UA_Q3,2023Q3,ATL-DEN
2023,3,ATL,DEN,WN,2406.0,938,185.7489484621779,6808.192166267494,primary,247332.0,280929.0,1588.0,1608.0,0.8804075050991532,20.0,0.9875621890547264,0.13768115942028986,0.13768115942028986,0.018115942028985508,0.018115942028985508,0.07789855072463768,0.07789855072463768,ATL-DEN,ATL-DEN_WN,ATL-DEN_WN_Q3,2023Q3,ATL-DEN
2023,3,ATL,DFW,AA,3939.0,984,215.97011424219346,13424.657931517788,primary,242836.0,313937.0,1661.0,1676.0,0.773518253662359,15.0,0.9910501193317423,0.13768115942028986,0.13768115942028986,0.057971014492753624,0.057971014492753624,0.09782608695652174,0.09782608695652174,ATL-DFW,ATL-DFW_AA,ATL-DFW_AA_Q3,2023Q3,ATL-DFW
2023,3,ATL,DFW,DL,4334.0,1321,214.41059067835718,9366.251338275928,primary,242836.0,313937.0,1661.0,1676.0,0.773518253662359,15.0,0.9910501193317423,0.13768115942028986,0.13768115942028986,0.057971014492753624,0.057971014492753624,0.09782608695652174,0.09782608695652174,ATL-DFW,ATL-DFW_DL,ATL-DFW_DL_Q3,2023Q3,ATL-DFW
2023,3,ATL,JFK,DL,3794.0,815,212.7593147074328,10663.358335587305,primary,131700.0,149102.0,888.0,894.0,0.8832879505305093,6.0,0.9932885906040269,0.13768115942028986,0.13768115942028986,0.10507246376811594,0.10507246376811594,0.1213768115942029,0.1213768115942029,ATL-JFK,ATL-JFK_DL,ATL-JFK_DL_Q3,2023Q3,ATL-JFK
2023,3,ATL,LAX,AA,1760.0,664,253.02076136363635,20838.548644988514,primary,265915.0,302631.0,1505.0,1515.0,0.8786773331218547,10.0,0.9933993399339934,0.13768115942028986,0.13768115942028986,0.0,0.0,0.06884057971014493,0.06884057971014493,ATL-LAX,ATL-LAX_AA,ATL-LAX_AA_Q3,2023Q3,ATL-LAX
2023,3,ATL,LAX,DL,5869.0,1297,400.43857215880047,68962.59695229761,primary,265915.0,302631.0,1505.0,1515.0,0.8786773331218547,10.0,0.9933993399339934,0.13768115942028986,0.13768115942028986,0.0,0.0,0.06884057971014493,0.06884057971014493,ATL-LAX,ATL-LAX_DL,ATL-LAX_DL_Q3,2023Q3,ATL-LAX
2023,3,ATL,LAX,WN,435.0,329,206.90570114942528,4380.1272364624165,primary,265915.0,302631.0,1505.0,1515.0,0.8786773331218547,10.0,0.9933993399339934,0.13768115942028986,0.13768115942028986,0.0,0.0,0.06884057971014493,0.06884057971014493,ATL-LAX,ATL-LAX_WN,ATL-LAX_WN_Q3,2023Q3,ATL-LAX
2023,3,ATL,ORD,AA,887.0,507,189.45482525366404,8298.006732523012,primary,214985.0,259778.0,1556.0,1578.0,0.8275720037878497,22.0,0.9860583016476553,0.13768115942028986,0.13768115942028986,0.07971014492753623,0.07971014492753623,0.10869565217391304,0.10869565217391304,ATL-ORD,ATL-ORD_AA,ATL-ORD_AA_Q3,2023Q3,ATL-ORD
2023,3,ATL,ORD,DL,4666.0,1381,221.96523789112732,10187.639771150003,primary,214985.0,259778.0,1556.0,1578.0,0.8275720037878497,22.0,0.9860583016476553,0.13768115942028986,0.13768115942028986,0.07971014492753623,0.07971014492753623,0.10869565217391304,0.10869565217391304,ATL-ORD,ATL-ORD_DL,ATL-ORD_DL_Q3,2023Q3,ATL-ORD
2023,3,ATL,ORD,UA,2732.0,916,189.8080307467057,7841.231117571537,primary,214985.0,259778.0,1556.0,1578.0,0.8275720037878497,22.0,0.9860583016476553,0.13768115942028986,0.13768115942028986,0.07971014492753623,0.07971014492753623,0.10869565217391304,0.10869565217391304,ATL-ORD,ATL-ORD_UA,ATL-ORD_UA_Q3,2023Q3,ATL-ORD
2023,3,ATL,SEA,DL,3639.0,1027,370.06675735092057,44009.77004136765,primary,179107.0,205428.0,1065.0,1076.0,0.871872383511498,11.0,0.9897769516728625,0.13768115942028986,0.13768115942028986,0.03260869565217391,0.03260869565217391,0.08514492753623189,0.08514492753623189,ATL-SEA,ATL-SEA_DL,ATL-SEA_DL_Q3,2023Q3,ATL-SEA
2023,3,DEN,ATL,DL,4234.0,1187,284.76291922531885,20190.341335172023,primary,243295.0,282179.0,1597.0,1615.0,0.8622009433728236,18.0,0.9888544891640867,0.018115942028985508,0.018115942028985508,0.13768115942028986,0.13768115942028986,0.07789855072463768,0.07789855072463768,DEN-ATL,DEN-ATL_DL,DEN-ATL_DL_Q3,2023Q3,ATL-DEN
2023,3,DEN,ATL,UA,1729.0,748,217.51592828224406,11578.781072142927,primary,243295.0,282179.0,1597.0,1615.0,0.8622009433728236,18.0,0.9888544891640867,0.018115942028985508,0.018115942028985508,0.13768115942028986,0.13768115942028986,0.07789855072463768,0.07789855072463768,DEN-ATL,DEN-ATL_UA,DEN-ATL_UA_Q3,2023Q3,ATL-DEN
2023,3,DEN,ATL,WN,2381.0,942,188.1585384292314,7151.166732177124,primary,243295.0,282179.0,1597.0,1615.0,0.8622009433728236,18.0,0.9888544891640867,0.018115942028985508,0.018115942028985508,0.13768115942028986,0.13768115942028986,0.07789855072463768,0.07789855072463768,DEN-ATL,DEN-ATL_WN,DEN-ATL_WN_Q3,2023Q3,ATL-DEN
2023,3,DEN,DFW,AA,4519.0,1044,224.5247023677805,13171.286882756067,primary,234196.0,274829.0,1615.0,1624.0,0.8521517016035426,9.0,0.9944581280788177,0.018115942028985508,0.018115942028985508,0.057971014492753624,0.057971014492753624,0.03804347826086957,0.03804347826086957,DEN-DFW,DEN-DFW_AA,DEN-DFW_AA_Q3,2023Q3,DEN-DFW
2023,3,DEN,DFW,UA,2964.0,1070,186.74011470985153,7913.382724413299,primary,234196.0,274829.0,1615.0,1624.0,0.8521517016035426,9.0,0.9944581280788177,0.018115942028985508,0.018115942028985508,0.057971014492753624,0.057971014492753624,0.03804347826086957,0.03804347826086957,DEN-DFW,DEN-DFW_UA,DEN-DFW_UA_Q3,2023Q3,DEN-DFW
2023,3,DEN,JFK,DL,2736.0,658,219.8272331871345,15769.19849260059,primary,59268.0,68727.0,387.0,400.0,0.8623685014623074,13.0,0.9675,0.018115942028985508,0.018115942028985508,0.10507246376811594,0.10507246376811594,0.06159420289855072,0.06159420289855072,DEN-JFK,DEN-JFK_DL,DEN-JFK_DL_Q3,2023Q3,DEN-JFK
2023,3,DEN,LAX,DL,1965.0,522,174.94401526717556,9489.832692630818,primary,251173.0,301103.0,1855.0,1867.0,0.8341763449716543,12.0,0.9935725763256561,0.018115942028985508,0.018115942028985508,0.0,0.0,0.009057971014492754,0.009057971014492754,DEN-LAX,DEN-LAX_DL,DEN-LAX_DL_Q3,2023Q3,DEN-LAX
2023,3,DEN,LAX,UA,5878.0,1419,184.53807077237155,9853.42118440329,primary,251173.0,301103.0,1855.0,1867.0,0.8341763449716543,12.0,0.9935725763256561,0.018115942028985508,0.018115942028985508,0.0,0.0,0.009057971014492754,0.009057971014492754,DEN-LAX,DEN-LAX_UA,DEN-LAX_UA_Q3,2023Q3,DEN-LAX
2023,3,DEN,LAX,WN,3555.0,937,148.4209676511955,5133.391525927225,primary,251173.0,301103.0,1855.0,1867.0,0.8341763449716543,12.0,0.9935725763256561,0.018115942028985508,0.018115942028985508,0.0,0.0,0.009057971014492754,0.009057971014492754,DEN-LAX,DEN-LAX_WN,DEN-LAX_WN_Q3,2023Q3,DEN-LAX
2023,3,DEN,ORD,AA,1609.0,543,218.6897389683033,11622.574382405452,primary,286196.0,336679.0,1687.0,1693.0,0.8500559880479626,6.0,0.9964559952746603,0.018115942028985508,0.018115942028985508,0.07971014492753623,0.07971014492753623,0.048913043478260865,0.048913043478260865,DEN-ORD,DEN-ORD_AA,DEN-ORD_AA_Q3,2023Q3,DEN-ORD
2023,3,DEN,ORD,UA,8400.0,1693,210.43894285714285,10080.52370404912,primary,286196.0,336679.0,1687.0,1693.0,0.8500559880479626,6.0,0.9964559952746603,0.018115942028985508,0.018115942028985508,0.07971014492753623,0.07971014492753623,0.048913043478260865,0.048913043478260865,DEN-ORD,DEN-ORD_UA,DEN-ORD_UA_Q3,2023Q3,DEN-ORD
2023,3,DEN,ORD,WN,3288.0,1070,156.70255778588808,4465.589191663326,primary,286196.0,336679.0,1687.0,1693.0,0.8500559880479626,6.0,0.9964559952746603,0.018115942028985508,0.018115942028985508,0.07971014492753623,0.07971014492753623,0.048913043478260865,0.048913043478260865,DEN-ORD,DEN-ORD_WN,DEN-ORD_WN_Q3,2023Q3,DEN-ORD
2023,3,DEN,SEA,DL,1724.0,612,213.2463283062645,9250.499396785483,primary,281603.0,318129.0,1908.0,1925.0,0.8851849407001562,17.0,0.9911688311688311,0.018115942028985508,0.018115942028985508,0.03260869565217391,0.03260869565217391,0.025362318840579712,0.025362318840579712,DEN-SEA,DEN-SEA_DL,DEN-SEA_DL_Q3,2023Q3,DEN-SEA
2023,3,DEN,SEA,UA,3686.0,1279,221.22111502984265,9488.013978870651,primary,281603.0,318129.0,1908.0,1925.0,0.8851849407001562,17.0,0.9911688311688311,0.018115942028985508,0.018115942028985508,0.03260869565217391,0.03260869565217391,0.025362318840579712,0.025362318840579712,DEN-SEA,DEN-SEA_UA,DEN-SEA_UA_Q3,2023Q3,DEN-SEA
2023,3,DEN,SEA,WN,2113.0,971,194.06292001893044,7520.201140408652,primary,281603.0,318129.0,1908.0,1925.0,0.8851849407001562,17.0,0.9911688311688311,0.018115942028985508,0.018115942028985508,0.03260869565217391,0.03260869565217391,0.025362318840579712,0.025362318840579712,DEN-SEA,DEN-SEA_WN,DEN-SEA_WN_Q3,2023Q3,DEN-SEA
2023,3,DFW,ATL,AA,3843.0,945,201.80910486599012,9147.08845686201,primary,237015.0,312588.0,1657.0,1675.0,0.7582344811701025,18.0,0.9892537313432835,0.057971014492753624,0.057971014492753624,0.13768115942028986,0.13768115942028986,0.09782608695652174,0.09782608695652174,DFW-ATL,DFW-ATL_AA,DFW-ATL_AA_Q3,2023Q3,ATL-DFW
2023,3,DFW,ATL,DL,4206.0,1258,217.43988349976226,9181.216991498542,primary,237015.0,312588.0,1657.0,1675.0,0.7582344811701025,18.0,0.9892537313432835,0.057971014492753624,0.057971014492753624,0.13768115942028986,0.13768115942028986,0.09782608695652174,0.09782608695652174,DFW-ATL,DFW-ATL_DL,DFW-ATL_DL_Q3,2023Q3,ATL-DFW
2023,3,DFW,DEN,AA,4528.0,993,216.1198078621908,9991.732909437473,primary,232451.0,273932.0,1614.0,1626.0,0.8485719083568185,12.0,0.992619926199262,0.057971014492753624,0.057971014492753624,0.018115942028985508,0.018115942028985508,0.03804347826086957,0.03804347826086957,DFW-DEN,DFW-DEN_AA,DFW-DEN_AA_Q3,2023Q3,DEN-DFW
2023,3,DFW,DEN,UA,2843.0,1024,185.6572071755188,7574.310569688707,primary,232451.0,273932.0,1614.0,1626.0,0.8485719083568185,12.0,0.992619926199262,0.057971014492753624,0.057971014492753624,0.018115942028985508,0.018115942028985508,0.03804347826086957,0.03804347826086957,DFW-DEN,DFW-DEN_UA,DFW-DEN_UA_Q3,2023Q3,DEN-DFW
2023,3,DFW,JFK,AA,1228.0,607,247.1750407166124,19181.489183955993,primary,62023.0,70463.0,474.0,490.0,0.8802208251138895,16.0,0.9673469387755103,0.057971014492753624,0.057971014492753624,0.10507246376811594,0.10507246376811594,0.08152173913043478,0.08152173913043478,DFW-JFK,DFW-JFK_AA,DFW-JFK_AA_Q3,2023Q3,DFW-JFK
2023,3,DFW,JFK,DL,861.0,471,245.83084785133565,13904.342018909483,primary,62023.0,70463.0,474.0,490.0,0.8802208251138895,16.0,0.9673469387755103,0.057971014492753624,0.057971014492753624,0.10507246376811594,0.10507246376811594,0.08152173913043478,0.08152173913043478,DFW-JFK,DFW-JFK_DL,DFW-JFK_DL_Q3,2023Q3,DFW-JFK
2023,3,DFW,LAX,AA,5916.0,1197,280.90794793779577,27578.89829321974,primary,263006.0,326946.0,1719.0,1732.0,0.8044325362598105,13.0,0.9924942263279446,0.057971014492753624,0.057971014492753624,0.0,0.0,0.028985507246376812,0.028985507246376812,DFW-LAX,DFW-LAX_AA,DFW-LAX_AA_Q3,2023Q3,DFW-LAX
2023,3,DFW,LAX,DL,1102.0,504,246.80749546279492,14353.397733473212,primary,263006.0,326946.0,1719.0,1732.0,0.8044325362598105,13.0,0.9924942263279446,0.057971014492753624,0.057971014492753624,0.0,0.0,0.028985507246376812,0.028985507246376812,DFW-LAX,DFW-LAX_DL,DFW-LAX_DL_Q3,2023Q3,DFW-LAX
2023,3,DFW,ORD,AA,6051.0,1304,262.0625632126921,11718.118627093805,primary,214501.0,254814.0,1487.0,1508.0,0.8417944069007197,21.0,0.9860742705570292,0.057971014492753624,0.057971014492753624,0.07971014492753623,0.07971014492753623,0.06884057971014493,0.06884057971014493,DFW-ORD,DFW-ORD_AA,DFW-ORD_AA_Q3,2023Q3,DFW-ORD
2023,3,DFW,ORD,UA,3509.0,1035,216.38553719008263,9000.696314708584,primary,214501.0,254814.0,1487.0,1508.0,0.8417944069007197,21.0,0.9860742705570292,0.057971014492753624,0.057971014492753624,0.07971014492753623,0.07971014492753623,0.06884057971014493,0.06884057971014493,DFW-ORD,DFW-ORD_UA,DFW-ORD_UA_Q3,2023Q3,DFW-ORD
2023,3,DFW,SEA,AA,3179.0,915,332.9130670022019,29446.22717747622,primary,192002.0,220027.0,1196.0,1206.0,0.8726292682261723,10.0,0.9917081260364843,0.057971014492753624,0.057971014492753624,0.03260869565217391,0.03260869565217391,0.04528985507246377,0.04528985507246377,DFW-SEA,DFW-SEA_AA,DFW-SEA_AA_Q3,2023Q3,DFW-SEA
2023,3,JFK,ATL,DL,3787.0,813,218.76440718246636,10831.977861405881,primary,130435.0,147308.0,881.0,894.0,0.8854576805061504,13.0,0.9854586129753915,0.10507246376811594,0.10507246376811594,0.13768115942028986,0.13768115942028986,0.1213768115942029,0.1213768115942029,JFK-ATL,JFK-ATL_DL,JFK-ATL_DL_Q3,2023Q3,ATL-JFK
2023,3,JFK,DEN,DL,2592.0,701,234.32078317901232,17173.3374059067,primary,58715.0,68056.0,383.0,400.0,0.8627453861525802,17.0,0.9575,0.10507246376811594,0.10507246376811594,0.018115942028985508,0.018115942028985508,0.06159420289855072,0.06159420289855072,JFK-DEN,JFK-DEN_DL,JFK-DEN_DL_Q3,2023Q3,DEN-JFK
2023,3,JFK,DFW,AA,1190.0,614,251.57110924369746,19979.75817944186,primary,60629.0,69498.0,467.0,483.0,0.8723848168292613,16.0,0.9668737060041408,0.10507246376811594,0.10507246376811594,0.057971014492753624,0.057971014492753624,0.08152173913043478,0.08152173913043478,JFK-DFW,JFK-DFW_AA,JFK-DFW_AA_Q3,2023Q3,DFW-JFK
2023,3,JFK,DFW,DL,914.0,483,255.59680525164114,17266.361472069286,primary,60629.0,69498.0,467.0,483.0,0.8723848168292613,16.0,0.9668737060041408,0.10507246376811594,0.10507246376811594,0.057971014492753624,0.057971014492753624,0.08152173913043478,0.08152173913043478,JFK-DFW,JFK-DFW_DL,JFK-DFW_DL_Q3,2023Q3,DFW-JFK
2023,3,JFK,LAX,AA,4721.0,1737,515.1833869942809,170512.1607460584,primary,371406.0,412218.0,2541.0,2579.0,0.9009941341717247,38.0,0.9852656068243505,0.10507246376811594,0.10507246376811594,0.0,0.0,0.05253623188405797,0.05253623188405797,JFK-LAX,JFK-LAX_AA,JFK-LAX_AA_Q3,2023Q3,JFK-LAX
2023,3,JFK,LAX,DL,11168.0,2398,447.0749077722063,123763.36901190056,primary,371406.0,412218.0,2541.0,2579.0,0.9009941341717247,38.0,0.9852656068243505,0.10507246376811594,0.10507246376811594,0.0,0.0,0.05253623188405797,0.05253623188405797,JFK-LAX,JFK-LAX_DL,JFK-LAX_DL_Q3,2023Q3,JFK-LAX
2023,3,JFK,ORD,AA,1714.0,622,187.6258576429405,6849.125437566661,primary,59983.0,67342.0,617.0,627.0,0.8907219862789938,10.0,0.9840510366826156,0.10507246376811594,0.10507246376811594,0.07971014492753623,0.07971014492753623,0.09239130434782608,0.09239130434782608,JFK-ORD,JFK-ORD_AA,JFK-ORD_AA_Q3,2023Q3,JFK-ORD
2023,3,JFK,ORD,DL,34.0,32,208.22529411764705,8821.092277854674,primary,59983.0,67342.0,617.0,627.0,0.8907219862789938,10.0,0.9840510366826156,0.10507246376811594,0.10507246376811594,0.07971014492753623,0.07971014492753623,0.09239130434782608,0.09239130434782608,JFK-ORD,JFK-ORD_DL,JFK-ORD_DL_Q3,2023Q3,JFK-ORD
2023,3,JFK,SEA,DL,3566.0,1256,370.00687324733593,48480.005250599206,primary,138143.0,152764.0,847.0,872.0,0.9042902778141447,25.0,0.9713302752293578,0.10507246376811594,0.10507246376811594,0.03260869565217391,0.03260869565217391,0.06884057971014493,0.06884057971014493,JFK-SEA,JFK-SEA_DL,JFK-SEA_DL_Q3,2023Q3,JFK-SEA
2023,3,LAX,ATL,AA,1719.0,646,257.47735892961026,22021.848608847882,primary,263113.0,300863.0,1497.0,1516.0,0.8745276089116973,19.0,0.987467018469657,0.0,0.0,0.13768115942028986,0.13768115942028986,0.06884057971014493,0.06884057971014493,LAX-ATL,LAX-ATL_AA,LAX-ATL_AA_Q3,2023Q3,ATL-LAX
2023,3,LAX,ATL,DL,5904.0,1273,397.8990684281843,65348.99214344108,primary,263113.0,300863.0,1497.0,1516.0,0.8745276089116973,19.0,0.987467018469657,0.0,0.0,0.13768115942028986,0.13768115942028986,0.06884057971014493,0.06884057971014493,LAX-ATL,LAX-ATL_DL,LAX-ATL_DL_Q3,2023Q3,ATL-LAX
2023,3,LAX,ATL,WN,314.0,244,205.88627388535033,4523.560125288037,primary,263113.0,300863.0,1497.0,1516.0,0.8745276089116973,19.0,0.987467018469657,0.0,0.0,0.13768115942028986,0.13768115942028986,0.06884057971014493,0.06884057971014493,LAX-ATL,LAX-ATL_WN,LAX-ATL_WN_Q3,2023Q3,ATL-LAX
2023,3,LAX,DEN,DL,2043.0,523,169.93970631424375,8253.053104270086,primary,243014.0,294086.0,1839.0,1864.0,0.8263365138088858,25.0,0.9865879828326181,0.0,0.0,0.018115942028985508,0.018115942028985508,0.009057971014492754,0.009057971014492754,LAX-DEN,LAX-DEN_DL,LAX-DEN_DL_Q3,2023Q3,DEN-LAX
2023,3,LAX,DEN,UA,5722.0,1349,185.7844127927298,10126.954459048764,primary,243014.0,294086.0,1839.0,1864.0,0.8263365138088858,25.0,0.9865879828326181,0.0,0.0,0.018115942028985508,0.018115942028985508,0.009057971014492754,0.009057971014492754,LAX-DEN,LAX-DEN_UA,LAX-DEN_UA_Q3,2023Q3,DEN-LAX
2023,3,LAX,DEN,WN,3527.0,952,149.1424014743408,5497.24322346456,primary,243014.0,294086.0,1839.0,1864.0,0.8263365138088858,25.0,0.9865879828326181,0.0,0.0,0.018115942028985508,0.018115942028985508,0.009057971014492754,0.009057971014492754,LAX-DEN,LAX-DEN_WN,LAX-DEN_WN_Q3,2023Q3,DEN-LAX
2023,3,LAX,DFW,AA,6222.0,1250,286.06243812279007,29309.148993364477,primary,266271.0,326691.0,1713.0,1727.0,0.8150545928721636,14.0,0.9918934568616097,0.0,0.0,0.057971014492753624,0.057971014492753624,0.028985507246376812,0.028985507246376812,LAX-DFW,LAX-DFW_AA,LAX-DFW_AA_Q3,2023Q3,DFW-LAX
2023,3,LAX,DFW,DL,1186.0,536,249.2856239460371,14678.861626128397,primary,266271.0,326691.0,1713.0,1727.0,0.8150545928721636,14.0,0.9918934568616097,0.0,0.0,0.057971014492753624,0.057971014492753624,0.028985507246376812,0.028985507246376812,LAX-DFW,LAX-DFW_DL,LAX-DFW_DL_Q3,2023Q3,DFW-LAX
2023,3,LAX,JFK,AA,4525.0,1677,513.7589790055248,167239.5397232449,primary,372330.0,409576.0,2523.0,2577.0,0.909062054417251,54.0,0.9790454016298021,0.0,0.0,0.10507246376811594,0.10507246376811594,0.05253623188405797,0.05253623188405797,LAX-JFK,LAX-JFK_AA,LAX-JFK_AA_Q3,2023Q3,JFK-LAX
2023,3,LAX,JFK,DL,11090.0,2433,441.0110396753832,124225.72944576314,primary,372330.0,409576.0,2523.0,2577.0,0.909062054417251,54.0,0.9790454016298021,0.0,0.0,0.10507246376811594,0.10507246376811594,0.05253623188405797,0.05253623188405797,LAX-JFK,LAX-JFK_DL,LAX-JFK_DL_Q3,2023Q3,JFK-LAX
2023,3,LAX,ORD,AA,5740.0,1225,288.7218989547038,30504.945412491536,primary,309380.0,345994.0,1760.0,1784.0,0.894177355676688,24.0,0.9865470852017937,0.0,0.0,0.07971014492753623,0.07971014492753623,0.03985507246376811,0.03985507246376811,LAX-ORD,LAX-ORD_AA,LAX-ORD_AA_Q3,2023Q3,LAX-ORD
2023,3,LAX,ORD,UA,8547.0,2169,288.98900432900433,28940.218366587913,primary,309380.0,345994.0,1760.0,1784.0,0.894177355676688,24.0,0.9865470852017937,0.0,0.0,0.07971014492753623,0.07971014492753623,0.03985507246376811,0.03985507246376811,LAX-ORD,LAX-ORD_UA,LAX-ORD_UA_Q3,2023Q3,LAX-ORD
2023,3,LAX,SEA,DL,5074.0,963,174.48092234923138,8659.706730012498,primary,305121.0,350508.0,2171.0,2203.0,0.8705108014653018,32.0,0.9854743531547889,0.0,0.0,0.03260869565217391,0.03260869565217391,0.016304347826086956,0.016304347826086956,LAX-SEA,LAX-SEA_DL,LAX-SEA_DL_Q3,2023Q3,LAX-SEA
2023,3,LAX,SEA,UA,1649.0,590,153.97959975742873,6660.319324400152,primary,305121.0,350508.0,2171.0,2203.0,0.8705108014653018,32.0,0.9854743531547889,0.0,0.0,0.03260869565217391,0.03260869565217391,0.016304347826086956,0.016304347826086956,LAX-SEA,LAX-SEA_UA,LAX-SEA_UA_Q3,2023Q3,LAX-SEA
2023,3,LAX,SEA,WN,61.0,47,144.51836065573772,2090.076902230576,primary,305121.0,350508.0,2171.0,2203.0,0.8705108014653018,32.0,0.9854743531547889,0.0,0.0,0.03260869565217391,0.03260869565217391,0.016304347826086956,0.016304347826086956,LAX-SEA,LAX-SEA_WN,LAX-SEA_WN_Q3,2023Q3,LAX-SEA
2023,3,ORD,ATL,AA,980.0,533,185.48564285714286,8674.10291621938,primary,216624.0,261518.0,1557.0,1582.0,0.8283330401731429,25.0,0.984197218710493,0.07971014492753623,0.07971014492753623,0.13768115942028986,0.13768115942028986,0.10869565217391304,0.10869565217391304,ORD-ATL,ORD-ATL_AA,ORD-ATL_AA_Q3,2023Q3,ATL-ORD
2023,3,ORD,ATL,DL,4658.0,1384,224.0499935594676,10450.951451502748,primary,216624.0,261518.0,1557.0,1582.0,0.8283330401731429,25.0,0.984197218710493,0.07971014492753623,0.07971014492753623,0.13768115942028986,0.13768115942028986,0.10869565217391304,0.10869565217391304,ORD-ATL,ORD-ATL_DL,ORD-ATL_DL_Q3,2023Q3,ATL-ORD
2023,3,ORD,ATL,UA,2767.0,930,185.56548247199132,7488.699984217892,primary,216624.0,261518.0,1557.0,1582.0,0.8283330401731429,25.0,0.984197218710493,0.07971014492753623,0.07971014492753623,0.13768115942028986,0.13768115942028986,0.10869565217391304,0.10869565217391304,ORD-ATL,ORD-ATL_UA,ORD-ATL_UA_Q3,2023Q3,ATL-ORD
2023,3,ORD,DEN,AA,1663.0,569,213.93861695730607,10287.233372711366,primary,297542.0,350442.0,1680.0,1698.0,0.8490477739540352,18.0,0.9893992932862191,0.07971014492753623,0.07971014492753623,0.018115942028985508,0.018115942028985508,0.048913043478260865,0.048913043478260865,ORD-DEN,ORD-DEN_AA,ORD-DEN_AA_Q3,2023Q3,DEN-ORD
2023,3,ORD,DEN,UA,8388.0,1672,209.60397949451595,10227.99862166959,primary,297542.0,350442.0,1680.0,1698.0,0.8490477739540352,18.0,0.9893992932862191,0.07971014492753623,0.07971014492753623,0.018115942028985508,0.018115942028985508,0.048913043478260865,0.048913043478260865,ORD-DEN,ORD-DEN_UA,ORD-DEN_UA_Q3,2023Q3,DEN-ORD
2023,3,ORD,DEN,WN,3123.0,1039,156.31785462696124,4513.338293828376,primary,297542.0,350442.0,1680.0,1698.0,0.8490477739540352,18.0,0.9893992932862191,0.07971014492753623,0.07971014492753623,0.018115942028985508,0.018115942028985508,0.048913043478260865,0.048913043478260865,ORD-DEN,ORD-DEN_WN,ORD-DEN_WN_Q3,2023Q3,DEN-ORD
2023,3,ORD,DFW,AA,6248.0,1411,266.0023607554417,13723.832446939647,primary,218544.0,253202.0,1490.0,1508.0,0.8631211443827458,18.0,0.9880636604774535,0.07971014492753623,0.07971014492753623,0.057971014492753624,0.057971014492753624,0.06884057971014493,0.06884057971014493,ORD-DFW,ORD-DFW_AA,ORD-DFW_AA_Q3,2023Q3,DFW-ORD
2023,3,ORD,DFW,UA,3375.0,1044,219.39496888888888,9406.920941917553,primary,218544.0,253202.0,1490.0,1508.0,0.8631211443827458,18.0,0.9880636604774535,0.07971014492753623,0.07971014492753623,0.057971014492753624,0.057971014492753624,0.06884057971014493,0.06884057971014493,ORD-DFW,ORD-DFW_UA,ORD-DFW_UA_Q3,2023Q3,DFW-ORD
2023,3,ORD,JFK,AA,1824.0,673,191.18149671052632,7051.408392003279,primary,62092.0,68495.0,627.0,635.0,0.9065187239944521,8.0,0.9874015748031496,0.07971014492753623,0.07971014492753623,0.10507246376811594,0.10507246376811594,0.09239130434782608,0.09239130434782608,ORD-JFK,ORD-JFK_AA,ORD-JFK_AA_Q3,2023Q3,JFK-ORD
2023,3,ORD,JFK,DL,213.0,154,257.25474178403755,7430.060577984972,primary,62092.0,68495.0,627.0,635.0,0.9065187239944521,8.0,0.9874015748031496,0.07971014492753623,0.07971014492753623,0.10507246376811594,0.10507246376811594,0.09239130434782608,0.09239130434782608,ORD-JFK,ORD-JFK_DL,ORD-JFK_DL_Q3,2023Q3,JFK-ORD
2023,3,ORD,LAX,AA,5892.0,1284,292.01294806517313,31671.651098080794,primary,299386.0,344897.0,1778.0,1788.0,0.8680446626094167,10.0,0.9944071588366891,0.07971014492753623,0.07971014492753623,0.0,0.0,0.03985507246376811,0.03985507246376811,ORD-LAX,ORD-LAX_AA,ORD-LAX_AA_Q3,2023Q3,LAX-ORD
2023,3,ORD,LAX,UA,8352.0,2139,286.5534075670498,29468.351824595375,primary,299386.0,344897.0,1778.0,1788.0,0.8680446626094167,10.0,0.9944071588366891,0.07971014492753623,0.07971014492753623,0.0,0.0,0.03985507246376811,0.03985507246376811,ORD-LAX,ORD-LAX_UA,ORD-LAX_UA_Q3,2023Q3,LAX-ORD
2023,3,ORD,LAX,WN,36.0,35,198.12305555555557,4990.10596010802,primary,299386.0,344897.0,1778.0,1788.0,0.8680446626094167,10.0,0.9944071588366891,0.07971014492753623,0.07971014492753623,0.0,0.0,0.03985507246376811,0.03985507246376811,ORD-LAX,ORD-LAX_WN,ORD-LAX_WN_Q3,2023Q3,LAX-ORD
2023,3,ORD,SEA,AA,1309.0,463,252.26359816653934,14872.490609436689,primary,239948.0,272375.0,1598.0,1621.0,0.8809472234970169,23.0,0.9858112276372609,0.07971014492753623,0.07971014492753623,0.03260869565217391,0.03260869565217391,0.05615942028985507,0.05615942028985507,ORD-SEA,ORD-SEA_AA,ORD-SEA_AA_Q3,2023Q3,ORD-SEA
2023,3,ORD,SEA,DL,2366.0,767,240.9720540997464,13271.352088511027,primary,239948.0,272375.0,1598.0,1621.0,0.8809472234970169,23.0,0.9858112276372609,0.07971014492753623,0.07971014492753623,0.03260869565217391,0.03260869565217391,0.05615942028985507,0.05615942028985507,ORD-SEA,ORD-SEA_DL,ORD-SEA_DL_Q3,2023Q3,ORD-SEA
2023,3,ORD,SEA,UA,3099.0,1245,259.7858405937399,14687.230215516378,primary,239948.0,272375.0,1598.0,1621.0,0.8809472234970169,23.0,0.9858112276372609,0.07971014492753623,0.07971014492753623,0.03260869565217391,0.03260869565217391,0.05615942028985507,0.05615942028985507,ORD-SEA,ORD-SEA_UA,ORD-SEA_UA_Q3,2023Q3,ORD-SEA
2023,3,SEA,ATL,DL,3703.0,1003,369.66246286794495,42861.035879432486,primary,181951.0,204722.0,1062.0,1082.0,0.8887711139984955,20.0,0.9815157116451017,0.03260869565217391,0.03260869565217391,0.13768115942028986,0.13768115942028986,0.08514492753623189,0.08514492753623189,SEA-ATL,SEA-ATL_DL,SEA-ATL_DL_Q3,2023Q3,ATL-SEA
2023,3,SEA,DEN,DL,1726.0,605,209.6154113557358,10938.0958593615,primary,287563.0,317854.0,1892.0,1920.0,0.904701529633102,28.0,0.9854166666666667,0.03260869565217391,0.03260869565217391,0.018115942028985508,0.018115942028985508,0.025362318840579712,0.025362318840579712,SEA-DEN,SEA-DEN_DL,SEA-DEN_DL_Q3,2023Q3,DEN-SEA
2023,3,SEA,DEN,UA,3665.0,1262,225.11751978171895,10967.297769046338,primary,287563.0,317854.0,1892.0,1920.0,0.904701529633102,28.0,0.9854166666666667,0.03260869565217391,0.03260869565217391,0.018115942028985508,0.018115942028985508,0.025362318840579712,0.025362318840579712,SEA-DEN,SEA-DEN_UA,SEA-DEN_UA_Q3,2023Q3,DEN-SEA
2023,3,SEA,DEN,WN,2204.0,979,190.887999092559,7665.678468909246,primary,287563.0,317854.0,1892.0,1920.0,0.904701529633102,28.0,0.9854166666666667,0.03260869565217391,0.03260869565217391,0.018115942028985508,0.018115942028985508,0.025362318840579712,0.025362318840579712,SEA-DEN,SEA-DEN_WN,SEA-DEN_WN_Q3,2023Q3,DEN-SEA
2023,3,SEA,DFW,AA,3201.0,948,351.0449359575133,35043.58241649855,primary,196779.0,219023.0,1190.0,1205.0,0.8984398898745793,15.0,0.9875518672199171,0.03260869565217391,0.03260869565217391,0.057971014492753624,0.057971014492753624,0.04528985507246377,0.04528985507246377,SEA-DFW,SEA-DFW_AA,SEA-DFW_AA_Q3,2023Q3,DFW-SEA
2023,3,SEA,JFK,DL,3551.0,1267,380.30156575612506,48601.61471334676,primary,138673.0,150418.0,834.0,867.0,0.9219175896501749,33.0,0.9619377162629758,0.03260869565217391,0.03260869565217391,0.10507246376811594,0.10507246376811594,0.06884057971014493,0.06884057971014493,SEA-JFK,SEA-JFK_DL,SEA-JFK_DL_Q3,2023Q3,JFK-SEA
2023,3,SEA,LAX,DL,5108.0,992,177.6443422083007,10101.693782437313,primary,311212.0,351444.0,2180.0,2197.0,0.8855237249746759,17.0,0.9922621756941283,0.03260869565217391,0.03260869565217391,0.0,0.0,0.016304347826086956,0.016304347826086956,SEA-LAX,SEA-LAX_DL,SEA-LAX_DL_Q3,2023Q3,LAX-SEA
2023,3,SEA,LAX,UA,1619.0,569,146.59515750463248,7177.256032757778,primary,311212.0,351444.0,2180.0,2197.0,0.8855237249746759,17.0,0.9922621756941283,0.03260869565217391,0.03260869565217391,0.0,0.0,0.016304347826086956,0.016304347826086956,SEA-LAX,SEA-LAX_UA,SEA-LAX_UA_Q3,2023Q3,LAX-SEA
2023,3,SEA,LAX,WN,58.0,52,167.17810344827586,5576.781156747922,primary,311212.0,351444.0,2180.0,2197.0,0.8855237249746759,17.0,0.9922621756941283,0.03260869565217391,0.03260869565217391,0.0,0.0,0.016304347826086956,0.016304347826086956,SEA-LAX,SEA-LAX_WN,SEA-LAX_WN_Q3,2023Q3,LAX-SEA
2023,3,SEA,ORD,AA,1199.0,446,263.5764887406172,18206.39759008972,primary,247120.0,270927.0,1587.0,1614.0,0.9121276210935049,27.0,0.983271375464684,0.03260869565217391,0.03260869565217391,0.07971014492753623,0.07971014492753623,0.05615942028985507,0.05615942028985507,SEA-ORD,SEA-ORD_AA,SEA-ORD_AA_Q3,2023Q3,ORD-SEA
2023,3,SEA,ORD,DL,2485.0,775,242.81924748490945,11814.54918852829,primary,247120.0,270927.0,1587.0,1614.0,0.9121276210935049,27.0,0.983271375464684,0.03260869565217391,0.03260869565217391,0.07971014492753623,0.07971014492753623,0.05615942028985507,0.05615942028985507,SEA-ORD,SEA-ORD_DL,SEA-ORD_DL_Q3,2023Q3,ORD-SEA
2023,3,SEA,ORD,UA,3084.0,1257,265.2569357976654,16301.77918597382,primary,247120.0,270927.0,1587.0,1614.0,0.9121276210935049,27.0,0.983271375464684,0.03260869565217391,0.03260869565217391,0.07971014492753623,0.07971014492753623,0.05615942028985507,0.05615942028985507,SEA-ORD,SEA-ORD_UA,SEA-ORD_UA_Q3,2023Q3,ORD-SEA
2023,3,ATL,DEN,DL,747.0,199,302.86746987951807,27464.430896275866,one_way,247332.0,280929.0,1588.0,1608.0,0.8804075050991532,20.0,0.9875621890547264,0.13768115942028986,0.13768115942028986,0.018115942028985508,0.018115942028985508,0.07789855072463768,0.07789855072463768,ATL-DEN,ATL-DEN_DL,ATL-DEN_DL_Q3,2023Q3,ATL-DEN
2023,3,ATL,DEN,UA,470.0,135,234.66382978723405,17982.92103214124,one_way,247332.0,280929.0,1588.0,1608.0,0.8804075050991532,20.0,0.9875621890547264,0.13768115942028986,0.13768115942028986,0.018115942028985508,0.018115942028985508,0.07789855072463768,0.07789855072463768,ATL-DEN,ATL-DEN_UA,ATL-DEN_UA_Q3,2023Q3,ATL-DEN
2023,3,ATL,DEN,WN,530.0,99,220.88867924528302,12065.28760768957,one_way,247332.0,280929.0,1588.0,1608.0,0.8804075050991532,20.0,0.9875621890547264,0.13768115942028986,0.13768115942028986,0.018115942028985508,0.018115942028985508,0.07789855072463768,0.07789855072463768,ATL-DEN,ATL-DEN_WN,ATL-DEN_WN_Q3,2023Q3,ATL-DEN
2023,3,ATL,DFW,AA,972.0,221,282.56378600823047,26193.992844925393,one_way,242836.0,313937.0,1661.0,1676.0,0.773518253662359,15.0,0.9910501193317423,0.13768115942028986,0.13768115942028986,0.057971014492753624,0.057971014492753624,0.09782608695652174,0.09782608695652174,ATL-DFW,ATL-DFW_AA,ATL-DFW_AA_Q3,2023Q3,ATL-DFW
2023,3,ATL,DFW,DL,754.0,183,223.53580901856765,16464.333598350786,one_way,242836.0,313937.0,1661.0,1676.0,0.773518253662359,15.0,0.9910501193317423,0.13768115942028986,0.13768115942028986,0.057971014492753624,0.057971014492753624,0.09782608695652174,0.09782608695652174,ATL-DFW,ATL-DFW_DL,ATL-DFW_DL_Q3,2023Q3,ATL-DFW
2023,3,ATL,JFK,DL,1344.0,160,217.97470238095238,14310.853526697145,one_way,131700.0,149102.0,888.0,894.0,0.8832879505305093,6.0,0.9932885906040269,0.13768115942028986,0.13768115942028986,0.10507246376811594,0.10507246376811594,0.1213768115942029,0.1213768115942029,ATL-JFK,ATL-JFK_DL,ATL-JFK_DL_Q3,2023Q3,ATL-JFK
2023,3,ATL,LAX,AA,702.0,162,272.86752136752136,24245.53088246037,one_way,265915.0,302631.0,1505.0,1515.0,0.8786773331218547,10.0,0.9933993399339934,0.13768115942028986,0.13768115942028986,0.0,0.0,0.06884057971014493,0.06884057971014493,ATL-LAX,ATL-LAX_AA,ATL-LAX_AA_Q3,2023Q3,ATL-LAX
2023,3,ATL,LAX,DL,919.0,184,568.7714907508162,116605.59957895277,one_way,265915.0,302631.0,1505.0,1515.0,0.8786773331218547,10.0,0.9933993399339934,0.13768115942028986,0.13768115942028986,0.0,0.0,0.06884057971014493,0.06884057971014493,ATL-LAX,ATL-LAX_DL,ATL-LAX_DL_Q3,2023Q3,ATL-LAX
2023,3,ATL,LAX,WN,180.0,82,218.45555555555555,5395.136913580252,one_way,265915.0,302631.0,1505.0,1515.0,0.8786773331218547,10.0,0.9933993399339934,0.13768115942028986,0.13768115942028986,0.0,0.0,0.06884057971014493,0.06884057971014493,ATL-LAX,ATL-LAX_WN,ATL-LAX_WN_Q3,2023Q3,ATL-LAX
2023,3,ATL,ORD,AA,310.0,99,214.7516129032258,12069.747981269516,one_way,214985.0,259778.0,1556.0,1578.0,0.8275720037878497,22.0,0.9860583016476553,0.13768115942028986,0.13768115942028986,0.07971014492753623,0.07971014492753623,0.10869565217391304,0.10869565217391304,ATL-ORD,ATL-ORD_AA,ATL-ORD_AA_Q3,2023Q3,ATL-ORD
2023,3,ATL,ORD,DL,881.0,219,236.19409761634506,17189.019079804326,one_way,214985.0,259778.0,1556.0,1578.0,0.8275720037878497,22.0,0.9860583016476553,0.13768115942028986,0.13768115942028986,0.07971014492753623,0.07971014492753623,0.10869565217391304,0.10869565217391304,ATL-ORD,ATL-ORD_DL,ATL-ORD_DL_Q3,2023Q3,ATL-ORD
2023,3,ATL,ORD,UA,733.0,192,207.60300136425647,12666.484956885404,one_way,214985.0,259778.0,1556.0,1578.0,0.8275720037878497,22.0,0.9860583016476553,0.13768115942028986,0.13768115942028986,0.07971014492753623,0.07971014492753623,0.10869565217391304,0.10869565217391304,ATL-ORD,ATL-ORD_UA,ATL-ORD_UA_Q3,2023Q3,ATL-ORD
2023,3,ATL,SEA,DL,648.0,169,388.19444444444446,61993.01466049382,one_way,179107.0,205428.0,1065.0,1076.0,0.871872383511498,11.0,0.9897769516728625,0.13768115942028986,0.13768115942028986,0.03260869565217391,0.03260869565217391,0.08514492753623189,0.08514492753623189,ATL-SEA,ATL-SEA_DL,ATL-SEA_DL_Q3,2023Q3,ATL-SEA
2023,3,DEN,ATL,DL,695.0,184,330.17122302158276,33513.05125821644,one_way,243295.0,282179.0,1597.0,1615.0,0.8622009433728236,18.0,0.9888544891640867,0.018115942028985508,0.018115942028985508,0.13768115942028986,0.13768115942028986,0.07789855072463768,0.07789855072463768,DEN-ATL,DEN-ATL_DL,DEN-ATL_DL_Q3,2023Q3,ATL-DEN
2023,3,DEN,ATL,UA,563.0,158,220.8809946714032,14931.611059756637,one_way,243295.0,282179.0,1597.0,1615.0,0.8622009433728236,18.0,0.9888544891640867,0.018115942028985508,0.018115942028985508,0.13768115942028986,0.13768115942028986,0.07789855072463768,0.07789855072463768,DEN-ATL,DEN-ATL_UA,DEN-ATL_UA_Q3,2023Q3,ATL-DEN
2023,3,DEN,ATL,WN,515.0,112,233.85825242718445,12957.368257140166,one_way,243295.0,282179.0,1597.0,1615.0,0.8622009433728236,18.0,0.9888544891640867,0.018115942028985508,0.018115942028985508,0.13768115942028986,0.13768115942028986,0.07789855072463768,0.07789855072463768,DEN-ATL,DEN-ATL_WN,DEN-ATL_WN_Q3,2023Q3,ATL-DEN
2023,3,DEN,DFW,AA,975.0,229,275.00102564102565,24855.447178435235,one_way,234196.0,274829.0,1615.0,1624.0,0.8521517016035426,9.0,0.9944581280788177,0.018115942028985508,0.018115942028985508,0.057971014492753624,0.057971014492753624,0.03804347826086957,0.03804347826086957,DEN-DFW,DEN-DFW_AA,DEN-DFW_AA_Q3,2023Q3,DEN-DFW
2023,3,DEN,DFW,UA,797.0,206,206.57967377666247,12454.921192867238,one_way,234196.0,274829.0,1615.0,1624.0,0.8521517016035426,9.0,0.9944581280788177,0.018115942028985508,0.018115942028985508,0.057971014492753624,0.057971014492753624,0.03804347826086957,0.03804347826086957,DEN-DFW,DEN-DFW_UA,DEN-DFW_UA_Q3,2023Q3,DEN-DFW
2023,3,DEN,JFK,DL,1105.0,142,216.2289592760181,17833.87246452776,one_way,59268.0,68727.0,387.0,400.0,0.8623685014623074,13.0,0.9675,0.018115942028985508,0.018115942028985508,0.10507246376811594,0.10507246376811594,0.06159420289855072,0.06159420289855072,DEN-JFK,DEN-JFK_DL,DEN-JFK_DL_Q3,2023Q3,DEN-JFK
2023,3,DEN,LAX,DL,658.0,130,189.07598784194528,13164.31033527037,one_way,251173.0,301103.0,1855.0,1867.0,0.8341763449716543,12.0,0.9935725763256561,0.018115942028985508,0.018115942028985508,0.0,0.0,0.009057971014492754,0.009057971014492754,DEN-LAX,DEN-LAX_DL,DEN-LAX_DL_Q3,2023Q3,DEN-LAX
2023,3,DEN,LAX,UA,1743.0,284,199.92885829030408,14297.883636504877,one_way,251173.0,301103.0,1855.0,1867.0,0.8341763449716543,12.0,0.9935725763256561,0.018115942028985508,0.018115942028985508,0.0,0.0,0.009057971014492754,0.009057971014492754,DEN-LAX,DEN-LAX_UA,DEN-LAX_UA_Q3,2023Q3,DEN-LAX
2023,3,DEN,LAX,WN,913.0,122,173.97261774370207,8494.252262260234,one_way,251173.0,301103.0,1855.0,1867.0,0.8341763449716543,12.0,0.9935725763256561,0.018115942028985508,0.018115942028985508,0.0,0.0,0.009057971014492754,0.009057971014492754,DEN-LAX,DEN-LAX_WN,DEN-LAX_WN_Q3,2023Q3,DEN-LAX
2023,3,DEN,ORD,AA,581.0,138,230.1118760757315,16396.395401127513,one_way,286196.0,336679.0,1687.0,1693.0,0.8500559880479626,6.0,0.9964559952746603,0.018115942028985508,0.018115942028985508,0.07971014492753623,0.07971014492753623,0.048913043478260865,0.048913043478260865,DEN-ORD,DEN-ORD_AA,DEN-ORD_AA_Q3,2023Q3,DEN-ORD
2023,3,DEN,ORD,UA,1860.0,323,229.7994623655914,17026.354945947496,one_way,286196.0,336679.0,1687.0,1693.0,0.8500559880479626,6.0,0.9964559952746603,0.018115942028985508,0.018115942028985508,0.07971014492753623,0.07971014492753623,0.048913043478260865,0.048913043478260865,DEN-ORD,DEN-ORD_UA,DEN-ORD_UA_Q3,2023Q3,DEN-ORD
2023,3,DEN,ORD,WN,754.0,126,174.91114058355438,7438.773271112859,one_way,286196.0,336679.0,1687.0,1693.0,0.8500559880479626,6.0,0.9964559952746603,0.018115942028985508,0.018115942028985508,0.07971014492753623,0.07971014492753623,0.048913043478260865,0.048913043478260865,DEN-ORD,DEN-ORD_WN,DEN-ORD_WN_Q3,2023Q3,DEN-ORD
2023,3,DEN,SEA,DL,604.0,135,215.5430463576159,11282.413709925,one_way,281603.0,318129.0,1908.0,1925.0,0.8851849407001562,17.0,0.9911688311688311,0.018115942028985508,0.018115942028985508,0.03260869565217391,0.03260869565217391,0.025362318840579712,0.025362318840579712,DEN-SEA,DEN-SEA_DL,DEN-SEA_DL_Q3,2023Q3,DEN-SEA
2023,3,DEN,SEA,UA,1091.0,273,220.11640696608615,12137.378750059863,one_way,281603.0,318129.0,1908.0,1925.0,0.8851849407001562,17.0,0.9911688311688311,0.018115942028985508,0.018115942028985508,0.03260869565217391,0.03260869565217391,0.025362318840579712,0.025362318840579712,DEN-SEA,DEN-SEA_UA,DEN-SEA_UA_Q3,2023Q3,DEN-SEA
2023,3,DEN,SEA,WN,526.0,130,216.10076045627378,10026.25030360421,one_way,281603.0,318129.0,1908.0,1925.0,0.8851849407001562,17.0,0.9911688311688311,0.018115942028985508,0.018115942028985508,0.03260869565217391,0.03260869565217391,0.025362318840579712,0.025362318840579712,DEN-SEA,DEN-SEA_WN,DEN-SEA_WN_Q3,2023Q3,DEN-SEA
2023,3,DFW,ATL,AA,870.0,168,226.37126436781608,14887.819634033563,one_way,237015.0,312588.0,1657.0,1675.0,0.7582344811701025,18.0,0.9892537313432835,0.057971014492753624,0.057971014492753624,0.13768115942028986,0.13768115942028986,0.09782608695652174,0.09782608695652174,DFW-ATL,DFW-ATL_AA,DFW-ATL_AA_Q3,2023Q3,ATL-DFW
2023,3,DFW,ATL,DL,713.0,198,240.492286115007,15659.447696456715,one_way,237015.0,312588.0,1657.0,1675.0,0.7582344811701025,18.0,0.9892537313432835,0.057971014492753624,0.057971014492753624,0.13768115942028986,0.13768115942028986,0.09782608695652174,0.09782608695652174,DFW-ATL,DFW-ATL_DL,DFW-ATL_DL_Q3,2023Q3,ATL-DFW
2023,3,DFW,DEN,AA,992.0,187,235.88508064516128,12817.079535477365,one_way,232451.0,273932.0,1614.0,1626.0,0.8485719083568185,12.0,0.992619926199262,0.057971014492753624,0.057971014492753624,0.018115942028985508,0.018115942028985508,0.03804347826086957,0.03804347826086957,DFW-DEN,DFW-DEN_AA,DFW-DEN_AA_Q3,2023Q3,DEN-DFW
2023,3,DFW,DEN,UA,696.0,176,204.16810344827587,11870.47030444906,one_way,232451.0,273932.0,1614.0,1626.0,0.8485719083568185,12.0,0.992619926199262,0.057971014492753624,0.057971014492753624,0.018115942028985508,0.018115942028985508,0.03804347826086957,0.03804347826086957,DFW-DEN,DFW-DEN_UA,DFW-DEN_UA_Q3,2023Q3,DEN-DFW
2023,3,DFW,JFK,AA,459.0,132,257.39651416122007,22915.1717525548,one_way,62023.0,70463.0,474.0,490.0,0.8802208251138895,16.0,0.9673469387755103,0.057971014492753624,0.057971014492753624,0.10507246376811594,0.10507246376811594,0.08152173913043478,0.08152173913043478,DFW-JFK,DFW-JFK_AA,DFW-JFK_AA_Q3,2023Q3,DFW-JFK
2023,3,DFW,JFK,DL,314.0,118,251.8375796178344,17097.409925351945,one_way,62023.0,70463.0,474.0,490.0,0.8802208251138895,16.0,0.9673469387755103,0.057971014492753624,0.057971014492753624,0.10507246376811594,0.10507246376811594,0.08152173913043478,0.08152173913043478,DFW-JFK,DFW-JFK_DL,DFW-JFK_DL_Q3,2023Q3,DFW-JFK
2023,3,DFW,LAX,AA,1542.0,264,335.014915693904,44298.3389474313,one_way,263006.0,326946.0,1719.0,1732.0,0.8044325362598105,13.0,0.9924942263279446,0.057971014492753624,0.057971014492753624,0.0,0.0,0.028985507246376812,0.028985507246376812,DFW-LAX,DFW-LAX_AA,DFW-LAX_AA_Q3,2023Q3,DFW-LAX
2023,3,DFW,LAX,DL,356.0,120,258.9943820224719,18500.275249337225,one_way,263006.0,326946.0,1719.0,1732.0,0.8044325362598105,13.0,0.9924942263279446,0.057971014492753624,0.057971014492753624,0.0,0.0,0.028985507246376812,0.028985507246376812,DFW-LAX,DFW-LAX_DL,DFW-LAX_DL_Q3,2023Q3,DFW-LAX
2023,3,DFW,ORD,AA,1285.0,254,298.04513618677043,20458.82130902815,one_way,214501.0,254814.0,1487.0,1508.0,0.8417944069007197,21.0,0.9860742705570292,0.057971014492753624,0.057971014492753624,0.07971014492753623,0.07971014492753623,0.06884057971014493,0.06884057971014493,DFW-ORD,DFW-ORD_AA,DFW-ORD_AA_Q3,2023Q3,DFW-ORD
2023,3,DFW,ORD,UA,1081.0,229,223.527289546716,13571.229828823663,one_way,214501.0,254814.0,1487.0,1508.0,0.8417944069007197,21.0,0.9860742705570292,0.057971014492753624,0.057971014492753624,0.07971014492753623,0.07971014492753623,0.06884057971014493,0.06884057971014493,DFW-ORD,DFW-ORD_UA,DFW-ORD_UA_Q3,2023Q3,DFW-ORD
2023,3,DFW,SEA,AA,820.0,157,324.3048780487805,31593.546073765625,one_way,192002.0,220027.0,1196.0,1206.0,0.8726292682261723,10.0,0.9917081260364843,0.057971014492753624,0.057971014492753624,0.03260869565217391,0.03260869565217391,0.04528985507246377,0.04528985507246377,DFW-SEA,DFW-SEA_AA,DFW-SEA_AA_Q3,2023Q3,DFW-SEA
2023,3,JFK,ATL,DL,1361.0,176,232.24540778839088,14488.526108595659,one_way,130435.0,147308.0,881.0,894.0,0.8854576805061504,13.0,0.9854586129753915,0.10507246376811594,0.10507246376811594,0.13768115942028986,0.13768115942028986,0.1213768115942029,0.1213768115942029,JFK-ATL,JFK-ATL_DL,JFK-ATL_DL_Q3,2023Q3,ATL-JFK
2023,3,JFK,DEN,DL,941.0,148,248.21785334750265,20846.9036557532,one_way,58715.0,68056.0,383.0,400.0,0.8627453861525802,17.0,0.9575,0.10507246376811594,0.10507246376811594,0.018115942028985508,0.018115942028985508,0.06159420289855072,0.06159420289855072,JFK-DEN,JFK-DEN_DL,JFK-DEN_DL_Q3,2023Q3,DEN-JFK
2023,3,JFK,DFW,AA,420.0,137,273.35714285714283,28853.28197278912,one_way,60629.0,69498.0,467.0,483.0,0.8723848168292613,16.0,0.9668737060041408,0.10507246376811594,0.10507246376811594,0.057971014492753624,0.057971014492753624,0.08152173913043478,0.08152173913043478,JFK-DFW,JFK-DFW_AA,JFK-DFW_AA_Q3,2023Q3,DFW-JFK
2023,3,JFK,DFW,DL,351.0,133,282.71794871794873,25625.416173570018,one_way,60629.0,69498.0,467.0,483.0,0.8723848168292613,16.0,0.9668737060041408,0.10507246376811594,0.10507246376811594,0.057971014492753624,0.057971014492753624,0.08152173913043478,0.08152173913043478,JFK-DFW,JFK-DFW_DL,JFK-DFW_DL_Q3,2023Q3,DFW-JFK
2023,3,JFK,LAX,AA,2285.0,543,525.8017505470459,180273.38345426606,one_way,371406.0,412218.0,2541.0,2579.0,0.9009941341717247,38.0,0.9852656068243505,0.10507246376811594,0.10507246376811594,0.0,0.0,0.05253623188405797,0.05253623188405797,JFK-LAX,JFK-LAX_AA,JFK-LAX_AA_Q3,2023Q3,JFK-LAX
2023,3,JFK,LAX,DL,4153.0,471,460.91885384059714,126946.33894865023,one_way,371406.0,412218.0,2541.0,2579.0,0.9009941341717247,38.0,0.9852656068243505,0.10507246376811594,0.10507246376811594,0.0,0.0,0.05253623188405797,0.05253623188405797,JFK-LAX,JFK-LAX_DL,JFK-LAX_DL_Q3,2023Q3,JFK-LAX
2023,3,JFK,ORD,AA,829.0,161,192.1978287092883,9670.412009760767,one_way,59983.0,67342.0,617.0,627.0,0.8907219862789938,10.0,0.9840510366826156,0.10507246376811594,0.10507246376811594,0.07971014492753623,0.07971014492753623,0.09239130434782608,0.09239130434782608,JFK-ORD,JFK-ORD_AA,JFK-ORD_AA_Q3,2023Q3,JFK-ORD
2023,3,JFK,SEA,DL,1274.0,282,356.48037676609107,53271.37363376697,one_way,138143.0,152764.0,847.0,872.0,0.9042902778141447,25.0,0.9713302752293578,0.10507246376811594,0.10507246376811594,0.03260869565217391,0.03260869565217391,0.06884057971014493,0.06884057971014493,JFK-SEA,JFK-SEA_DL,JFK-SEA_DL_Q3,2023Q3,JFK-SEA
2023,3,LAX,ATL,AA,678.0,161,281.2005899705015,25751.343244489675,one_way,263113.0,300863.0,1497.0,1516.0,0.8745276089116973,19.0,0.987467018469657,0.0,0.0,0.13768115942028986,0.13768115942028986,0.06884057971014493,0.06884057971014493,LAX-ATL,LAX-ATL_AA,LAX-ATL_AA_Q3,2023Q3,ATL-LAX
2023,3,LAX,ATL,DL,985.0,189,550.9695431472081,103038.89450385218,one_way,263113.0,300863.0,1497.0,1516.0,0.8745276089116973,19.0,0.987467018469657,0.0,0.0,0.13768115942028986,0.13768115942028986,0.06884057971014493,0.06884057971014493,LAX-ATL,LAX-ATL_DL,LAX-ATL_DL_Q3,2023Q3,ATL-LAX
2023,3,LAX,ATL,WN,128.0,66,219.6171875,5567.267517089844,one_way,263113.0,300863.0,1497.0,1516.0,0.8745276089116973,19.0,0.987467018469657,0.0,0.0,0.13768115942028986,0.13768115942028986,0.06884057971014493,0.06884057971014493,LAX-ATL,LAX-ATL_WN,LAX-ATL_WN_Q3,2023Q3,ATL-LAX
2023,3,LAX,DEN,DL,744.0,140,174.4018817204301,10209.26994269569,one_way,243014.0,294086.0,1839.0,1864.0,0.8263365138088858,25.0,0.9865879828326181,0.0,0.0,0.018115942028985508,0.018115942028985508,0.009057971014492754,0.009057971014492754,LAX-DEN,LAX-DEN_DL,LAX-DEN_DL_Q3,2023Q3,DEN-LAX
2023,3,LAX,DEN,UA,1639.0,262,207.59182428309944,15056.222044200978,one_way,243014.0,294086.0,1839.0,1864.0,0.8263365138088858,25.0,0.9865879828326181,0.0,0.0,0.018115942028985508,0.018115942028985508,0.009057971014492754,0.009057971014492754,LAX-DEN,LAX-DEN_UA,LAX-DEN_UA_Q3,2023Q3,DEN-LAX
2023,3,LAX,DEN,WN,881.0,136,177.04767309875143,9760.090803325595,one_way,243014.0,294086.0,1839.0,1864.0,0.8263365138088858,25.0,0.9865879828326181,0.0,0.0,0.018115942028985508,0.018115942028985508,0.009057971014492754,0.009057971014492754,LAX-DEN,LAX-DEN_WN,LAX-DEN_WN_Q3,2023Q3,DEN-LAX
2023,3,LAX,DFW,AA,1821.0,302,347.59088412959915,46916.02647373777,one_way,266271.0,326691.0,1713.0,1727.0,0.8150545928721636,14.0,0.9918934568616097,0.0,0.0,0.057971014492753624,0.057971014492753624,0.028985507246376812,0.028985507246376812,LAX-DFW,LAX-DFW_AA,LAX-DFW_AA_Q3,2023Q3,DFW-LAX
2023,3,LAX,DFW,DL,423.0,135,264.83451536643025,19137.35795762566,one_way,266271.0,326691.0,1713.0,1727.0,0.8150545928721636,14.0,0.9918934568616097,0.0,0.0,0.057971014492753624,0.057971014492753624,0.028985507246376812,0.028985507246376812,LAX-DFW,LAX-DFW_DL,LAX-DFW_DL_Q3,2023Q3,DFW-LAX
2023,3,LAX,JFK,AA,2070.0,460,520.7599033816425,173540.08776424185,one_way,372330.0,409576.0,2523.0,2577.0,0.909062054417251,54.0,0.9790454016298021,0.0,0.0,0.10507246376811594,0.10507246376811594,0.05253623188405797,0.05253623188405797,LAX-JFK,LAX-JFK_AA,LAX-JFK_AA_Q3,2023Q3,JFK-LAX
2023,3,LAX,JFK,DL,4035.0,456,443.89442379182157,128112.11871735696,one_way,372330.0,409576.0,2523.0,2577.0,0.909062054417251,54.0,0.9790454016298021,0.0,0.0,0.10507246376811594,0.10507246376811594,0.05253623188405797,0.05253623188405797,LAX-JFK,LAX-JFK_DL,LAX-JFK_DL_Q3,2023Q3,JFK-LAX
2023,3,LAX,ORD,AA,2043.0,278,310.9642682329907,37907.018302291224,one_way,309380.0,345994.0,1760.0,1784.0,0.894177355676688,24.0,0.9865470852017937,0.0,0.0,0.07971014492753623,0.07971014492753623,0.03985507246376811,0.03985507246376811,LAX-ORD,LAX-ORD_AA,LAX-ORD_AA_Q3,2023Q3,LAX-ORD
2023,3,LAX,ORD,UA,2702.0,447,319.98260547742416,36766.33537470666,one_way,309380.0,345994.0,1760.0,1784.0,0.894177355676688,24.0,0.9865470852017937,0.0,0.0,0.07971014492753623,0.07971014492753623,0.03985507246376811,0.03985507246376811,LAX-ORD,LAX-ORD_UA,LAX-ORD_UA_Q3,2023Q3,LAX-ORD
2023,3,LAX,SEA,DL,1755.0,231,179.33105413105412,11300.61461968653,one_way,305121.0,350508.0,2171.0,2203.0,0.8705108014653018,32.0,0.9854743531547889,0.0,0.0,0.03260869565217391,0.03260869565217391,0.016304347826086956,0.016304347826086956,LAX-SEA,LAX-SEA_DL,LAX-SEA_DL_Q3,2023Q3,LAX-SEA
2023,3,LAX,SEA,UA,863.0,175,159.63151796060254,6766.000953315728,one_way,305121.0,350508.0,2171.0,2203.0,0.8705108014653018,32.0,0.9854743531547889,0.0,0.0,0.03260869565217391,0.03260869565217391,0.016304347826086956,0.016304347826086956,LAX-SEA,LAX-SEA_UA,LAX-SEA_UA_Q3,2023Q3,LAX-SEA
2023,3,ORD,ATL,AA,399.0,121,200.140350877193,12685.098096117486,one_way,216624.0,261518.0,1557.0,1582.0,0.8283330401731429,25.0,0.984197218710493,0.07971014492753623,0.07971014492753623,0.13768115942028986,0.13768115942028986,0.10869565217391304,0.10869565217391304,ORD-ATL,ORD-ATL_AA,ORD-ATL_AA_Q3,2023Q3,ATL-ORD
2023,3,ORD,ATL,DL,851.0,214,244.86368977673325,18752.78047945253,one_way,216624.0,261518.0,1557.0,1582.0,0.8283330401731429,25.0,0.984197218710493,0.07971014492753623,0.07971014492753623,0.13768115942028986,0.13768115942028986,0.10869565217391304,0.10869565217391304,ORD-ATL,ORD-ATL_DL,ORD-ATL_DL_Q3,2023Q3,ATL-ORD
2023,3,ORD,ATL,UA,769.0,203,191.86605981794537,11087.60364650358,one_way,216624.0,261518.0,1557.0,1582.0,0.8283330401731429,25.0,0.984197218710493,0.07971014492753623,0.07971014492753623,0.13768115942028986,0.13768115942028986,0.10869565217391304,0.10869565217391304,ORD-ATL,ORD-ATL_UA,ORD-ATL_UA_Q3,2023Q3,ATL-ORD
2023,3,ORD,DEN,AA,611.0,141,216.28314238952538,12056.641597981354,one_way,297542.0,350442.0,1680.0,1698.0,0.8490477739540352,18.0,0.9893992932862191,0.07971014492753623,0.07971014492753623,0.018115942028985508,0.018115942028985508,0.048913043478260865,0.048913043478260865,ORD-DEN,ORD-DEN_AA,ORD-DEN_AA_Q3,2023Q3,DEN-ORD
2023,3,ORD,DEN,UA,1863.0,316,225.5115405260333,17723.805422371806,one_way,297542.0,350442.0,1680.0,1698.0,0.8490477739540352,18.0,0.9893992932862191,0.07971014492753623,0.07971014492753623,0.018115942028985508,0.018115942028985508,0.048913043478260865,0.048913043478260865,ORD-DEN,ORD-DEN_UA,ORD-DEN_UA_Q3,2023Q3,DEN-ORD
2023,3,ORD,DEN,WN,612.0,118,178.54084967320262,8258.382318232303,one_way,297542.0,350442.0,1680.0,1698.0,0.8490477739540352,18.0,0.9893992932862191,0.07971014492753623,0.07971014492753623,0.018115942028985508,0.018115942028985508,0.048913043478260865,0.048913043478260865,ORD-DEN,ORD-DEN_WN,ORD-DEN_WN_Q3,2023Q3,DEN-ORD
2023,3,ORD,DFW,AA,1408.0,315,317.11079545454544,26095.183747094532,one_way,218544.0,253202.0,1490.0,1508.0,0.8631211443827458,18.0,0.9880636604774535,0.07971014492753623,0.07971014492753623,0.057971014492753624,0.057971014492753624,0.06884057971014493,0.06884057971014493,ORD-DFW,ORD-DFW_AA,ORD-DFW_AA_Q3,2023Q3,DFW-ORD
2023,3,ORD,DFW,UA,938.0,229,234.65245202558634,15404.437845799941,one_way,218544.0,253202.0,1490.0,1508.0,0.8631211443827458,18.0,0.9880636604774535,0.07971014492753623,0.07971014492753623,0.057971014492753624,0.057971014492753624,0.06884057971014493,0.06884057971014493,ORD-DFW,ORD-DFW_UA,ORD-DFW_UA_Q3,2023Q3,DFW-ORD
2023,3,ORD,JFK,AA,912.0,182,197.91008771929825,9983.152003501076,one_way,62092.0,68495.0,627.0,635.0,0.9065187239944521,8.0,0.9874015748031496,0.07971014492753623,0.07971014492753623,0.10507246376811594,0.10507246376811594,0.09239130434782608,0.09239130434782608,ORD-JFK,ORD-JFK_AA,ORD-JFK_AA_Q3,2023Q3,JFK-ORD
2023,3,ORD,LAX,AA,2162.0,324,319.7918593894542,40441.923374988575,one_way,299386.0,344897.0,1778.0,1788.0,0.8680446626094167,10.0,0.9944071588366891,0.07971014492753623,0.07971014492753623,0.0,0.0,0.03985507246376811,0.03985507246376811,ORD-LAX,ORD-LAX_AA,ORD-LAX_AA_Q3,2023Q3,LAX-ORD
2023,3,ORD,LAX,UA,2525.0,430,310.5461386138614,38675.80034647584,one_way,299386.0,344897.0,1778.0,1788.0,0.8680446626094167,10.0,0.9944071588366891,0.07971014492753623,0.07971014492753623,0.0,0.0,0.03985507246376811,0.03985507246376811,ORD-LAX,ORD-LAX_UA,ORD-LAX_UA_Q3,2023Q3,LAX-ORD
2023,3,ORD,SEA,AA,625.0,132,246.6848,15250.932648959999,one_way,239948.0,272375.0,1598.0,1621.0,0.8809472234970169,23.0,0.9858112276372609,0.07971014492753623,0.07971014492753623,0.03260869565217391,0.03260869565217391,0.05615942028985507,0.05615942028985507,ORD-SEA,ORD-SEA_AA,ORD-SEA_AA_Q3,2023Q3,ORD-SEA
2023,3,ORD,SEA,DL,838.0,174,237.32696897374703,16618.71409367684,one_way,239948.0,272375.0,1598.0,1621.0,0.8809472234970169,23.0,0.9858112276372609,0.07971014492753623,0.07971014492753623,0.03260869565217391,0.03260869565217391,0.05615942028985507,0.05615942028985507,ORD-SEA,ORD-SEA_DL,ORD-SEA_DL_Q3,2023Q3,ORD-SEA
2023,3,ORD,SEA,UA,993.0,278,247.8882175226586,15341.897877286021,one_way,239948.0,272375.0,1598.0,1621.0,0.8809472234970169,23.0,0.9858112276372609,0.07971014492753623,0.07971014492753623,0.03260869565217391,0.03260869565217391,0.05615942028985507,0.05615942028985507,ORD-SEA,ORD-SEA_UA,ORD-SEA_UA_Q3,2023Q3,ORD-SEA
2023,3,SEA,ATL,DL,729.0,157,382.7901234567901,51765.545800944965,one_way,181951.0,204722.0,1062.0,1082.0,0.8887711139984955,20.0,0.9815157116451017,0.03260869565217391,0.03260869565217391,0.13768115942028986,0.13768115942028986,0.08514492753623189,0.08514492753623189,SEA-ATL,SEA-ATL_DL,SEA-ATL_DL_Q3,2023Q3,ATL-SEA
2023,3,SEA,DEN,DL,616.0,138,204.55357142857142,14649.815311920225,one_way,287563.0,317854.0,1892.0,1920.0,0.904701529633102,28.0,0.9854166666666667,0.03260869565217391,0.03260869565217391,0.018115942028985508,0.018115942028985508,0.025362318840579712,0.025362318840579712,SEA-DEN,SEA-DEN_DL,SEA-DEN_DL_Q3,2023Q3,DEN-SEA
2023,3,SEA,DEN,UA,1095.0,282,233.3351598173516,17014.122371093166,one_way,287563.0,317854.0,1892.0,1920.0,0.904701529633102,28.0,0.9854166666666667,0.03260869565217391,0.03260869565217391,0.018115942028985508,0.018115942028985508,0.025362318840579712,0.025362318840579712,SEA-DEN,SEA-DEN_UA,SEA-DEN_UA_Q3,2023Q3,DEN-SEA
2023,3,SEA,DEN,WN,615.0,138,204.64878048780488,10706.748189569698,one_way,287563.0,317854.0,1892.0,1920.0,0.904701529633102,28.0,0.9854166666666667,0.03260869565217391,0.03260869565217391,0.018115942028985508,0.018115942028985508,0.025362318840579712,0.025362318840579712,SEA-DEN,SEA-DEN_WN,SEA-DEN_WN_Q3,2023Q3,DEN-SEA
2023,3,SEA,DFW,AA,875.0,222,395.90628571428573,51639.762646204064,one_way,196779.0,219023.0,1190.0,1205.0,0.8984398898745793,15.0,0.9875518672199171,0.03260869565217391,0.03260869565217391,0.057971014492753624,0.057971014492753624,0.04528985507246377,0.04528985507246377,SEA-DFW,SEA-DFW_AA,SEA-DFW_AA_Q3,2023Q3,DFW-SEA
2023,3,SEA,JFK,DL,1254.0,288,382.22886762360446,52715.106311795884,one_way,138673.0,150418.0,834.0,867.0,0.9219175896501749,33.0,0.9619377162629758,0.03260869565217391,0.03260869565217391,0.10507246376811594,0.10507246376811594,0.06884057971014493,0.06884057971014493,SEA-JFK,SEA-JFK_DL,SEA-JFK_DL_Q3,2023Q3,JFK-SEA
2023,3,SEA,LAX,DL,1797.0,263,189.23706176961602,15372.474686525406,one_way,311212.0,351444.0,2180.0,2197.0,0.8855237249746759,17.0,0.9922621756941283,0.03260869565217391,0.03260869565217391,0.0,0.0,0.016304347826086956,0.016304347826086956,SEA-LAX,SEA-LAX_DL,SEA-LAX_DL_Q3,2023Q3,LAX-SEA
2023,3,SEA,LAX,UA,853.0,174,147.85814771395076,8031.068975232578,one_way,311212.0,351444.0,2180.0,2197.0,0.8855237249746759,17.0,0.9922621756941283,0.03260869565217391,0.03260869565217391,0.0,0.0,0.016304347826086956,0.016304347826086956,SEA-LAX,SEA-LAX_UA,SEA-LAX_UA_Q3,2023Q3,LAX-SEA
2023,3,SEA,ORD,AA,521.0,121,267.4491362763915,22461.68311345746,one_way,247120.0,270927.0,1587.0,1614.0,0.9121276210935049,27.0,0.983271375464684,0.03260869565217391,0.03260869565217391,0.07971014492753623,0.07971014492753623,0.05615942028985507,0.05615942028985507,SEA-ORD,SEA-ORD_AA,SEA-ORD_AA_Q3,2023Q3,ORD-SEA
2023,3,SEA,ORD,DL,961.0,185,244.76586888657647,13375.996171175313,one_way,247120.0,270927.0,1587.0,1614.0,0.9121276210935049,27.0,0.983271375464684,0.03260869565217391,0.03260869565217391,0.07971014492753623,0.07971014492753623,0.05615942028985507,0.05615942028985507,SEA-ORD,SEA-ORD_DL,SEA-ORD_DL_Q3,2023Q3,ORD-SEA
2023,3,SEA,ORD,UA,980.0,293,265.17448979591836,20869.548124739697,one_way,247120.0,270927.0,1587.0,1614.0,0.9121276210935049,27.0,0.983271375464684,0.03260869565217391,0.03260869565217391,0.07971014492753623,0.07971014492753623,0.05615942028985507,0.05615942028985507,SEA-ORD,SEA-ORD_UA,SEA-ORD_UA_Q3,2023Q3,ORD-SEA
2023,4,ATL,DEN,DL,3739.0,1210,272.0667317464563,22016.65909041505,primary,229576.0,270916.0,1571.0,1572.0,0.8474065762081235,1.0,0.9993638676844784,0.10869565217391304,0.10869565217391304,0.0036231884057971015,0.0036231884057971015,0.05615942028985507,0.05615942028985507,ATL-DEN,ATL-DEN_DL,ATL-DEN_DL_Q4,2023Q4,ATL-DEN
2023,4,ATL,DEN,UA,1590.0,832,237.21133962264153,13195.236077765148,primary,229576.0,270916.0,1571.0,1572.0,0.8474065762081235,1.0,0.9993638676844784,0.10869565217391304,0.10869565217391304,0.0036231884057971015,0.0036231884057971015,0.05615942028985507,0.05615942028985507,ATL-DEN,ATL-DEN_UA,ATL-DEN_UA_Q4,2023Q4,ATL-DEN
2023,4,ATL,DEN,WN,2359.0,1095,196.36742263671047,7359.0848524500325,primary,229576.0,270916.0,1571.0,1572.0,0.8474065762081235,1.0,0.9993638676844784,0.10869565217391304,0.10869565217391304,0.0036231884057971015,0.0036231884057971015,0.05615942028985507,0.05615942028985507,ATL-DEN,ATL-DEN_WN,ATL-DEN_WN_Q4,2023Q4,ATL-DEN
2023,4,ATL,DFW,AA,4287.0,1222,219.23842780499183,16476.92881726229,primary,242882.0,292903.0,1597.0,1600.0,0.8292233264937539,3.0,0.998125,0.10869565217391304,0.10869565217391304,0.08333333333333333,0.08333333333333333,0.09601449275362318,0.09601449275362318,ATL-DFW,ATL-DFW_AA,ATL-DFW_AA_Q4,2023Q4,ATL-DFW
2023,4,ATL,DFW,DL,4154.0,1388,240.65863264323542,15049.174175212676,primary,242882.0,292903.0,1597.0,1600.0,0.8292233264937539,3.0,0.998125,0.10869565217391304,0.10869565217391304,0.08333333333333333,0.08333333333333333,0.09601449275362318,0.09601449275362318,ATL-DFW,ATL-DFW_DL,ATL-DFW_DL_Q4,2023Q4,ATL-DFW
2023,4,ATL,JFK,DL,3536.0,878,226.56222850678733,12983.056240169499,primary,134321.0,160219.0,948.0,948.0,0.838358746465775,0.0,1.0,0.10869565217391304,0.10869565217391304,0.12318840579710146,0.12318840579710146,0.11594202898550725,0.11594202898550725,ATL-JFK,ATL-JFK_DL,ATL-JFK_DL_Q4,2023Q4,ATL-JFK
2023,4,ATL,LAX,AA,2218.0,921,266.225915238954,25009.86918196219,primary,266525.0,299646.0,1448.0,1448.0,0.8894662368261215,0.0,1.0,0.10869565217391304,0.10869565217391304,0.036231884057971016,0.036231884057971016,0.07246376811594203,0.07246376811594203,ATL-LAX,ATL-LAX_AA,ATL-LAX_AA_Q4,2023Q4,ATL-LAX
2023,4,ATL,LAX,DL,5719.0,1546,423.99375764993874,89136.9840167771,primary,266525.0,299646.0,1448.0,1448.0,0.8894662368261215,0.0,1.0,0.10869565217391304,0.10869565217391304,0.036231884057971016,0.036231884057971016,0.07246376811594203,0.07246376811594203,ATL-LAX,ATL-LAX_DL,ATL-LAX_DL_Q4,2023Q4,ATL-LAX
2023,4,ATL,LAX,WN,371.0,299,208.02819407008087,9321.373453072847,primary,266525.0,299646.0,1448.0,1448.0,0.8894662368261215,0.0,1.0,0.10869565217391304,0.10869565217391304,0.036231884057971016,0.036231884057971016,0.07246376811594203,0.07246376811594203,ATL-LAX,ATL-LAX_WN,ATL-LAX_WN_Q4,2023Q4,ATL-LAX
2023,4,ATL,ORD,AA,858.0,494,184.95879953379952,10295.222047393378,primary,192579.0,236050.0,1400.0,1401.0,0.8158398644355009,1.0,0.9992862241256245,0.10869565217391304,0.10869565217391304,0.07246376811594203,0.07246376811594203,0.09057971014492754,0.09057971014492754,ATL-ORD,ATL-ORD_AA,ATL-ORD_AA_Q4,2023Q4,ATL-ORD
2023,4,ATL,ORD,DL,4132.0,1293,229.89277589545014,13824.674958775526,primary,192579.0,236050.0,1400.0,1401.0,0.8158398644355009,1.0,0.9992862241256245,0.10869565217391304,0.10869565217391304,0.07246376811594203,0.07246376811594203,0.09057971014492754,0.09057971014492754,ATL-ORD,ATL-ORD_DL,ATL-ORD_DL_Q4,2023Q4,ATL-ORD
2023,4,ATL,ORD,UA,3000.0,1032,197.08670666666666,11082.836032620624,primary,192579.0,236050.0,1400.0,1401.0,0.8158398644355009,1.0,0.9992862241256245,0.10869565217391304,0.10869565217391304,0.07246376811594203,0.07246376811594203,0.09057971014492754,0.09057971014492754,ATL-ORD,ATL-ORD_UA,ATL-ORD_UA_Q4,2023Q4,ATL-ORD
2023,4,ATL,SEA,DL,2312.0,834,358.51730103806227,43574.360985622174,primary,134837.0,161675.0,872.0,878.0,0.8340003092624092,6.0,0.9931662870159453,0.10869565217391304,0.10869565217391304,0.2391304347826087,0.2391304347826087,0.17391304347826086,0.17391304347826086,ATL-SEA,ATL-SEA_DL,ATL-SEA_DL_Q4,2023Q4,ATL-SEA
2023,4,DEN,ATL,DL,3616.0,1158,274.1082107300885,21351.581504071743,primary,230399.0,275391.0,1575.0,1574.0,0.8366250167943033,-1.0,1.0006353240152477,0.0036231884057971015,0.0036231884057971015,0.10869565217391304,0.10869565217391304,0.05615942028985507,0.05615942028985507,DEN-ATL,DEN-ATL_DL,DEN-ATL_DL_Q4,2023Q4,ATL-DEN
2023,4,DEN,ATL,UA,1736.0,864,235.8363479262673,16282.49732133976,primary,230399.0,275391.0,1575.0,1574.0,0.8366250167943033,-1.0,1.0006353240152477,0.0036231884057971015,0.0036231884057971015,0.10869565217391304,0.10869565217391304,0.05615942028985507,0.05615942028985507,DEN-ATL,DEN-ATL_UA,DEN-ATL_UA_Q4,2023Q4,ATL-DEN
2023,4,DEN,ATL,WN,2390.0,1112,198.0623179916318,7939.622598476293,primary,230399.0,275391.0,1575.0,1574.0,0.8366250167943033,-1.0,1.0006353240152477,0.0036231884057971015,0.0036231884057971015,0.10869565217391304,0.10869565217391304,0.05615942028985507,0.05615942028985507,DEN-ATL,DEN-ATL_WN,DEN-ATL_WN_Q4,2023Q4,ATL-DEN
2023,4,DEN,DFW,AA,4310.0,1199,218.34112296983758,15313.72934337931,primary,228726.0,275669.0,1594.0,1598.0,0.8297124449974426,4.0,0.9974968710888611,0.0036231884057971015,0.0036231884057971015,0.08333333333333333,0.08333333333333333,0.043478260869565216,0.043478260869565216,DEN-DFW,DEN-DFW_AA,DEN-DFW_AA_Q4,2023Q4,DEN-DFW
2023,4,DEN,DFW,UA,2700.0,1106,207.79445925925927,11192.043552781673,primary,228726.0,275669.0,1594.0,1598.0,0.8297124449974426,4.0,0.9974968710888611,0.0036231884057971015,0.0036231884057971015,0.08333333333333333,0.08333333333333333,0.043478260869565216,0.043478260869565216,DEN-DFW,DEN-DFW_UA,DEN-DFW_UA_Q4,2023Q4,DEN-DFW
2023,4,DEN,JFK,DL,2007.0,690,245.25368709516692,21907.391814606628,primary,46158.0,59261.0,330.0,329.0,0.778893370007256,-1.0,1.0030395136778116,0.0036231884057971015,0.0036231884057971015,0.12318840579710146,0.12318840579710146,0.06340579710144928,0.06340579710144928,DEN-JFK,DEN-JFK_DL,DEN-JFK_DL_Q4,2023Q4,DEN-JFK
2023,4,DEN,LAX,DL,1393.0,510,210.34446518305816,12516.725239071471,primary,245959.0,302470.0,1903.0,1901.0,0.8131682480907197,-2.0,1.0010520778537613,0.0036231884057971015,0.0036231884057971015,0.036231884057971016,0.036231884057971016,0.01992753623188406,0.01992753623188406,DEN-LAX,DEN-LAX_DL,DEN-LAX_DL_Q4,2023Q4,DEN-LAX
2023,4,DEN,LAX,UA,5100.0,1496,213.95023921568628,12288.950659981994,primary,245959.0,302470.0,1903.0,1901.0,0.8131682480907197,-2.0,1.0010520778537613,0.0036231884057971015,0.0036231884057971015,0.036231884057971016,0.036231884057971016,0.01992753623188406,0.01992753623188406,DEN-LAX,DEN-LAX_UA,DEN-LAX_UA_Q4,2023Q4,DEN-LAX
2023,4,DEN,LAX,WN,3419.0,1188,165.2261333723311,6817.964442317392,primary,245959.0,302470.0,1903.0,1901.0,0.8131682480907197,-2.0,1.0010520778537613,0.0036231884057971015,0.0036231884057971015,0.036231884057971016,0.036231884057971016,0.01992753623188406,0.01992753623188406,DEN-LAX,DEN-LAX_WN,DEN-LAX_WN_Q4,2023Q4,DEN-LAX
2023,4,DEN,ORD,AA,1357.0,515,198.37330876934416,12979.75635198498,primary,239152.0,300069.0,1588.0,1583.0,0.796990025627439,-5.0,1.0031585596967783,0.0036231884057971015,0.0036231884057971015,0.07246376811594203,0.07246376811594203,0.03804347826086957,0.03804347826086957,DEN-ORD,DEN-ORD_AA,DEN-ORD_AA_Q4,2023Q4,DEN-ORD
2023,4,DEN,ORD,UA,6698.0,1750,228.24037175276203,12149.010318180699,primary,239152.0,300069.0,1588.0,1583.0,0.796990025627439,-5.0,1.0031585596967783,0.0036231884057971015,0.0036231884057971015,0.07246376811594203,0.07246376811594203,0.03804347826086957,0.03804347826086957,DEN-ORD,DEN-ORD_UA,DEN-ORD_UA_Q4,2023Q4,DEN-ORD
2023,4,DEN,ORD,WN,3037.0,1188,154.40014817253868,5597.685204752499,primary,239152.0,300069.0,1588.0,1583.0,0.796990025627439,-5.0,1.0031585596967783,0.0036231884057971015,0.0036231884057971015,0.07246376811594203,0.07246376811594203,0.03804347826086957,0.03804347826086957,DEN-ORD,DEN-ORD_WN,DEN-ORD_WN_Q4,2023Q4,DEN-ORD
2023,4,DEN,SEA,DL,1234.0,473,203.4192787682334,11593.157241862318,primary,219024.0,265477.0,1639.0,1646.0,0.8250206232554986,7.0,0.9957472660996355,0.0036231884057971015,0.0036231884057971015,0.2391304347826087,0.2391304347826087,0.1213768115942029,0.1213768115942029,DEN-SEA,DEN-SEA_DL,DEN-SEA_DL_Q4,2023Q4,DEN-SEA
2023,4,DEN,SEA,UA,2469.0,1115,215.01179829890646,11893.721987936624,primary,219024.0,265477.0,1639.0,1646.0,0.8250206232554986,7.0,0.9957472660996355,0.0036231884057971015,0.0036231884057971015,0.2391304347826087,0.2391304347826087,0.1213768115942029,0.1213768115942029,DEN-SEA,DEN-SEA_UA,DEN-SEA_UA_Q4,2023Q4,DEN-SEA
2023,4,DEN,SEA,WN,1655.0,813,173.59977039274924,7390.291583995622,primary,219024.0,265477.0,1639.0,1646.0,0.8250206232554986,7.0,0.9957472660996355,0.0036231884057971015,0.0036231884057971015,0.2391304347826087,0.2391304347826087,0.1213768115942029,0.1213768115942029,DEN-SEA,DEN-SEA_WN,DEN-SEA_WN_Q4,2023Q4,DEN-SEA
2023,4,DFW,ATL,AA,4300.0,1170,212.01251627906976,13032.77451227299,primary,243296.0,293070.0,1599.0,1601.0,0.8301634421810489,2.0,0.9987507807620237,0.08333333333333333,0.08333333333333333,0.10869565217391304,0.10869565217391304,0.09601449275362318,0.09601449275362318,DFW-ATL,DFW-ATL_AA,DFW-ATL_AA_Q4,2023Q4,ATL-DFW
2023,4,DFW,ATL,DL,4048.0,1319,243.84789278656126,16507.13821702705,primary,243296.0,293070.0,1599.0,1601.0,0.8301634421810489,2.0,0.9987507807620237,0.08333333333333333,0.08333333333333333,0.10869565217391304,0.10869565217391304,0.09601449275362318,0.09601449275362318,DFW-ATL,DFW-ATL_DL,DFW-ATL_DL_Q4,2023Q4,ATL-DFW
2023,4,DFW,DEN,AA,4462.0,1173,211.1039175257732,12450.736738709471,primary,229174.0,272410.0,1602.0,1606.0,0.8412833596417165,4.0,0.9975093399750934,0.08333333333333333,0.08333333333333333,0.0036231884057971015,0.0036231884057971015,0.043478260869565216,0.043478260869565216,DFW-DEN,DFW-DEN_AA,DFW-DEN_AA_Q4,2023Q4,DEN-DFW
2023,4,DFW,DEN,UA,2554.0,1080,208.92615505090055,11202.369747158416,primary,229174.0,272410.0,1602.0,1606.0,0.8412833596417165,4.0,0.9975093399750934,0.08333333333333333,0.08333333333333333,0.0036231884057971015,0.0036231884057971015,0.043478260869565216,0.043478260869565216,DFW-DEN,DFW-DEN_UA,DFW-DEN_UA_Q4,2023Q4,DEN-DFW
2023,4,DFW,JFK,AA,1485.0,751,286.85925925925926,29542.639697094404,primary,61367.0,68961.0,466.0,465.0,0.8898797871260568,-1.0,1.0021505376344086,0.08333333333333333,0.08333333333333333,0.12318840579710146,0.12318840579710146,0.10326086956521739,0.10326086956521739,DFW-JFK,DFW-JFK_AA,DFW-JFK_AA_Q4,2023Q4,DFW-JFK
2023,4,DFW,JFK,DL,800.0,482,276.982475,24765.866110874354,primary,61367.0,68961.0,466.0,465.0,0.8898797871260568,-1.0,1.0021505376344086,0.08333333333333333,0.08333333333333333,0.12318840579710146,0.12318840579710146,0.10326086956521739,0.10326086956521739,DFW-JFK,DFW-JFK_DL,DFW-JFK_DL_Q4,2023Q4,DFW-JFK
2023,4,DFW,LAX,AA,6567.0,1693,297.1841221257804,33545.42854236548,primary,280109.0,332805.0,1746.0,1756.0,0.841661032736888,10.0,0.9943052391799544,0.08333333333333333,0.08333333333333333,0.036231884057971016,0.036231884057971016,0.059782608695652176,0.059782608695652176,DFW-LAX,DFW-LAX_AA,DFW-LAX_AA_Q4,2023Q4,DFW-LAX
2023,4,DFW,LAX,DL,1000.0,480,258.49117,23067.499129931093,primary,280109.0,332805.0,1746.0,1756.0,0.841661032736888,10.0,0.9943052391799544,0.08333333333333333,0.08333333333333333,0.036231884057971016,0.036231884057971016,0.059782608695652176,0.059782608695652176,DFW-LAX,DFW-LAX_DL,DFW-LAX_DL_Q4,2023Q4,DFW-LAX
2023,4,DFW,ORD,AA,6397.0,1589,252.04330467406598,16108.855396269995,primary,220079.0,273764.0,1580.0,1585.0,0.8039004397948598,5.0,0.9968454258675079,0.08333333333333333,0.08333333333333333,0.07246376811594203,0.07246376811594203,0.07789855072463768,0.07789855072463768,DFW-ORD,DFW-ORD_AA,DFW-ORD_AA_Q4,2023Q4,DFW-ORD
2023,4,DFW,ORD,UA,3380.0,1172,231.7652100591716,10944.393544896695,primary,220079.0,273764.0,1580.0,1585.0,0.8039004397948598,5.0,0.9968454258675079,0.08333333333333333,0.08333333333333333,0.07246376811594203,0.07246376811594203,0.07789855072463768,0.07789855072463768,DFW-ORD,DFW-ORD_UA,DFW-ORD_UA_Q4,2023Q4,DFW-ORD
2023,4,DFW,SEA,AA,3104.0,937,271.5416527061856,23577.954909027583,primary,169592.0,204502.0,1106.0,1124.0,0.8292926230550313,18.0,0.9839857651245552,0.08333333333333333,0.08333333333333333,0.2391304347826087,0.2391304347826087,0.161231884057971,0.161231884057971,DFW-SEA,DFW-SEA_AA,DFW-SEA_AA_Q4,2023Q4,DFW-SEA
2023,4,JFK,ATL,DL,3587.0,903,232.7728631168107,14833.946564955622,primary,135192.0,161733.0,954.0,947.0,0.8358961992914248,-7.0,1.0073917634635692,0.12318840579710146,0.12318840579710146,0.10869565217391304,0.10869565217391304,0.11594202898550725,0.11594202898550725,JFK-ATL,JFK-ATL_DL,JFK-ATL_DL_Q4,2023Q4,ATL-JFK
2023,4,JFK,DEN,DL,2071.0,683,247.5112216320618,24109.28528547044,primary,46734.0,58918.0,328.0,329.0,0.7932041141926067,1.0,0.9969604863221885,0.12318840579710146,0.12318840579710146,0.0036231884057971015,0.0036231884057971015,0.06340579710144928,0.06340579710144928,JFK-DEN,JFK-DEN_DL,JFK-DEN_DL_Q4,2023Q4,DEN-JFK
2023,4,JFK,DFW,AA,1466.0,771,283.5611800818554,24915.158208907524,primary,60110.0,69106.0,465.0,466.0,0.8698231702022979,1.0,0.9978540772532188,0.12318840579710146,0.12318840579710146,0.08333333333333333,0.08333333333333333,0.10326086956521739,0.10326086956521739,JFK-DFW,JFK-DFW_AA,JFK-DFW_AA_Q4,2023Q4,DFW-JFK
2023,4,JFK,DFW,DL,844.0,491,275.5514573459715,23614.58519965342,primary,60110.0,69106.0,465.0,466.0,0.8698231702022979,1.0,0.9978540772532188,0.12318840579710146,0.12318840579710146,0.08333333333333333,0.08333333333333333,0.10326086956521739,0.10326086956521739,JFK-DFW,JFK-DFW_DL,JFK-DFW_DL_Q4,2023Q4,DFW-JFK
2023,4,JFK,LAX,AA,4897.0,1883,533.3938595058199,181000.79828986217,primary,357144.0,403830.0,2530.0,2530.0,0.8843919471064556,0.0,1.0,0.12318840579710146,0.12318840579710146,0.036231884057971016,0.036231884057971016,0.07971014492753624,0.07971014492753624,JFK-LAX,JFK-LAX_AA,JFK-LAX_AA_Q4,2023Q4,JFK-LAX
2023,4,JFK,LAX,DL,9896.0,2653,493.36906729991915,158472.64898246675,primary,357144.0,403830.0,2530.0,2530.0,0.8843919471064556,0.0,1.0,0.12318840579710146,0.12318840579710146,0.036231884057971016,0.036231884057971016,0.07971014492753624,0.07971014492753624,JFK-LAX,JFK-LAX_DL,JFK-LAX_DL_Q4,2023Q4,JFK-LAX
2023,4,JFK,ORD,AA,1527.0,653,186.49137524557958,9886.765766150616,primary,65564.0,73501.0,702.0,702.0,0.8920150746248351,0.0,1.0,0.12318840579710146,0.12318840579710146,0.07246376811594203,0.07246376811594203,0.09782608695652174,0.09782608695652174,JFK-ORD,JFK-ORD_AA,JFK-ORD_AA_Q4,2023Q4,JFK-ORD
2023,4,JFK,ORD,DL,48.0,46,202.0575,11473.79117708333,primary,65564.0,73501.0,702.0,702.0,0.8920150746248351,0.0,1.0,0.12318840579710146,0.12318840579710146,0.07246376811594203,0.07246376811594203,0.09782608695652174,0.09782608695652174,JFK-ORD,JFK-ORD_DL,JFK-ORD_DL_Q4,2023Q4,JFK-ORD
2023,4,JFK,SEA,DL,2911.0,1186,339.29378907591894,61487.15561920524,primary,125863.0,149304.0,821.0,824.0,0.8429981782135777,3.0,0.9963592233009708,0.12318840579710146,0.12318840579710146,0.2391304347826087,0.2391304347826087,0.18115942028985507,0.18115942028985507,JFK-SEA,JFK-SEA_DL,JFK-SEA_DL_Q4,2023Q4,JFK-SEA
2023,4,LAX,ATL,AA,2243.0,948,268.380477039679,24880.83426089592,primary,267287.0,298377.0,1445.0,1444.0,0.8958029606839669,-1.0,1.0006925207756232,0.036231884057971016,0.036231884057971016,0.10869565217391304,0.10869565217391304,0.07246376811594203,0.07246376811594203,LAX-ATL,LAX-ATL_AA,LAX-ATL_AA_Q4,2023Q4,ATL-LAX
2023,4,LAX,ATL,DL,5783.0,1544,426.79861836417086,88504.43825226714,primary,267287.0,298377.0,1445.0,1444.0,0.8958029606839669,-1.0,1.0006925207756232,0.036231884057971016,0.036231884057971016,0.10869565217391304,0.10869565217391304,0.07246376811594203,0.07246376811594203,LAX-ATL,LAX-ATL_DL,LAX-ATL_DL_Q4,2023Q4,ATL-LAX
2023,4,LAX,ATL,WN,329.0,283,228.4058054711246,10399.295496691644,primary,267287.0,298377.0,1445.0,1444.0,0.8958029606839669,-1.0,1.0006925207756232,0.036231884057971016,0.036231884057971016,0.10869565217391304,0.10869565217391304,0.07246376811594203,0.07246376811594203,LAX-ATL,LAX-ATL_WN,LAX-ATL_WN_Q4,2023Q4,ATL-LAX
2023,4,LAX,DEN,DL,1429.0,525,206.81460461861442,11205.13535612428,primary,240128.0,297087.0,1889.0,1892.0,0.8082750170825381,3.0,0.9984143763213531,0.036231884057971016,0.036231884057971016,0.0036231884057971015,0.0036231884057971015,0.01992753623188406,0.01992753623188406,LAX-DEN,LAX-DEN_DL,LAX-DEN_DL_Q4,2023Q4,DEN-LAX
2023,4,LAX,DEN,UA,5113.0,1506,210.49681400352043,11457.886890592628,primary,240128.0,297087.0,1889.0,1892.0,0.8082750170825381,3.0,0.9984143763213531,0.036231884057971016,0.036231884057971016,0.0036231884057971015,0.0036231884057971015,0.01992753623188406,0.01992753623188406,LAX-DEN,LAX-DEN_UA,LAX-DEN_UA_Q4,2023Q4,DEN-LAX
2023,4,LAX,DEN,WN,3460.0,1199,165.08469653179193,6667.661525081312,primary,240128.0,297087.0,1889.0,1892.0,0.8082750170825381,3.0,0.9984143763213531,0.036231884057971016,0.036231884057971016,0.0036231884057971015,0.0036231884057971015,0.01992753623188406,0.01992753623188406,LAX-DEN,LAX-DEN_WN,LAX-DEN_WN_Q4,2023Q4,DEN-LAX
2023,4,LAX,DFW,AA,6598.0,1685,296.9623825401637,33410.08972972819,primary,274657.0,329342.0,1728.0,1738.0,0.8339567987077263,10.0,0.9942462600690449,0.036231884057971016,0.036231884057971016,0.08333333333333333,0.08333333333333333,0.059782608695652176,0.059782608695652176,LAX-DFW,LAX-DFW_AA,LAX-DFW_AA_Q4,2023Q4,DFW-LAX
2023,4,LAX,DFW,DL,1040.0,497,253.74823076923076,18971.707262831354,primary,274657.0,329342.0,1728.0,1738.0,0.8339567987077263,10.0,0.9942462600690449,0.036231884057971016,0.036231884057971016,0.08333333333333333,0.08333333333333333,0.059782608695652176,0.059782608695652176,LAX-DFW,LAX-DFW_DL,LAX-DFW_DL_Q4,2023Q4,DFW-LAX
2023,4,LAX,JFK,AA,4944.0,1875,540.7810355987054,185318.82290984993,primary,357192.0,402916.0,2526.0,2526.0,0.8865172889634564,0.0,1.0,0.036231884057971016,0.036231884057971016,0.12318840579710146,0.12318840579710146,0.07971014492753624,0.07971014492753624,LAX-JFK,LAX-JFK_AA,LAX-JFK_AA_Q4,2023Q4,JFK-LAX
2023,4,LAX,JFK,DL,9845.0,2599,488.8299928897918,160845.47795663783,primary,357192.0,402916.0,2526.0,2526.0,0.8865172889634564,0.0,1.0,0.036231884057971016,0.036231884057971016,0.12318840579710146,0.12318840579710146,0.07971014492753624,0.07971014492753624,LAX-JFK,LAX-JFK_DL,LAX-JFK_DL_Q4,2023Q4,JFK-LAX
2023,4,LAX,ORD,AA,5607.0,1485,280.2400053504548,34397.37640058852,primary,282613.0,320716.0,1619.0,1621.0,0.8811939535289789,2.0,0.9987661937075879,0.036231884057971016,0.036231884057971016,0.07246376811594203,0.07246376811594203,0.05434782608695653,0.05434782608695653,LAX-ORD,LAX-ORD_AA,LAX-ORD_AA_Q4,2023Q4,LAX-ORD
2023,4,LAX,ORD,UA,8789.0,2482,300.4654101718057,33366.0981556316,primary,282613.0,320716.0,1619.0,1621.0,0.8811939535289789,2.0,0.9987661937075879,0.036231884057971016,0.036231884057971016,0.07246376811594203,0.07246376811594203,0.05434782608695653,0.05434782608695653,LAX-ORD,LAX-ORD_UA,LAX-ORD_UA_Q4,2023Q4,LAX-ORD
2023,4,LAX,ORD,WN,35.0,31,197.65685714285715,6628.062027265303,primary,282613.0,320716.0,1619.0,1621.0,0.8811939535289789,2.0,0.9987661937075879,0.036231884057971016,0.036231884057971016,0.07246376811594203,0.07246376811594203,0.05434782608695653,0.05434782608695653,LAX-ORD,LAX-ORD_WN,LAX-ORD_WN_Q4,2023Q4,LAX-ORD
2023,4,LAX,SEA,DL,3947.0,884,179.72422852799596,12468.627103148174,primary,243235.0,295764.0,1862.0,1871.0,0.8223955586210627,9.0,0.9951897381079636,0.036231884057971016,0.036231884057971016,0.2391304347826087,0.2391304347826087,0.13768115942028986,0.13768115942028986,LAX-SEA,LAX-SEA_DL,LAX-SEA_DL_Q4,2023Q4,LAX-SEA
2023,4,LAX,SEA,UA,1674.0,615,129.36488052568697,6259.155655810104,primary,243235.0,295764.0,1862.0,1871.0,0.8223955586210627,9.0,0.9951897381079636,0.036231884057971016,0.036231884057971016,0.2391304347826087,0.2391304347826087,0.13768115942028986,0.13768115942028986,LAX-SEA,LAX-SEA_UA,LAX-SEA_UA_Q4,2023Q4,LAX-SEA
2023,4,LAX,SEA,WN,139.0,114,145.8606474820144,4914.858906775011,primary,243235.0,295764.0,1862.0,1871.0,0.8223955586210627,9.0,0.9951897381079636,0.036231884057971016,0.036231884057971016,0.2391304347826087,0.2391304347826087,0.13768115942028986,0.13768115942028986,LAX-SEA,LAX-SEA_WN,LAX-SEA_WN_Q4,2023Q4,LAX-SEA
2023,4,ORD,ATL,AA,1001.0,528,189.06613386613387,10204.836933005063,primary,196743.0,234927.0,1400.0,1403.0,0.8374644038360852,3.0,0.9978617248752673,0.07246376811594203,0.07246376811594203,0.10869565217391304,0.10869565217391304,0.09057971014492754,0.09057971014492754,ORD-ATL,ORD-ATL_AA,ORD-ATL_AA_Q4,2023Q4,ATL-ORD
2023,4,ORD,ATL,DL,3931.0,1270,230.82462477741032,13834.377364162188,primary,196743.0,234927.0,1400.0,1403.0,0.8374644038360852,3.0,0.9978617248752673,0.07246376811594203,0.07246376811594203,0.10869565217391304,0.10869565217391304,0.09057971014492754,0.09057971014492754,ORD-ATL,ORD-ATL_DL,ORD-ATL_DL_Q4,2023Q4,ATL-ORD
2023,4,ORD,ATL,UA,3041.0,1059,194.8959980269648,10250.615268002628,primary,196743.0,234927.0,1400.0,1403.0,0.8374644038360852,3.0,0.9978617248752673,0.07246376811594203,0.07246376811594203,0.10869565217391304,0.10869565217391304,0.09057971014492754,0.09057971014492754,ORD-ATL,ORD-ATL_UA,ORD-ATL_UA_Q4,2023Q4,ATL-ORD
2023,4,ORD,DEN,AA,1542.0,535,194.25875486381324,11306.896300135755,primary,246933.0,300327.0,1589.0,1586.0,0.8222137869722003,-3.0,1.0018915510718789,0.07246376811594203,0.07246376811594203,0.0036231884057971015,0.0036231884057971015,0.03804347826086957,0.03804347826086957,ORD-DEN,ORD-DEN_AA,ORD-DEN_AA_Q4,2023Q4,DEN-ORD
2023,4,ORD,DEN,UA,6604.0,1735,231.8709872804361,12220.972812259672,primary,246933.0,300327.0,1589.0,1586.0,0.8222137869722003,-3.0,1.0018915510718789,0.07246376811594203,0.07246376811594203,0.0036231884057971015,0.0036231884057971015,0.03804347826086957,0.03804347826086957,ORD-DEN,ORD-DEN_UA,ORD-DEN_UA_Q4,2023Q4,DEN-ORD
2023,4,ORD,DEN,WN,2921.0,1135,155.94205751454982,5857.742414013806,primary,246933.0,300327.0,1589.0,1586.0,0.8222137869722003,-3.0,1.0018915510718789,0.07246376811594203,0.07246376811594203,0.0036231884057971015,0.0036231884057971015,0.03804347826086957,0.03804347826086957,ORD-DEN,ORD-DEN_WN,ORD-DEN_WN_Q4,2023Q4,DEN-ORD
2023,4,ORD,DFW,AA,6593.0,1706,255.504325800091,17151.055429854117,primary,229934.0,273999.0,1580.0,1586.0,0.8391782451760773,6.0,0.9962168978562421,0.07246376811594203,0.07246376811594203,0.08333333333333333,0.08333333333333333,0.07789855072463768,0.07789855072463768,ORD-DFW,ORD-DFW_AA,ORD-DFW_AA_Q4,2023Q4,DFW-ORD
2023,4,ORD,DFW,UA,3415.0,1166,229.8445973645681,10251.895699918408,primary,229934.0,273999.0,1580.0,1586.0,0.8391782451760773,6.0,0.9962168978562421,0.07246376811594203,0.07246376811594203,0.08333333333333333,0.08333333333333333,0.07789855072463768,0.07789855072463768,ORD-DFW,ORD-DFW_UA,ORD-DFW_UA_Q4,2023Q4,DFW-ORD
2023,4,ORD,JFK,AA,1616.0,663,188.76136138613862,9877.461225498111,primary,66503.0,74146.0,706.0,704.0,0.8969195910770642,-2.0,1.0028409090909092,0.07246376811594203,0.07246376811594203,0.12318840579710146,0.12318840579710146,0.09782608695652174,0.09782608695652174,ORD-JFK,ORD-JFK_AA,ORD-JFK_AA_Q4,2023Q4,JFK-ORD
2023,4,ORD,JFK,DL,159.0,130,260.3343396226415,14545.467624563913,primary,66503.0,74146.0,706.0,704.0,0.8969195910770642,-2.0,1.0028409090909092,0.07246376811594203,0.07246376811594203,0.12318840579710146,0.12318840579710146,0.09782608695652174,0.09782608695652174,ORD-JFK,ORD-JFK_DL,ORD-JFK_DL_Q4,2023Q4,JFK-ORD
2023,4,ORD,LAX,AA,5769.0,1490,287.4735378748483,36719.073827403714,primary,286919.0,323063.0,1621.0,1619.0,0.8881208928289529,-2.0,1.0012353304508956,0.07246376811594203,0.07246376811594203,0.036231884057971016,0.036231884057971016,0.05434782608695653,0.05434782608695653,ORD-LAX,ORD-LAX_AA,ORD-LAX_AA_Q4,2023Q4,LAX-ORD
2023,4,ORD,LAX,UA,8928.0,2525,300.63757392473116,33696.46344781043,primary,286919.0,323063.0,1621.0,1619.0,0.8881208928289529,-2.0,1.0012353304508956,0.07246376811594203,0.07246376811594203,0.036231884057971016,0.036231884057971016,0.05434782608695653,0.05434782608695653,ORD-LAX,ORD-LAX_UA,ORD-LAX_UA_Q4,2023Q4,LAX-ORD
2023,4,ORD,LAX,WN,98.0,87,190.64132653061222,7851.248784975018,primary,286919.0,323063.0,1621.0,1619.0,0.8881208928289529,-2.0,1.0012353304508956,0.07246376811594203,0.07246376811594203,0.036231884057971016,0.036231884057971016,0.05434782608695653,0.05434782608695653,ORD-LAX,ORD-LAX_WN,ORD-LAX_WN_Q4,2023Q4,LAX-ORD
2023,4,ORD,SEA,AA,657.0,329,214.8749162861492,17070.50050748918,primary,168612.0,191135.0,1130.0,1134.0,0.8821618227954063,4.0,0.9964726631393298,0.07246376811594203,0.07246376811594203,0.2391304347826087,0.2391304347826087,0.15579710144927536,0.15579710144927536,ORD-SEA,ORD-SEA_AA,ORD-SEA_AA_Q4,2023Q4,ORD-SEA
2023,4,ORD,SEA,DL,1606.0,587,214.30250311332503,18480.439965091835,primary,168612.0,191135.0,1130.0,1134.0,0.8821618227954063,4.0,0.9964726631393298,0.07246376811594203,0.07246376811594203,0.2391304347826087,0.2391304347826087,0.15579710144927536,0.15579710144927536,ORD-SEA,ORD-SEA_DL,ORD-SEA_DL_Q4,2023Q4,ORD-SEA
2023,4,ORD,SEA,UA,2381.0,1189,243.2926921461571,18928.319619673814,primary,168612.0,191135.0,1130.0,1134.0,0.8821618227954063,4.0,0.9964726631393298,0.07246376811594203,0.07246376811594203,0.2391304347826087,0.2391304347826087,0.15579710144927536,0.15579710144927536,ORD-SEA,ORD-SEA_UA,ORD-SEA_UA_Q4,2023Q4,ORD-SEA
2023,4,SEA,ATL,DL,2284.0,841,363.98216725043784,43426.54578308761,primary,136637.0,161931.0,874.0,878.0,0.84379766690751,4.0,0.9954441913439636,0.2391304347826087,0.2391304347826087,0.10869565217391304,0.10869565217391304,0.17391304347826086,0.17391304347826086,SEA-ATL,SEA-ATL_DL,SEA-ATL_DL_Q4,2023Q4,ATL-SEA
2023,4,SEA,DEN,DL,1195.0,443,196.52522175732219,10737.72637926045,primary,219768.0,265550.0,1629.0,1639.0,0.8275955563923931,10.0,0.9938987187309335,0.2391304347826087,0.2391304347826087,0.0036231884057971015,0.0036231884057971015,0.1213768115942029,0.1213768115942029,SEA-DEN,SEA-DEN_DL,SEA-DEN_DL_Q4,2023Q4,DEN-SEA
2023,4,SEA,DEN,UA,2441.0,1064,209.57935272429333,11459.170795484344,primary,219768.0,265550.0,1629.0,1639.0,0.8275955563923931,10.0,0.9938987187309335,0.2391304347826087,0.2391304347826087,0.0036231884057971015,0.0036231884057971015,0.1213768115942029,0.1213768115942029,SEA-DEN,SEA-DEN_UA,SEA-DEN_UA_Q4,2023Q4,DEN-SEA
2023,4,SEA,DEN,WN,1643.0,814,169.18856360316494,6680.962252836336,primary,219768.0,265550.0,1629.0,1639.0,0.8275955563923931,10.0,0.9938987187309335,0.2391304347826087,0.2391304347826087,0.0036231884057971015,0.0036231884057971015,0.1213768115942029,0.1213768115942029,SEA-DEN,SEA-DEN_WN,SEA-DEN_WN_Q4,2023Q4,DEN-SEA
2023,4,SEA,DFW,AA,3079.0,968,278.70157843455667,26507.576752234105,primary,177807.0,204001.0,1105.0,1121.0,0.8715986686339773,16.0,0.9857270294380018,0.2391304347826087,0.2391304347826087,0.08333333333333333,0.08333333333333333,0.161231884057971,0.161231884057971,SEA-DFW,SEA-DFW_AA,SEA-DFW_AA_Q4,2023Q4,DFW-SEA
2023,4,SEA,JFK,DL,2987.0,1219,337.27768998995646,63360.38561742919,primary,126377.0,149859.0,825.0,828.0,0.8433060410118846,3.0,0.9963768115942029,0.2391304347826087,0.2391304347826087,0.12318840579710146,0.12318840579710146,0.18115942028985507,0.18115942028985507,SEA-JFK,SEA-JFK_DL,SEA-JFK_DL_Q4,2023Q4,JFK-SEA
2023,4,SEA,LAX,DL,4144.0,885,178.4117857142857,12503.604230257177,primary,255875.0,296586.0,1874.0,1873.0,0.8627345862582859,-1.0,1.000533902829685,0.2391304347826087,0.2391304347826087,0.036231884057971016,0.036231884057971016,0.13768115942028986,0.13768115942028986,SEA-LAX,SEA-LAX_DL,SEA-LAX_DL_Q4,2023Q4,LAX-SEA
2023,4,SEA,LAX,UA,1623.0,604,125.69593345656192,6489.998487468152,primary,255875.0,296586.0,1874.0,1873.0,0.8627345862582859,-1.0,1.000533902829685,0.2391304347826087,0.2391304347826087,0.036231884057971016,0.036231884057971016,0.13768115942028986,0.13768115942028986,SEA-LAX,SEA-LAX_UA,SEA-LAX_UA_Q4,2023Q4,LAX-SEA
2023,4,SEA,LAX,WN,136.0,111,163.585,7494.784352941173,primary,255875.0,296586.0,1874.0,1873.0,0.8627345862582859,-1.0,1.000533902829685,0.2391304347826087,0.2391304347826087,0.036231884057971016,0.036231884057971016,0.13768115942028986,0.13768115942028986,SEA-LAX,SEA-LAX_WN,SEA-LAX_WN_Q4,2023Q4,LAX-SEA
2023,4,SEA,ORD,AA,728.0,341,213.12792582417583,18929.874505999993,primary,165673.0,190340.0,1131.0,1135.0,0.8704055899968477,4.0,0.9964757709251101,0.2391304347826087,0.2391304347826087,0.07246376811594203,0.07246376811594203,0.15579710144927536,0.15579710144927536,SEA-ORD,SEA-ORD_AA,SEA-ORD_AA_Q4,2023Q4,ORD-SEA
2023,4,SEA,ORD,DL,1669.0,578,210.46189934092268,16456.142724553087,primary,165673.0,190340.0,1131.0,1135.0,0.8704055899968477,4.0,0.9964757709251101,0.2391304347826087,0.2391304347826087,0.07246376811594203,0.07246376811594203,0.15579710144927536,0.15579710144927536,SEA-ORD,SEA-ORD_DL,SEA-ORD_DL_Q4,2023Q4,ORD-SEA
2023,4,SEA,ORD,UA,2261.0,1119,234.48750110570543,17664.451489951898,primary,165673.0,190340.0,1131.0,1135.0,0.8704055899968477,4.0,0.9964757709251101,0.2391304347826087,0.2391304347826087,0.07246376811594203,0.07246376811594203,0.15579710144927536,0.15579710144927536,SEA-ORD,SEA-ORD_UA,SEA-ORD_UA_Q4,2023Q4,ORD-SEA
2023,4,ATL,DEN,DL,559.0,182,307.5169946332737,32541.27296699639,one_way,229576.0,270916.0,1571.0,1572.0,0.8474065762081235,1.0,0.9993638676844784,0.10869565217391304,0.10869565217391304,0.0036231884057971015,0.0036231884057971015,0.05615942028985507,0.05615942028985507,ATL-DEN,ATL-DEN_DL,ATL-DEN_DL_Q4,2023Q4,ATL-DEN
2023,4,ATL,DEN,UA,361.0,159,255.18282548476455,17996.89178259835,one_way,229576.0,270916.0,1571.0,1572.0,0.8474065762081235,1.0,0.9993638676844784,0.10869565217391304,0.10869565217391304,0.0036231884057971015,0.0036231884057971015,0.05615942028985507,0.05615942028985507,ATL-DEN,ATL-DEN_UA,ATL-DEN_UA_Q4,2023Q4,ATL-DEN
2023,4,ATL,DEN,WN,460.0,113,225.1304347826087,12728.678638941397,one_way,229576.0,270916.0,1571.0,1572.0,0.8474065762081235,1.0,0.9993638676844784,0.10869565217391304,0.10869565217391304,0.0036231884057971015,0.0036231884057971015,0.05615942028985507,0.05615942028985507,ATL-DEN,ATL-DEN_WN,ATL-DEN_WN_Q4,2023Q4,ATL-DEN
2023,4,ATL,DFW,AA,917.0,230,279.8702290076336,33886.09330125616,one_way,242882.0,292903.0,1597.0,1600.0,0.8292233264937539,3.0,0.998125,0.10869565217391304,0.10869565217391304,0.08333333333333333,0.08333333333333333,0.09601449275362318,0.09601449275362318,ATL-DFW,ATL-DFW_AA,ATL-DFW_AA_Q4,2023Q4,ATL-DFW
2023,4,ATL,DFW,DL,650.0,173,269.0338461538461,26260.118854437882,one_way,242882.0,292903.0,1597.0,1600.0,0.8292233264937539,3.0,0.998125,0.10869565217391304,0.10869565217391304,0.08333333333333333,0.08333333333333333,0.09601449275362318,0.09601449275362318,ATL-DFW,ATL-DFW_DL,ATL-DFW_DL_Q4,2023Q4,ATL-DFW
2023,4,ATL,JFK,DL,1051.0,179,233.79352997145577,15790.4378648942,one_way,134321.0,160219.0,948.0,948.0,0.838358746465775,0.0,1.0,0.10869565217391304,0.10869565217391304,0.12318840579710146,0.12318840579710146,0.11594202898550725,0.11594202898550725,ATL-JFK,ATL-JFK_DL,ATL-JFK_DL_Q4,2023Q4,ATL-JFK
2023,4,ATL,LAX,AA,812.0,218,292.1613300492611,33170.760918428,one_way,266525.0,299646.0,1448.0,1448.0,0.8894662368261215,0.0,1.0,0.10869565217391304,0.10869565217391304,0.036231884057971016,0.036231884057971016,0.07246376811594203,0.07246376811594203,ATL-LAX,ATL-LAX_AA,ATL-LAX_AA_Q4,2023Q4,ATL-LAX
2023,4,ATL,LAX,DL,857.0,224,592.9848308051342,135307.3264910158,one_way,266525.0,299646.0,1448.0,1448.0,0.8894662368261215,0.0,1.0,0.10869565217391304,0.10869565217391304,0.036231884057971016,0.036231884057971016,0.07246376811594203,0.07246376811594203,ATL-LAX,ATL-LAX_DL,ATL-LAX_DL_Q4,2023Q4,ATL-LAX
2023,4,ATL,LAX,WN,154.0,90,215.2922077922078,8713.86916006072,one_way,266525.0,299646.0,1448.0,1448.0,0.8894662368261215,0.0,1.0,0.10869565217391304,0.10869565217391304,0.036231884057971016,0.036231884057971016,0.07246376811594203,0.07246376811594203,ATL-LAX,ATL-LAX_WN,ATL-LAX_WN_Q4,2023Q4,ATL-LAX
2023,4,ATL,ORD,AA,247.0,83,194.3684210526316,18703.487747709347,one_way,192579.0,236050.0,1400.0,1401.0,0.8158398644355009,1.0,0.9992862241256245,0.10869565217391304,0.10869565217391304,0.07246376811594203,0.07246376811594203,0.09057971014492754,0.09057971014492754,ATL-ORD,ATL-ORD_AA,ATL-ORD_AA_Q4,2023Q4,ATL-ORD
2023,4,ATL,ORD,DL,890.0,200,257.9123595505618,24272.915914657235,one_way,192579.0,236050.0,1400.0,1401.0,0.8158398644355009,1.0,0.9992862241256245,0.10869565217391304,0.10869565217391304,0.07246376811594203,0.07246376811594203,0.09057971014492754,0.09057971014492754,ATL-ORD,ATL-ORD_DL,ATL-ORD_DL_Q4,2023Q4,ATL-ORD
2023,4,ATL,ORD,UA,733.0,217,218.05457025920873,19011.60957324643,one_way,192579.0,236050.0,1400.0,1401.0,0.8158398644355009,1.0,0.9992862241256245,0.10869565217391304,0.10869565217391304,0.07246376811594203,0.07246376811594203,0.09057971014492754,0.09057971014492754,ATL-ORD,ATL-ORD_UA,ATL-ORD_UA_Q4,2023Q4,ATL-ORD
2023,4,ATL,SEA,DL,418.0,136,391.30143540669854,63265.468945308035,one_way,134837.0,161675.0,872.0,878.0,0.8340003092624092,6.0,0.9931662870159453,0.10869565217391304,0.10869565217391304,0.2391304347826087,0.2391304347826087,0.17391304347826086,0.17391304347826086,ATL-SEA,ATL-SEA_DL,ATL-SEA_DL_Q4,2023Q4,ATL-SEA
2023,4,DEN,ATL,DL,466.0,155,309.5300429184549,30870.214762659118,one_way,230399.0,275391.0,1575.0,1574.0,0.8366250167943033,-1.0,1.0006353240152477,0.0036231884057971015,0.0036231884057971015,0.10869565217391304,0.10869565217391304,0.05615942028985507,0.05615942028985507,DEN-ATL,DEN-ATL_DL,DEN-ATL_DL_Q4,2023Q4,ATL-DEN
2023,4,DEN,ATL,UA,490.0,174,244.08367346938775,27160.117488546435,one_way,230399.0,275391.0,1575.0,1574.0,0.8366250167943033,-1.0,1.0006353240152477,0.0036231884057971015,0.0036231884057971015,0.10869565217391304,0.10869565217391304,0.05615942028985507,0.05615942028985507,DEN-ATL,DEN-ATL_UA,DEN-ATL_UA_Q4,2023Q4,ATL-DEN
2023,4,DEN,ATL,WN,476.0,114,232.71428571428572,15014.43517406963,one_way,230399.0,275391.0,1575.0,1574.0,0.8366250167943033,-1.0,1.0006353240152477,0.0036231884057971015,0.0036231884057971015,0.10869565217391304,0.10869565217391304,0.05615942028985507,0.05615942028985507,DEN-ATL,DEN-ATL_WN,DEN-ATL_WN_Q4,2023Q4,ATL-DEN
2023,4,DEN,DFW,AA,838.0,231,281.5167064439141,32646.24972089473,one_way,228726.0,275669.0,1594.0,1598.0,0.8297124449974426,4.0,0.9974968710888611,0.0036231884057971015,0.0036231884057971015,0.08333333333333333,0.08333333333333333,0.043478260869565216,0.043478260869565216,DEN-DFW,DEN-DFW_AA,DEN-DFW_AA_Q4,2023Q4,DEN-DFW
2023,4,DEN,DFW,UA,734.0,221,222.55994550408718,17286.60607956107,one_way,228726.0,275669.0,1594.0,1598.0,0.8297124449974426,4.0,0.9974968710888611,0.0036231884057971015,0.0036231884057971015,0.08333333333333333,0.08333333333333333,0.043478260869565216,0.043478260869565216,DEN-DFW,DEN-DFW_UA,DEN-DFW_UA_Q4,2023Q4,DEN-DFW
2023,4,DEN,JFK,DL,624.0,146,256.58653846153845,28212.85469058185,one_way,46158.0,59261.0,330.0,329.0,0.778893370007256,-1.0,1.0030395136778116,0.0036231884057971015,0.0036231884057971015,0.12318840579710146,0.12318840579710146,0.06340579710144928,0.06340579710144928,DEN-JFK,DEN-JFK_DL,DEN-JFK_DL_Q4,2023Q4,DEN-JFK
2023,4,DEN,LAX,DL,413.0,118,235.46246973365618,18844.9652985009,one_way,245959.0,302470.0,1903.0,1901.0,0.8131682480907197,-2.0,1.0010520778537613,0.0036231884057971015,0.0036231884057971015,0.036231884057971016,0.036231884057971016,0.01992753623188406,0.01992753623188406,DEN-LAX,DEN-LAX_DL,DEN-LAX_DL_Q4,2023Q4,DEN-LAX
2023,4,DEN,LAX,UA,1388.0,314,242.54538904899135,19653.275317355838,one_way,245959.0,302470.0,1903.0,1901.0,0.8131682480907197,-2.0,1.0010520778537613,0.0036231884057971015,0.0036231884057971015,0.036231884057971016,0.036231884057971016,0.01992753623188406,0.01992753623188406,DEN-LAX,DEN-LAX_UA,DEN-LAX_UA_Q4,2023Q4,DEN-LAX
2023,4,DEN,LAX,WN,806.0,141,190.66377171215882,11760.18595798262,one_way,245959.0,302470.0,1903.0,1901.0,0.8131682480907197,-2.0,1.0010520778537613,0.0036231884057971015,0.0036231884057971015,0.036231884057971016,0.036231884057971016,0.01992753623188406,0.01992753623188406,DEN-LAX,DEN-LAX_WN,DEN-LAX_WN_Q4,2023Q4,DEN-LAX
2023,4,DEN,ORD,AA,445.0,131,220.40898876404495,19127.702391112223,one_way,239152.0,300069.0,1588.0,1583.0,0.796990025627439,-5.0,1.0031585596967783,0.0036231884057971015,0.0036231884057971015,0.07246376811594203,0.07246376811594203,0.03804347826086957,0.03804347826086957,DEN-ORD,DEN-ORD_AA,DEN-ORD_AA_Q4,2023Q4,DEN-ORD
2023,4,DEN,ORD,UA,1442.0,336,244.6754507628294,21309.44113103814,one_way,239152.0,300069.0,1588.0,1583.0,0.796990025627439,-5.0,1.0031585596967783,0.0036231884057971015,0.0036231884057971015,0.07246376811594203,0.07246376811594203,0.03804347826086957,0.03804347826086957,DEN-ORD,DEN-ORD_UA,DEN-ORD_UA_Q4,2023Q4,DEN-ORD
2023,4,DEN,ORD,WN,641.0,144,173.3213728549142,9008.249293591089,one_way,239152.0,300069.0,1588.0,1583.0,0.796990025627439,-5.0,1.0031585596967783,0.0036231884057971015,0.0036231884057971015,0.07246376811594203,0.07246376811594203,0.03804347826086957,0.03804347826086957,DEN-ORD,DEN-ORD_WN,DEN-ORD_WN_Q4,2023Q4,DEN-ORD
2023,4,DEN,SEA,DL,376.0,101,220.82712765957447,15666.254689622001,one_way,219024.0,265477.0,1639.0,1646.0,0.8250206232554986,7.0,0.9957472660996355,0.0036231884057971015,0.0036231884057971015,0.2391304347826087,0.2391304347826087,0.1213768115942029,0.1213768115942029,DEN-SEA,DEN-SEA_DL,DEN-SEA_DL_Q4,2023Q4,DEN-SEA
2023,4,DEN,SEA,UA,669.0,237,229.95665171898355,17318.672261434753,one_way,219024.0,265477.0,1639.0,1646.0,0.8250206232554986,7.0,0.9957472660996355,0.0036231884057971015,0.0036231884057971015,0.2391304347826087,0.2391304347826087,0.1213768115942029,0.1213768115942029,DEN-SEA,DEN-SEA_UA,DEN-SEA_UA_Q4,2023Q4,DEN-SEA
2023,4,DEN,SEA,WN,368.0,110,202.84782608695653,13361.862712665403,one_way,219024.0,265477.0,1639.0,1646.0,0.8250206232554986,7.0,0.9957472660996355,0.0036231884057971015,0.0036231884057971015,0.2391304347826087,0.2391304347826087,0.1213768115942029,0.1213768115942029,DEN-SEA,DEN-SEA_WN,DEN-SEA_WN_Q4,2023Q4,DEN-SEA
2023,4,DFW,ATL,AA,982.0,191,237.76476578411405,21405.980306411533,one_way,243296.0,293070.0,1599.0,1601.0,0.8301634421810489,2.0,0.9987507807620237,0.08333333333333333,0.08333333333333333,0.10869565217391304,0.10869565217391304,0.09601449275362318,0.09601449275362318,DFW-ATL,DFW-ATL_AA,DFW-ATL_AA_Q4,2023Q4,ATL-DFW
2023,4,DFW,ATL,DL,623.0,179,289.8362760834671,30449.13852353212,one_way,243296.0,293070.0,1599.0,1601.0,0.8301634421810489,2.0,0.9987507807620237,0.08333333333333333,0.08333333333333333,0.10869565217391304,0.10869565217391304,0.09601449275362318,0.09601449275362318,DFW-ATL,DFW-ATL_DL,DFW-ATL_DL_Q4,2023Q4,ATL-DFW
2023,4,DFW,DEN,AA,989.0,203,239.34782608695653,20289.428056446995,one_way,229174.0,272410.0,1602.0,1606.0,0.8412833596417165,4.0,0.9975093399750934,0.08333333333333333,0.08333333333333333,0.0036231884057971015,0.0036231884057971015,0.043478260869565216,0.043478260869565216,DFW-DEN,DFW-DEN_AA,DFW-DEN_AA_Q4,2023Q4,DEN-DFW
2023,4,DFW,DEN,UA,592.0,198,229.8918918918919,18464.329528853166,one_way,229174.0,272410.0,1602.0,1606.0,0.8412833596417165,4.0,0.9975093399750934,0.08333333333333333,0.08333333333333333,0.0036231884057971015,0.0036231884057971015,0.043478260869565216,0.043478260869565216,DFW-DEN,DFW-DEN_UA,DFW-DEN_UA_Q4,2023Q4,DEN-DFW
2023,4,DFW,JFK,AA,517.0,156,303.77756286266924,39029.41086988241,one_way,61367.0,68961.0,466.0,465.0,0.8898797871260568,-1.0,1.0021505376344086,0.08333333333333333,0.08333333333333333,0.12318840579710146,0.12318840579710146,0.10326086956521739,0.10326086956521739,DFW-JFK,DFW-JFK_AA,DFW-JFK_AA_Q4,2023Q4,DFW-JFK
2023,4,DFW,JFK,DL,269.0,129,279.6542750929368,25504.03289064551,one_way,61367.0,68961.0,466.0,465.0,0.8898797871260568,-1.0,1.0021505376344086,0.08333333333333333,0.08333333333333333,0.12318840579710146,0.12318840579710146,0.10326086956521739,0.10326086956521739,DFW-JFK,DFW-JFK_DL,DFW-JFK_DL_Q4,2023Q4,DFW-JFK
2023,4,DFW,LAX,AA,1759.0,346,354.4252416145537,56552.69921504962,one_way,280109.0,332805.0,1746.0,1756.0,0.841661032736888,10.0,0.9943052391799544,0.08333333333333333,0.08333333333333333,0.036231884057971016,0.036231884057971016,0.059782608695652176,0.059782608695652176,DFW-LAX,DFW-LAX_AA,DFW-LAX_AA_Q4,2023Q4,DFW-LAX
2023,4,DFW,LAX,DL,329.0,127,291.06382978723406,36952.00504429928,one_way,280109.0,332805.0,1746.0,1756.0,0.841661032736888,10.0,0.9943052391799544,0.08333333333333333,0.08333333333333333,0.036231884057971016,0.036231884057971016,0.059782608695652176,0.059782608695652176,DFW-LAX,DFW-LAX_DL,DFW-LAX_DL_Q4,2023Q4,DFW-LAX
2023,4,DFW,ORD,AA,1335.0,273,285.8561797752809,30542.36433446956,one_way,220079.0,273764.0,1580.0,1585.0,0.8039004397948598,5.0,0.9968454258675079,0.08333333333333333,0.08333333333333333,0.07246376811594203,0.07246376811594203,0.07789855072463768,0.07789855072463768,DFW-ORD,DFW-ORD_AA,DFW-ORD_AA_Q4,2023Q4,DFW-ORD
2023,4,DFW,ORD,UA,813.0,256,251.64575645756457,18805.751510282636,one_way,220079.0,273764.0,1580.0,1585.0,0.8039004397948598,5.0,0.9968454258675079,0.08333333333333333,0.08333333333333333,0.07246376811594203,0.07246376811594203,0.07789855072463768,0.07789855072463768,DFW-ORD,DFW-ORD_UA,DFW-ORD_UA_Q4,2023Q4,DFW-ORD
2023,4,DFW,SEA,AA,876.0,212,297.36986301369865,32089.828954775745,one_way,169592.0,204502.0,1106.0,1124.0,0.8292926230550313,18.0,0.9839857651245552,0.08333333333333333,0.08333333333333333,0.2391304347826087,0.2391304347826087,0.161231884057971,0.161231884057971,DFW-SEA,DFW-SEA_AA,DFW-SEA_AA_Q4,2023Q4,DFW-SEA
2023,4,JFK,ATL,DL,1091.0,187,253.2089825847846,20739.168058634903,one_way,135192.0,161733.0,954.0,947.0,0.8358961992914248,-7.0,1.0073917634635692,0.12318840579710146,0.12318840579710146,0.10869565217391304,0.10869565217391304,0.11594202898550725,0.11594202898550725,JFK-ATL,JFK-ATL_DL,JFK-ATL_DL_Q4,2023Q4,ATL-JFK
2023,4,JFK,DEN,DL,680.0,133,264.63529411764705,33855.861107266435,one_way,46734.0,58918.0,328.0,329.0,0.7932041141926067,1.0,0.9969604863221885,0.12318840579710146,0.12318840579710146,0.0036231884057971015,0.0036231884057971015,0.06340579710144928,0.06340579710144928,JFK-DEN,JFK-DEN_DL,JFK-DEN_DL_Q4,2023Q4,DEN-JFK
2023,4,JFK,DFW,AA,465.0,148,305.2,32514.904086021517,one_way,60110.0,69106.0,465.0,466.0,0.8698231702022979,1.0,0.9978540772532188,0.12318840579710146,0.12318840579710146,0.08333333333333333,0.08333333333333333,0.10326086956521739,0.10326086956521739,JFK-DFW,JFK-DFW_AA,JFK-DFW_AA_Q4,2023Q4,DFW-JFK
2023,4,JFK,DFW,DL,291.0,118,296.45017182130584,31715.876383131996,one_way,60110.0,69106.0,465.0,466.0,0.8698231702022979,1.0,0.9978540772532188,0.12318840579710146,0.12318840579710146,0.08333333333333333,0.08333333333333333,0.10326086956521739,0.10326086956521739,JFK-DFW,JFK-DFW_DL,JFK-DFW_DL_Q4,2023Q4,DFW-JFK
2023,4,JFK,LAX,AA,2108.0,499,517.2443074003795,171291.17703116167,one_way,357144.0,403830.0,2530.0,2530.0,0.8843919471064556,0.0,1.0,0.12318840579710146,0.12318840579710146,0.036231884057971016,0.036231884057971016,0.07971014492753624,0.07971014492753624,JFK-LAX,JFK-LAX_AA,JFK-LAX_AA_Q4,2023Q4,JFK-LAX
2023,4,JFK,LAX,DL,3096.0,485,498.11369509043925,148951.14469616546,one_way,357144.0,403830.0,2530.0,2530.0,0.8843919471064556,0.0,1.0,0.12318840579710146,0.12318840579710146,0.036231884057971016,0.036231884057971016,0.07971014492753624,0.07971014492753624,JFK-LAX,JFK-LAX_DL,JFK-LAX_DL_Q4,2023Q4,JFK-LAX
2023,4,JFK,ORD,AA,719.0,148,185.21279554937414,10955.405343923427,one_way,65564.0,73501.0,702.0,702.0,0.8920150746248351,0.0,1.0,0.12318840579710146,0.12318840579710146,0.07246376811594203,0.07246376811594203,0.09782608695652174,0.09782608695652174,JFK-ORD,JFK-ORD_AA,JFK-ORD_AA_Q4,2023Q4,JFK-ORD
2023,4,JFK,SEA,DL,804.0,240,355.4303482587065,74405.11330783891,one_way,125863.0,149304.0,821.0,824.0,0.8429981782135777,3.0,0.9963592233009708,0.12318840579710146,0.12318840579710146,0.2391304347826087,0.2391304347826087,0.18115942028985507,0.18115942028985507,JFK-SEA,JFK-SEA_DL,JFK-SEA_DL_Q4,2023Q4,JFK-SEA
2023,4,LAX,ATL,AA,809.0,228,294.88257107540176,31571.752588692398,one_way,267287.0,298377.0,1445.0,1444.0,0.8958029606839669,-1.0,1.0006925207756232,0.036231884057971016,0.036231884057971016,0.10869565217391304,0.10869565217391304,0.07246376811594203,0.07246376811594203,LAX-ATL,LAX-ATL_AA,LAX-ATL_AA_Q4,2023Q4,ATL-LAX
2023,4,LAX,ATL,DL,907.0,210,591.4277839029769,116762.36165363347,one_way,267287.0,298377.0,1445.0,1444.0,0.8958029606839669,-1.0,1.0006925207756232,0.036231884057971016,0.036231884057971016,0.10869565217391304,0.10869565217391304,0.07246376811594203,0.07246376811594203,LAX-ATL,LAX-ATL_DL,LAX-ATL_DL_Q4,2023Q4,ATL-LAX
2023,4,LAX,ATL,WN,107.0,72,265.4859813084112,12537.988121233298,one_way,267287.0,298377.0,1445.0,1444.0,0.8958029606839669,-1.0,1.0006925207756232,0.036231884057971016,0.036231884057971016,0.10869565217391304,0.10869565217391304,0.07246376811594203,0.07246376811594203,LAX-ATL,LAX-ATL_WN,LAX-ATL_WN_Q4,2023Q4,ATL-LAX
2023,4,LAX,DEN,DL,445.0,129,219.43370786516854,14508.76245928544,one_way,240128.0,297087.0,1889.0,1892.0,0.8082750170825381,3.0,0.9984143763213531,0.036231884057971016,0.036231884057971016,0.0036231884057971015,0.0036231884057971015,0.01992753623188406,0.01992753623188406,LAX-DEN,LAX-DEN_DL,LAX-DEN_DL_Q4,2023Q4,DEN-LAX
2023,4,LAX,DEN,UA,1366.0,293,228.59736456808199,17670.338616773384,one_way,240128.0,297087.0,1889.0,1892.0,0.8082750170825381,3.0,0.9984143763213531,0.036231884057971016,0.036231884057971016,0.0036231884057971015,0.0036231884057971015,0.01992753623188406,0.01992753623188406,LAX-DEN,LAX-DEN_UA,LAX-DEN_UA_Q4,2023Q4,DEN-LAX
2023,4,LAX,DEN,WN,832.0,136,190.359375,11071.504263070914,one_way,240128.0,297087.0,1889.0,1892.0,0.8082750170825381,3.0,0.9984143763213531,0.036231884057971016,0.036231884057971016,0.0036231884057971015,0.0036231884057971015,0.01992753623188406,0.01992753623188406,LAX-DEN,LAX-DEN_WN,LAX-DEN_WN_Q4,2023Q4,DEN-LAX
2023,4,LAX,DFW,AA,1795.0,342,352.84791086350975,56458.24929229288,one_way,274657.0,329342.0,1728.0,1738.0,0.8339567987077263,10.0,0.9942462600690449,0.036231884057971016,0.036231884057971016,0.08333333333333333,0.08333333333333333,0.059782608695652176,0.059782608695652176,LAX-DFW,LAX-DFW_AA,LAX-DFW_AA_Q4,2023Q4,DFW-LAX
2023,4,LAX,DFW,DL,356.0,134,272.5,24755.261235955055,one_way,274657.0,329342.0,1728.0,1738.0,0.8339567987077263,10.0,0.9942462600690449,0.036231884057971016,0.036231884057971016,0.08333333333333333,0.08333333333333333,0.059782608695652176,0.059782608695652176,LAX-DFW,LAX-DFW_DL,LAX-DFW_DL_Q4,2023Q4,DFW-LAX
2023,4,LAX,JFK,AA,2121.0,466,531.2385667138143,178982.49848432,one_way,357192.0,402916.0,2526.0,2526.0,0.8865172889634564,0.0,1.0,0.036231884057971016,0.036231884057971016,0.12318840579710146,0.12318840579710146,0.07971014492753624,0.07971014492753624,LAX-JFK,LAX-JFK_AA,LAX-JFK_AA_Q4,2023Q4,JFK-LAX
2023,4,LAX,JFK,DL,3079.0,467,481.56609288730107,154208.5061059102,one_way,357192.0,402916.0,2526.0,2526.0,0.8865172889634564,0.0,1.0,0.036231884057971016,0.036231884057971016,0.12318840579710146,0.12318840579710146,0.07971014492753624,0.07971014492753624,LAX-JFK,LAX-JFK_DL,LAX-JFK_DL_Q4,2023Q4,JFK-LAX
2023,4,LAX,ORD,AA,1765.0,323,301.5099150141643,44212.09806033275,one_way,282613.0,320716.0,1619.0,1621.0,0.8811939535289789,2.0,0.9987661937075879,0.036231884057971016,0.036231884057971016,0.07246376811594203,0.07246376811594203,0.05434782608695653,0.05434782608695653,LAX-ORD,LAX-ORD_AA,LAX-ORD_AA_Q4,2023Q4,LAX-ORD
2023,4,LAX,ORD,UA,2460.0,477,326.57642276422763,42954.30188313835,one_way,282613.0,320716.0,1619.0,1621.0,0.8811939535289789,2.0,0.9987661937075879,0.036231884057971016,0.036231884057971016,0.07246376811594203,0.07246376811594203,0.05434782608695653,0.05434782608695653,LAX-ORD,LAX-ORD_UA,LAX-ORD_UA_Q4,2023Q4,LAX-ORD
2023,4,LAX,SEA,DL,1166.0,229,199.52915951972557,18369.540744919657,one_way,243235.0,295764.0,1862.0,1871.0,0.8223955586210627,9.0,0.9951897381079636,0.036231884057971016,0.036231884057971016,0.2391304347826087,0.2391304347826087,0.13768115942028986,0.13768115942028986,LAX-SEA,LAX-SEA_DL,LAX-SEA_DL_Q4,2023Q4,LAX-SEA
2023,4,LAX,SEA,UA,807.0,184,135.99256505576207,7055.137491190009,one_way,243235.0,295764.0,1862.0,1871.0,0.8223955586210627,9.0,0.9951897381079636,0.036231884057971016,0.036231884057971016,0.2391304347826087,0.2391304347826087,0.13768115942028986,0.13768115942028986,LAX-SEA,LAX-SEA_UA,LAX-SEA_UA_Q4,2023Q4,LAX-SEA
2023,4,LAX,SEA,WN,43.0,25,183.37209302325581,4671.90805840995,one_way,243235.0,295764.0,1862.0,1871.0,0.8223955586210627,9.0,0.9951897381079636,0.036231884057971016,0.036231884057971016,0.2391304347826087,0.2391304347826087,0.13768115942028986,0.13768115942028986,LAX-SEA,LAX-SEA_WN,LAX-SEA_WN_Q4,2023Q4,LAX-SEA
2023,4,ORD,ATL,AA,385.0,112,201.14285714285714,14920.480890538034,one_way,196743.0,234927.0,1400.0,1403.0,0.8374644038360852,3.0,0.9978617248752673,0.07246376811594203,0.07246376811594203,0.10869565217391304,0.10869565217391304,0.09057971014492754,0.09057971014492754,ORD-ATL,ORD-ATL_AA,ORD-ATL_AA_Q4,2023Q4,ATL-ORD
2023,4,ORD,ATL,DL,704.0,195,273.05965909090907,26964.976554429246,one_way,196743.0,234927.0,1400.0,1403.0,0.8374644038360852,3.0,0.9978617248752673,0.07246376811594203,0.07246376811594203,0.10869565217391304,0.10869565217391304,0.09057971014492754,0.09057971014492754,ORD-ATL,ORD-ATL_DL,ORD-ATL_DL_Q4,2023Q4,ATL-ORD
2023,4,ORD,ATL,UA,750.0,223,209.85866666666666,15712.700024888887,one_way,196743.0,234927.0,1400.0,1403.0,0.8374644038360852,3.0,0.9978617248752673,0.07246376811594203,0.07246376811594203,0.10869565217391304,0.10869565217391304,0.09057971014492754,0.09057971014492754,ORD-ATL,ORD-ATL_UA,ORD-ATL_UA_Q4,2023Q4,ATL-ORD
2023,4,ORD,DEN,AA,612.0,133,203.66339869281046,13644.0729740698,one_way,246933.0,300327.0,1589.0,1586.0,0.8222137869722003,-3.0,1.0018915510718789,0.07246376811594203,0.07246376811594203,0.0036231884057971015,0.0036231884057971015,0.03804347826086957,0.03804347826086957,ORD-DEN,ORD-DEN_AA,ORD-DEN_AA_Q4,2023Q4,DEN-ORD
2023,4,ORD,DEN,UA,1372.0,348,261.71720116618076,20970.347138522222,one_way,246933.0,300327.0,1589.0,1586.0,0.8222137869722003,-3.0,1.0018915510718789,0.07246376811594203,0.07246376811594203,0.0036231884057971015,0.0036231884057971015,0.03804347826086957,0.03804347826086957,ORD-DEN,ORD-DEN_UA,ORD-DEN_UA_Q4,2023Q4,DEN-ORD
2023,4,ORD,DEN,WN,562.0,127,183.83629893238435,10450.332632565442,one_way,246933.0,300327.0,1589.0,1586.0,0.8222137869722003,-3.0,1.0018915510718789,0.07246376811594203,0.07246376811594203,0.0036231884057971015,0.0036231884057971015,0.03804347826086957,0.03804347826086957,ORD-DEN,ORD-DEN_WN,ORD-DEN_WN_Q4,2023Q4,DEN-ORD
2023,4,ORD,DFW,AA,1469.0,323,300.98298162014976,33073.61101057897,one_way,229934.0,273999.0,1580.0,1586.0,0.8391782451760773,6.0,0.9962168978562421,0.07246376811594203,0.07246376811594203,0.08333333333333333,0.08333333333333333,0.07789855072463768,0.07789855072463768,ORD-DFW,ORD-DFW_AA,ORD-DFW_AA_Q4,2023Q4,DFW-ORD
2023,4,ORD,DFW,UA,843.0,244,243.54922894424675,15881.34840687878,one_way,229934.0,273999.0,1580.0,1586.0,0.8391782451760773,6.0,0.9962168978562421,0.07246376811594203,0.07246376811594203,0.08333333333333333,0.08333333333333333,0.07789855072463768,0.07789855072463768,ORD-DFW,ORD-DFW_UA,ORD-DFW_UA_Q4,2023Q4,DFW-ORD
2023,4,ORD,JFK,AA,828.0,170,191.3719806763285,12380.29882844408,one_way,66503.0,74146.0,706.0,704.0,0.8969195910770642,-2.0,1.0028409090909092,0.07246376811594203,0.07246376811594203,0.12318840579710146,0.12318840579710146,0.09782608695652174,0.09782608695652174,ORD-JFK,ORD-JFK_AA,ORD-JFK_AA_Q4,2023Q4,JFK-ORD
2023,4,ORD,LAX,AA,1944.0,349,320.587962962963,48570.72991683813,one_way,286919.0,323063.0,1621.0,1619.0,0.8881208928289529,-2.0,1.0012353304508956,0.07246376811594203,0.07246376811594203,0.036231884057971016,0.036231884057971016,0.05434782608695653,0.05434782608695653,ORD-LAX,ORD-LAX_AA,ORD-LAX_AA_Q4,2023Q4,LAX-ORD
2023,4,ORD,LAX,UA,2615.0,534,329.9713193116635,44589.3754680491,one_way,286919.0,323063.0,1621.0,1619.0,0.8881208928289529,-2.0,1.0012353304508956,0.07246376811594203,0.07246376811594203,0.036231884057971016,0.036231884057971016,0.05434782608695653,0.05434782608695653,ORD-LAX,ORD-LAX_UA,ORD-LAX_UA_Q4,2023Q4,LAX-ORD
2023,4,ORD,LAX,WN,31.0,22,211.4516129032258,12866.505723205002,one_way,286919.0,323063.0,1621.0,1619.0,0.8881208928289529,-2.0,1.0012353304508956,0.07246376811594203,0.07246376811594203,0.036231884057971016,0.036231884057971016,0.05434782608695653,0.05434782608695653,ORD-LAX,ORD-LAX_WN,ORD-LAX_WN_Q4,2023Q4,LAX-ORD
2023,4,ORD,SEA,AA,288.0,101,224.25694444444446,17878.774257330246,one_way,168612.0,191135.0,1130.0,1134.0,0.8821618227954063,4.0,0.9964726631393298,0.07246376811594203,0.07246376811594203,0.2391304347826087,0.2391304347826087,0.15579710144927536,0.15579710144927536,ORD-SEA,ORD-SEA_AA,ORD-SEA_AA_Q4,2023Q4,ORD-SEA
2023,4,ORD,SEA,DL,493.0,142,227.4787018255578,25671.653197503387,one_way,168612.0,191135.0,1130.0,1134.0,0.8821618227954063,4.0,0.9964726631393298,0.07246376811594203,0.07246376811594203,0.2391304347826087,0.2391304347826087,0.15579710144927536,0.15579710144927536,ORD-SEA,ORD-SEA_DL,ORD-SEA_DL_Q4,2023Q4,ORD-SEA
2023,4,ORD,SEA,UA,762.0,280,257.8937007874016,24791.835157170295,one_way,168612.0,191135.0,1130.0,1134.0,0.8821618227954063,4.0,0.9964726631393298,0.07246376811594203,0.07246376811594203,0.2391304347826087,0.2391304347826087,0.15579710144927536,0.15579710144927536,ORD-SEA,ORD-SEA_UA,ORD-SEA_UA_Q4,2023Q4,ORD-SEA
2023,4,SEA,ATL,DL,390.0,139,412.98974358974357,60254.9691255753,one_way,136637.0,161931.0,874.0,878.0,0.84379766690751,4.0,0.9954441913439636,0.2391304347826087,0.2391304347826087,0.10869565217391304,0.10869565217391304,0.17391304347826086,0.17391304347826086,SEA-ATL,SEA-ATL_DL,SEA-ATL_DL_Q4,2023Q4,ATL-SEA
2023,4,SEA,DEN,DL,359.0,91,197.56267409470752,13841.889525996856,one_way,219768.0,265550.0,1629.0,1639.0,0.8275955563923931,10.0,0.9938987187309335,0.2391304347826087,0.2391304347826087,0.0036231884057971015,0.0036231884057971015,0.1213768115942029,0.1213768115942029,SEA-DEN,SEA-DEN_DL,SEA-DEN_DL_Q4,2023Q4,DEN-SEA
2023,4,SEA,DEN,UA,668.0,214,209.19760479041915,15085.721431388723,one_way,219768.0,265550.0,1629.0,1639.0,0.8275955563923931,10.0,0.9938987187309335,0.2391304347826087,0.2391304347826087,0.0036231884057971015,0.0036231884057971015,0.1213768115942029,0.1213768115942029,SEA-DEN,SEA-DEN_UA,SEA-DEN_UA_Q4,2023Q4,DEN-SEA
2023,4,SEA,DEN,WN,359.0,114,185.93036211699163,11170.142782877228,one_way,219768.0,265550.0,1629.0,1639.0,0.8275955563923931,10.0,0.9938987187309335,0.2391304347826087,0.2391304347826087,0.0036231884057971015,0.0036231884057971015,0.1213768115942029,0.1213768115942029,SEA-DEN,SEA-DEN_WN,SEA-DEN_WN_Q4,2023Q4,DEN-SEA
2023,4,SEA,DFW,AA,844.0,235,317.29857819905214,39534.512746793625,one_way,177807.0,204001.0,1105.0,1121.0,0.8715986686339773,16.0,0.9857270294380018,0.2391304347826087,0.2391304347826087,0.08333333333333333,0.08333333333333333,0.161231884057971,0.161231884057971,SEA-DFW,SEA-DFW_AA,SEA-DFW_AA_Q4,2023Q4,DFW-SEA
2023,4,SEA,JFK,DL,861.0,254,346.1254355400697,81981.84024734223,one_way,126377.0,149859.0,825.0,828.0,0.8433060410118846,3.0,0.9963768115942029,0.2391304347826087,0.2391304347826087,0.12318840579710146,0.12318840579710146,0.18115942028985507,0.18115942028985507,SEA-JFK,SEA-JFK_DL,SEA-JFK_DL_Q4,2023Q4,JFK-SEA
2023,4,SEA,LAX,DL,1361.0,228,194.82145481263777,18217.811619044434,one_way,255875.0,296586.0,1874.0,1873.0,0.8627345862582859,-1.0,1.000533902829685,0.2391304347826087,0.2391304347826087,0.036231884057971016,0.036231884057971016,0.13768115942028986,0.13768115942028986,SEA-LAX,SEA-LAX_DL,SEA-LAX_DL_Q4,2023Q4,LAX-SEA
2023,4,SEA,LAX,UA,762.0,181,127.64041994750656,6977.450754679287,one_way,255875.0,296586.0,1874.0,1873.0,0.8627345862582859,-1.0,1.000533902829685,0.2391304347826087,0.2391304347826087,0.036231884057971016,0.036231884057971016,0.13768115942028986,0.13768115942028986,SEA-LAX,SEA-LAX_UA,SEA-LAX_UA_Q4,2023Q4,LAX-SEA
2023,4,SEA,LAX,WN,44.0,27,194.75,8902.414772727272,one_way,255875.0,296586.0,1874.0,1873.0,0.8627345862582859,-1.0,1.000533902829685,0.2391304347826087,0.2391304347826087,0.036231884057971016,0.036231884057971016,0.13768115942028986,0.13768115942028986,SEA-LAX,SEA-LAX_WN,SEA-LAX_WN_Q4,2023Q4,LAX-SEA
2023,4,SEA,ORD,AA,356.0,110,217.51123595505618,19793.384705213983,one_way,165673.0,190340.0,1131.0,1135.0,0.8704055899968477,4.0,0.9964757709251101,0.2391304347826087,0.2391304347826087,0.07246376811594203,0.07246376811594203,0.15579710144927536,0.15579710144927536,SEA-ORD,SEA-ORD_AA,SEA-ORD_AA_Q4,2023Q4,ORD-SEA
2023,4,SEA,ORD,DL,562.0,141,216.1138790035587,18832.542191714892,one_way,165673.0,190340.0,1131.0,1135.0,0.8704055899968477,4.0,0.9964757709251101,0.2391304347826087,0.2391304347826087,0.07246376811594203,0.07246376811594203,0.15579710144927536,0.15579710144927536,SEA-ORD,SEA-ORD_DL,SEA-ORD_DL_Q4,2023Q4,ORD-SEA
2023,4,SEA,ORD,UA,665.0,233,232.69323308270677,22146.723939171236,one_way,165673.0,190340.0,1131.0,1135.0,0.8704055899968477,4.0,0.9964757709251101,0.2391304347826087,0.2391304347826087,0.07246376811594203,0.07246376811594203,0.15579710144927536,0.15579710144927536,SEA-ORD,SEA-ORD_UA,SEA-ORD_UA_Q4,2023Q4,ORD-SEA
2024,1,ATL,DEN,DL,4351.0,1289,262.87941852447716,19439.183022484198,primary,214723.0,247799.0,1418.0,1431.0,0.866520849559522,13.0,0.9909154437456325,0.15185185185185185,0.18081180811808117,0.014814814814814815,0.014760147601476014,0.08333333333333333,0.09778597785977859,ATL-DEN,ATL-DEN_DL,ATL-DEN_DL_Q1,2024Q1,ATL-DEN
2024,1,ATL,DEN,UA,1115.0,707,245.02980269058295,14411.348740230118,primary,214723.0,247799.0,1418.0,1431.0,0.866520849559522,13.0,0.9909154437456325,0.15185185185185185,0.18081180811808117,0.014814814814814815,0.014760147601476014,0.08333333333333333,0.09778597785977859,ATL-DEN,ATL-DEN_UA,ATL-DEN_UA_Q1,2024Q1,ATL-DEN
2024,1,ATL,DEN,WN,1928.0,1086,173.20921161825726,8725.73585477265,primary,214723.0,247799.0,1418.0,1431.0,0.866520849559522,13.0,0.9909154437456325,0.15185185185185185,0.18081180811808117,0.014814814814814815,0.014760147601476014,0.08333333333333333,0.09778597785977859,ATL-DEN,ATL-DEN_WN,ATL-DEN_WN_Q1,2024Q1,ATL-DEN
2024,1,ATL,DFW,AA,3675.0,1247,251.93424217687073,14892.769824643394,primary,215466.0,263803.0,1474.0,1490.0,0.8167685735188758,16.0,0.9892617449664429,0.15185185185185185,0.18081180811808117,0.06666666666666667,0.1070110701107011,0.10925925925925925,0.14391143911439114,ATL-DFW,ATL-DFW_AA,ATL-DFW_AA_Q1,2024Q1,ATL-DFW
2024,1,ATL,DFW,DL,3917.0,1730,276.20057186622415,16360.82103526144,primary,215466.0,263803.0,1474.0,1490.0,0.8167685735188758,16.0,0.9892617449664429,0.15185185185185185,0.18081180811808117,0.06666666666666667,0.1070110701107011,0.10925925925925925,0.14391143911439114,ATL-DFW,ATL-DFW_DL,ATL-DFW_DL_Q1,2024Q1,ATL-DFW
2024,1,ATL,JFK,DL,3025.0,979,200.49685950413223,11407.028923691003,primary,101583.0,124216.0,731.0,727.0,0.8177931989437753,-4.0,1.0055020632737277,0.15185185185185185,0.18081180811808117,0.10740740740740741,0.12177121771217712,0.12962962962962962,0.15129151291512916,ATL-JFK,ATL-JFK_DL,ATL-JFK_DL_Q1,2024Q1,ATL-JFK
2024,1,ATL,LAX,AA,1039.0,561,309.7299615014437,26515.53136092247,primary,216291.0,247015.0,1163.0,1163.0,0.875618889541121,0.0,1.0,0.15185185185185185,0.18081180811808117,0.07037037037037037,0.033210332103321034,0.1111111111111111,0.1070110701107011,ATL-LAX,ATL-LAX_AA,ATL-LAX_AA_Q1,2024Q1,ATL-LAX
2024,1,ATL,LAX,DL,5523.0,1922,439.4381658518921,97339.97640740903,primary,216291.0,247015.0,1163.0,1163.0,0.875618889541121,0.0,1.0,0.15185185185185185,0.18081180811808117,0.07037037037037037,0.033210332103321034,0.1111111111111111,0.1070110701107011,ATL-LAX,ATL-LAX_DL,ATL-LAX_DL_Q1,2024Q1,ATL-LAX
2024,1,ATL,LAX,WN,116.0,101,228.83086206896553,6351.308390636135,primary,216291.0,247015.0,1163.0,1163.0,0.875618889541121,0.0,1.0,0.15185185185185185,0.18081180811808117,0.07037037037037037,0.033210332103321034,0.1111111111111111,0.1070110701107011,ATL-LAX,ATL-LAX_WN,ATL-LAX_WN_Q1,2024Q1,ATL-LAX
2024,1,ATL,ORD,AA,317.0,218,187.4640378548896,13658.36500325409,primary,166232.0,208688.0,1275.0,1285.0,0.7965575404431496,10.0,0.9922178988326849,0.15185185185185185,0.18081180811808117,0.08518518518518518,0.08118081180811808,0.11851851851851852,0.13099630996309963,ATL-ORD,ATL-ORD_AA,ATL-ORD_AA_Q1,2024Q1,ATL-ORD
2024,1,ATL,ORD,DL,3769.0,1512,232.5510612894667,15941.13497345578,primary,166232.0,208688.0,1275.0,1285.0,0.7965575404431496,10.0,0.9922178988326849,0.15185185185185185,0.18081180811808117,0.08518518518518518,0.08118081180811808,0.11851851851851852,0.13099630996309963,ATL-ORD,ATL-ORD_DL,ATL-ORD_DL_Q1,2024Q1,ATL-ORD
2024,1,ATL,ORD,UA,2289.0,1003,219.41334643949324,13584.005933493354,primary,166232.0,208688.0,1275.0,1285.0,0.7965575404431496,10.0,0.9922178988326849,0.15185185185185185,0.18081180811808117,0.08518518518518518,0.08118081180811808,0.11851851851851852,0.13099630996309963,ATL-ORD,ATL-ORD_UA,ATL-ORD_UA_Q1,2024Q1,ATL-ORD
2024,1,ATL,SEA,DL,2093.0,900,353.33805542283807,39889.51830883206,primary,111332.0,130907.0,679.0,696.0,0.850466361615498,17.0,0.9755747126436781,0.15185185185185185,0.18081180811808117,0.16666666666666666,0.2066420664206642,0.15925925925925927,0.19372693726937268,ATL-SEA,ATL-SEA_DL,ATL-SEA_DL_Q1,2024Q1,ATL-SEA
2024,1,DEN,ATL,DL,4302.0,1270,268.6421338912134,21003.760580104805,primary,210711.0,249172.0,1439.0,1451.0,0.8456447754964442,12.0,0.9917298414886285,0.014814814814814815,0.014760147601476014,0.15185185185185185,0.18081180811808117,0.08333333333333333,0.09778597785977859,DEN-ATL,DEN-ATL_DL,DEN-ATL_DL_Q1,2024Q1,ATL-DEN
2024,1,DEN,ATL,UA,1223.0,754,248.55623058053968,15477.031235096452,primary,210711.0,249172.0,1439.0,1451.0,0.8456447754964442,12.0,0.9917298414886285,0.014814814814814815,0.014760147601476014,0.15185185185185185,0.18081180811808117,0.08333333333333333,0.09778597785977859,DEN-ATL,DEN-ATL_UA,DEN-ATL_UA_Q1,2024Q1,ATL-DEN
2024,1,DEN,ATL,WN,2005.0,1108,176.22197506234414,9031.490984228807,primary,210711.0,249172.0,1439.0,1451.0,0.8456447754964442,12.0,0.9917298414886285,0.014814814814814815,0.014760147601476014,0.15185185185185185,0.18081180811808117,0.08333333333333333,0.09778597785977859,DEN-ATL,DEN-ATL_WN,DEN-ATL_WN_Q1,2024Q1,ATL-DEN
2024,1,DEN,DFW,AA,3813.0,1364,232.2714686598479,16001.01567337411,primary,205895.0,250889.0,1464.0,1484.0,0.8206617268991466,20.0,0.9865229110512129,0.014814814814814815,0.014760147601476014,0.06666666666666667,0.1070110701107011,0.040740740740740744,0.060885608856088555,DEN-DFW,DEN-DFW_AA,DEN-DFW_AA_Q1,2024Q1,DEN-DFW
2024,1,DEN,DFW,UA,1771.0,970,236.15965556182948,13162.176654822077,primary,205895.0,250889.0,1464.0,1484.0,0.8206617268991466,20.0,0.9865229110512129,0.014814814814814815,0.014760147601476014,0.06666666666666667,0.1070110701107011,0.040740740740740744,0.060885608856088555,DEN-DFW,DEN-DFW_UA,DEN-DFW_UA_Q1,2024Q1,DEN-DFW
2024,1,DEN,JFK,DL,1839.0,824,256.1064382816748,23555.036769424027,primary,40254.0,55076.0,305.0,307.0,0.7308809644854383,2.0,0.993485342019544,0.014814814814814815,0.014760147601476014,0.10740740740740741,0.12177121771217712,0.061111111111111116,0.06826568265682657,DEN-JFK,DEN-JFK_DL,DEN-JFK_DL_Q1,2024Q1,DEN-JFK
2024,1,DEN,LAX,DL,1401.0,641,203.35493219129194,11549.33640615172,primary,220728.0,275940.0,1721.0,1764.0,0.7999130245705588,43.0,0.9756235827664399,0.014814814814814815,0.014760147601476014,0.07037037037037037,0.033210332103321034,0.0425925925925926,0.023985239852398525,DEN-LAX,DEN-LAX_DL,DEN-LAX_DL_Q1,2024Q1,DEN-LAX
2024,1,DEN,LAX,UA,4076.0,1375,216.38932286555448,12159.088280895754,primary,220728.0,275940.0,1721.0,1764.0,0.7999130245705588,43.0,0.9756235827664399,0.014814814814814815,0.014760147601476014,0.07037037037037037,0.033210332103321034,0.0425925925925926,0.023985239852398525,DEN-LAX,DEN-LAX_UA,DEN-LAX_UA_Q1,2024Q1,DEN-LAX
2024,1,DEN,LAX,WN,3128.0,1196,158.15828644501278,7711.000594442248,primary,220728.0,275940.0,1721.0,1764.0,0.7999130245705588,43.0,0.9756235827664399,0.014814814814814815,0.014760147601476014,0.07037037037037037,0.033210332103321034,0.0425925925925926,0.023985239852398525,DEN-LAX,DEN-LAX_WN,DEN-LAX_WN_Q1,2024Q1,DEN-LAX
2024,1,DEN,ORD,AA,1024.0,518,203.430537109375,12857.142577348233,primary,211100.0,266800.0,1436.0,1473.0,0.7912293853073463,37.0,0.9748811948404617,0.014814814814814815,0.014760147601476014,0.08518518518518518,0.08118081180811808,0.05,0.047970479704797044,DEN-ORD,DEN-ORD_AA,DEN-ORD_AA_Q1,2024Q1,DEN-ORD
2024,1,DEN,ORD,UA,5334.0,1616,219.04289276340458,10734.781381039495,primary,211100.0,266800.0,1436.0,1473.0,0.7912293853073463,37.0,0.9748811948404617,0.014814814814814815,0.014760147601476014,0.08518518518518518,0.08118081180811808,0.05,0.047970479704797044,DEN-ORD,DEN-ORD_UA,DEN-ORD_UA_Q1,2024Q1,DEN-ORD
2024,1,DEN,ORD,WN,2526.0,1131,144.85253760886778,5281.552619807571,primary,211100.0,266800.0,1436.0,1473.0,0.7912293853073463,37.0,0.9748811948404617,0.014814814814814815,0.014760147601476014,0.08518518518518518,0.08118081180811808,0.05,0.047970479704797044,DEN-ORD,DEN-ORD_WN,DEN-ORD_WN_Q1,2024Q1,DEN-ORD
2024,1,DEN,SEA,DL,1383.0,526,175.82804049168473,8266.435586688174,primary,188559.0,227822.0,1399.0,1426.0,0.8276593129724082,27.0,0.9810659186535764,0.014814814814814815,0.014760147601476014,0.16666666666666666,0.2066420664206642,0.09074074074074073,0.11070110701107011,DEN-SEA,DEN-SEA_DL,DEN-SEA_DL_Q1,2024Q1,DEN-SEA
2024,1,DEN,SEA,UA,1983.0,867,193.83476550680788,8686.483031097297,primary,188559.0,227822.0,1399.0,1426.0,0.8276593129724082,27.0,0.9810659186535764,0.014814814814814815,0.014760147601476014,0.16666666666666666,0.2066420664206642,0.09074074074074073,0.11070110701107011,DEN-SEA,DEN-SEA_UA,DEN-SEA_UA_Q1,2024Q1,DEN-SEA
2024,1,DEN,SEA,WN,1504.0,768,145.3009375,6974.378860357796,primary,188559.0,227822.0,1399.0,1426.0,0.8276593129724082,27.0,0.9810659186535764,0.014814814814814815,0.014760147601476014,0.16666666666666666,0.2066420664206642,0.09074074074074073,0.11070110701107011,DEN-SEA,DEN-SEA_WN,DEN-SEA_WN_Q1,2024Q1,DEN-SEA
2024,1,DFW,ATL,AA,3691.0,1220,244.1657924681658,11670.96084360798,primary,215394.0,266049.0,1488.0,1496.0,0.8096027423519727,8.0,0.9946524064171123,0.06666666666666667,0.1070110701107011,0.15185185185185185,0.18081180811808117,0.10925925925925925,0.14391143911439114,DFW-ATL,DFW-ATL_AA,DFW-ATL_AA_Q1,2024Q1,ATL-DFW
2024,1,DFW,ATL,DL,3877.0,1714,281.0327031209698,16893.301214565727,primary,215394.0,266049.0,1488.0,1496.0,0.8096027423519727,8.0,0.9946524064171123,0.06666666666666667,0.1070110701107011,0.15185185185185185,0.18081180811808117,0.10925925925925925,0.14391143911439114,DFW-ATL,DFW-ATL_DL,DFW-ATL_DL_Q1,2024Q1,ATL-DFW
2024,1,DFW,DEN,AA,3899.0,1343,220.56048217491664,12197.363154935498,primary,211759.0,251254.0,1477.0,1493.0,0.8428084727009322,16.0,0.9892833221701273,0.06666666666666667,0.1070110701107011,0.014814814814814815,0.014760147601476014,0.040740740740740744,0.060885608856088555,DFW-DEN,DFW-DEN_AA,DFW-DEN_AA_Q1,2024Q1,DEN-DFW
2024,1,DFW,DEN,UA,1712.0,947,235.97020443925234,12505.107671395119,primary,211759.0,251254.0,1477.0,1493.0,0.8428084727009322,16.0,0.9892833221701273,0.06666666666666667,0.1070110701107011,0.014814814814814815,0.014760147601476014,0.040740740740740744,0.060885608856088555,DFW-DEN,DFW-DEN_UA,DFW-DEN_UA_Q1,2024Q1,DEN-DFW
2024,1,DFW,JFK,AA,1002.0,571,260.4265269461078,30777.72935640096,primary,52313.0,66541.0,451.0,456.0,0.7861769435385701,5.0,0.9890350877192983,0.06666666666666667,0.1070110701107011,0.10740740740740741,0.12177121771217712,0.08703703703703704,0.11439114391143912,DFW-JFK,DFW-JFK_AA,DFW-JFK_AA_Q1,2024Q1,DFW-JFK
2024,1,DFW,JFK,DL,811.0,541,239.33125770653513,18344.58976142681,primary,52313.0,66541.0,451.0,456.0,0.7861769435385701,5.0,0.9890350877192983,0.06666666666666667,0.1070110701107011,0.10740740740740741,0.12177121771217712,0.08703703703703704,0.11439114391143912,DFW-JFK,DFW-JFK_DL,DFW-JFK_DL_Q1,2024Q1,DFW-JFK
2024,1,DFW,LAX,AA,5329.0,1685,317.2234621880278,37085.820140105585,primary,244438.0,306648.0,1608.0,1613.0,0.7971289556755629,5.0,0.9969001859888407,0.06666666666666667,0.1070110701107011,0.07037037037037037,0.033210332103321034,0.06851851851851852,0.07011070110701106,DFW-LAX,DFW-LAX_AA,DFW-LAX_AA_Q1,2024Q1,DFW-LAX
2024,1,DFW,LAX,DL,778.0,484,265.8039845758355,20073.22353219513,primary,244438.0,306648.0,1608.0,1613.0,0.7971289556755629,5.0,0.9969001859888407,0.06666666666666667,0.1070110701107011,0.07037037037037037,0.033210332103321034,0.06851851851851852,0.07011070110701106,DFW-LAX,DFW-LAX_DL,DFW-LAX_DL_Q1,2024Q1,DFW-LAX
2024,1,DFW,ORD,AA,5124.0,1712,262.1196448087432,16429.722777586547,primary,194488.0,237816.0,1379.0,1397.0,0.8178087260739395,18.0,0.9871152469577666,0.06666666666666667,0.1070110701107011,0.08518518518518518,0.08118081180811808,0.07592592592592592,0.0940959409594096,DFW-ORD,DFW-ORD_AA,DFW-ORD_AA_Q1,2024Q1,DFW-ORD
2024,1,DFW,ORD,UA,3015.0,1145,243.25344610281925,10276.7373786053,primary,194488.0,237816.0,1379.0,1397.0,0.8178087260739395,18.0,0.9871152469577666,0.06666666666666667,0.1070110701107011,0.08518518518518518,0.08118081180811808,0.07592592592592592,0.0940959409594096,DFW-ORD,DFW-ORD_UA,DFW-ORD_UA_Q1,2024Q1,DFW-ORD
2024,1,DFW,SEA,AA,2526.0,1036,291.93090261282657,24630.280508053067,primary,146459.0,172012.0,930.0,960.0,0.8514464107155315,30.0,0.96875,0.06666666666666667,0.1070110701107011,0.16666666666666666,0.2066420664206642,0.11666666666666667,0.15682656826568264,DFW-SEA,DFW-SEA_AA,DFW-SEA_AA_Q1,2024Q1,DFW-SEA
2024,1,JFK,ATL,DL,3010.0,973,204.30203322259135,11978.978410949072,primary,101621.0,125739.0,736.0,730.0,0.8081899808333135,-6.0,1.0082191780821919,0.10740740740740741,0.12177121771217712,0.15185185185185185,0.18081180811808117,0.12962962962962962,0.15129151291512916,JFK-ATL,JFK-ATL_DL,JFK-ATL_DL_Q1,2024Q1,ATL-JFK
2024,1,JFK,DEN,DL,1988.0,838,252.84597585513077,24083.768838534634,primary,40829.0,55068.0,305.0,307.0,0.7414287789641897,2.0,0.993485342019544,0.10740740740740741,0.12177121771217712,0.014814814814814815,0.014760147601476014,0.061111111111111116,0.06826568265682657,JFK-DEN,JFK-DEN_DL,JFK-DEN_DL_Q1,2024Q1,DEN-JFK
2024,1,JFK,DFW,AA,997.0,572,265.2785255767302,31423.402533733795,primary,52761.0,65989.0,447.0,453.0,0.7995423479670855,6.0,0.9867549668874173,0.10740740740740741,0.12177121771217712,0.06666666666666667,0.1070110701107011,0.08703703703703704,0.11439114391143912,JFK-DFW,JFK-DFW_AA,JFK-DFW_AA_Q1,2024Q1,DFW-JFK
2024,1,JFK,DFW,DL,887.0,573,248.50010146561442,21456.85082084653,primary,52761.0,65989.0,447.0,453.0,0.7995423479670855,6.0,0.9867549668874173,0.10740740740740741,0.12177121771217712,0.06666666666666667,0.1070110701107011,0.08703703703703704,0.11439114391143912,JFK-DFW,JFK-DFW_DL,JFK-DFW_DL_Q1,2024Q1,DFW-JFK
2024,1,JFK,LAX,AA,4737.0,1948,512.6562909014144,191719.3833263946,primary,309611.0,358757.0,2258.0,2261.0,0.8630103384742318,3.0,0.9986731534719151,0.10740740740740741,0.12177121771217712,0.07037037037037037,0.033210332103321034,0.08888888888888889,0.07749077490774908,JFK-LAX,JFK-LAX_AA,JFK-LAX_AA_Q1,2024Q1,JFK-LAX
2024,1,JFK,LAX,DL,9891.0,2857,441.22583358608836,149037.38838748384,primary,309611.0,358757.0,2258.0,2261.0,0.8630103384742318,3.0,0.9986731534719151,0.10740740740740741,0.12177121771217712,0.07037037037037037,0.033210332103321034,0.08888888888888889,0.07749077490774908,JFK-LAX,JFK-LAX_DL,JFK-LAX_DL_Q1,2024Q1,JFK-LAX
2024,1,JFK,ORD,AA,918.0,453,170.34027233115467,8203.671800470504,primary,48028.0,64950.0,612.0,615.0,0.7394611239414934,3.0,0.9951219512195122,0.10740740740740741,0.12177121771217712,0.08518518518518518,0.08118081180811808,0.0962962962962963,0.1014760147601476,JFK-ORD,JFK-ORD_AA,JFK-ORD_AA_Q1,2024Q1,JFK-ORD
2024,1,JFK,SEA,DL,2480.0,1128,309.8374233870968,56863.31183001428,primary,87972.0,102225.0,564.0,590.0,0.8605722670579604,26.0,0.9559322033898305,0.10740740740740741,0.12177121771217712,0.16666666666666666,0.2066420664206642,0.13703703703703704,0.16420664206642066,JFK-SEA,JFK-SEA_DL,JFK-SEA_DL_Q1,2024Q1,JFK-SEA
2024,1,LAX,ATL,AA,1119.0,605,312.54730116175153,29191.290322653746,primary,221525.0,247043.0,1164.0,1164.0,0.8967062414235578,0.0,1.0,0.07037037037037037,0.033210332103321034,0.15185185185185185,0.18081180811808117,0.1111111111111111,0.1070110701107011,LAX-ATL,LAX-ATL_AA,LAX-ATL_AA_Q1,2024Q1,ATL-LAX
2024,1,LAX,ATL,DL,5504.0,1945,445.1904487645349,96330.46734055076,primary,221525.0,247043.0,1164.0,1164.0,0.8967062414235578,0.0,1.0,0.07037037037037037,0.033210332103321034,0.15185185185185185,0.18081180811808117,0.1111111111111111,0.1070110701107011,LAX-ATL,LAX-ATL_DL,LAX-ATL_DL_Q1,2024Q1,ATL-LAX
2024,1,LAX,ATL,WN,162.0,132,222.74055555555557,6619.055059567894,primary,221525.0,247043.0,1164.0,1164.0,0.8967062414235578,0.0,1.0,0.07037037037037037,0.033210332103321034,0.15185185185185185,0.18081180811808117,0.1111111111111111,0.1070110701107011,LAX-ATL,LAX-ATL_WN,LAX-ATL_WN_Q1,2024Q1,ATL-LAX
2024,1,LAX,DEN,DL,1521.0,660,206.9847863247863,11274.979206413918,primary,215244.0,269480.0,1689.0,1735.0,0.7987383108208401,46.0,0.9734870317002882,0.07037037037037037,0.033210332103321034,0.014814814814814815,0.014760147601476014,0.0425925925925926,0.023985239852398525,LAX-DEN,LAX-DEN_DL,LAX-DEN_DL_Q1,2024Q1,DEN-LAX
2024,1,LAX,DEN,UA,4118.0,1446,217.19588878096164,12587.340316439302,primary,215244.0,269480.0,1689.0,1735.0,0.7987383108208401,46.0,0.9734870317002882,0.07037037037037037,0.033210332103321034,0.014814814814814815,0.014760147601476014,0.0425925925925926,0.023985239852398525,LAX-DEN,LAX-DEN_UA,LAX-DEN_UA_Q1,2024Q1,DEN-LAX
2024,1,LAX,DEN,WN,3065.0,1195,155.73293637846658,7377.972044754511,primary,215244.0,269480.0,1689.0,1735.0,0.7987383108208401,46.0,0.9734870317002882,0.07037037037037037,0.033210332103321034,0.014814814814814815,0.014760147601476014,0.0425925925925926,0.023985239852398525,LAX-DEN,LAX-DEN_WN,LAX-DEN_WN_Q1,2024Q1,DEN-LAX
2024,1,LAX,DFW,AA,5149.0,1694,318.6179374635852,38988.60287750939,primary,253521.0,307074.0,1606.0,1608.0,0.8256022978174642,2.0,0.9987562189054726,0.07037037037037037,0.033210332103321034,0.06666666666666667,0.1070110701107011,0.06851851851851852,0.07011070110701106,LAX-DFW,LAX-DFW_AA,LAX-DFW_AA_Q1,2024Q1,DFW-LAX
2024,1,LAX,DFW,DL,983.0,567,268.9954526958291,21039.896709840847,primary,253521.0,307074.0,1606.0,1608.0,0.8256022978174642,2.0,0.9987562189054726,0.07037037037037037,0.033210332103321034,0.06666666666666667,0.1070110701107011,0.06851851851851852,0.07011070110701106,LAX-DFW,LAX-DFW_DL,LAX-DFW_DL_Q1,2024Q1,DFW-LAX
2024,1,LAX,JFK,AA,4902.0,1936,527.193494492044,193431.06147989386,primary,312338.0,357700.0,2252.0,2260.0,0.8731842325971485,8.0,0.9964601769911504,0.07037037037037037,0.033210332103321034,0.10740740740740741,0.12177121771217712,0.08888888888888889,0.07749077490774908,LAX-JFK,LAX-JFK_AA,LAX-JFK_AA_Q1,2024Q1,JFK-LAX
2024,1,LAX,JFK,DL,9726.0,2846,450.2928470080198,152669.62884175056,primary,312338.0,357700.0,2252.0,2260.0,0.8731842325971485,8.0,0.9964601769911504,0.07037037037037037,0.033210332103321034,0.10740740740740741,0.12177121771217712,0.08888888888888889,0.07749077490774908,LAX-JFK,LAX-JFK_DL,LAX-JFK_DL_Q1,2024Q1,JFK-LAX
2024,1,LAX,ORD,AA,5052.0,1534,276.50465756136185,32948.86302171566,primary,245488.0,287500.0,1476.0,1510.0,0.8538713043478261,34.0,0.9774834437086093,0.07037037037037037,0.033210332103321034,0.08518518518518518,0.08118081180811808,0.07777777777777778,0.05719557195571956,LAX-ORD,LAX-ORD_AA,LAX-ORD_AA_Q1,2024Q1,LAX-ORD
2024,1,LAX,ORD,UA,6452.0,2106,294.7367498450093,30949.617421566072,primary,245488.0,287500.0,1476.0,1510.0,0.8538713043478261,34.0,0.9774834437086093,0.07037037037037037,0.033210332103321034,0.08518518518518518,0.08118081180811808,0.07777777777777778,0.05719557195571956,LAX-ORD,LAX-ORD_UA,LAX-ORD_UA_Q1,2024Q1,LAX-ORD
2024,1,LAX,SEA,DL,3340.0,984,214.10037724550898,14366.875270696008,primary,209005.0,250881.0,1604.0,1647.0,0.8330842112395916,43.0,0.9738919247115968,0.07037037037037037,0.033210332103321034,0.16666666666666666,0.2066420664206642,0.11851851851851852,0.11992619926199262,LAX-SEA,LAX-SEA_DL,LAX-SEA_DL_Q1,2024Q1,LAX-SEA
2024,1,LAX,SEA,UA,1880.0,796,157.96590957446807,7861.373259810978,primary,209005.0,250881.0,1604.0,1647.0,0.8330842112395916,43.0,0.9738919247115968,0.07037037037037037,0.033210332103321034,0.16666666666666666,0.2066420664206642,0.11851851851851852,0.11992619926199262,LAX-SEA,LAX-SEA_UA,LAX-SEA_UA_Q1,2024Q1,LAX-SEA
2024,1,LAX,SEA,WN,61.0,56,160.52704918032785,6077.058768341849,primary,209005.0,250881.0,1604.0,1647.0,0.8330842112395916,43.0,0.9738919247115968,0.07037037037037037,0.033210332103321034,0.16666666666666666,0.2066420664206642,0.11851851851851852,0.11992619926199262,LAX-SEA,LAX-SEA_WN,LAX-SEA_WN_Q1,2024Q1,LAX-SEA
2024,1,ORD,ATL,AA,422.0,257,199.9145497630332,14859.825147072166,primary,163702.0,208264.0,1275.0,1282.0,0.7860311911804249,7.0,0.9945397815912637,0.08518518518518518,0.08118081180811808,0.15185185185185185,0.18081180811808117,0.11851851851851852,0.13099630996309963,ORD-ATL,ORD-ATL_AA,ORD-ATL_AA_Q1,2024Q1,ATL-ORD
2024,1,ORD,ATL,DL,3594.0,1482,231.2880244852532,16334.127009675525,primary,163702.0,208264.0,1275.0,1282.0,0.7860311911804249,7.0,0.9945397815912637,0.08518518518518518,0.08118081180811808,0.15185185185185185,0.18081180811808117,0.11851851851851852,0.13099630996309963,ORD-ATL,ORD-ATL_DL,ORD-ATL_DL_Q1,2024Q1,ATL-ORD
2024,1,ORD,ATL,UA,2436.0,1058,217.8620566502463,13114.798437765268,primary,163702.0,208264.0,1275.0,1282.0,0.7860311911804249,7.0,0.9945397815912637,0.08518518518518518,0.08118081180811808,0.15185185185185185,0.18081180811808117,0.11851851851851852,0.13099630996309963,ORD-ATL,ORD-ATL_UA,ORD-ATL_UA_Q1,2024Q1,ATL-ORD
2024,1,ORD,DEN,AA,1194.0,572,192.50635678391959,11533.668501048582,primary,207443.0,262824.0,1426.0,1479.0,0.7892848446108423,53.0,0.9641649763353617,0.08518518518518518,0.08118081180811808,0.014814814814814815,0.014760147601476014,0.05,0.047970479704797044,ORD-DEN,ORD-DEN_AA,ORD-DEN_AA_Q1,2024Q1,DEN-ORD
2024,1,ORD,DEN,UA,5098.0,1613,218.68873479795997,10706.869172840234,primary,207443.0,262824.0,1426.0,1479.0,0.7892848446108423,53.0,0.9641649763353617,0.08518518518518518,0.08118081180811808,0.014814814814814815,0.014760147601476014,0.05,0.047970479704797044,ORD-DEN,ORD-DEN_UA,ORD-DEN_UA_Q1,2024Q1,DEN-ORD
2024,1,ORD,DEN,WN,2465.0,1116,144.63584989858012,5533.813541275642,primary,207443.0,262824.0,1426.0,1479.0,0.7892848446108423,53.0,0.9641649763353617,0.08518518518518518,0.08118081180811808,0.014814814814814815,0.014760147601476014,0.05,0.047970479704797044,ORD-DEN,ORD-DEN_WN,ORD-DEN_WN_Q1,2024Q1,DEN-ORD
2024,1,ORD,DFW,AA,5239.0,1750,264.1367627409811,16897.078992192415,primary,200775.0,238223.0,1378.0,1395.0,0.8428027520432536,17.0,0.9878136200716846,0.08518518518518518,0.08118081180811808,0.06666666666666667,0.1070110701107011,0.07592592592592592,0.0940959409594096,ORD-DFW,ORD-DFW_AA,ORD-DFW_AA_Q1,2024Q1,DFW-ORD
2024,1,ORD,DFW,UA,3010.0,1162,241.57677408637872,10309.169133480536,primary,200775.0,238223.0,1378.0,1395.0,0.8428027520432536,17.0,0.9878136200716846,0.08518518518518518,0.08118081180811808,0.06666666666666667,0.1070110701107011,0.07592592592592592,0.0940959409594096,ORD-DFW,ORD-DFW_UA,ORD-DFW_UA_Q1,2024Q1,DFW-ORD
2024,1,ORD,JFK,AA,1050.0,481,162.14882857142857,8326.812231484899,primary,47330.0,64811.0,612.0,617.0,0.7302772677477589,5.0,0.9918962722852512,0.08518518518518518,0.08118081180811808,0.10740740740740741,0.12177121771217712,0.0962962962962963,0.1014760147601476,ORD-JFK,ORD-JFK_AA,ORD-JFK_AA_Q1,2024Q1,JFK-ORD
2024,1,ORD,JFK,DL,90.0,83,199.33966666666666,10142.331578777783,primary,47330.0,64811.0,612.0,617.0,0.7302772677477589,5.0,0.9918962722852512,0.08518518518518518,0.08118081180811808,0.10740740740740741,0.12177121771217712,0.0962962962962963,0.1014760147601476,ORD-JFK,ORD-JFK_DL,ORD-JFK_DL_Q1,2024Q1,JFK-ORD
2024,1,ORD,LAX,AA,5006.0,1521,269.33766679984024,32068.68094285819,primary,244304.0,293017.0,1486.0,1516.0,0.8337536729950822,30.0,0.9802110817941952,0.08518518518518518,0.08118081180811808,0.07037037037037037,0.033210332103321034,0.07777777777777778,0.05719557195571956,ORD-LAX,ORD-LAX_AA,ORD-LAX_AA_Q1,2024Q1,LAX-ORD
2024,1,ORD,LAX,UA,6504.0,2129,286.4006918819188,29559.1392151732,primary,244304.0,293017.0,1486.0,1516.0,0.8337536729950822,30.0,0.9802110817941952,0.08518518518518518,0.08118081180811808,0.07037037037037037,0.033210332103321034,0.07777777777777778,0.05719557195571956,ORD-LAX,ORD-LAX_UA,ORD-LAX_UA_Q1,2024Q1,LAX-ORD
2024,1,ORD,SEA,AA,331.0,223,235.69344410876133,19960.307537382832,primary,116949.0,132106.0,808.0,832.0,0.8852663770002877,24.0,0.9711538461538461,0.08518518518518518,0.08118081180811808,0.16666666666666666,0.2066420664206642,0.1259259259259259,0.14391143911439114,ORD-SEA,ORD-SEA_AA,ORD-SEA_AA_Q1,2024Q1,ORD-SEA
2024,1,ORD,SEA,DL,992.0,540,214.1333064516129,14643.473476567378,primary,116949.0,132106.0,808.0,832.0,0.8852663770002877,24.0,0.9711538461538461,0.08518518518518518,0.08118081180811808,0.16666666666666666,0.2066420664206642,0.1259259259259259,0.14391143911439114,ORD-SEA,ORD-SEA_DL,ORD-SEA_DL_Q1,2024Q1,ORD-SEA
2024,1,ORD,SEA,UA,1597.0,864,237.19627426424546,15864.952810351824,primary,116949.0,132106.0,808.0,832.0,0.8852663770002877,24.0,0.9711538461538461,0.08518518518518518,0.08118081180811808,0.16666666666666666,0.2066420664206642,0.1259259259259259,0.14391143911439114,ORD-SEA,ORD-SEA_UA,ORD-SEA_UA_Q1,2024Q1,ORD-SEA
2024,1,SEA,ATL,DL,2074.0,920,356.04641272902603,39339.330042676316,primary,110425.0,130976.0,679.0,700.0,0.8430933911556315,21.0,0.97,0.16666666666666666,0.2066420664206642,0.15185185185185185,0.18081180811808117,0.15925925925925927,0.19372693726937268,SEA-ATL,SEA-ATL_DL,SEA-ATL_DL_Q1,2024Q1,ATL-SEA
2024,1,SEA,DEN,DL,1483.0,522,176.58292650033715,9443.16347693796,primary,178148.0,223556.0,1384.0,1426.0,0.7968831075882553,42.0,0.97054698457223,0.16666666666666666,0.2066420664206642,0.014814814814814815,0.014760147601476014,0.09074074074074073,0.11070110701107011,SEA-DEN,SEA-DEN_DL,SEA-DEN_DL_Q1,2024Q1,DEN-SEA
2024,1,SEA,DEN,UA,1920.0,833,188.34039583333333,8158.550702239147,primary,178148.0,223556.0,1384.0,1426.0,0.7968831075882553,42.0,0.97054698457223,0.16666666666666666,0.2066420664206642,0.014814814814814815,0.014760147601476014,0.09074074074074073,0.11070110701107011,SEA-DEN,SEA-DEN_UA,SEA-DEN_UA_Q1,2024Q1,DEN-SEA
2024,1,SEA,DEN,WN,1536.0,766,146.28160807291667,6774.613680291706,primary,178148.0,223556.0,1384.0,1426.0,0.7968831075882553,42.0,0.97054698457223,0.16666666666666666,0.2066420664206642,0.014814814814814815,0.014760147601476014,0.09074074074074073,0.11070110701107011,SEA-DEN,SEA-DEN_WN,SEA-DEN_WN_Q1,2024Q1,DEN-SEA
2024,1,SEA,DFW,AA,2545.0,1045,296.89853831041256,26417.82708477901,primary,144726.0,171041.0,926.0,955.0,0.8461479996024345,29.0,0.9696335078534032,0.16666666666666666,0.2066420664206642,0.06666666666666667,0.1070110701107011,0.11666666666666667,0.15682656826568264,SEA-DFW,SEA-DFW_AA,SEA-DFW_AA_Q1,2024Q1,DFW-SEA
2024,1,SEA,JFK,DL,2414.0,1121,309.50558409279205,57301.712085884996,primary,87611.0,101167.0,559.0,593.0,0.8660037363962557,34.0,0.9426644182124789,0.16666666666666666,0.2066420664206642,0.10740740740740741,0.12177121771217712,0.13703703703703704,0.16420664206642066,SEA-JFK,SEA-JFK_DL,SEA-JFK_DL_Q1,2024Q1,JFK-SEA
2024,1,SEA,LAX,DL,3350.0,972,212.6885343283582,13578.805745821963,primary,208562.0,250409.0,1600.0,1639.0,0.8328853994864401,39.0,0.9762050030506406,0.16666666666666666,0.2066420664206642,0.07037037037037037,0.033210332103321034,0.11851851851851852,0.11992619926199262,SEA-LAX,SEA-LAX_DL,SEA-LAX_DL_Q1,2024Q1,LAX-SEA
2024,1,SEA,LAX,UA,1800.0,757,150.43875,6852.678255604165,primary,208562.0,250409.0,1600.0,1639.0,0.8328853994864401,39.0,0.9762050030506406,0.16666666666666666,0.2066420664206642,0.07037037037037037,0.033210332103321034,0.11851851851851852,0.11992619926199262,SEA-LAX,SEA-LAX_UA,SEA-LAX_UA_Q1,2024Q1,LAX-SEA
2024,1,SEA,ORD,AA,504.0,278,240.26926587301588,23820.875155215013,primary,115323.0,132733.0,811.0,842.0,0.8688344270076017,31.0,0.9631828978622328,0.16666666666666666,0.2066420664206642,0.08518518518518518,0.08118081180811808,0.1259259259259259,0.14391143911439114,SEA-ORD,SEA-ORD_AA,SEA-ORD_AA_Q1,2024Q1,ORD-SEA
2024,1,SEA,ORD,DL,1038.0,559,218.02456647398844,18808.24450881975,primary,115323.0,132733.0,811.0,842.0,0.8688344270076017,31.0,0.9631828978622328,0.16666666666666666,0.2066420664206642,0.08518518518518518,0.08118081180811808,0.1259259259259259,0.14391143911439114,SEA-ORD,SEA-ORD_DL,SEA-ORD_DL_Q1,2024Q1,ORD-SEA
2024,1,SEA,ORD,UA,1550.0,861,235.6668387096774,18111.28439568368,primary,115323.0,132733.0,811.0,842.0,0.8688344270076017,31.0,0.9631828978622328,0.16666666666666666,0.2066420664206642,0.08518518518518518,0.08118081180811808,0.1259259259259259,0.14391143911439114,SEA-ORD,SEA-ORD_UA,SEA-ORD_UA_Q1,2024Q1,ORD-SEA
2024,1,ATL,DEN,DL,700.0,192,287.2442857142857,30304.584610204096,one_way,214723.0,247799.0,1418.0,1431.0,0.866520849559522,13.0,0.9909154437456325,0.15185185185185185,0.18081180811808117,0.014814814814814815,0.014760147601476014,0.08333333333333333,0.09778597785977859,ATL-DEN,ATL-DEN_DL,ATL-DEN_DL_Q1,2024Q1,ATL-DEN
2024,1,ATL,DEN,UA,272.0,143,253.8860294117647,22643.81421658738,one_way,214723.0,247799.0,1418.0,1431.0,0.866520849559522,13.0,0.9909154437456325,0.15185185185185185,0.18081180811808117,0.014814814814814815,0.014760147601476014,0.08333333333333333,0.09778597785977859,ATL-DEN,ATL-DEN_UA,ATL-DEN_UA_Q1,2024Q1,ATL-DEN
2024,1,ATL,DEN,WN,342.0,130,209.37426900584796,16604.462261892542,one_way,214723.0,247799.0,1418.0,1431.0,0.866520849559522,13.0,0.9909154437456325,0.15185185185185185,0.18081180811808117,0.014814814814814815,0.014760147601476014,0.08333333333333333,0.09778597785977859,ATL-DEN,ATL-DEN_WN,ATL-DEN_WN_Q1,2024Q1,ATL-DEN
2024,1,ATL,DFW,AA,790.0,248,315.54556962025316,29355.32134113123,one_way,215466.0,263803.0,1474.0,1490.0,0.8167685735188758,16.0,0.9892617449664429,0.15185185185185185,0.18081180811808117,0.06666666666666667,0.1070110701107011,0.10925925925925925,0.14391143911439114,ATL-DFW,ATL-DFW_AA,ATL-DFW_AA_Q1,2024Q1,ATL-DFW
2024,1,ATL,DFW,DL,683.0,243,291.8653001464129,25538.9130418938,one_way,215466.0,263803.0,1474.0,1490.0,0.8167685735188758,16.0,0.9892617449664429,0.15185185185185185,0.18081180811808117,0.06666666666666667,0.1070110701107011,0.10925925925925925,0.14391143911439114,ATL-DFW,ATL-DFW_DL,ATL-DFW_DL_Q1,2024Q1,ATL-DFW
2024,1,ATL,JFK,DL,856.0,180,237.16471962616822,15843.766091743826,one_way,101583.0,124216.0,731.0,727.0,0.8177931989437753,-4.0,1.0055020632737277,0.15185185185185185,0.18081180811808117,0.10740740740740741,0.12177121771217712,0.12962962962962962,0.15129151291512916,ATL-JFK,ATL-JFK_DL,ATL-JFK_DL_Q1,2024Q1,ATL-JFK
2024,1,ATL,LAX,AA,417.0,147,331.537170263789,27557.673078803113,one_way,216291.0,247015.0,1163.0,1163.0,0.875618889541121,0.0,1.0,0.15185185185185185,0.18081180811808117,0.07037037037037037,0.033210332103321034,0.1111111111111111,0.1070110701107011,ATL-LAX,ATL-LAX_AA,ATL-LAX_AA_Q1,2024Q1,ATL-LAX
2024,1,ATL,LAX,DL,1168.0,305,532.6464041095891,140160.55733295996,one_way,216291.0,247015.0,1163.0,1163.0,0.875618889541121,0.0,1.0,0.15185185185185185,0.18081180811808117,0.07037037037037037,0.033210332103321034,0.1111111111111111,0.1070110701107011,ATL-LAX,ATL-LAX_DL,ATL-LAX_DL_Q1,2024Q1,ATL-LAX
2024,1,ATL,LAX,WN,46.0,35,261.2173913043478,9463.909262759931,one_way,216291.0,247015.0,1163.0,1163.0,0.875618889541121,0.0,1.0,0.15185185185185185,0.18081180811808117,0.07037037037037037,0.033210332103321034,0.1111111111111111,0.1070110701107011,ATL-LAX,ATL-LAX_WN,ATL-LAX_WN_Q1,2024Q1,ATL-LAX
2024,1,ATL,ORD,AA,121.0,51,196.76859504132233,20610.591079844264,one_way,166232.0,208688.0,1275.0,1285.0,0.7965575404431496,10.0,0.9922178988326849,0.15185185185185185,0.18081180811808117,0.08518518518518518,0.08118081180811808,0.11851851851851852,0.13099630996309963,ATL-ORD,ATL-ORD_AA,ATL-ORD_AA_Q1,2024Q1,ATL-ORD
2024,1,ATL,ORD,DL,864.0,265,262.19097222222223,25407.733205536264,one_way,166232.0,208688.0,1275.0,1285.0,0.7965575404431496,10.0,0.9922178988326849,0.15185185185185185,0.18081180811808117,0.08518518518518518,0.08118081180811808,0.11851851851851852,0.13099630996309963,ATL-ORD,ATL-ORD_DL,ATL-ORD_DL_Q1,2024Q1,ATL-ORD
2024,1,ATL,ORD,UA,545.0,207,250.9724770642202,22831.45428835957,one_way,166232.0,208688.0,1275.0,1285.0,0.7965575404431496,10.0,0.9922178988326849,0.15185185185185185,0.18081180811808117,0.08518518518518518,0.08118081180811808,0.11851851851851852,0.13099630996309963,ATL-ORD,ATL-ORD_UA,ATL-ORD_UA_Q1,2024Q1,ATL-ORD
2024,1,ATL,SEA,DL,485.0,153,394.7257731958763,53940.508304814546,one_way,111332.0,130907.0,679.0,696.0,0.850466361615498,17.0,0.9755747126436781,0.15185185185185185,0.18081180811808117,0.16666666666666666,0.2066420664206642,0.15925925925925927,0.19372693726937268,ATL-SEA,ATL-SEA_DL,ATL-SEA_DL_Q1,2024Q1,ATL-SEA
2024,1,DEN,ATL,DL,663.0,187,316.85067873303166,38324.97468656798,one_way,210711.0,249172.0,1439.0,1451.0,0.8456447754964442,12.0,0.9917298414886285,0.014814814814814815,0.014760147601476014,0.15185185185185185,0.18081180811808117,0.08333333333333333,0.09778597785977859,DEN-ATL,DEN-ATL_DL,DEN-ATL_DL_Q1,2024Q1,ATL-DEN
2024,1,DEN,ATL,UA,378.0,188,263.4761904761905,23196.30763416477,one_way,210711.0,249172.0,1439.0,1451.0,0.8456447754964442,12.0,0.9917298414886285,0.014814814814814815,0.014760147601476014,0.15185185185185185,0.18081180811808117,0.08333333333333333,0.09778597785977859,DEN-ATL,DEN-ATL_UA,DEN-ATL_UA_Q1,2024Q1,ATL-DEN
2024,1,DEN,ATL,WN,391.0,133,213.2071611253197,16703.560664830824,one_way,210711.0,249172.0,1439.0,1451.0,0.8456447754964442,12.0,0.9917298414886285,0.014814814814814815,0.014760147601476014,0.15185185185185185,0.18081180811808117,0.08333333333333333,0.09778597785977859,DEN-ATL,DEN-ATL_WN,DEN-ATL_WN_Q1,2024Q1,ATL-DEN
2024,1,DEN,DFW,AA,741.0,297,319.7273954116059,32800.147009275504,one_way,205895.0,250889.0,1464.0,1484.0,0.8206617268991466,20.0,0.9865229110512129,0.014814814814814815,0.014760147601476014,0.06666666666666667,0.1070110701107011,0.040740740740740744,0.060885608856088555,DEN-DFW,DEN-DFW_AA,DEN-DFW_AA_Q1,2024Q1,DEN-DFW
2024,1,DEN,DFW,UA,483.0,225,262.5010351966874,23627.028466837262,one_way,205895.0,250889.0,1464.0,1484.0,0.8206617268991466,20.0,0.9865229110512129,0.014814814814814815,0.014760147601476014,0.06666666666666667,0.1070110701107011,0.040740740740740744,0.060885608856088555,DEN-DFW,DEN-DFW_UA,DEN-DFW_UA_Q1,2024Q1,DEN-DFW
2024,1,DEN,JFK,DL,524.0,160,282.0610687022901,27390.65657595711,one_way,40254.0,55076.0,305.0,307.0,0.7308809644854383,2.0,0.993485342019544,0.014814814814814815,0.014760147601476014,0.10740740740740741,0.12177121771217712,0.061111111111111116,0.06826568265682657,DEN-JFK,DEN-JFK_DL,DEN-JFK_DL_Q1,2024Q1,DEN-JFK
2024,1,DEN,LAX,DL,418.0,140,232.77511961722487,15385.791534076605,one_way,220728.0,275940.0,1721.0,1764.0,0.7999130245705588,43.0,0.9756235827664399,0.014814814814814815,0.014760147601476014,0.07037037037037037,0.033210332103321034,0.0425925925925926,0.023985239852398525,DEN-LAX,DEN-LAX_DL,DEN-LAX_DL_Q1,2024Q1,DEN-LAX
2024,1,DEN,LAX,UA,1068.0,277,250.7818352059925,18259.560082025273,one_way,220728.0,275940.0,1721.0,1764.0,0.7999130245705588,43.0,0.9756235827664399,0.014814814814814815,0.014760147601476014,0.07037037037037037,0.033210332103321034,0.0425925925925926,0.023985239852398525,DEN-LAX,DEN-LAX_UA,DEN-LAX_UA_Q1,2024Q1,DEN-LAX
2024,1,DEN,LAX,WN,798.0,167,193.40350877192984,12226.543947588267,one_way,220728.0,275940.0,1721.0,1764.0,0.7999130245705588,43.0,0.9756235827664399,0.014814814814814815,0.014760147601476014,0.07037037037037037,0.033210332103321034,0.0425925925925926,0.023985239852398525,DEN-LAX,DEN-LAX_WN,DEN-LAX_WN_Q1,2024Q1,DEN-LAX
2024,1,DEN,ORD,AA,307.0,123,242.7785016286645,20571.077974302127,one_way,211100.0,266800.0,1436.0,1473.0,0.7912293853073463,37.0,0.9748811948404617,0.014814814814814815,0.014760147601476014,0.08518518518518518,0.08118081180811808,0.05,0.047970479704797044,DEN-ORD,DEN-ORD_AA,DEN-ORD_AA_Q1,2024Q1,DEN-ORD
2024,1,DEN,ORD,UA,1252.0,346,240.90575079872204,16770.31699568232,one_way,211100.0,266800.0,1436.0,1473.0,0.7912293853073463,37.0,0.9748811948404617,0.014814814814814815,0.014760147601476014,0.08518518518518518,0.08118081180811808,0.05,0.047970479704797044,DEN-ORD,DEN-ORD_UA,DEN-ORD_UA_Q1,2024Q1,DEN-ORD
2024,1,DEN,ORD,WN,593.0,174,174.68802698145026,9649.013971317985,one_way,211100.0,266800.0,1436.0,1473.0,0.7912293853073463,37.0,0.9748811948404617,0.014814814814814815,0.014760147601476014,0.08518518518518518,0.08118081180811808,0.05,0.047970479704797044,DEN-ORD,DEN-ORD_WN,DEN-ORD_WN_Q1,2024Q1,DEN-ORD
2024,1,DEN,SEA,DL,391.0,116,197.32736572890025,13160.34295955678,one_way,188559.0,227822.0,1399.0,1426.0,0.8276593129724082,27.0,0.9810659186535764,0.014814814814814815,0.014760147601476014,0.16666666666666666,0.2066420664206642,0.09074074074074073,0.11070110701107011,DEN-SEA,DEN-SEA_DL,DEN-SEA_DL_Q1,2024Q1,DEN-SEA
2024,1,DEN,SEA,UA,568.0,193,209.3538732394366,13388.0455483783,one_way,188559.0,227822.0,1399.0,1426.0,0.8276593129724082,27.0,0.9810659186535764,0.014814814814814815,0.014760147601476014,0.16666666666666666,0.2066420664206642,0.09074074074074073,0.11070110701107011,DEN-SEA,DEN-SEA_UA,DEN-SEA_UA_Q1,2024Q1,DEN-SEA
2024,1,DEN,SEA,WN,375.0,129,176.57333333333332,12031.77528888889,one_way,188559.0,227822.0,1399.0,1426.0,0.8276593129724082,27.0,0.9810659186535764,0.014814814814814815,0.014760147601476014,0.16666666666666666,0.2066420664206642,0.09074074074074073,0.11070110701107011,DEN-SEA,DEN-SEA_WN,DEN-SEA_WN_Q1,2024Q1,DEN-SEA
2024,1,DFW,ATL,AA,800.0,207,276.6525,17897.869243750014,one_way,215394.0,266049.0,1488.0,1496.0,0.8096027423519727,8.0,0.9946524064171123,0.06666666666666667,0.1070110701107011,0.15185185185185185,0.18081180811808117,0.10925925925925925,0.14391143911439114,DFW-ATL,DFW-ATL_AA,DFW-ATL_AA_Q1,2024Q1,ATL-DFW
2024,1,DFW,ATL,DL,637.0,234,309.2401883830455,28101.59851048258,one_way,215394.0,266049.0,1488.0,1496.0,0.8096027423519727,8.0,0.9946524064171123,0.06666666666666667,0.1070110701107011,0.15185185185185185,0.18081180811808117,0.10925925925925925,0.14391143911439114,DFW-ATL,DFW-ATL_DL,DFW-ATL_DL_Q1,2024Q1,ATL-DFW
2024,1,DFW,DEN,AA,807.0,255,258.1016109045849,20642.65882020547,one_way,211759.0,251254.0,1477.0,1493.0,0.8428084727009322,16.0,0.9892833221701273,0.06666666666666667,0.1070110701107011,0.014814814814814815,0.014760147601476014,0.040740740740740744,0.060885608856088555,DFW-DEN,DFW-DEN_AA,DFW-DEN_AA_Q1,2024Q1,DEN-DFW
2024,1,DFW,DEN,UA,422.0,200,268.16350710900474,22219.241037937158,one_way,211759.0,251254.0,1477.0,1493.0,0.8428084727009322,16.0,0.9892833221701273,0.06666666666666667,0.1070110701107011,0.014814814814814815,0.014760147601476014,0.040740740740740744,0.060885608856088555,DFW-DEN,DFW-DEN_UA,DFW-DEN_UA_Q1,2024Q1,DEN-DFW
2024,1,DFW,JFK,AA,342.0,135,286.2923976608187,41053.75076091789,one_way,52313.0,66541.0,451.0,456.0,0.7861769435385701,5.0,0.9890350877192983,0.06666666666666667,0.1070110701107011,0.10740740740740741,0.12177121771217712,0.08703703703703704,0.11439114391143912,DFW-JFK,DFW-JFK_AA,DFW-JFK_AA_Q1,2024Q1,DFW-JFK
2024,1,DFW,JFK,DL,263.0,123,258.59695817490496,26371.244401393677,one_way,52313.0,66541.0,451.0,456.0,0.7861769435385701,5.0,0.9890350877192983,0.06666666666666667,0.1070110701107011,0.10740740740740741,0.12177121771217712,0.08703703703703704,0.11439114391143912,DFW-JFK,DFW-JFK_DL,DFW-JFK_DL_Q1,2024Q1,DFW-JFK
2024,1,DFW,LAX,AA,1603.0,352,372.3268870867124,58581.190711894276,one_way,244438.0,306648.0,1608.0,1613.0,0.7971289556755629,5.0,0.9969001859888407,0.06666666666666667,0.1070110701107011,0.07037037037037037,0.033210332103321034,0.06851851851851852,0.07011070110701106,DFW-LAX,DFW-LAX_AA,DFW-LAX_AA_Q1,2024Q1,DFW-LAX
2024,1,DFW,LAX,DL,297.0,137,288.4040404040404,27134.79298030812,one_way,244438.0,306648.0,1608.0,1613.0,0.7971289556755629,5.0,0.9969001859888407,0.06666666666666667,0.1070110701107011,0.07037037037037037,0.033210332103321034,0.06851851851851852,0.07011070110701106,DFW-LAX,DFW-LAX_DL,DFW-LAX_DL_Q1,2024Q1,DFW-LAX
2024,1,DFW,ORD,AA,1187.0,346,302.1457455770851,30864.496871116397,one_way,194488.0,237816.0,1379.0,1397.0,0.8178087260739395,18.0,0.9871152469577666,0.06666666666666667,0.1070110701107011,0.08518518518518518,0.08118081180811808,0.07592592592592592,0.0940959409594096,DFW-ORD,DFW-ORD_AA,DFW-ORD_AA_Q1,2024Q1,DFW-ORD
2024,1,DFW,ORD,UA,799.0,277,258.5707133917397,17059.336363821494,one_way,194488.0,237816.0,1379.0,1397.0,0.8178087260739395,18.0,0.9871152469577666,0.06666666666666667,0.1070110701107011,0.08518518518518518,0.08118081180811808,0.07592592592592592,0.0940959409594096,DFW-ORD,DFW-ORD_UA,DFW-ORD_UA_Q1,2024Q1,DFW-ORD
2024,1,DFW,SEA,AA,684.0,206,325.62280701754383,36627.90743305633,one_way,146459.0,172012.0,930.0,960.0,0.8514464107155315,30.0,0.96875,0.06666666666666667,0.1070110701107011,0.16666666666666666,0.2066420664206642,0.11666666666666667,0.15682656826568264,DFW-SEA,DFW-SEA_AA,DFW-SEA_AA_Q1,2024Q1,DFW-SEA
2024,1,JFK,ATL,DL,846.0,185,246.0661938534279,16834.688289768557,one_way,101621.0,125739.0,736.0,730.0,0.8081899808333135,-6.0,1.0082191780821919,0.10740740740740741,0.12177121771217712,0.15185185185185185,0.18081180811808117,0.12962962962962962,0.15129151291512916,JFK-ATL,JFK-ATL_DL,JFK-ATL_DL_Q1,2024Q1,ATL-JFK
2024,1,JFK,DEN,DL,621.0,152,260.9178743961353,26155.58584797778,one_way,40829.0,55068.0,305.0,307.0,0.7414287789641897,2.0,0.993485342019544,0.10740740740740741,0.12177121771217712,0.014814814814814815,0.014760147601476014,0.061111111111111116,0.06826568265682657,JFK-DEN,JFK-DEN_DL,JFK-DEN_DL_Q1,2024Q1,DEN-JFK
2024,1,JFK,DFW,AA,340.0,138,310.5323529411765,43553.57836505187,one_way,52761.0,65989.0,447.0,453.0,0.7995423479670855,6.0,0.9867549668874173,0.10740740740740741,0.12177121771217712,0.06666666666666667,0.1070110701107011,0.08703703703703704,0.11439114391143912,JFK-DFW,JFK-DFW_AA,JFK-DFW_AA_Q1,2024Q1,DFW-JFK
2024,1,JFK,DFW,DL,316.0,140,273.36392405063293,26365.19983776637,one_way,52761.0,65989.0,447.0,453.0,0.7995423479670855,6.0,0.9867549668874173,0.10740740740740741,0.12177121771217712,0.06666666666666667,0.1070110701107011,0.08703703703703704,0.11439114391143912,JFK-DFW,JFK-DFW_DL,JFK-DFW_DL_Q1,2024Q1,DFW-JFK
2024,1,JFK,LAX,AA,1941.0,494,513.585265327151,190649.129901385,one_way,309611.0,358757.0,2258.0,2261.0,0.8630103384742318,3.0,0.9986731534719151,0.10740740740740741,0.12177121771217712,0.07037037037037037,0.033210332103321034,0.08888888888888889,0.07749077490774908,JFK-LAX,JFK-LAX_AA,JFK-LAX_AA_Q1,2024Q1,JFK-LAX
2024,1,JFK,LAX,DL,3272.0,518,447.74052567237163,152100.57112050607,one_way,309611.0,358757.0,2258.0,2261.0,0.8630103384742318,3.0,0.9986731534719151,0.10740740740740741,0.12177121771217712,0.07037037037037037,0.033210332103321034,0.08888888888888889,0.07749077490774908,JFK-LAX,JFK-LAX_DL,JFK-LAX_DL_Q1,2024Q1,JFK-LAX
2024,1,JFK,ORD,AA,405.0,118,193.9358024691358,9357.14649596098,one_way,48028.0,64950.0,612.0,615.0,0.7394611239414934,3.0,0.9951219512195122,0.10740740740740741,0.12177121771217712,0.08518518518518518,0.08118081180811808,0.0962962962962963,0.1014760147601476,JFK-ORD,JFK-ORD_AA,JFK-ORD_AA_Q1,2024Q1,JFK-ORD
2024,1,JFK,SEA,DL,815.0,233,323.7276073619632,69207.71721329371,one_way,87972.0,102225.0,564.0,590.0,0.8605722670579604,26.0,0.9559322033898305,0.10740740740740741,0.12177121771217712,0.16666666666666666,0.2066420664206642,0.13703703703703704,0.16420664206642066,JFK-SEA,JFK-SEA_DL,JFK-SEA_DL_Q1,2024Q1,JFK-SEA
2024,1,LAX,ATL,AA,446.0,153,334.97982062780267,28830.867305797423,one_way,221525.0,247043.0,1164.0,1164.0,0.8967062414235578,0.0,1.0,0.07037037037037037,0.033210332103321034,0.15185185185185185,0.18081180811808117,0.1111111111111111,0.1070110701107011,LAX-ATL,LAX-ATL_AA,LAX-ATL_AA_Q1,2024Q1,ATL-LAX
2024,1,LAX,ATL,DL,1151.0,336,565.2206776715899,140126.33184002736,one_way,221525.0,247043.0,1164.0,1164.0,0.8967062414235578,0.0,1.0,0.07037037037037037,0.033210332103321034,0.15185185185185185,0.18081180811808117,0.1111111111111111,0.1070110701107011,LAX-ATL,LAX-ATL_DL,LAX-ATL_DL_Q1,2024Q1,ATL-LAX
2024,1,LAX,ATL,WN,55.0,35,271.41818181818184,9969.843305785122,one_way,221525.0,247043.0,1164.0,1164.0,0.8967062414235578,0.0,1.0,0.07037037037037037,0.033210332103321034,0.15185185185185185,0.18081180811808117,0.1111111111111111,0.1070110701107011,LAX-ATL,LAX-ATL_WN,LAX-ATL_WN_Q1,2024Q1,ATL-LAX
2024,1,LAX,DEN,DL,535.0,156,236.7588785046729,13337.057748274958,one_way,215244.0,269480.0,1689.0,1735.0,0.7987383108208401,46.0,0.9734870317002882,0.07037037037037037,0.033210332103321034,0.014814814814814815,0.014760147601476014,0.0425925925925926,0.023985239852398525,LAX-DEN,LAX-DEN_DL,LAX-DEN_DL_Q1,2024Q1,DEN-LAX
2024,1,LAX,DEN,UA,1041.0,280,252.17195004803074,20138.841710798653,one_way,215244.0,269480.0,1689.0,1735.0,0.7987383108208401,46.0,0.9734870317002882,0.07037037037037037,0.033210332103321034,0.014814814814814815,0.014760147601476014,0.0425925925925926,0.023985239852398525,LAX-DEN,LAX-DEN_UA,LAX-DEN_UA_Q1,2024Q1,DEN-LAX
2024,1,LAX,DEN,WN,732.0,154,185.82513661202185,11590.524067604296,one_way,215244.0,269480.0,1689.0,1735.0,0.7987383108208401,46.0,0.9734870317002882,0.07037037037037037,0.033210332103321034,0.014814814814814815,0.014760147601476014,0.0425925925925926,0.023985239852398525,LAX-DEN,LAX-DEN_WN,LAX-DEN_WN_Q1,2024Q1,DEN-LAX
2024,1,LAX,DFW,AA,1468.0,391,385.40190735694824,64736.64228519032,one_way,253521.0,307074.0,1606.0,1608.0,0.8256022978174642,2.0,0.9987562189054726,0.07037037037037037,0.033210332103321034,0.06666666666666667,0.1070110701107011,0.06851851851851852,0.07011070110701106,LAX-DFW,LAX-DFW_AA,LAX-DFW_AA_Q1,2024Q1,DFW-LAX
2024,1,LAX,DFW,DL,450.0,175,288.34,26846.708844444453,one_way,253521.0,307074.0,1606.0,1608.0,0.8256022978174642,2.0,0.9987562189054726,0.07037037037037037,0.033210332103321034,0.06666666666666667,0.1070110701107011,0.06851851851851852,0.07011070110701106,LAX-DFW,LAX-DFW_DL,LAX-DFW_DL_Q1,2024Q1,DFW-LAX
2024,1,LAX,JFK,AA,2085.0,464,544.232134292566,194728.45930311864,one_way,312338.0,357700.0,2252.0,2260.0,0.8731842325971485,8.0,0.9964601769911504,0.07037037037037037,0.033210332103321034,0.10740740740740741,0.12177121771217712,0.08888888888888889,0.07749077490774908,LAX-JFK,LAX-JFK_AA,LAX-JFK_AA_Q1,2024Q1,JFK-LAX
2024,1,LAX,JFK,DL,3130.0,534,474.4392971246006,162107.89104359542,one_way,312338.0,357700.0,2252.0,2260.0,0.8731842325971485,8.0,0.9964601769911504,0.07037037037037037,0.033210332103321034,0.10740740740740741,0.12177121771217712,0.08888888888888889,0.07749077490774908,LAX-JFK,LAX-JFK_DL,LAX-JFK_DL_Q1,2024Q1,JFK-LAX
2024,1,LAX,ORD,AA,1731.0,353,319.6366262276141,43695.739132234055,one_way,245488.0,287500.0,1476.0,1510.0,0.8538713043478261,34.0,0.9774834437086093,0.07037037037037037,0.033210332103321034,0.08518518518518518,0.08118081180811808,0.07777777777777778,0.05719557195571956,LAX-ORD,LAX-ORD_AA,LAX-ORD_AA_Q1,2024Q1,LAX-ORD
2024,1,LAX,ORD,UA,1884.0,476,333.16772823779195,38894.28503072017,one_way,245488.0,287500.0,1476.0,1510.0,0.8538713043478261,34.0,0.9774834437086093,0.07037037037037037,0.033210332103321034,0.08518518518518518,0.08118081180811808,0.07777777777777778,0.05719557195571956,LAX-ORD,LAX-ORD_UA,LAX-ORD_UA_Q1,2024Q1,LAX-ORD
2024,1,LAX,SEA,DL,1145.0,234,240.28908296943231,22280.67712972674,one_way,209005.0,250881.0,1604.0,1647.0,0.8330842112395916,43.0,0.9738919247115968,0.07037037037037037,0.033210332103321034,0.16666666666666666,0.2066420664206642,0.11851851851851852,0.11992619926199262,LAX-SEA,LAX-SEA_DL,LAX-SEA_DL_Q1,2024Q1,LAX-SEA
2024,1,LAX,SEA,UA,770.0,208,175.2896103896104,9621.803138809242,one_way,209005.0,250881.0,1604.0,1647.0,0.8330842112395916,43.0,0.9738919247115968,0.07037037037037037,0.033210332103321034,0.16666666666666666,0.2066420664206642,0.11851851851851852,0.11992619926199262,LAX-SEA,LAX-SEA_UA,LAX-SEA_UA_Q1,2024Q1,LAX-SEA
2024,1,LAX,SEA,WN,30.0,27,193.66666666666666,6144.755555555559,one_way,209005.0,250881.0,1604.0,1647.0,0.8330842112395916,43.0,0.9738919247115968,0.07037037037037037,0.033210332103321034,0.16666666666666666,0.2066420664206642,0.11851851851851852,0.11992619926199262,LAX-SEA,LAX-SEA_WN,LAX-SEA_WN_Q1,2024Q1,LAX-SEA
2024,1,ORD,ATL,AA,233.0,97,216.73819742489272,18839.9100001842,one_way,163702.0,208264.0,1275.0,1282.0,0.7860311911804249,7.0,0.9945397815912637,0.08518518518518518,0.08118081180811808,0.15185185185185185,0.18081180811808117,0.11851851851851852,0.13099630996309963,ORD-ATL,ORD-ATL_AA,ORD-ATL_AA_Q1,2024Q1,ATL-ORD
2024,1,ORD,ATL,DL,685.0,235,260.6948905109489,30071.303988491665,one_way,163702.0,208264.0,1275.0,1282.0,0.7860311911804249,7.0,0.9945397815912637,0.08518518518518518,0.08118081180811808,0.15185185185185185,0.18081180811808117,0.11851851851851852,0.13099630996309963,ORD-ATL,ORD-ATL_DL,ORD-ATL_DL_Q1,2024Q1,ATL-ORD
2024,1,ORD,ATL,UA,684.0,252,236.359649122807,19889.008079409046,one_way,163702.0,208264.0,1275.0,1282.0,0.7860311911804249,7.0,0.9945397815912637,0.08518518518518518,0.08118081180811808,0.15185185185185185,0.18081180811808117,0.11851851851851852,0.13099630996309963,ORD-ATL,ORD-ATL_UA,ORD-ATL_UA_Q1,2024Q1,ATL-ORD
2024,1,ORD,DEN,AA,459.0,161,202.239651416122,15643.258471338188,one_way,207443.0,262824.0,1426.0,1479.0,0.7892848446108423,53.0,0.9641649763353617,0.08518518518518518,0.08118081180811808,0.014814814814814815,0.014760147601476014,0.05,0.047970479704797044,ORD-DEN,ORD-DEN_AA,ORD-DEN_AA_Q1,2024Q1,DEN-ORD
2024,1,ORD,DEN,UA,988.0,315,244.92307692307693,18114.939426969788,one_way,207443.0,262824.0,1426.0,1479.0,0.7892848446108423,53.0,0.9641649763353617,0.08518518518518518,0.08118081180811808,0.014814814814814815,0.014760147601476014,0.05,0.047970479704797044,ORD-DEN,ORD-DEN_UA,ORD-DEN_UA_Q1,2024Q1,DEN-ORD
2024,1,ORD,DEN,WN,538.0,164,177.45353159851302,11045.385387156057,one_way,207443.0,262824.0,1426.0,1479.0,0.7892848446108423,53.0,0.9641649763353617,0.08518518518518518,0.08118081180811808,0.014814814814814815,0.014760147601476014,0.05,0.047970479704797044,ORD-DEN,ORD-DEN_WN,ORD-DEN_WN_Q1,2024Q1,DEN-ORD
2024,1,ORD,DFW,AA,1275.0,356,308.92,31492.34967843136,one_way,200775.0,238223.0,1378.0,1395.0,0.8428027520432536,17.0,0.9878136200716846,0.08518518518518518,0.08118081180811808,0.06666666666666667,0.1070110701107011,0.07592592592592592,0.0940959409594096,ORD-DFW,ORD-DFW_AA,ORD-DFW_AA_Q1,2024Q1,DFW-ORD
2024,1,ORD,DFW,UA,785.0,285,251.16178343949045,17082.634972615524,one_way,200775.0,238223.0,1378.0,1395.0,0.8428027520432536,17.0,0.9878136200716846,0.08518518518518518,0.08118081180811808,0.06666666666666667,0.1070110701107011,0.07592592592592592,0.0940959409594096,ORD-DFW,ORD-DFW_UA,ORD-DFW_UA_Q1,2024Q1,DFW-ORD
2024,1,ORD,JFK,AA,525.0,138,177.2,10574.552380952387,one_way,47330.0,64811.0,612.0,617.0,0.7302772677477589,5.0,0.9918962722852512,0.08518518518518518,0.08118081180811808,0.10740740740740741,0.12177121771217712,0.0962962962962963,0.1014760147601476,ORD-JFK,ORD-JFK_AA,ORD-JFK_AA_Q1,2024Q1,JFK-ORD
2024,1,ORD,LAX,AA,1665.0,324,302.0900900900901,43758.54083272461,one_way,244304.0,293017.0,1486.0,1516.0,0.8337536729950822,30.0,0.9802110817941952,0.08518518518518518,0.08118081180811808,0.07037037037037037,0.033210332103321034,0.07777777777777778,0.05719557195571956,ORD-LAX,ORD-LAX_AA,ORD-LAX_AA_Q1,2024Q1,LAX-ORD
2024,1,ORD,LAX,UA,1871.0,433,304.35649385355424,35263.07494313184,one_way,244304.0,293017.0,1486.0,1516.0,0.8337536729950822,30.0,0.9802110817941952,0.08518518518518518,0.08118081180811808,0.07037037037037037,0.033210332103321034,0.07777777777777778,0.05719557195571956,ORD-LAX,ORD-LAX_UA,ORD-LAX_UA_Q1,2024Q1,LAX-ORD
2024,1,ORD,SEA,AA,139.0,77,244.1294964028777,23814.68826665287,one_way,116949.0,132106.0,808.0,832.0,0.8852663770002877,24.0,0.9711538461538461,0.08518518518518518,0.08118081180811808,0.16666666666666666,0.2066420664206642,0.1259259259259259,0.14391143911439114,ORD-SEA,ORD-SEA_AA,ORD-SEA_AA_Q1,2024Q1,ORD-SEA
2024,1,ORD,SEA,DL,404.0,141,226.25247524752476,16621.66892951671,one_way,116949.0,132106.0,808.0,832.0,0.8852663770002877,24.0,0.9711538461538461,0.08518518518518518,0.08118081180811808,0.16666666666666666,0.2066420664206642,0.1259259259259259,0.14391143911439114,ORD-SEA,ORD-SEA_DL,ORD-SEA_DL_Q1,2024Q1,ORD-SEA
2024,1,ORD,SEA,UA,596.0,225,244.30536912751677,18522.312789964424,one_way,116949.0,132106.0,808.0,832.0,0.8852663770002877,24.0,0.9711538461538461,0.08518518518518518,0.08118081180811808,0.16666666666666666,0.2066420664206642,0.1259259259259259,0.14391143911439114,ORD-SEA,ORD-SEA_UA,ORD-SEA_UA_Q1,2024Q1,ORD-SEA
2024,1,SEA,ATL,DL,446.0,153,403.80044843049325,47355.66645719804,one_way,110425.0,130976.0,679.0,700.0,0.8430933911556315,21.0,0.97,0.16666666666666666,0.2066420664206642,0.15185185185185185,0.18081180811808117,0.15925925925925927,0.19372693726937268,SEA-ATL,SEA-ATL_DL,SEA-ATL_DL_Q1,2024Q1,ATL-SEA
2024,1,SEA,DEN,DL,503.0,122,191.77534791252486,14953.844163646347,one_way,178148.0,223556.0,1384.0,1426.0,0.7968831075882553,42.0,0.97054698457223,0.16666666666666666,0.2066420664206642,0.014814814814814815,0.014760147601476014,0.09074074074074073,0.11070110701107011,SEA-DEN,SEA-DEN_DL,SEA-DEN_DL_Q1,2024Q1,DEN-SEA
2024,1,SEA,DEN,UA,510.0,165,193.7450980392157,12717.166397539411,one_way,178148.0,223556.0,1384.0,1426.0,0.7968831075882553,42.0,0.97054698457223,0.16666666666666666,0.2066420664206642,0.014814814814814815,0.014760147601476014,0.09074074074074073,0.11070110701107011,SEA-DEN,SEA-DEN_UA,SEA-DEN_UA_Q1,2024Q1,DEN-SEA
2024,1,SEA,DEN,WN,408.0,126,176.9485294117647,10575.769409602082,one_way,178148.0,223556.0,1384.0,1426.0,0.7968831075882553,42.0,0.97054698457223,0.16666666666666666,0.2066420664206642,0.014814814814814815,0.014760147601476014,0.09074074074074073,0.11070110701107011,SEA-DEN,SEA-DEN_WN,SEA-DEN_WN_Q1,2024Q1,DEN-SEA
2024,1,SEA,DFW,AA,705.0,224,340.04113475177303,41905.361428499586,one_way,144726.0,171041.0,926.0,955.0,0.8461479996024345,29.0,0.9696335078534032,0.16666666666666666,0.2066420664206642,0.06666666666666667,0.1070110701107011,0.11666666666666667,0.15682656826568264,SEA-DFW,SEA-DFW_AA,SEA-DFW_AA_Q1,2024Q1,DFW-SEA
2024,1,SEA,JFK,DL,770.0,245,330.43506493506493,72673.12370551526,one_way,87611.0,101167.0,559.0,593.0,0.8660037363962557,34.0,0.9426644182124789,0.16666666666666666,0.2066420664206642,0.10740740740740741,0.12177121771217712,0.13703703703703704,0.16420664206642066,SEA-JFK,SEA-JFK_DL,SEA-JFK_DL_Q1,2024Q1,JFK-SEA
2024,1,SEA,LAX,DL,1164.0,231,235.91666666666666,20348.578107101945,one_way,208562.0,250409.0,1600.0,1639.0,0.8328853994864401,39.0,0.9762050030506406,0.16666666666666666,0.2066420664206642,0.07037037037037037,0.033210332103321034,0.11851851851851852,0.11992619926199262,SEA-LAX,SEA-LAX_DL,SEA-LAX_DL_Q1,2024Q1,LAX-SEA
2024,1,SEA,LAX,UA,708.0,187,160.96468926553672,8732.197905694407,one_way,208562.0,250409.0,1600.0,1639.0,0.8328853994864401,39.0,0.9762050030506406,0.16666666666666666,0.2066420664206642,0.07037037037037037,0.033210332103321034,0.11851851851851852,0.11992619926199262,SEA-LAX,SEA-LAX_UA,SEA-LAX_UA_Q1,2024Q1,LAX-SEA
2024,1,SEA,ORD,AA,311.0,130,243.56913183279744,27568.914031079075,one_way,115323.0,132733.0,811.0,842.0,0.8688344270076017,31.0,0.9631828978622328,0.16666666666666666,0.2066420664206642,0.08518518518518518,0.08118081180811808,0.1259259259259259,0.14391143911439114,SEA-ORD,SEA-ORD_AA,SEA-ORD_AA_Q1,2024Q1,ORD-SEA
2024,1,SEA,ORD,DL,448.0,158,236.39732142857142,25915.592135682396,one_way,115323.0,132733.0,811.0,842.0,0.8688344270076017,31.0,0.9631828978622328,0.16666666666666666,0.2066420664206642,0.08518518518518518,0.08118081180811808,0.1259259259259259,0.14391143911439114,SEA-ORD,SEA-ORD_DL,SEA-ORD_DL_Q1,2024Q1,ORD-SEA
2024,1,SEA,ORD,UA,545.0,218,240.84770642201835,24281.0281828129,one_way,115323.0,132733.0,811.0,842.0,0.8688344270076017,31.0,0.9631828978622328,0.16666666666666666,0.2066420664206642,0.08518518518518518,0.08118081180811808,0.1259259259259259,0.14391143911439114,SEA-ORD,SEA-ORD_UA,SEA-ORD_UA_Q1,2024Q1,ORD-SEA
2024,2,ATL,DEN,DL,4902.0,1348,253.19571807425538,16635.046222893186,primary,253046.0,281958.0,1622.0,1630.0,0.897459905375978,8.0,0.9950920245398773,0.0989010989010989,0.09157509157509157,0.05128205128205128,0.03663003663003663,0.07509157509157509,0.0641025641025641,ATL-DEN,ATL-DEN_DL,ATL-DEN_DL_Q2,2024Q2,ATL-DEN
2024,2,ATL,DEN,UA,1376.0,746,231.6653488372093,12210.379600459702,primary,253046.0,281958.0,1622.0,1630.0,0.897459905375978,8.0,0.9950920245398773,0.0989010989010989,0.09157509157509157,0.05128205128205128,0.03663003663003663,0.07509157509157509,0.0641025641025641,ATL-DEN,ATL-DEN_UA,ATL-DEN_UA_Q2,2024Q2,ATL-DEN
2024,2,ATL,DEN,WN,2341.0,1219,179.64012387868434,6910.337936891956,primary,253046.0,281958.0,1622.0,1630.0,0.897459905375978,8.0,0.9950920245398773,0.0989010989010989,0.09157509157509157,0.05128205128205128,0.03663003663003663,0.07509157509157509,0.0641025641025641,ATL-DEN,ATL-DEN_WN,ATL-DEN_WN_Q2,2024Q2,ATL-DEN
2024,2,ATL,DFW,AA,4035.0,1430,236.0354894671623,13977.200690088815,primary,254207.0,289065.0,1603.0,1633.0,0.8794112050922803,30.0,0.9816289038579302,0.0989010989010989,0.09157509157509157,0.10622710622710622,0.10989010989010989,0.10256410256410256,0.10073260073260074,ATL-DFW,ATL-DFW_AA,ATL-DFW_AA_Q2,2024Q2,ATL-DFW
2024,2,ATL,DFW,DL,4798.0,1894,257.8971279699875,13375.337758904425,primary,254207.0,289065.0,1603.0,1633.0,0.8794112050922803,30.0,0.9816289038579302,0.0989010989010989,0.09157509157509157,0.10622710622710622,0.10989010989010989,0.10256410256410256,0.10073260073260074,ATL-DFW,ATL-DFW_DL,ATL-DFW_DL_Q2,2024Q2,ATL-DFW
2024,2,ATL,JFK,DL,3467.0,989,220.68847130083648,12530.35173963019,primary,124936.0,143489.0,842.0,847.0,0.8707008899636905,5.0,0.9940968122786304,0.0989010989010989,0.09157509157509157,0.0989010989010989,0.10989010989010989,0.0989010989010989,0.10073260073260074,ATL-JFK,ATL-JFK_DL,ATL-JFK_DL_Q2,2024Q2,ATL-JFK
2024,2,ATL,LAX,AA,1118.0,560,315.3227906976744,27942.048995610952,primary,249613.0,271981.0,1307.0,1314.0,0.9177589611039007,7.0,0.9946727549467276,0.0989010989010989,0.09157509157509157,0.003663003663003663,0.007326007326007326,0.05128205128205128,0.04945054945054945,ATL-LAX,ATL-LAX_AA,ATL-LAX_AA_Q2,2024Q2,ATL-LAX
2024,2,ATL,LAX,DL,7028.0,2140,424.961062891292,81933.42312338651,primary,249613.0,271981.0,1307.0,1314.0,0.9177589611039007,7.0,0.9946727549467276,0.0989010989010989,0.09157509157509157,0.003663003663003663,0.007326007326007326,0.05128205128205128,0.04945054945054945,ATL-LAX,ATL-LAX_DL,ATL-LAX_DL_Q2,2024Q2,ATL-LAX
2024,2,ATL,LAX,WN,444.0,339,224.52204954954954,5706.235407736283,primary,249613.0,271981.0,1307.0,1314.0,0.9177589611039007,7.0,0.9946727549467276,0.0989010989010989,0.09157509157509157,0.003663003663003663,0.007326007326007326,0.05128205128205128,0.04945054945054945,ATL-LAX,ATL-LAX_WN,ATL-LAX_WN_Q2,2024Q2,ATL-LAX
2024,2,ATL,ORD,AA,804.0,386,166.52805970149254,9000.282859916835,primary,209330.0,236193.0,1424.0,1438.0,0.8862667394884691,14.0,0.9902642559109874,0.0989010989010989,0.09157509157509157,0.0989010989010989,0.12087912087912088,0.0989010989010989,0.10622710622710622,ATL-ORD,ATL-ORD_AA,ATL-ORD_AA_Q2,2024Q2,ATL-ORD
2024,2,ATL,ORD,DL,5704.0,1720,230.4390234922861,13155.128167927913,primary,209330.0,236193.0,1424.0,1438.0,0.8862667394884691,14.0,0.9902642559109874,0.0989010989010989,0.09157509157509157,0.0989010989010989,0.12087912087912088,0.0989010989010989,0.10622710622710622,ATL-ORD,ATL-ORD_DL,ATL-ORD_DL_Q2,2024Q2,ATL-ORD
2024,2,ATL,ORD,UA,2964.0,1085,206.30360661268557,9544.816607403955,primary,209330.0,236193.0,1424.0,1438.0,0.8862667394884691,14.0,0.9902642559109874,0.0989010989010989,0.09157509157509157,0.0989010989010989,0.12087912087912088,0.0989010989010989,0.10622710622710622,ATL-ORD,ATL-ORD_UA,ATL-ORD_UA_Q2,2024Q2,ATL-ORD
2024,2,ATL,SEA,DL,3999.0,1213,371.8421805451363,37533.34176778837,primary,160776.0,176532.0,930.0,931.0,0.910747060023112,1.0,0.9989258861439313,0.0989010989010989,0.09157509157509157,0.07326007326007326,0.07692307692307693,0.08608058608058608,0.08424908424908426,ATL-SEA,ATL-SEA_DL,ATL-SEA_DL_Q2,2024Q2,ATL-SEA
2024,2,DEN,ATL,DL,4896.0,1285,252.003137254902,16662.899460664157,primary,248087.0,284041.0,1626.0,1624.0,0.8734196823697987,-2.0,1.001231527093596,0.05128205128205128,0.03663003663003663,0.0989010989010989,0.09157509157509157,0.07509157509157509,0.0641025641025641,DEN-ATL,DEN-ATL_DL,DEN-ATL_DL_Q2,2024Q2,ATL-DEN
2024,2,DEN,ATL,UA,1447.0,780,230.26634416033173,12607.932584907125,primary,248087.0,284041.0,1626.0,1624.0,0.8734196823697987,-2.0,1.001231527093596,0.05128205128205128,0.03663003663003663,0.0989010989010989,0.09157509157509157,0.07509157509157509,0.0641025641025641,DEN-ATL,DEN-ATL_UA,DEN-ATL_UA_Q2,2024Q2,ATL-DEN
2024,2,DEN,ATL,WN,2446.0,1276,181.79354456255112,7886.472094999437,primary,248087.0,284041.0,1626.0,1624.0,0.8734196823697987,-2.0,1.001231527093596,0.05128205128205128,0.03663003663003663,0.0989010989010989,0.09157509157509157,0.07509157509157509,0.0641025641025641,DEN-ATL,DEN-ATL_WN,DEN-ATL_WN_Q2,2024Q2,ATL-DEN
2024,2,DEN,DFW,AA,4655.0,1401,211.15033082706768,13374.790806120414,primary,233182.0,279440.0,1608.0,1647.0,0.8344617807042657,39.0,0.97632058287796,0.05128205128205128,0.03663003663003663,0.10622710622710622,0.10989010989010989,0.07875457875457875,0.07326007326007326,DEN-DFW,DEN-DFW_AA,DEN-DFW_AA_Q2,2024Q2,DEN-DFW
2024,2,DEN,DFW,UA,2563.0,1080,217.8469059695669,10649.397634554953,primary,233182.0,279440.0,1608.0,1647.0,0.8344617807042657,39.0,0.97632058287796,0.05128205128205128,0.03663003663003663,0.10622710622710622,0.10989010989010989,0.07875457875457875,0.07326007326007326,DEN-DFW,DEN-DFW_UA,DEN-DFW_UA_Q2,2024Q2,DEN-DFW
2024,2,DEN,JFK,DL,2672.0,867,227.69552395209578,13643.226994785364,primary,53365.0,64486.0,355.0,354.0,0.8275439630307354,-1.0,1.002824858757062,0.05128205128205128,0.03663003663003663,0.0989010989010989,0.10989010989010989,0.07509157509157509,0.07326007326007326,DEN-JFK,DEN-JFK_DL,DEN-JFK_DL_Q2,2024Q2,DEN-JFK
2024,2,DEN,LAX,DL,1903.0,653,182.64168155543877,9504.166399904905,primary,254319.0,302748.0,1968.0,1961.0,0.8400352768639264,-7.0,1.0035696073431923,0.05128205128205128,0.03663003663003663,0.003663003663003663,0.007326007326007326,0.027472527472527472,0.02197802197802198,DEN-LAX,DEN-LAX_DL,DEN-LAX_DL_Q2,2024Q2,DEN-LAX
2024,2,DEN,LAX,UA,4705.0,1354,204.21633793836344,12366.825406036696,primary,254319.0,302748.0,1968.0,1961.0,0.8400352768639264,-7.0,1.0035696073431923,0.05128205128205128,0.03663003663003663,0.003663003663003663,0.007326007326007326,0.027472527472527472,0.02197802197802198,DEN-LAX,DEN-LAX_UA,DEN-LAX_UA_Q2,2024Q2,DEN-LAX
2024,2,DEN,LAX,WN,3392.0,1326,156.56918632075474,6327.697626578487,primary,254319.0,302748.0,1968.0,1961.0,0.8400352768639264,-7.0,1.0035696073431923,0.05128205128205128,0.03663003663003663,0.003663003663003663,0.007326007326007326,0.027472527472527472,0.02197802197802198,DEN-LAX,DEN-LAX_WN,DEN-LAX_WN_Q2,2024Q2,DEN-LAX
2024,2,DEN,ORD,AA,1617.0,681,187.56878787878787,10318.639190738555,primary,264036.0,316084.0,1666.0,1683.0,0.8353349109730325,17.0,0.98989898989899,0.05128205128205128,0.03663003663003663,0.0989010989010989,0.12087912087912088,0.07509157509157509,0.07875457875457875,DEN-ORD,DEN-ORD_AA,DEN-ORD_AA_Q2,2024Q2,DEN-ORD
2024,2,DEN,ORD,UA,6949.0,1777,211.823541516765,10340.950073412474,primary,264036.0,316084.0,1666.0,1683.0,0.8353349109730325,17.0,0.98989898989899,0.05128205128205128,0.03663003663003663,0.0989010989010989,0.12087912087912088,0.07509157509157509,0.07875457875457875,DEN-ORD,DEN-ORD_UA,DEN-ORD_UA_Q2,2024Q2,DEN-ORD
2024,2,DEN,ORD,WN,2914.0,1245,142.7465785861359,4032.210699035175,primary,264036.0,316084.0,1666.0,1683.0,0.8353349109730325,17.0,0.98989898989899,0.05128205128205128,0.03663003663003663,0.0989010989010989,0.12087912087912088,0.07509157509157509,0.07875457875457875,DEN-ORD,DEN-ORD_WN,DEN-ORD_WN_Q2,2024Q2,DEN-ORD
2024,2,DEN,SEA,DL,2113.0,639,171.33135352579274,6628.568732952626,primary,265178.0,295516.0,1782.0,1788.0,0.8973388919720083,6.0,0.9966442953020134,0.05128205128205128,0.03663003663003663,0.07326007326007326,0.07692307692307693,0.06227106227106227,0.05677655677655678,DEN-SEA,DEN-SEA_DL,DEN-SEA_DL_Q2,2024Q2,DEN-SEA
2024,2,DEN,SEA,UA,2538.0,1014,214.48383766745468,8387.892849023294,primary,265178.0,295516.0,1782.0,1788.0,0.8973388919720083,6.0,0.9966442953020134,0.05128205128205128,0.03663003663003663,0.07326007326007326,0.07692307692307693,0.06227106227106227,0.05677655677655678,DEN-SEA,DEN-SEA_UA,DEN-SEA_UA_Q2,2024Q2,DEN-SEA
2024,2,DEN,SEA,WN,1574.0,794,182.32897712833545,5983.28383434128,primary,265178.0,295516.0,1782.0,1788.0,0.8973388919720083,6.0,0.9966442953020134,0.05128205128205128,0.03663003663003663,0.07326007326007326,0.07692307692307693,0.06227106227106227,0.05677655677655678,DEN-SEA,DEN-SEA_WN,DEN-SEA_WN_Q2,2024Q2,DEN-SEA
2024,2,DFW,ATL,AA,4155.0,1380,232.74612274368232,12678.945398420554,primary,256459.0,290034.0,1612.0,1643.0,0.884237710061579,31.0,0.9811320754716981,0.10622710622710622,0.10989010989010989,0.0989010989010989,0.09157509157509157,0.10256410256410256,0.10073260073260074,DFW-ATL,DFW-ATL_AA,DFW-ATL_AA_Q2,2024Q2,ATL-DFW
2024,2,DFW,ATL,DL,4534.0,1727,263.1934869872078,15003.412544766354,primary,256459.0,290034.0,1612.0,1643.0,0.884237710061579,31.0,0.9811320754716981,0.10622710622710622,0.10989010989010989,0.0989010989010989,0.09157509157509157,0.10256410256410256,0.10073260073260074,DFW-ATL,DFW-ATL_DL,DFW-ATL_DL_Q2,2024Q2,ATL-DFW
2024,2,DFW,DEN,AA,4761.0,1378,207.0305566057551,11315.622879316325,primary,240695.0,279263.0,1616.0,1655.0,0.8618936271543313,39.0,0.9764350453172206,0.10622710622710622,0.10989010989010989,0.05128205128205128,0.03663003663003663,0.07875457875457875,0.07326007326007326,DFW-DEN,DFW-DEN_AA,DFW-DEN_AA_Q2,2024Q2,DEN-DFW
2024,2,DFW,DEN,UA,2474.0,1091,223.56161681487467,11310.047616545176,primary,240695.0,279263.0,1616.0,1655.0,0.8618936271543313,39.0,0.9764350453172206,0.10622710622710622,0.10989010989010989,0.05128205128205128,0.03663003663003663,0.07875457875457875,0.07326007326007326,DFW-DEN,DFW-DEN_UA,DFW-DEN_UA_Q2,2024Q2,DEN-DFW
2024,2,DFW,JFK,AA,1469.0,697,244.25237576582708,22212.947930026254,primary,60138.0,66526.0,451.0,461.0,0.9039773922977482,10.0,0.9783080260303688,0.10622710622710622,0.10989010989010989,0.0989010989010989,0.10989010989010989,0.10256410256410256,0.10989010989010989,DFW-JFK,DFW-JFK_AA,DFW-JFK_AA_Q2,2024Q2,DFW-JFK
2024,2,DFW,JFK,DL,860.0,571,285.62697674418604,24472.20920806924,primary,60138.0,66526.0,451.0,461.0,0.9039773922977482,10.0,0.9783080260303688,0.10622710622710622,0.10989010989010989,0.0989010989010989,0.10989010989010989,0.10256410256410256,0.10989010989010989,DFW-JFK,DFW-JFK_DL,DFW-JFK_DL_Q2,2024Q2,DFW-JFK
2024,2,DFW,LAX,AA,7347.0,1895,295.5973336055533,33953.15799687836,primary,307632.0,344162.0,1804.0,1841.0,0.8938581249527838,37.0,0.979902227050516,0.10622710622710622,0.10989010989010989,0.003663003663003663,0.007326007326007326,0.054945054945054944,0.05860805860805861,DFW-LAX,DFW-LAX_AA,DFW-LAX_AA_Q2,2024Q2,DFW-LAX
2024,2,DFW,LAX,DL,1156.0,617,274.66495674740486,29710.200603371835,primary,307632.0,344162.0,1804.0,1841.0,0.8938581249527838,37.0,0.979902227050516,0.10622710622710622,0.10989010989010989,0.003663003663003663,0.007326007326007326,0.054945054945054944,0.05860805860805861,DFW-LAX,DFW-LAX_DL,DFW-LAX_DL_Q2,2024Q2,DFW-LAX
2024,2,DFW,ORD,AA,6983.0,1740,253.1291894601174,13054.090005844548,primary,234953.0,267906.0,1530.0,1564.0,0.8769979022492964,34.0,0.9782608695652174,0.10622710622710622,0.10989010989010989,0.0989010989010989,0.12087912087912088,0.10256410256410256,0.11538461538461539,DFW-ORD,DFW-ORD_AA,DFW-ORD_AA_Q2,2024Q2,DFW-ORD
2024,2,DFW,ORD,UA,3412.0,1224,239.50354630715123,9435.162023590186,primary,234953.0,267906.0,1530.0,1564.0,0.8769979022492964,34.0,0.9782608695652174,0.10622710622710622,0.10989010989010989,0.0989010989010989,0.12087912087912088,0.10256410256410256,0.11538461538461539,DFW-ORD,DFW-ORD_UA,DFW-ORD_UA_Q2,2024Q2,DFW-ORD
2024,2,DFW,SEA,AA,4292.0,1432,307.05558014911463,23360.00069633164,primary,191097.0,209453.0,1131.0,1168.0,0.9123622005891536,37.0,0.9683219178082192,0.10622710622710622,0.10989010989010989,0.07326007326007326,0.07692307692307693,0.08974358974358974,0.09340659340659341,DFW-SEA,DFW-SEA_AA,DFW-SEA_AA_Q2,2024Q2,DFW-SEA
2024,2,JFK,ATL,DL,3419.0,994,220.09773618016965,12479.086712219367,primary,121086.0,144722.0,850.0,848.0,0.8366799795469936,-2.0,1.0023584905660377,0.0989010989010989,0.10989010989010989,0.0989010989010989,0.09157509157509157,0.0989010989010989,0.10073260073260074,JFK-ATL,JFK-ATL_DL,JFK-ATL_DL_Q2,2024Q2,ATL-JFK
2024,2,JFK,DEN,DL,2791.0,967,230.41974561089216,13390.684504091492,primary,54685.0,64376.0,353.0,353.0,0.8494625326208525,0.0,1.0,0.0989010989010989,0.10989010989010989,0.05128205128205128,0.03663003663003663,0.07509157509157509,0.07326007326007326,JFK-DEN,JFK-DEN_DL,JFK-DEN_DL_Q2,2024Q2,DEN-JFK
2024,2,JFK,DFW,AA,1417.0,726,243.67857445306984,25386.32894419223,primary,55973.0,65163.0,443.0,452.0,0.858969046851741,9.0,0.9800884955752213,0.0989010989010989,0.10989010989010989,0.10622710622710622,0.10989010989010989,0.10256410256410256,0.10989010989010989,JFK-DFW,JFK-DFW_AA,JFK-DFW_AA_Q2,2024Q2,DFW-JFK
2024,2,JFK,DFW,DL,1082.0,662,264.2124676524954,25626.856441877433,primary,55973.0,65163.0,443.0,452.0,0.858969046851741,9.0,0.9800884955752213,0.0989010989010989,0.10989010989010989,0.10622710622710622,0.10989010989010989,0.10256410256410256,0.10989010989010989,JFK-DFW,JFK-DFW_DL,JFK-DFW_DL_Q2,2024Q2,DFW-JFK
2024,2,JFK,LAX,AA,4802.0,1823,560.9944044148272,199358.7251248535,primary,339877.0,384193.0,2422.0,2423.0,0.8846517245238721,1.0,0.9995872884853487,0.0989010989010989,0.10989010989010989,0.003663003663003663,0.007326007326007326,0.05128205128205128,0.05860805860805861,JFK-LAX,JFK-LAX_AA,JFK-LAX_AA_Q2,2024Q2,JFK-LAX
2024,2,JFK,LAX,DL,11767.0,2893,503.4028673408685,170068.82042713152,primary,339877.0,384193.0,2422.0,2423.0,0.8846517245238721,1.0,0.9995872884853487,0.0989010989010989,0.10989010989010989,0.003663003663003663,0.007326007326007326,0.05128205128205128,0.05860805860805861,JFK-LAX,JFK-LAX_DL,JFK-LAX_DL_Q2,2024Q2,JFK-LAX
2024,2,JFK,ORD,AA,1318.0,628,171.67471927162367,6790.111641309657,primary,64727.0,78135.0,677.0,688.0,0.8283995648556984,11.0,0.9840116279069767,0.0989010989010989,0.10989010989010989,0.0989010989010989,0.12087912087912088,0.0989010989010989,0.11538461538461539,JFK-ORD,JFK-ORD_AA,JFK-ORD_AA_Q2,2024Q2,JFK-ORD
2024,2,JFK,ORD,DL,60.0,54,164.22683333333333,4010.8401649722255,primary,64727.0,78135.0,677.0,688.0,0.8283995648556984,11.0,0.9840116279069767,0.0989010989010989,0.10989010989010989,0.0989010989010989,0.12087912087912088,0.0989010989010989,0.11538461538461539,JFK-ORD,JFK-ORD_DL,JFK-ORD_DL_Q2,2024Q2,JFK-ORD
2024,2,JFK,SEA,DL,3897.0,1433,364.3274056966897,57706.70007048288,primary,131252.0,145688.0,801.0,806.0,0.9009115369831421,5.0,0.9937965260545906,0.0989010989010989,0.10989010989010989,0.07326007326007326,0.07692307692307693,0.08608058608058608,0.09340659340659341,JFK-SEA,JFK-SEA_DL,JFK-SEA_DL_Q2,2024Q2,JFK-SEA
2024,2,LAX,ATL,AA,1132.0,592,315.0328445229682,27818.18873925849,primary,247177.0,272144.0,1303.0,1305.0,0.908258128049856,2.0,0.9984674329501916,0.003663003663003663,0.007326007326007326,0.0989010989010989,0.09157509157509157,0.05128205128205128,0.04945054945054945,LAX-ATL,LAX-ATL_AA,LAX-ATL_AA_Q2,2024Q2,ATL-LAX
2024,2,LAX,ATL,DL,6939.0,2139,426.1413532209252,80164.31887836763,primary,247177.0,272144.0,1303.0,1305.0,0.908258128049856,2.0,0.9984674329501916,0.003663003663003663,0.007326007326007326,0.0989010989010989,0.09157509157509157,0.05128205128205128,0.04945054945054945,LAX-ATL,LAX-ATL_DL,LAX-ATL_DL_Q2,2024Q2,ATL-LAX
2024,2,LAX,ATL,WN,378.0,296,214.76650793650796,5006.403404736702,primary,247177.0,272144.0,1303.0,1305.0,0.908258128049856,2.0,0.9984674329501916,0.003663003663003663,0.007326007326007326,0.0989010989010989,0.09157509157509157,0.05128205128205128,0.04945054945054945,LAX-ATL,LAX-ATL_WN,LAX-ATL_WN_Q2,2024Q2,ATL-LAX
2024,2,LAX,DEN,DL,2043.0,678,180.39673029858054,8520.872432382956,primary,253614.0,300597.0,1922.0,1927.0,0.8437010349404684,5.0,0.9974052932018682,0.003663003663003663,0.007326007326007326,0.05128205128205128,0.03663003663003663,0.027472527472527472,0.02197802197802198,LAX-DEN,LAX-DEN_DL,LAX-DEN_DL_Q2,2024Q2,DEN-LAX
2024,2,LAX,DEN,UA,4618.0,1316,200.87925508878303,11094.014982381443,primary,253614.0,300597.0,1922.0,1927.0,0.8437010349404684,5.0,0.9974052932018682,0.003663003663003663,0.007326007326007326,0.05128205128205128,0.03663003663003663,0.027472527472527472,0.02197802197802198,LAX-DEN,LAX-DEN_UA,LAX-DEN_UA_Q2,2024Q2,DEN-LAX
2024,2,LAX,DEN,WN,3441.0,1323,154.65526591107238,5729.156395693601,primary,253614.0,300597.0,1922.0,1927.0,0.8437010349404684,5.0,0.9974052932018682,0.003663003663003663,0.007326007326007326,0.05128205128205128,0.03663003663003663,0.027472527472527472,0.02197802197802198,LAX-DEN,LAX-DEN_WN,LAX-DEN_WN_Q2,2024Q2,DEN-LAX
2024,2,LAX,DFW,AA,7347.0,1925,291.9711460460051,32813.10691391732,primary,302560.0,341980.0,1791.0,1832.0,0.8847301011755073,41.0,0.9776200873362445,0.003663003663003663,0.007326007326007326,0.10622710622710622,0.10989010989010989,0.054945054945054944,0.05860805860805861,LAX-DFW,LAX-DFW_AA,LAX-DFW_AA_Q2,2024Q2,DFW-LAX
2024,2,LAX,DFW,DL,1354.0,700,266.16168389955686,25880.270213412645,primary,302560.0,341980.0,1791.0,1832.0,0.8847301011755073,41.0,0.9776200873362445,0.003663003663003663,0.007326007326007326,0.10622710622710622,0.10989010989010989,0.054945054945054944,0.05860805860805861,LAX-DFW,LAX-DFW_DL,LAX-DFW_DL_Q2,2024Q2,DFW-LAX
2024,2,LAX,JFK,AA,4714.0,1740,566.8426368264743,187206.27640121436,primary,347784.0,384056.0,2418.0,2425.0,0.9055554398316912,7.0,0.9971134020618557,0.003663003663003663,0.007326007326007326,0.0989010989010989,0.10989010989010989,0.05128205128205128,0.05860805860805861,LAX-JFK,LAX-JFK_AA,LAX-JFK_AA_Q2,2024Q2,JFK-LAX
2024,2,LAX,JFK,DL,11816.0,2895,503.1186120514556,167172.6801030161,primary,347784.0,384056.0,2418.0,2425.0,0.9055554398316912,7.0,0.9971134020618557,0.003663003663003663,0.007326007326007326,0.0989010989010989,0.10989010989010989,0.05128205128205128,0.05860805860805861,LAX-JFK,LAX-JFK_DL,LAX-JFK_DL_Q2,2024Q2,JFK-LAX
2024,2,LAX,ORD,AA,6640.0,1783,265.82518975903616,33849.56034104833,primary,305005.0,336708.0,1652.0,1668.0,0.9058442329852573,16.0,0.9904076738609112,0.003663003663003663,0.007326007326007326,0.0989010989010989,0.12087912087912088,0.05128205128205128,0.0641025641025641,LAX-ORD,LAX-ORD_AA,LAX-ORD_AA_Q2,2024Q2,LAX-ORD
2024,2,LAX,ORD,UA,9409.0,2486,280.0934445743437,31735.358325248308,primary,305005.0,336708.0,1652.0,1668.0,0.9058442329852573,16.0,0.9904076738609112,0.003663003663003663,0.007326007326007326,0.0989010989010989,0.12087912087912088,0.05128205128205128,0.0641025641025641,LAX-ORD,LAX-ORD_UA,LAX-ORD_UA_Q2,2024Q2,LAX-ORD
2024,2,LAX,SEA,DL,5087.0,973,199.76889522311774,9694.642774914719,primary,262577.0,307467.0,1879.0,1883.0,0.8540005919334432,4.0,0.9978757302177377,0.003663003663003663,0.007326007326007326,0.07326007326007326,0.07692307692307693,0.038461538461538464,0.04212454212454213,LAX-SEA,LAX-SEA_DL,LAX-SEA_DL_Q2,2024Q2,LAX-SEA
2024,2,LAX,SEA,UA,1773.0,685,181.9822673434856,6096.826978841105,primary,262577.0,307467.0,1879.0,1883.0,0.8540005919334432,4.0,0.9978757302177377,0.003663003663003663,0.007326007326007326,0.07326007326007326,0.07692307692307693,0.038461538461538464,0.04212454212454213,LAX-SEA,LAX-SEA_UA,LAX-SEA_UA_Q2,2024Q2,LAX-SEA
2024,2,ORD,ATL,AA,924.0,399,165.25493506493507,8896.64838408669,primary,204456.0,238844.0,1434.0,1442.0,0.8560231783088543,8.0,0.9944521497919556,0.0989010989010989,0.12087912087912088,0.0989010989010989,0.09157509157509157,0.0989010989010989,0.10622710622710622,ORD-ATL,ORD-ATL_AA,ORD-ATL_AA_Q2,2024Q2,ATL-ORD
2024,2,ORD,ATL,DL,5701.0,1695,226.73999649184353,12971.688861041912,primary,204456.0,238844.0,1434.0,1442.0,0.8560231783088543,8.0,0.9944521497919556,0.0989010989010989,0.12087912087912088,0.0989010989010989,0.09157509157509157,0.0989010989010989,0.10622710622710622,ORD-ATL,ORD-ATL_DL,ORD-ATL_DL_Q2,2024Q2,ATL-ORD
2024,2,ORD,ATL,UA,3097.0,1102,202.4567516951889,8464.390394550224,primary,204456.0,238844.0,1434.0,1442.0,0.8560231783088543,8.0,0.9944521497919556,0.0989010989010989,0.12087912087912088,0.0989010989010989,0.09157509157509157,0.0989010989010989,0.10622710622710622,ORD-ATL,ORD-ATL_UA,ORD-ATL_UA_Q2,2024Q2,ATL-ORD
2024,2,ORD,DEN,AA,1686.0,695,184.42571174377224,9046.510722595442,primary,262484.0,316396.0,1668.0,1676.0,0.82960593686393,8.0,0.9952267303102625,0.0989010989010989,0.12087912087912088,0.05128205128205128,0.03663003663003663,0.07509157509157509,0.07875457875457875,ORD-DEN,ORD-DEN_AA,ORD-DEN_AA_Q2,2024Q2,DEN-ORD
2024,2,ORD,DEN,UA,6746.0,1758,214.0791698784465,10391.808643663098,primary,262484.0,316396.0,1668.0,1676.0,0.82960593686393,8.0,0.9952267303102625,0.0989010989010989,0.12087912087912088,0.05128205128205128,0.03663003663003663,0.07509157509157509,0.07875457875457875,ORD-DEN,ORD-DEN_UA,ORD-DEN_UA_Q2,2024Q2,DEN-ORD
2024,2,ORD,DEN,WN,2901.0,1230,142.02246466735608,4420.287365900596,primary,262484.0,316396.0,1668.0,1676.0,0.82960593686393,8.0,0.9952267303102625,0.0989010989010989,0.12087912087912088,0.05128205128205128,0.03663003663003663,0.07509157509157509,0.07875457875457875,ORD-DEN,ORD-DEN_WN,ORD-DEN_WN_Q2,2024Q2,DEN-ORD
2024,2,ORD,DFW,AA,7066.0,1851,256.3656524200396,13730.36544206657,primary,233807.0,267788.0,1523.0,1556.0,0.8731048441304315,33.0,0.9787917737789203,0.0989010989010989,0.12087912087912088,0.10622710622710622,0.10989010989010989,0.10256410256410256,0.11538461538461539,ORD-DFW,ORD-DFW_AA,ORD-DFW_AA_Q2,2024Q2,DFW-ORD
2024,2,ORD,DFW,UA,3515.0,1246,235.87128591749644,9837.460447450256,primary,233807.0,267788.0,1523.0,1556.0,0.8731048441304315,33.0,0.9787917737789203,0.0989010989010989,0.12087912087912088,0.10622710622710622,0.10989010989010989,0.10256410256410256,0.11538461538461539,ORD-DFW,ORD-DFW_UA,ORD-DFW_UA_Q2,2024Q2,DFW-ORD
2024,2,ORD,JFK,AA,1359.0,623,180.4805813097866,7254.769281560537,primary,66575.0,78011.0,675.0,687.0,0.8534052889977054,12.0,0.982532751091703,0.0989010989010989,0.12087912087912088,0.0989010989010989,0.10989010989010989,0.0989010989010989,0.11538461538461539,ORD-JFK,ORD-JFK_AA,ORD-JFK_AA_Q2,2024Q2,JFK-ORD
2024,2,ORD,JFK,DL,186.0,163,246.67177419354837,10183.378103841496,primary,66575.0,78011.0,675.0,687.0,0.8534052889977054,12.0,0.982532751091703,0.0989010989010989,0.12087912087912088,0.0989010989010989,0.10989010989010989,0.0989010989010989,0.11538461538461539,ORD-JFK,ORD-JFK_DL,ORD-JFK_DL_Q2,2024Q2,JFK-ORD
2024,2,ORD,LAX,AA,6479.0,1743,262.06225806451613,34472.32185563582,primary,302351.0,340990.0,1673.0,1673.0,0.8866858265638289,0.0,1.0,0.0989010989010989,0.12087912087912088,0.003663003663003663,0.007326007326007326,0.05128205128205128,0.0641025641025641,ORD-LAX,ORD-LAX_AA,ORD-LAX_AA_Q2,2024Q2,LAX-ORD
2024,2,ORD,LAX,UA,9422.0,2479,272.01706325620887,30711.23089342394,primary,302351.0,340990.0,1673.0,1673.0,0.8866858265638289,0.0,1.0,0.0989010989010989,0.12087912087912088,0.003663003663003663,0.007326007326007326,0.05128205128205128,0.0641025641025641,ORD-LAX,ORD-LAX_UA,ORD-LAX_UA_Q2,2024Q2,LAX-ORD
2024,2,ORD,SEA,AA,813.0,464,262.7718819188192,20557.307281698217,primary,205433.0,228871.0,1375.0,1390.0,0.8975929672173407,15.0,0.9892086330935251,0.0989010989010989,0.12087912087912088,0.07326007326007326,0.07692307692307693,0.08608058608058608,0.09890109890109891,ORD-SEA,ORD-SEA_AA,ORD-SEA_AA_Q2,2024Q2,ORD-SEA
2024,2,ORD,SEA,DL,2103.0,853,234.18737993342845,14149.293175208477,primary,205433.0,228871.0,1375.0,1390.0,0.8975929672173407,15.0,0.9892086330935251,0.0989010989010989,0.12087912087912088,0.07326007326007326,0.07692307692307693,0.08608058608058608,0.09890109890109891,ORD-SEA,ORD-SEA_DL,ORD-SEA_DL_Q2,2024Q2,ORD-SEA
2024,2,ORD,SEA,UA,2590.0,1181,263.6945637065637,16074.854167126236,primary,205433.0,228871.0,1375.0,1390.0,0.8975929672173407,15.0,0.9892086330935251,0.0989010989010989,0.12087912087912088,0.07326007326007326,0.07692307692307693,0.08608058608058608,0.09890109890109891,ORD-SEA,ORD-SEA_UA,ORD-SEA_UA_Q2,2024Q2,ORD-SEA
2024,2,SEA,ATL,DL,4040.0,1219,365.79702475247524,36272.041455999395,primary,155251.0,177564.0,935.0,934.0,0.8743382667657859,-1.0,1.0010706638115632,0.07326007326007326,0.07692307692307693,0.0989010989010989,0.09157509157509157,0.08608058608058608,0.08424908424908426,SEA-ATL,SEA-ATL_DL,SEA-ATL_DL_Q2,2024Q2,ATL-SEA
2024,2,SEA,DEN,DL,2072.0,629,170.23982142857142,6946.839861309818,primary,251712.0,293349.0,1777.0,1790.0,0.8580632625302966,13.0,0.9927374301675977,0.07326007326007326,0.07692307692307693,0.05128205128205128,0.03663003663003663,0.06227106227106227,0.05677655677655678,SEA-DEN,SEA-DEN_DL,SEA-DEN_DL_Q2,2024Q2,DEN-SEA
2024,2,SEA,DEN,UA,2370.0,997,214.90877215189872,7986.382700053575,primary,251712.0,293349.0,1777.0,1790.0,0.8580632625302966,13.0,0.9927374301675977,0.07326007326007326,0.07692307692307693,0.05128205128205128,0.03663003663003663,0.06227106227106227,0.05677655677655678,SEA-DEN,SEA-DEN_UA,SEA-DEN_UA_Q2,2024Q2,DEN-SEA
2024,2,SEA,DEN,WN,1764.0,869,171.3026247165533,5168.293741013353,primary,251712.0,293349.0,1777.0,1790.0,0.8580632625302966,13.0,0.9927374301675977,0.07326007326007326,0.07692307692307693,0.05128205128205128,0.03663003663003663,0.06227106227106227,0.05677655677655678,SEA-DEN,SEA-DEN_WN,SEA-DEN_WN_Q2,2024Q2,DEN-SEA
2024,2,SEA,DFW,AA,4200.0,1490,310.8264261904762,26838.461746632645,primary,181772.0,207829.0,1122.0,1166.0,0.8746228870850555,44.0,0.9622641509433962,0.07326007326007326,0.07692307692307693,0.10622710622710622,0.10989010989010989,0.08974358974358974,0.09340659340659341,SEA-DFW,SEA-DFW_AA,SEA-DFW_AA_Q2,2024Q2,DFW-SEA
2024,2,SEA,JFK,DL,3851.0,1396,358.3096624253441,57051.87934312156,primary,127781.0,144966.0,798.0,805.0,0.8814549618531242,7.0,0.991304347826087,0.07326007326007326,0.07692307692307693,0.0989010989010989,0.10989010989010989,0.08608058608058608,0.09340659340659341,SEA-JFK,SEA-JFK_DL,SEA-JFK_DL_Q2,2024Q2,JFK-SEA
2024,2,SEA,LAX,DL,4974.0,966,198.45925412143143,9522.630222181906,primary,241626.0,305876.0,1880.0,1896.0,0.7899475604493325,16.0,0.9915611814345991,0.07326007326007326,0.07692307692307693,0.003663003663003663,0.007326007326007326,0.038461538461538464,0.04212454212454213,SEA-LAX,SEA-LAX_DL,SEA-LAX_DL_Q2,2024Q2,LAX-SEA
2024,2,SEA,LAX,UA,1529.0,649,181.60271419228252,7631.558347178623,primary,241626.0,305876.0,1880.0,1896.0,0.7899475604493325,16.0,0.9915611814345991,0.07326007326007326,0.07692307692307693,0.003663003663003663,0.007326007326007326,0.038461538461538464,0.04212454212454213,SEA-LAX,SEA-LAX_UA,SEA-LAX_UA_Q2,2024Q2,LAX-SEA
2024,2,SEA,ORD,AA,889.0,468,235.34948256467942,19467.352769811005,primary,201072.0,226923.0,1364.0,1394.0,0.8860803003662036,30.0,0.9784791965566715,0.07326007326007326,0.07692307692307693,0.0989010989010989,0.12087912087912088,0.08608058608058608,0.09890109890109891,SEA-ORD,SEA-ORD_AA,SEA-ORD_AA_Q2,2024Q2,ORD-SEA
2024,2,SEA,ORD,DL,2070.0,873,233.97725603864734,16157.344269475507,primary,201072.0,226923.0,1364.0,1394.0,0.8860803003662036,30.0,0.9784791965566715,0.07326007326007326,0.07692307692307693,0.0989010989010989,0.12087912087912088,0.08608058608058608,0.09890109890109891,SEA-ORD,SEA-ORD_DL,SEA-ORD_DL_Q2,2024Q2,ORD-SEA
2024,2,SEA,ORD,UA,2513.0,1169,258.4260007958615,17203.508010468766,primary,201072.0,226923.0,1364.0,1394.0,0.8860803003662036,30.0,0.9784791965566715,0.07326007326007326,0.07692307692307693,0.0989010989010989,0.12087912087912088,0.08608058608058608,0.09890109890109891,SEA-ORD,SEA-ORD_UA,SEA-ORD_UA_Q2,2024Q2,ORD-SEA
2024,2,ATL,DEN,DL,830.0,212,284.44096385542167,26605.88265931196,one_way,253046.0,281958.0,1622.0,1630.0,0.897459905375978,8.0,0.9950920245398773,0.0989010989010989,0.09157509157509157,0.05128205128205128,0.03663003663003663,0.07509157509157509,0.0641025641025641,ATL-DEN,ATL-DEN_DL,ATL-DEN_DL_Q2,2024Q2,ATL-DEN
2024,2,ATL,DEN,UA,396.0,163,231.87121212121212,16932.82937327824,one_way,253046.0,281958.0,1622.0,1630.0,0.897459905375978,8.0,0.9950920245398773,0.0989010989010989,0.09157509157509157,0.05128205128205128,0.03663003663003663,0.07509157509157509,0.0641025641025641,ATL-DEN,ATL-DEN_UA,ATL-DEN_UA_Q2,2024Q2,ATL-DEN
2024,2,ATL,DEN,WN,466.0,156,206.21244635193133,13480.75100388661,one_way,253046.0,281958.0,1622.0,1630.0,0.897459905375978,8.0,0.9950920245398773,0.0989010989010989,0.09157509157509157,0.05128205128205128,0.03663003663003663,0.07509157509157509,0.0641025641025641,ATL-DEN,ATL-DEN_WN,ATL-DEN_WN_Q2,2024Q2,ATL-DEN
2024,2,ATL,DFW,AA,898.0,287,271.6224944320713,26146.10136482457,one_way,254207.0,289065.0,1603.0,1633.0,0.8794112050922803,30.0,0.9816289038579302,0.0989010989010989,0.09157509157509157,0.10622710622710622,0.10989010989010989,0.10256410256410256,0.10073260073260074,ATL-DFW,ATL-DFW_AA,ATL-DFW_AA_Q2,2024Q2,ATL-DFW
2024,2,ATL,DFW,DL,913.0,264,254.0317634173056,21004.79088593745,one_way,254207.0,289065.0,1603.0,1633.0,0.8794112050922803,30.0,0.9816289038579302,0.0989010989010989,0.09157509157509157,0.10622710622710622,0.10989010989010989,0.10256410256410256,0.10073260073260074,ATL-DFW,ATL-DFW_DL,ATL-DFW_DL_Q2,2024Q2,ATL-DFW
2024,2,ATL,JFK,DL,1091.0,191,244.54445462878093,19290.385512328605,one_way,124936.0,143489.0,842.0,847.0,0.8707008899636905,5.0,0.9940968122786304,0.0989010989010989,0.09157509157509157,0.0989010989010989,0.10989010989010989,0.0989010989010989,0.10073260073260074,ATL-JFK,ATL-JFK_DL,ATL-JFK_DL_Q2,2024Q2,ATL-JFK
2024,2,ATL,LAX,AA,515.0,168,330.6466019417476,31264.39549816193,one_way,249613.0,271981.0,1307.0,1314.0,0.9177589611039007,7.0,0.9946727549467276,0.0989010989010989,0.09157509157509157,0.003663003663003663,0.007326007326007326,0.05128205128205128,0.04945054945054945,ATL-LAX,ATL-LAX_AA,ATL-LAX_AA_Q2,2024Q2,ATL-LAX
2024,2,ATL,LAX,DL,1474.0,363,512.8154681139756,126646.68779330188,one_way,249613.0,271981.0,1307.0,1314.0,0.9177589611039007,7.0,0.9946727549467276,0.0989010989010989,0.09157509157509157,0.003663003663003663,0.007326007326007326,0.05128205128205128,0.04945054945054945,ATL-LAX,ATL-LAX_DL,ATL-LAX_DL_Q2,2024Q2,ATL-LAX
2024,2,ATL,LAX,WN,164.0,88,257.2926829268293,8231.37775133847,one_way,249613.0,271981.0,1307.0,1314.0,0.9177589611039007,7.0,0.9946727549467276,0.0989010989010989,0.09157509157509157,0.003663003663003663,0.007326007326007326,0.05128205128205128,0.04945054945054945,ATL-LAX,ATL-LAX_WN,ATL-LAX_WN_Q2,2024Q2,ATL-LAX
2024,2,ATL,ORD,AA,309.0,93,170.15857605177993,12835.900419978847,one_way,209330.0,236193.0,1424.0,1438.0,0.8862667394884691,14.0,0.9902642559109874,0.0989010989010989,0.09157509157509157,0.0989010989010989,0.12087912087912088,0.0989010989010989,0.10622710622710622,ATL-ORD,ATL-ORD_AA,ATL-ORD_AA_Q2,2024Q2,ATL-ORD
2024,2,ATL,ORD,DL,1125.0,278,242.06044444444444,21430.314568691356,one_way,209330.0,236193.0,1424.0,1438.0,0.8862667394884691,14.0,0.9902642559109874,0.0989010989010989,0.09157509157509157,0.0989010989010989,0.12087912087912088,0.0989010989010989,0.10622710622710622,ATL-ORD,ATL-ORD_DL,ATL-ORD_DL_Q2,2024Q2,ATL-ORD
2024,2,ATL,ORD,UA,751.0,237,224.41011984021304,15665.158033407737,one_way,209330.0,236193.0,1424.0,1438.0,0.8862667394884691,14.0,0.9902642559109874,0.0989010989010989,0.09157509157509157,0.0989010989010989,0.12087912087912088,0.0989010989010989,0.10622710622710622,ATL-ORD,ATL-ORD_UA,ATL-ORD_UA_Q2,2024Q2,ATL-ORD
2024,2,ATL,SEA,DL,722.0,181,389.2105263157895,49577.50969529085,one_way,160776.0,176532.0,930.0,931.0,0.910747060023112,1.0,0.9989258861439313,0.0989010989010989,0.09157509157509157,0.07326007326007326,0.07692307692307693,0.08608058608058608,0.08424908424908426,ATL-SEA,ATL-SEA_DL,ATL-SEA_DL_Q2,2024Q2,ATL-SEA
2024,2,DEN,ATL,DL,881.0,200,271.45629965947785,27616.781574956753,one_way,248087.0,284041.0,1626.0,1624.0,0.8734196823697987,-2.0,1.001231527093596,0.05128205128205128,0.03663003663003663,0.0989010989010989,0.09157509157509157,0.07509157509157509,0.0641025641025641,DEN-ATL,DEN-ATL_DL,DEN-ATL_DL_Q2,2024Q2,ATL-DEN
2024,2,DEN,ATL,UA,439.0,167,226.08428246013668,17680.651210817712,one_way,248087.0,284041.0,1626.0,1624.0,0.8734196823697987,-2.0,1.001231527093596,0.05128205128205128,0.03663003663003663,0.0989010989010989,0.09157509157509157,0.07509157509157509,0.0641025641025641,DEN-ATL,DEN-ATL_UA,DEN-ATL_UA_Q2,2024Q2,ATL-DEN
2024,2,DEN,ATL,WN,536.0,180,211.39738805970148,16179.866336461353,one_way,248087.0,284041.0,1626.0,1624.0,0.8734196823697987,-2.0,1.001231527093596,0.05128205128205128,0.03663003663003663,0.0989010989010989,0.09157509157509157,0.07509157509157509,0.0641025641025641,DEN-ATL,DEN-ATL_WN,DEN-ATL_WN_Q2,2024Q2,ATL-DEN
2024,2,DEN,DFW,AA,946.0,286,265.6881606765328,28612.55074777968,one_way,233182.0,279440.0,1608.0,1647.0,0.8344617807042657,39.0,0.97632058287796,0.05128205128205128,0.03663003663003663,0.10622710622710622,0.10989010989010989,0.07875457875457875,0.07326007326007326,DEN-DFW,DEN-DFW_AA,DEN-DFW_AA_Q2,2024Q2,DEN-DFW
2024,2,DEN,DFW,UA,713.0,235,216.83169705469845,15560.15119726026,one_way,233182.0,279440.0,1608.0,1647.0,0.8344617807042657,39.0,0.97632058287796,0.05128205128205128,0.03663003663003663,0.10622710622710622,0.10989010989010989,0.07875457875457875,0.07326007326007326,DEN-DFW,DEN-DFW_UA,DEN-DFW_UA_Q2,2024Q2,DEN-DFW
2024,2,DEN,JFK,DL,897.0,164,232.8138238573021,16067.812607117252,one_way,53365.0,64486.0,355.0,354.0,0.8275439630307354,-1.0,1.002824858757062,0.05128205128205128,0.03663003663003663,0.0989010989010989,0.10989010989010989,0.07509157509157509,0.07326007326007326,DEN-JFK,DEN-JFK_DL,DEN-JFK_DL_Q2,2024Q2,DEN-JFK
2024,2,DEN,LAX,DL,584.0,135,198.5445205479452,14828.679524770123,one_way,254319.0,302748.0,1968.0,1961.0,0.8400352768639264,-7.0,1.0035696073431923,0.05128205128205128,0.03663003663003663,0.003663003663003663,0.007326007326007326,0.027472527472527472,0.02197802197802198,DEN-LAX,DEN-LAX_DL,DEN-LAX_DL_Q2,2024Q2,DEN-LAX
2024,2,DEN,LAX,UA,1372.0,279,228.91763848396502,18418.265082469894,one_way,254319.0,302748.0,1968.0,1961.0,0.8400352768639264,-7.0,1.0035696073431923,0.05128205128205128,0.03663003663003663,0.003663003663003663,0.007326007326007326,0.027472527472527472,0.02197802197802198,DEN-LAX,DEN-LAX_UA,DEN-LAX_UA_Q2,2024Q2,DEN-LAX
2024,2,DEN,LAX,WN,854.0,180,185.48360655737704,11929.430059123893,one_way,254319.0,302748.0,1968.0,1961.0,0.8400352768639264,-7.0,1.0035696073431923,0.05128205128205128,0.03663003663003663,0.003663003663003663,0.007326007326007326,0.027472527472527472,0.02197802197802198,DEN-LAX,DEN-LAX_WN,DEN-LAX_WN_Q2,2024Q2,DEN-LAX
2024,2,DEN,ORD,AA,481.0,149,201.2806652806653,16256.729958808959,one_way,264036.0,316084.0,1666.0,1683.0,0.8353349109730325,17.0,0.98989898989899,0.05128205128205128,0.03663003663003663,0.0989010989010989,0.12087912087912088,0.07509157509157509,0.07875457875457875,DEN-ORD,DEN-ORD_AA,DEN-ORD_AA_Q2,2024Q2,DEN-ORD
2024,2,DEN,ORD,UA,1532.0,342,221.60443864229765,16745.82917089898,one_way,264036.0,316084.0,1666.0,1683.0,0.8353349109730325,17.0,0.98989898989899,0.05128205128205128,0.03663003663003663,0.0989010989010989,0.12087912087912088,0.07509157509157509,0.07875457875457875,DEN-ORD,DEN-ORD_UA,DEN-ORD_UA_Q2,2024Q2,DEN-ORD
2024,2,DEN,ORD,WN,652.0,176,164.1426380368098,7372.929040893523,one_way,264036.0,316084.0,1666.0,1683.0,0.8353349109730325,17.0,0.98989898989899,0.05128205128205128,0.03663003663003663,0.0989010989010989,0.12087912087912088,0.07509157509157509,0.07875457875457875,DEN-ORD,DEN-ORD_WN,DEN-ORD_WN_Q2,2024Q2,DEN-ORD
2024,2,DEN,SEA,DL,693.0,128,168.2077922077922,7125.90487434643,one_way,265178.0,295516.0,1782.0,1788.0,0.8973388919720083,6.0,0.9966442953020134,0.05128205128205128,0.03663003663003663,0.07326007326007326,0.07692307692307693,0.06227106227106227,0.05677655677655678,DEN-SEA,DEN-SEA_DL,DEN-SEA_DL_Q2,2024Q2,DEN-SEA
2024,2,DEN,SEA,UA,824.0,243,199.89320388349515,9840.379371288524,one_way,265178.0,295516.0,1782.0,1788.0,0.8973388919720083,6.0,0.9966442953020134,0.05128205128205128,0.03663003663003663,0.07326007326007326,0.07692307692307693,0.06227106227106227,0.05677655677655678,DEN-SEA,DEN-SEA_UA,DEN-SEA_UA_Q2,2024Q2,DEN-SEA
2024,2,DEN,SEA,WN,362.0,109,203.94198895027625,9580.491109856222,one_way,265178.0,295516.0,1782.0,1788.0,0.8973388919720083,6.0,0.9966442953020134,0.05128205128205128,0.03663003663003663,0.07326007326007326,0.07692307692307693,0.06227106227106227,0.05677655677655678,DEN-SEA,DEN-SEA_WN,DEN-SEA_WN_Q2,2024Q2,DEN-SEA
2024,2,DFW,ATL,AA,1047.0,261,249.69723018147087,20123.04586625361,one_way,256459.0,290034.0,1612.0,1643.0,0.884237710061579,31.0,0.9811320754716981,0.10622710622710622,0.10989010989010989,0.0989010989010989,0.09157509157509157,0.10256410256410256,0.10073260073260074,DFW-ATL,DFW-ATL_AA,DFW-ATL_AA_Q2,2024Q2,ATL-DFW
2024,2,DFW,ATL,DL,856.0,255,279.89018691588785,29524.469249497764,one_way,256459.0,290034.0,1612.0,1643.0,0.884237710061579,31.0,0.9811320754716981,0.10622710622710622,0.10989010989010989,0.0989010989010989,0.09157509157509157,0.10256410256410256,0.10073260073260074,DFW-ATL,DFW-ATL_DL,DFW-ATL_DL_Q2,2024Q2,ATL-DFW
2024,2,DFW,DEN,AA,1037.0,247,241.36740597878494,19817.946980059874,one_way,240695.0,279263.0,1616.0,1655.0,0.8618936271543313,39.0,0.9764350453172206,0.10622710622710622,0.10989010989010989,0.05128205128205128,0.03663003663003663,0.07875457875457875,0.07326007326007326,DFW-DEN,DFW-DEN_AA,DFW-DEN_AA_Q2,2024Q2,DEN-DFW
2024,2,DFW,DEN,UA,620.0,243,240.3725806451613,18737.70473204994,one_way,240695.0,279263.0,1616.0,1655.0,0.8618936271543313,39.0,0.9764350453172206,0.10622710622710622,0.10989010989010989,0.05128205128205128,0.03663003663003663,0.07875457875457875,0.07326007326007326,DFW-DEN,DFW-DEN_UA,DFW-DEN_UA_Q2,2024Q2,DEN-DFW
2024,2,DFW,JFK,AA,546.0,143,252.66483516483515,25251.021364166976,one_way,60138.0,66526.0,451.0,461.0,0.9039773922977482,10.0,0.9783080260303688,0.10622710622710622,0.10989010989010989,0.0989010989010989,0.10989010989010989,0.10256410256410256,0.10989010989010989,DFW-JFK,DFW-JFK_AA,DFW-JFK_AA_Q2,2024Q2,DFW-JFK
2024,2,DFW,JFK,DL,374.0,167,306.47058823529414,32217.917584145936,one_way,60138.0,66526.0,451.0,461.0,0.9039773922977482,10.0,0.9783080260303688,0.10622710622710622,0.10989010989010989,0.0989010989010989,0.10989010989010989,0.10256410256410256,0.10989010989010989,DFW-JFK,DFW-JFK_DL,DFW-JFK_DL_Q2,2024Q2,DFW-JFK
2024,2,DFW,LAX,AA,2165.0,402,343.0309468822171,54209.566247833194,one_way,307632.0,344162.0,1804.0,1841.0,0.8938581249527838,37.0,0.979902227050516,0.10622710622710622,0.10989010989010989,0.003663003663003663,0.007326007326007326,0.054945054945054944,0.05860805860805861,DFW-LAX,DFW-LAX_AA,DFW-LAX_AA_Q2,2024Q2,DFW-LAX
2024,2,DFW,LAX,DL,476.0,167,293.15546218487395,44811.87499117294,one_way,307632.0,344162.0,1804.0,1841.0,0.8938581249527838,37.0,0.979902227050516,0.10622710622710622,0.10989010989010989,0.003663003663003663,0.007326007326007326,0.054945054945054944,0.05860805860805861,DFW-LAX,DFW-LAX_DL,DFW-LAX_DL_Q2,2024Q2,DFW-LAX
2024,2,DFW,ORD,AA,1552.0,326,267.1636597938144,24210.181978358494,one_way,234953.0,267906.0,1530.0,1564.0,0.8769979022492964,34.0,0.9782608695652174,0.10622710622710622,0.10989010989010989,0.0989010989010989,0.12087912087912088,0.10256410256410256,0.11538461538461539,DFW-ORD,DFW-ORD_AA,DFW-ORD_AA_Q2,2024Q2,DFW-ORD
2024,2,DFW,ORD,UA,893.0,284,251.69876819708847,14582.958531517368,one_way,234953.0,267906.0,1530.0,1564.0,0.8769979022492964,34.0,0.9782608695652174,0.10622710622710622,0.10989010989010989,0.0989010989010989,0.12087912087912088,0.10256410256410256,0.11538461538461539,DFW-ORD,DFW-ORD_UA,DFW-ORD_UA_Q2,2024Q2,DFW-ORD
2024,2,DFW,SEA,AA,1189.0,297,318.8662741799832,30265.183967699428,one_way,191097.0,209453.0,1131.0,1168.0,0.9123622005891536,37.0,0.9683219178082192,0.10622710622710622,0.10989010989010989,0.07326007326007326,0.07692307692307693,0.08974358974358974,0.09340659340659341,DFW-SEA,DFW-SEA_AA,DFW-SEA_AA_Q2,2024Q2,DFW-SEA
2024,2,JFK,ATL,DL,1023.0,174,239.88269794721407,19253.26092253535,one_way,121086.0,144722.0,850.0,848.0,0.8366799795469936,-2.0,1.0023584905660377,0.0989010989010989,0.10989010989010989,0.0989010989010989,0.09157509157509157,0.0989010989010989,0.10073260073260074,JFK-ATL,JFK-ATL_DL,JFK-ATL_DL_Q2,2024Q2,ATL-JFK
2024,2,JFK,DEN,DL,863.0,167,241.95944380069525,16717.906814059126,one_way,54685.0,64376.0,353.0,353.0,0.8494625326208525,0.0,1.0,0.0989010989010989,0.10989010989010989,0.05128205128205128,0.03663003663003663,0.07509157509157509,0.07326007326007326,JFK-DEN,JFK-DEN_DL,JFK-DEN_DL_Q2,2024Q2,DEN-JFK
2024,2,JFK,DFW,AA,448.0,144,262.57142857142856,38106.51275510204,one_way,55973.0,65163.0,443.0,452.0,0.858969046851741,9.0,0.9800884955752213,0.0989010989010989,0.10989010989010989,0.10622710622710622,0.10989010989010989,0.10256410256410256,0.10989010989010989,JFK-DFW,JFK-DFW_AA,JFK-DFW_AA_Q2,2024Q2,DFW-JFK
2024,2,JFK,DFW,DL,477.0,174,260.32914046121596,35166.631708485496,one_way,55973.0,65163.0,443.0,452.0,0.858969046851741,9.0,0.9800884955752213,0.0989010989010989,0.10989010989010989,0.10622710622710622,0.10989010989010989,0.10256410256410256,0.10989010989010989,JFK-DFW,JFK-DFW_DL,JFK-DFW_DL_Q2,2024Q2,DFW-JFK
2024,2,JFK,LAX,AA,2038.0,467,562.2463199214917,214397.90988586814,one_way,339877.0,384193.0,2422.0,2423.0,0.8846517245238721,1.0,0.9995872884853487,0.0989010989010989,0.10989010989010989,0.003663003663003663,0.007326007326007326,0.05128205128205128,0.05860805860805861,JFK-LAX,JFK-LAX_AA,JFK-LAX_AA_Q2,2024Q2,JFK-LAX
2024,2,JFK,LAX,DL,4109.0,521,510.86760769043565,189171.52445329362,one_way,339877.0,384193.0,2422.0,2423.0,0.8846517245238721,1.0,0.9995872884853487,0.0989010989010989,0.10989010989010989,0.003663003663003663,0.007326007326007326,0.05128205128205128,0.05860805860805861,JFK-LAX,JFK-LAX_DL,JFK-LAX_DL_Q2,2024Q2,JFK-LAX
2024,2,JFK,ORD,AA,576.0,150,174.171875,8703.10413953993,one_way,64727.0,78135.0,677.0,688.0,0.8283995648556984,11.0,0.9840116279069767,0.0989010989010989,0.10989010989010989,0.0989010989010989,0.12087912087912088,0.0989010989010989,0.11538461538461539,JFK-ORD,JFK-ORD_AA,JFK-ORD_AA_Q2,2024Q2,JFK-ORD
2024,2,JFK,SEA,DL,1229.0,310,370.62082994304313,66708.49740175219,one_way,131252.0,145688.0,801.0,806.0,0.9009115369831421,5.0,0.9937965260545906,0.0989010989010989,0.10989010989010989,0.07326007326007326,0.07692307692307693,0.08608058608058608,0.09340659340659341,JFK-SEA,JFK-SEA_DL,JFK-SEA_DL_Q2,2024Q2,JFK-SEA
2024,2,LAX,ATL,AA,500.0,169,325.34,30672.74840000001,one_way,247177.0,272144.0,1303.0,1305.0,0.908258128049856,2.0,0.9984674329501916,0.003663003663003663,0.007326007326007326,0.0989010989010989,0.09157509157509157,0.05128205128205128,0.04945054945054945,LAX-ATL,LAX-ATL_AA,LAX-ATL_AA_Q2,2024Q2,ATL-LAX
2024,2,LAX,ATL,DL,1376.0,349,527.2245639534884,121531.73372800747,one_way,247177.0,272144.0,1303.0,1305.0,0.908258128049856,2.0,0.9984674329501916,0.003663003663003663,0.007326007326007326,0.0989010989010989,0.09157509157509157,0.05128205128205128,0.04945054945054945,LAX-ATL,LAX-ATL_DL,LAX-ATL_DL_Q2,2024Q2,ATL-LAX
2024,2,LAX,ATL,WN,131.0,72,240.64885496183206,7550.930132276677,one_way,247177.0,272144.0,1303.0,1305.0,0.908258128049856,2.0,0.9984674329501916,0.003663003663003663,0.007326007326007326,0.0989010989010989,0.09157509157509157,0.05128205128205128,0.04945054945054945,LAX-ATL,LAX-ATL_WN,LAX-ATL_WN_Q2,2024Q2,ATL-LAX
2024,2,LAX,DEN,DL,716.0,152,188.28631284916202,11277.673611544582,one_way,253614.0,300597.0,1922.0,1927.0,0.8437010349404684,5.0,0.9974052932018682,0.003663003663003663,0.007326007326007326,0.05128205128205128,0.03663003663003663,0.027472527472527472,0.02197802197802198,LAX-DEN,LAX-DEN_DL,LAX-DEN_DL_Q2,2024Q2,DEN-LAX
2024,2,LAX,DEN,UA,1304.0,258,220.7707055214724,15317.521810545186,one_way,253614.0,300597.0,1922.0,1927.0,0.8437010349404684,5.0,0.9974052932018682,0.003663003663003663,0.007326007326007326,0.05128205128205128,0.03663003663003663,0.027472527472527472,0.02197802197802198,LAX-DEN,LAX-DEN_UA,LAX-DEN_UA_Q2,2024Q2,DEN-LAX
2024,2,LAX,DEN,WN,909.0,185,175.8074807480748,9495.706610705078,one_way,253614.0,300597.0,1922.0,1927.0,0.8437010349404684,5.0,0.9974052932018682,0.003663003663003663,0.007326007326007326,0.05128205128205128,0.03663003663003663,0.027472527472527472,0.02197802197802198,LAX-DEN,LAX-DEN_WN,LAX-DEN_WN_Q2,2024Q2,DEN-LAX
2024,2,LAX,DFW,AA,2113.0,380,331.48319924278275,52742.003622135904,one_way,302560.0,341980.0,1791.0,1832.0,0.8847301011755073,41.0,0.9776200873362445,0.003663003663003663,0.007326007326007326,0.10622710622710622,0.10989010989010989,0.054945054945054944,0.05860805860805861,LAX-DFW,LAX-DFW_AA,LAX-DFW_AA_Q2,2024Q2,DFW-LAX
2024,2,LAX,DFW,DL,627.0,207,271.99202551834134,33231.13071790684,one_way,302560.0,341980.0,1791.0,1832.0,0.8847301011755073,41.0,0.9776200873362445,0.003663003663003663,0.007326007326007326,0.10622710622710622,0.10989010989010989,0.054945054945054944,0.05860805860805861,LAX-DFW,LAX-DFW_DL,LAX-DFW_DL_Q2,2024Q2,DFW-LAX
2024,2,LAX,JFK,AA,2001.0,422,566.9020489755122,183615.35072543687,one_way,347784.0,384056.0,2418.0,2425.0,0.9055554398316912,7.0,0.9971134020618557,0.003663003663003663,0.007326007326007326,0.0989010989010989,0.10989010989010989,0.05128205128205128,0.05860805860805861,LAX-JFK,LAX-JFK_AA,LAX-JFK_AA_Q2,2024Q2,JFK-LAX
2024,2,LAX,JFK,DL,4166.0,535,511.4507921267403,181542.1702862184,one_way,347784.0,384056.0,2418.0,2425.0,0.9055554398316912,7.0,0.9971134020618557,0.003663003663003663,0.007326007326007326,0.0989010989010989,0.10989010989010989,0.05128205128205128,0.05860805860805861,LAX-JFK,LAX-JFK_DL,LAX-JFK_DL_Q2,2024Q2,JFK-LAX
2024,2,LAX,ORD,AA,2174.0,395,292.71021159153634,40640.95466113278,one_way,305005.0,336708.0,1652.0,1668.0,0.9058442329852573,16.0,0.9904076738609112,0.003663003663003663,0.007326007326007326,0.0989010989010989,0.12087912087912088,0.05128205128205128,0.0641025641025641,LAX-ORD,LAX-ORD_AA,LAX-ORD_AA_Q2,2024Q2,LAX-ORD
2024,2,LAX,ORD,UA,2599.0,529,316.20623316660254,39682.35916083983,one_way,305005.0,336708.0,1652.0,1668.0,0.9058442329852573,16.0,0.9904076738609112,0.003663003663003663,0.007326007326007326,0.0989010989010989,0.12087912087912088,0.05128205128205128,0.0641025641025641,LAX-ORD,LAX-ORD_UA,LAX-ORD_UA_Q2,2024Q2,LAX-ORD
2024,2,LAX,SEA,DL,1760.0,235,208.76136363636363,13620.057825413227,one_way,262577.0,307467.0,1879.0,1883.0,0.8540005919334432,4.0,0.9978757302177377,0.003663003663003663,0.007326007326007326,0.07326007326007326,0.07692307692307693,0.038461538461538464,0.04212454212454213,LAX-SEA,LAX-SEA_DL,LAX-SEA_DL_Q2,2024Q2,LAX-SEA
2024,2,LAX,SEA,UA,846.0,199,190.7612293144208,6159.846061845761,one_way,262577.0,307467.0,1879.0,1883.0,0.8540005919334432,4.0,0.9978757302177377,0.003663003663003663,0.007326007326007326,0.07326007326007326,0.07692307692307693,0.038461538461538464,0.04212454212454213,LAX-SEA,LAX-SEA_UA,LAX-SEA_UA_Q2,2024Q2,LAX-SEA
2024,2,ORD,ATL,AA,431.0,108,167.03480278422273,11436.414101991271,one_way,204456.0,238844.0,1434.0,1442.0,0.8560231783088543,8.0,0.9944521497919556,0.0989010989010989,0.12087912087912088,0.0989010989010989,0.09157509157509157,0.0989010989010989,0.10622710622710622,ORD-ATL,ORD-ATL_AA,ORD-ATL_AA_Q2,2024Q2,ATL-ORD
2024,2,ORD,ATL,DL,1110.0,267,227.93513513513514,21266.514711468226,one_way,204456.0,238844.0,1434.0,1442.0,0.8560231783088543,8.0,0.9944521497919556,0.0989010989010989,0.12087912087912088,0.0989010989010989,0.09157509157509157,0.0989010989010989,0.10622710622710622,ORD-ATL,ORD-ATL_DL,ORD-ATL_DL_Q2,2024Q2,ATL-ORD
2024,2,ORD,ATL,UA,879.0,248,205.05574516496017,10963.547518187625,one_way,204456.0,238844.0,1434.0,1442.0,0.8560231783088543,8.0,0.9944521497919556,0.0989010989010989,0.12087912087912088,0.0989010989010989,0.09157509157509157,0.0989010989010989,0.10622710622710622,ORD-ATL,ORD-ATL_UA,ORD-ATL_UA_Q2,2024Q2,ATL-ORD
2024,2,ORD,DEN,AA,548.0,161,192.90328467153284,12826.839186291225,one_way,262484.0,316396.0,1668.0,1676.0,0.82960593686393,8.0,0.9952267303102625,0.0989010989010989,0.12087912087912088,0.05128205128205128,0.03663003663003663,0.07509157509157509,0.07875457875457875,ORD-DEN,ORD-DEN_AA,ORD-DEN_AA_Q2,2024Q2,DEN-ORD
2024,2,ORD,DEN,UA,1345.0,338,233.4200743494424,16628.671864678487,one_way,262484.0,316396.0,1668.0,1676.0,0.82960593686393,8.0,0.9952267303102625,0.0989010989010989,0.12087912087912088,0.05128205128205128,0.03663003663003663,0.07509157509157509,0.07875457875457875,ORD-DEN,ORD-DEN_UA,ORD-DEN_UA_Q2,2024Q2,DEN-ORD
2024,2,ORD,DEN,WN,657.0,179,161.2496194824962,9241.204052366618,one_way,262484.0,316396.0,1668.0,1676.0,0.82960593686393,8.0,0.9952267303102625,0.0989010989010989,0.12087912087912088,0.05128205128205128,0.03663003663003663,0.07509157509157509,0.07875457875457875,ORD-DEN,ORD-DEN_WN,ORD-DEN_WN_Q2,2024Q2,DEN-ORD
2024,2,ORD,DFW,AA,1560.0,363,283.62820512820514,26700.43228139382,one_way,233807.0,267788.0,1523.0,1556.0,0.8731048441304315,33.0,0.9787917737789203,0.0989010989010989,0.12087912087912088,0.10622710622710622,0.10989010989010989,0.10256410256410256,0.11538461538461539,ORD-DFW,ORD-DFW_AA,ORD-DFW_AA_Q2,2024Q2,DFW-ORD
2024,2,ORD,DFW,UA,984.0,294,238.3170731707317,16151.281578425544,one_way,233807.0,267788.0,1523.0,1556.0,0.8731048441304315,33.0,0.9787917737789203,0.0989010989010989,0.12087912087912088,0.10622710622710622,0.10989010989010989,0.10256410256410256,0.11538461538461539,ORD-DFW,ORD-DFW_UA,ORD-DFW_UA_Q2,2024Q2,DFW-ORD
2024,2,ORD,JFK,AA,627.0,159,194.70653907496012,9410.086129489304,one_way,66575.0,78011.0,675.0,687.0,0.8534052889977054,12.0,0.982532751091703,0.0989010989010989,0.12087912087912088,0.0989010989010989,0.10989010989010989,0.0989010989010989,0.11538461538461539,ORD-JFK,ORD-JFK_AA,ORD-JFK_AA_Q2,2024Q2,JFK-ORD
2024,2,ORD,LAX,AA,2023.0,365,286.8353929807217,44641.58882148423,one_way,302351.0,340990.0,1673.0,1673.0,0.8866858265638289,0.0,1.0,0.0989010989010989,0.12087912087912088,0.003663003663003663,0.007326007326007326,0.05128205128205128,0.0641025641025641,ORD-LAX,ORD-LAX_AA,ORD-LAX_AA_Q2,2024Q2,LAX-ORD
2024,2,ORD,LAX,UA,2564.0,479,285.6801872074883,36627.66293038617,one_way,302351.0,340990.0,1673.0,1673.0,0.8866858265638289,0.0,1.0,0.0989010989010989,0.12087912087912088,0.003663003663003663,0.007326007326007326,0.05128205128205128,0.0641025641025641,ORD-LAX,ORD-LAX_UA,ORD-LAX_UA_Q2,2024Q2,LAX-ORD
2024,2,ORD,SEA,AA,358.0,130,270.9050279329609,19282.09712555789,one_way,205433.0,228871.0,1375.0,1390.0,0.8975929672173407,15.0,0.9892086330935251,0.0989010989010989,0.12087912087912088,0.07326007326007326,0.07692307692307693,0.08608058608058608,0.09890109890109891,ORD-SEA,ORD-SEA_AA,ORD-SEA_AA_Q2,2024Q2,ORD-SEA
2024,2,ORD,SEA,DL,825.0,184,229.37939393939394,16682.84151478421,one_way,205433.0,228871.0,1375.0,1390.0,0.8975929672173407,15.0,0.9892086330935251,0.0989010989010989,0.12087912087912088,0.07326007326007326,0.07692307692307693,0.08608058608058608,0.09890109890109891,ORD-SEA,ORD-SEA_DL,ORD-SEA_DL_Q2,2024Q2,ORD-SEA
2024,2,ORD,SEA,UA,860.0,282,262.3988372093023,16265.183952136285,one_way,205433.0,228871.0,1375.0,1390.0,0.8975929672173407,15.0,0.9892086330935251,0.0989010989010989,0.12087912087912088,0.07326007326007326,0.07692307692307693,0.08608058608058608,0.09890109890109891,ORD-SEA,ORD-SEA_UA,ORD-SEA_UA_Q2,2024Q2,ORD-SEA
2024,2,SEA,ATL,DL,763.0,189,363.29357798165137,44986.860076713114,one_way,155251.0,177564.0,935.0,934.0,0.8743382667657859,-1.0,1.0010706638115632,0.07326007326007326,0.07692307692307693,0.0989010989010989,0.09157509157509157,0.08608058608058608,0.08424908424908426,SEA-ATL,SEA-ATL_DL,SEA-ATL_DL_Q2,2024Q2,ATL-SEA
2024,2,SEA,DEN,DL,654.0,121,166.46024464831805,8817.976248258186,one_way,251712.0,293349.0,1777.0,1790.0,0.8580632625302966,13.0,0.9927374301675977,0.07326007326007326,0.07692307692307693,0.05128205128205128,0.03663003663003663,0.06227106227106227,0.05677655677655678,SEA-DEN,SEA-DEN_DL,SEA-DEN_DL_Q2,2024Q2,DEN-SEA
2024,2,SEA,DEN,UA,658.0,226,201.24164133738603,9534.18021128777,one_way,251712.0,293349.0,1777.0,1790.0,0.8580632625302966,13.0,0.9927374301675977,0.07326007326007326,0.07692307692307693,0.05128205128205128,0.03663003663003663,0.06227106227106227,0.05677655677655678,SEA-DEN,SEA-DEN_UA,SEA-DEN_UA_Q2,2024Q2,DEN-SEA
2024,2,SEA,DEN,WN,502.0,136,163.96613545816734,6544.387299407947,one_way,251712.0,293349.0,1777.0,1790.0,0.8580632625302966,13.0,0.9927374301675977,0.07326007326007326,0.07692307692307693,0.05128205128205128,0.03663003663003663,0.06227106227106227,0.05677655677655678,SEA-DEN,SEA-DEN_WN,SEA-DEN_WN_Q2,2024Q2,DEN-SEA
2024,2,SEA,DFW,AA,1080.0,341,336.0574074074074,43932.885593278465,one_way,181772.0,207829.0,1122.0,1166.0,0.8746228870850555,44.0,0.9622641509433962,0.07326007326007326,0.07692307692307693,0.10622710622710622,0.10989010989010989,0.08974358974358974,0.09340659340659341,SEA-DFW,SEA-DFW_AA,SEA-DFW_AA_Q2,2024Q2,DFW-SEA
2024,2,SEA,JFK,DL,1207.0,294,350.89395194697596,61101.79985571602,one_way,127781.0,144966.0,798.0,805.0,0.8814549618531242,7.0,0.991304347826087,0.07326007326007326,0.07692307692307693,0.0989010989010989,0.10989010989010989,0.08608058608058608,0.09340659340659341,SEA-JFK,SEA-JFK_DL,SEA-JFK_DL_Q2,2024Q2,JFK-SEA
2024,2,SEA,LAX,DL,1651.0,231,205.14415505754087,13503.854446454454,one_way,241626.0,305876.0,1880.0,1896.0,0.7899475604493325,16.0,0.9915611814345991,0.07326007326007326,0.07692307692307693,0.003663003663003663,0.007326007326007326,0.038461538461538464,0.04212454212454213,SEA-LAX,SEA-LAX_DL,SEA-LAX_DL_Q2,2024Q2,LAX-SEA
2024,2,SEA,LAX,UA,611.0,173,190.65466448445173,9494.02967955191,one_way,241626.0,305876.0,1880.0,1896.0,0.7899475604493325,16.0,0.9915611814345991,0.07326007326007326,0.07692307692307693,0.003663003663003663,0.007326007326007326,0.038461538461538464,0.04212454212454213,SEA-LAX,SEA-LAX_UA,SEA-LAX_UA_Q2,2024Q2,LAX-SEA
2024,2,SEA,ORD,AA,428.0,129,217.0607476635514,16921.444907852216,one_way,201072.0,226923.0,1364.0,1394.0,0.8860803003662036,30.0,0.9784791965566715,0.07326007326007326,0.07692307692307693,0.0989010989010989,0.12087912087912088,0.08608058608058608,0.09890109890109891,SEA-ORD,SEA-ORD_AA,SEA-ORD_AA_Q2,2024Q2,ORD-SEA
2024,2,SEA,ORD,DL,795.0,207,227.6880503144654,21087.58822198488,one_way,201072.0,226923.0,1364.0,1394.0,0.8860803003662036,30.0,0.9784791965566715,0.07326007326007326,0.07692307692307693,0.0989010989010989,0.12087912087912088,0.08608058608058608,0.09890109890109891,SEA-ORD,SEA-ORD_DL,SEA-ORD_DL_Q2,2024Q2,ORD-SEA
2024,2,SEA,ORD,UA,771.0,258,249.47470817120623,20848.838205978383,one_way,201072.0,226923.0,1364.0,1394.0,0.8860803003662036,30.0,0.9784791965566715,0.07326007326007326,0.07692307692307693,0.0989010989010989,0.12087912087912088,0.08608058608058608,0.09890109890109891,SEA-ORD,SEA-ORD_UA,SEA-ORD_UA_Q2,2024Q2,ORD-SEA
2024,3,ATL,DEN,DL,4518.0,1177,262.00972111553784,19264.473604835905,primary,237727.0,270643.0,1526.0,1562.0,0.8783785281717983,36.0,0.9769526248399488,0.12681159420289856,0.13768115942028986,0.03260869565217391,0.018115942028985508,0.07971014492753624,0.07789855072463768,ATL-DEN,ATL-DEN_DL,ATL-DEN_DL_Q3,2024Q3,ATL-DEN
2024,3,ATL,DEN,UA,1561.0,808,218.35884048686742,14924.151164382609,primary,237727.0,270643.0,1526.0,1562.0,0.8783785281717983,36.0,0.9769526248399488,0.12681159420289856,0.13768115942028986,0.03260869565217391,0.018115942028985508,0.07971014492753624,0.07789855072463768,ATL-DEN,ATL-DEN_UA,ATL-DEN_UA_Q3,2024Q3,ATL-DEN
2024,3,ATL,DEN,WN,2550.0,1158,179.3120470588235,8768.624703887988,primary,237727.0,270643.0,1526.0,1562.0,0.8783785281717983,36.0,0.9769526248399488,0.12681159420289856,0.13768115942028986,0.03260869565217391,0.018115942028985508,0.07971014492753624,0.07789855072463768,ATL-DEN,ATL-DEN_WN,ATL-DEN_WN_Q3,2024Q3,ATL-DEN
2024,3,ATL,DFW,AA,4085.0,1237,218.58192656058753,15102.411217071705,primary,251373.0,309572.0,1682.0,1714.0,0.8120017314227385,32.0,0.9813302217036173,0.12681159420289856,0.13768115942028986,0.036231884057971016,0.057971014492753624,0.08152173913043478,0.09782608695652174,ATL-DFW,ATL-DFW_AA,ATL-DFW_AA_Q3,2024Q3,ATL-DFW
2024,3,ATL,DFW,DL,4515.0,1662,231.88124473975637,12652.74954285816,primary,251373.0,309572.0,1682.0,1714.0,0.8120017314227385,32.0,0.9813302217036173,0.12681159420289856,0.13768115942028986,0.036231884057971016,0.057971014492753624,0.08152173913043478,0.09782608695652174,ATL-DFW,ATL-DFW_DL,ATL-DFW_DL_Q3,2024Q3,ATL-DFW
2024,3,ATL,JFK,DL,3592.0,927,201.59591592427617,10028.160536855961,primary,139311.0,163087.0,916.0,904.0,0.8542127821346889,-12.0,1.0132743362831858,0.12681159420289856,0.13768115942028986,0.14130434782608695,0.10507246376811594,0.13405797101449274,0.1213768115942029,ATL-JFK,ATL-JFK_DL,ATL-JFK_DL_Q3,2024Q3,ATL-JFK
2024,3,ATL,LAX,AA,1135.0,629,286.77078414096917,33737.77815718249,primary,249663.0,281071.0,1370.0,1393.0,0.8882559922581839,23.0,0.9834888729361091,0.12681159420289856,0.13768115942028986,0.0036231884057971015,0.0,0.06521739130434782,0.06884057971014493,ATL-LAX,ATL-LAX_AA,ATL-LAX_AA_Q3,2024Q3,ATL-LAX
2024,3,ATL,LAX,DL,5494.0,1819,420.33483254459406,69547.99223476448,primary,249663.0,281071.0,1370.0,1393.0,0.8882559922581839,23.0,0.9834888729361091,0.12681159420289856,0.13768115942028986,0.0036231884057971015,0.0,0.06521739130434782,0.06884057971014493,ATL-LAX,ATL-LAX_DL,ATL-LAX_DL_Q3,2024Q3,ATL-LAX
2024,3,ATL,LAX,WN,377.0,290,231.43153846153848,11203.25840612119,primary,249663.0,281071.0,1370.0,1393.0,0.8882559922581839,23.0,0.9834888729361091,0.12681159420289856,0.13768115942028986,0.0036231884057971015,0.0,0.06521739130434782,0.06884057971014493,ATL-LAX,ATL-LAX_WN,ATL-LAX_WN_Q3,2024Q3,ATL-LAX
2024,3,ATL,ORD,AA,1631.0,592,161.94077866339669,9061.389531643836,primary,207708.0,245389.0,1468.0,1497.0,0.8464438096247183,29.0,0.9806279225116901,0.12681159420289856,0.13768115942028986,0.09057971014492754,0.07971014492753623,0.10869565217391305,0.10869565217391304,ATL-ORD,ATL-ORD_AA,ATL-ORD_AA_Q3,2024Q3,ATL-ORD
2024,3,ATL,ORD,DL,5161.0,1501,231.6539972873474,11589.05115846463,primary,207708.0,245389.0,1468.0,1497.0,0.8464438096247183,29.0,0.9806279225116901,0.12681159420289856,0.13768115942028986,0.09057971014492754,0.07971014492753623,0.10869565217391305,0.10869565217391304,ATL-ORD,ATL-ORD_DL,ATL-ORD_DL_Q3,2024Q3,ATL-ORD
2024,3,ATL,ORD,UA,3125.0,1126,197.3668064,10337.705130920913,primary,207708.0,245389.0,1468.0,1497.0,0.8464438096247183,29.0,0.9806279225116901,0.12681159420289856,0.13768115942028986,0.09057971014492754,0.07971014492753623,0.10869565217391305,0.10869565217391304,ATL-ORD,ATL-ORD_UA,ATL-ORD_UA_Q3,2024Q3,ATL-ORD
2024,3,ATL,SEA,DL,3776.0,1082,357.0152727754237,36462.55728890866,primary,182603.0,205070.0,1056.0,1081.0,0.8904422879992198,25.0,0.9768732654949122,0.12681159420289856,0.13768115942028986,0.021739130434782608,0.03260869565217391,0.07427536231884058,0.08514492753623189,ATL-SEA,ATL-SEA_DL,ATL-SEA_DL_Q3,2024Q3,ATL-SEA
2024,3,DEN,ATL,DL,4451.0,1172,267.4529791058189,20908.32863619346,primary,237490.0,272020.0,1531.0,1565.0,0.8730608043526211,34.0,0.9782747603833866,0.03260869565217391,0.018115942028985508,0.12681159420289856,0.13768115942028986,0.07971014492753624,0.07789855072463768,DEN-ATL,DEN-ATL_DL,DEN-ATL_DL_Q3,2024Q3,ATL-DEN
2024,3,DEN,ATL,UA,1501.0,829,232.9670219853431,19310.411623842956,primary,237490.0,272020.0,1531.0,1565.0,0.8730608043526211,34.0,0.9782747603833866,0.03260869565217391,0.018115942028985508,0.12681159420289856,0.13768115942028986,0.07971014492753624,0.07789855072463768,DEN-ATL,DEN-ATL_UA,DEN-ATL_UA_Q3,2024Q3,ATL-DEN
2024,3,DEN,ATL,WN,2752.0,1220,184.41820494186047,9491.191954917304,primary,237490.0,272020.0,1531.0,1565.0,0.8730608043526211,34.0,0.9782747603833866,0.03260869565217391,0.018115942028985508,0.12681159420289856,0.13768115942028986,0.07971014492753624,0.07789855072463768,DEN-ATL,DEN-ATL_WN,DEN-ATL_WN_Q3,2024Q3,ATL-DEN
2024,3,DEN,DFW,AA,4925.0,1318,208.3008913705584,12964.470241662297,primary,239153.0,280894.0,1620.0,1640.0,0.8513994602946308,20.0,0.9878048780487805,0.03260869565217391,0.018115942028985508,0.036231884057971016,0.057971014492753624,0.034420289855072464,0.03804347826086957,DEN-DFW,DEN-DFW_AA,DEN-DFW_AA_Q3,2024Q3,DEN-DFW
2024,3,DEN,DFW,UA,2711.0,1098,211.47406123201773,10264.905150787832,primary,239153.0,280894.0,1620.0,1640.0,0.8513994602946308,20.0,0.9878048780487805,0.03260869565217391,0.018115942028985508,0.036231884057971016,0.057971014492753624,0.034420289855072464,0.03804347826086957,DEN-DFW,DEN-DFW_UA,DEN-DFW_UA_Q3,2024Q3,DEN-DFW
2024,3,DEN,JFK,DL,2325.0,726,244.45513978494623,20063.328588937446,primary,59702.0,73595.0,417.0,431.0,0.8112235885590053,14.0,0.9675174013921114,0.03260869565217391,0.018115942028985508,0.14130434782608695,0.10507246376811594,0.08695652173913043,0.06159420289855072,DEN-JFK,DEN-JFK_DL,DEN-JFK_DL_Q3,2024Q3,DEN-JFK
2024,3,DEN,LAX,DL,1791.0,663,181.0634338358459,11946.500299375723,primary,267591.0,320326.0,2010.0,2017.0,0.8353708409557763,7.0,0.9965294992563213,0.03260869565217391,0.018115942028985508,0.0036231884057971015,0.0,0.018115942028985508,0.009057971014492754,DEN-LAX,DEN-LAX_DL,DEN-LAX_DL_Q3,2024Q3,DEN-LAX
2024,3,DEN,LAX,UA,4764.0,1411,199.25712216624686,14929.293226709677,primary,267591.0,320326.0,2010.0,2017.0,0.8353708409557763,7.0,0.9965294992563213,0.03260869565217391,0.018115942028985508,0.0036231884057971015,0.0,0.018115942028985508,0.009057971014492754,DEN-LAX,DEN-LAX_UA,DEN-LAX_UA_Q3,2024Q3,DEN-LAX
2024,3,DEN,LAX,WN,3421.0,1489,155.2257263957907,7340.478942975711,primary,267591.0,320326.0,2010.0,2017.0,0.8353708409557763,7.0,0.9965294992563213,0.03260869565217391,0.018115942028985508,0.0036231884057971015,0.0,0.018115942028985508,0.009057971014492754,DEN-LAX,DEN-LAX_WN,DEN-LAX_WN_Q3,2024Q3,DEN-LAX
2024,3,DEN,ORD,AA,1951.0,731,191.16381342901076,12087.390030665352,primary,305618.0,345478.0,1718.0,1725.0,0.8846236229224437,7.0,0.9959420289855072,0.03260869565217391,0.018115942028985508,0.09057971014492754,0.07971014492753623,0.06159420289855072,0.048913043478260865,DEN-ORD,DEN-ORD_AA,DEN-ORD_AA_Q3,2024Q3,DEN-ORD
2024,3,DEN,ORD,UA,8091.0,1855,211.73529847979236,10957.81634586012,primary,305618.0,345478.0,1718.0,1725.0,0.8846236229224437,7.0,0.9959420289855072,0.03260869565217391,0.018115942028985508,0.09057971014492754,0.07971014492753623,0.06159420289855072,0.048913043478260865,DEN-ORD,DEN-ORD_UA,DEN-ORD_UA_Q3,2024Q3,DEN-ORD
2024,3,DEN,ORD,WN,2744.0,1305,149.93098760932943,5214.59652202026,primary,305618.0,345478.0,1718.0,1725.0,0.8846236229224437,7.0,0.9959420289855072,0.03260869565217391,0.018115942028985508,0.09057971014492754,0.07971014492753623,0.06159420289855072,0.048913043478260865,DEN-ORD,DEN-ORD_WN,DEN-ORD_WN_Q3,2024Q3,DEN-ORD
2024,3,DEN,SEA,DL,1724.0,600,178.25969257540604,6620.707623745395,primary,293869.0,333910.0,1982.0,1994.0,0.8800844538947621,12.0,0.9939819458375125,0.03260869565217391,0.018115942028985508,0.021739130434782608,0.03260869565217391,0.02717391304347826,0.025362318840579712,DEN-SEA,DEN-SEA_DL,DEN-SEA_DL_Q3,2024Q3,DEN-SEA
2024,3,DEN,SEA,UA,2981.0,1073,217.40025159342503,9478.668844317777,primary,293869.0,333910.0,1982.0,1994.0,0.8800844538947621,12.0,0.9939819458375125,0.03260869565217391,0.018115942028985508,0.021739130434782608,0.03260869565217391,0.02717391304347826,0.025362318840579712,DEN-SEA,DEN-SEA_UA,DEN-SEA_UA_Q3,2024Q3,DEN-SEA
2024,3,DEN,SEA,WN,2189.0,1010,183.36242576518958,6415.980193887248,primary,293869.0,333910.0,1982.0,1994.0,0.8800844538947621,12.0,0.9939819458375125,0.03260869565217391,0.018115942028985508,0.021739130434782608,0.03260869565217391,0.02717391304347826,0.025362318840579712,DEN-SEA,DEN-SEA_WN,DEN-SEA_WN_Q3,2024Q3,DEN-SEA
2024,3,DFW,ATL,AA,4057.0,1158,210.46829677101306,11837.221295817275,primary,243494.0,308436.0,1678.0,1714.0,0.789447405620615,36.0,0.9789964994165694,0.036231884057971016,0.057971014492753624,0.12681159420289856,0.13768115942028986,0.08152173913043478,0.09782608695652174,DFW-ATL,DFW-ATL_AA,DFW-ATL_AA_Q3,2024Q3,ATL-DFW
2024,3,DFW,ATL,DL,4341.0,1582,234.44500345542502,12851.240956582573,primary,243494.0,308436.0,1678.0,1714.0,0.789447405620615,36.0,0.9789964994165694,0.036231884057971016,0.057971014492753624,0.12681159420289856,0.13768115942028986,0.08152173913043478,0.09782608695652174,DFW-ATL,DFW-ATL_DL,DFW-ATL_DL_Q3,2024Q3,ATL-DFW
2024,3,DFW,DEN,AA,4878.0,1254,199.66263632636327,9549.154948277333,primary,238814.0,280819.0,1617.0,1637.0,0.850419665336035,20.0,0.9877825290164935,0.036231884057971016,0.057971014492753624,0.03260869565217391,0.018115942028985508,0.034420289855072464,0.03804347826086957,DFW-DEN,DFW-DEN_AA,DFW-DEN_AA_Q3,2024Q3,DEN-DFW
2024,3,DFW,DEN,UA,2496.0,1051,209.52597756410256,10038.575009300774,primary,238814.0,280819.0,1617.0,1637.0,0.850419665336035,20.0,0.9877825290164935,0.036231884057971016,0.057971014492753624,0.03260869565217391,0.018115942028985508,0.034420289855072464,0.03804347826086957,DFW-DEN,DFW-DEN_UA,DFW-DEN_UA_Q3,2024Q3,DEN-DFW
2024,3,DFW,JFK,AA,1321.0,638,231.6324753974262,24865.45229735462,primary,60412.0,70949.0,474.0,489.0,0.8514848694132405,15.0,0.9693251533742331,0.036231884057971016,0.057971014492753624,0.14130434782608695,0.10507246376811594,0.08876811594202898,0.08152173913043478,DFW-JFK,DFW-JFK_AA,DFW-JFK_AA_Q3,2024Q3,DFW-JFK
2024,3,DFW,JFK,DL,829.0,495,225.22785283474064,16558.838413001264,primary,60412.0,70949.0,474.0,489.0,0.8514848694132405,15.0,0.9693251533742331,0.036231884057971016,0.057971014492753624,0.14130434782608695,0.10507246376811594,0.08876811594202898,0.08152173913043478,DFW-JFK,DFW-JFK_DL,DFW-JFK_DL_Q3,2024Q3,DFW-JFK
2024,3,DFW,LAX,AA,7146.0,1607,257.77851945144135,30606.81536313123,primary,300750.0,338850.0,1789.0,1796.0,0.8875608676405489,7.0,0.9961024498886414,0.036231884057971016,0.057971014492753624,0.0036231884057971015,0.0,0.01992753623188406,0.028985507246376812,DFW-LAX,DFW-LAX_AA,DFW-LAX_AA_Q3,2024Q3,DFW-LAX
2024,3,DFW,LAX,DL,1272.0,614,228.96723270440253,19699.856982908103,primary,300750.0,338850.0,1789.0,1796.0,0.8875608676405489,7.0,0.9961024498886414,0.036231884057971016,0.057971014492753624,0.0036231884057971015,0.0,0.01992753623188406,0.028985507246376812,DFW-LAX,DFW-LAX_DL,DFW-LAX_DL_Q3,2024Q3,DFW-LAX
2024,3,DFW,ORD,AA,7159.0,1702,235.71881128649252,14055.127899899991,primary,255428.0,307004.0,1766.0,1787.0,0.8320021888965616,21.0,0.9882484611080022,0.036231884057971016,0.057971014492753624,0.09057971014492754,0.07971014492753623,0.06340579710144928,0.06884057971014493,DFW-ORD,DFW-ORD_AA,DFW-ORD_AA_Q3,2024Q3,DFW-ORD
2024,3,DFW,ORD,UA,3279.0,1172,219.28155230253125,10930.099501737961,primary,255428.0,307004.0,1766.0,1787.0,0.8320021888965616,21.0,0.9882484611080022,0.036231884057971016,0.057971014492753624,0.09057971014492754,0.07971014492753623,0.06340579710144928,0.06884057971014493,DFW-ORD,DFW-ORD_UA,DFW-ORD_UA_Q3,2024Q3,DFW-ORD
2024,3,DFW,SEA,AA,4028.0,1250,264.6398510427011,20525.0009985379,primary,237415.0,268283.0,1512.0,1535.0,0.8849423929209081,23.0,0.9850162866449511,0.036231884057971016,0.057971014492753624,0.021739130434782608,0.03260869565217391,0.028985507246376812,0.04528985507246377,DFW-SEA,DFW-SEA_AA,DFW-SEA_AA_Q3,2024Q3,DFW-SEA
2024,3,DFW,SEA,DL,1036.0,516,218.63832046332044,12136.175294862565,primary,237415.0,268283.0,1512.0,1535.0,0.8849423929209081,23.0,0.9850162866449511,0.036231884057971016,0.057971014492753624,0.021739130434782608,0.03260869565217391,0.028985507246376812,0.04528985507246377,DFW-SEA,DFW-SEA_DL,DFW-SEA_DL_Q3,2024Q3,DFW-SEA
2024,3,JFK,ATL,DL,3579.0,907,205.0121598211791,10053.06072919938,primary,137140.0,161203.0,902.0,905.0,0.8507285844556243,3.0,0.9966850828729282,0.14130434782608695,0.10507246376811594,0.12681159420289856,0.13768115942028986,0.13405797101449274,0.1213768115942029,JFK-ATL,JFK-ATL_DL,JFK-ATL_DL_Q3,2024Q3,ATL-JFK
2024,3,JFK,DEN,DL,2467.0,782,249.8216781516011,20635.465223774816,primary,62523.0,73557.0,416.0,432.0,0.8499938822953628,16.0,0.9629629629629629,0.14130434782608695,0.10507246376811594,0.03260869565217391,0.018115942028985508,0.08695652173913043,0.06159420289855072,JFK-DEN,JFK-DEN_DL,JFK-DEN_DL_Q3,2024Q3,DEN-JFK
2024,3,JFK,DFW,AA,1283.0,629,250.22122369446612,28750.517129055952,primary,60413.0,71283.0,478.0,492.0,0.8475092237981006,14.0,0.9715447154471545,0.14130434782608695,0.10507246376811594,0.036231884057971016,0.057971014492753624,0.08876811594202898,0.08152173913043478,JFK-DFW,JFK-DFW_AA,JFK-DFW_AA_Q3,2024Q3,DFW-JFK
2024,3,JFK,DFW,DL,920.0,534,254.7391304347826,20822.694680765606,primary,60413.0,71283.0,478.0,492.0,0.8475092237981006,14.0,0.9715447154471545,0.14130434782608695,0.10507246376811594,0.036231884057971016,0.057971014492753624,0.08876811594202898,0.08152173913043478,JFK-DFW,JFK-DFW_DL,JFK-DFW_DL_Q3,2024Q3,DFW-JFK
2024,3,JFK,LAX,AA,4619.0,1772,544.6259450097424,187351.29861912748,primary,365821.0,409085.0,2586.0,2619.0,0.8942420279404036,33.0,0.9873997709049256,0.14130434782608695,0.10507246376811594,0.0036231884057971015,0.0,0.07246376811594202,0.05253623188405797,JFK-LAX,JFK-LAX_AA,JFK-LAX_AA_Q3,2024Q3,JFK-LAX
2024,3,JFK,LAX,DL,12019.0,2509,451.61759713786506,151310.09751961104,primary,365821.0,409085.0,2586.0,2619.0,0.8942420279404036,33.0,0.9873997709049256,0.14130434782608695,0.10507246376811594,0.0036231884057971015,0.0,0.07246376811594202,0.05253623188405797,JFK-LAX,JFK-LAX_DL,JFK-LAX_DL_Q3,2024Q3,JFK-LAX
2024,3,JFK,ORD,AA,1507.0,588,148.56343729263438,6115.774160049648,primary,71833.0,86041.0,731.0,746.0,0.8348694227170768,15.0,0.9798927613941019,0.14130434782608695,0.10507246376811594,0.09057971014492754,0.07971014492753623,0.11594202898550723,0.09239130434782608,JFK-ORD,JFK-ORD_AA,JFK-ORD_AA_Q3,2024Q3,JFK-ORD
2024,3,JFK,ORD,DL,37.0,36,176.6918918918919,8822.907836961276,primary,71833.0,86041.0,731.0,746.0,0.8348694227170768,15.0,0.9798927613941019,0.14130434782608695,0.10507246376811594,0.09057971014492754,0.07971014492753623,0.11594202898550723,0.09239130434782608,JFK-ORD,JFK-ORD_DL,JFK-ORD_DL_Q3,2024Q3,JFK-ORD
2024,3,JFK,SEA,DL,4102.0,1388,373.7871843003413,46764.23432412933,primary,133338.0,145889.0,806.0,835.0,0.913968839323047,29.0,0.9652694610778443,0.14130434782608695,0.10507246376811594,0.021739130434782608,0.03260869565217391,0.08152173913043478,0.06884057971014493,JFK-SEA,JFK-SEA_DL,JFK-SEA_DL_Q3,2024Q3,JFK-SEA
2024,3,LAX,ATL,AA,1187.0,643,283.20839090143215,30569.474315439467,primary,245236.0,280480.0,1363.0,1386.0,0.874343981745579,23.0,0.9834054834054834,0.0036231884057971015,0.0,0.12681159420289856,0.13768115942028986,0.06521739130434782,0.06884057971014493,LAX-ATL,LAX-ATL_AA,LAX-ATL_AA_Q3,2024Q3,ATL-LAX
2024,3,LAX,ATL,DL,5588.0,1862,423.3729760200429,69719.35436768233,primary,245236.0,280480.0,1363.0,1386.0,0.874343981745579,23.0,0.9834054834054834,0.0036231884057971015,0.0,0.12681159420289856,0.13768115942028986,0.06521739130434782,0.06884057971014493,LAX-ATL,LAX-ATL_DL,LAX-ATL_DL_Q3,2024Q3,ATL-LAX
2024,3,LAX,ATL,WN,358.0,255,218.42572625698324,9613.734071399922,primary,245236.0,280480.0,1363.0,1386.0,0.874343981745579,23.0,0.9834054834054834,0.0036231884057971015,0.0,0.12681159420289856,0.13768115942028986,0.06521739130434782,0.06884057971014493,LAX-ATL,LAX-ATL_WN,LAX-ATL_WN_Q3,2024Q3,ATL-LAX
2024,3,LAX,DEN,DL,1907.0,685,181.00412165705296,11104.117298376386,primary,266872.0,322471.0,1996.0,2015.0,0.8275844959701802,19.0,0.9905707196029777,0.0036231884057971015,0.0,0.03260869565217391,0.018115942028985508,0.018115942028985508,0.009057971014492754,LAX-DEN,LAX-DEN_DL,LAX-DEN_DL_Q3,2024Q3,DEN-LAX
2024,3,LAX,DEN,UA,4647.0,1347,198.2786335270067,13808.14573097114,primary,266872.0,322471.0,1996.0,2015.0,0.8275844959701802,19.0,0.9905707196029777,0.0036231884057971015,0.0,0.03260869565217391,0.018115942028985508,0.018115942028985508,0.009057971014492754,LAX-DEN,LAX-DEN_UA,LAX-DEN_UA_Q3,2024Q3,DEN-LAX
2024,3,LAX,DEN,WN,3459.0,1460,152.0838479329286,6816.686542261927,primary,266872.0,322471.0,1996.0,2015.0,0.8275844959701802,19.0,0.9905707196029777,0.0036231884057971015,0.0,0.03260869565217391,0.018115942028985508,0.018115942028985508,0.009057971014492754,LAX-DEN,LAX-DEN_WN,LAX-DEN_WN_Q3,2024Q3,DEN-LAX
2024,3,LAX,DFW,AA,7289.0,1632,263.8354890931541,33560.114918683146,primary,301389.0,338594.0,1783.0,1796.0,0.8901191397366758,13.0,0.9927616926503341,0.0036231884057971015,0.0,0.036231884057971016,0.057971014492753624,0.01992753623188406,0.028985507246376812,LAX-DFW,LAX-DFW_AA,LAX-DFW_AA_Q3,2024Q3,DFW-LAX
2024,3,LAX,DFW,DL,1417.0,657,233.04293577981653,19262.93389639176,primary,301389.0,338594.0,1783.0,1796.0,0.8901191397366758,13.0,0.9927616926503341,0.0036231884057971015,0.0,0.036231884057971016,0.057971014492753624,0.01992753623188406,0.028985507246376812,LAX-DFW,LAX-DFW_DL,LAX-DFW_DL_Q3,2024Q3,DFW-LAX
2024,3,LAX,JFK,AA,4563.0,1712,541.016563664256,183753.9467774969,primary,366915.0,406415.0,2563.0,2615.0,0.9028087053873504,52.0,0.9801147227533461,0.0036231884057971015,0.0,0.14130434782608695,0.10507246376811594,0.07246376811594202,0.05253623188405797,LAX-JFK,LAX-JFK_AA,LAX-JFK_AA_Q3,2024Q3,JFK-LAX
2024,3,LAX,JFK,DL,12146.0,2531,449.01291124650095,149418.98757649085,primary,366915.0,406415.0,2563.0,2615.0,0.9028087053873504,52.0,0.9801147227533461,0.0036231884057971015,0.0,0.14130434782608695,0.10507246376811594,0.07246376811594202,0.05253623188405797,LAX-JFK,LAX-JFK_DL,LAX-JFK_DL_Q3,2024Q3,JFK-LAX
2024,3,LAX,ORD,AA,6925.0,1762,255.43354801444045,31603.950008422427,primary,325843.0,350752.0,1740.0,1763.0,0.9289840114953015,23.0,0.9869540555870675,0.0036231884057971015,0.0,0.09057971014492754,0.07971014492753623,0.04710144927536232,0.03985507246376811,LAX-ORD,LAX-ORD_AA,LAX-ORD_AA_Q3,2024Q3,LAX-ORD
2024,3,LAX,ORD,UA,8964.0,2488,273.65622266845156,35151.29092332661,primary,325843.0,350752.0,1740.0,1763.0,0.9289840114953015,23.0,0.9869540555870675,0.0036231884057971015,0.0,0.09057971014492754,0.07971014492753623,0.04710144927536232,0.03985507246376811,LAX-ORD,LAX-ORD_UA,LAX-ORD_UA_Q3,2024Q3,LAX-ORD
2024,3,LAX,ORD,WN,31.0,31,216.02806451612904,7535.013157544228,primary,325843.0,350752.0,1740.0,1763.0,0.9289840114953015,23.0,0.9869540555870675,0.0036231884057971015,0.0,0.09057971014492754,0.07971014492753623,0.04710144927536232,0.03985507246376811,LAX-ORD,LAX-ORD_WN,LAX-ORD_WN_Q3,2024Q3,LAX-ORD
2024,3,LAX,SEA,DL,5108.0,915,186.19310297572434,9475.605208362933,primary,280366.0,334387.0,2032.0,2061.0,0.8384476669248505,29.0,0.9859291606016497,0.0036231884057971015,0.0,0.021739130434782608,0.03260869565217391,0.012681159420289854,0.016304347826086956,LAX-SEA,LAX-SEA_DL,LAX-SEA_DL_Q3,2024Q3,LAX-SEA
2024,3,LAX,SEA,UA,1811.0,693,177.75910546659304,5819.904973468172,primary,280366.0,334387.0,2032.0,2061.0,0.8384476669248505,29.0,0.9859291606016497,0.0036231884057971015,0.0,0.021739130434782608,0.03260869565217391,0.012681159420289854,0.016304347826086956,LAX-SEA,LAX-SEA_UA,LAX-SEA_UA_Q3,2024Q3,LAX-SEA
2024,3,LAX,SEA,WN,89.0,76,186.5187640449438,5219.119911955568,primary,280366.0,334387.0,2032.0,2061.0,0.8384476669248505,29.0,0.9859291606016497,0.0036231884057971015,0.0,0.021739130434782608,0.03260869565217391,0.012681159420289854,0.016304347826086956,LAX-SEA,LAX-SEA_WN,LAX-SEA_WN_Q3,2024Q3,LAX-SEA
2024,3,ORD,ATL,AA,1701.0,599,161.70697824808937,7892.790095395758,primary,209288.0,245660.0,1463.0,1497.0,0.8519417080517789,34.0,0.9772879091516367,0.09057971014492754,0.07971014492753623,0.12681159420289856,0.13768115942028986,0.10869565217391305,0.10869565217391304,ORD-ATL,ORD-ATL_AA,ORD-ATL_AA_Q3,2024Q3,ATL-ORD
2024,3,ORD,ATL,DL,5093.0,1526,231.4801197722364,12064.672491032194,primary,209288.0,245660.0,1463.0,1497.0,0.8519417080517789,34.0,0.9772879091516367,0.09057971014492754,0.07971014492753623,0.12681159420289856,0.13768115942028986,0.10869565217391305,0.10869565217391304,ORD-ATL,ORD-ATL_DL,ORD-ATL_DL_Q3,2024Q3,ATL-ORD
2024,3,ORD,ATL,UA,3149.0,1129,195.51035884407747,9625.818942297396,primary,209288.0,245660.0,1463.0,1497.0,0.8519417080517789,34.0,0.9772879091516367,0.09057971014492754,0.07971014492753623,0.12681159420289856,0.13768115942028986,0.10869565217391305,0.10869565217391304,ORD-ATL,ORD-ATL_UA,ORD-ATL_UA_Q3,2024Q3,ATL-ORD
2024,3,ORD,DEN,AA,1838.0,710,193.1718389553863,10723.081030024106,primary,305131.0,347867.0,1733.0,1742.0,0.8771484504135201,9.0,0.994833524684271,0.09057971014492754,0.07971014492753623,0.03260869565217391,0.018115942028985508,0.06159420289855072,0.048913043478260865,ORD-DEN,ORD-DEN_AA,ORD-DEN_AA_Q3,2024Q3,DEN-ORD
2024,3,ORD,DEN,UA,8033.0,1875,213.53981575999006,10974.78927535507,primary,305131.0,347867.0,1733.0,1742.0,0.8771484504135201,9.0,0.994833524684271,0.09057971014492754,0.07971014492753623,0.03260869565217391,0.018115942028985508,0.06159420289855072,0.048913043478260865,ORD-DEN,ORD-DEN_UA,ORD-DEN_UA_Q3,2024Q3,DEN-ORD
2024,3,ORD,DEN,WN,2770.0,1292,152.382880866426,5773.811892639234,primary,305131.0,347867.0,1733.0,1742.0,0.8771484504135201,9.0,0.994833524684271,0.09057971014492754,0.07971014492753623,0.03260869565217391,0.018115942028985508,0.06159420289855072,0.048913043478260865,ORD-DEN,ORD-DEN_WN,ORD-DEN_WN_Q3,2024Q3,DEN-ORD
2024,3,ORD,DFW,AA,7261.0,1737,240.56957306156175,15041.504988056273,primary,260926.0,307270.0,1769.0,1784.0,0.8491749926774498,15.0,0.9915919282511211,0.09057971014492754,0.07971014492753623,0.036231884057971016,0.057971014492753624,0.06340579710144928,0.06884057971014493,ORD-DFW,ORD-DFW_AA,ORD-DFW_AA_Q3,2024Q3,DFW-ORD
2024,3,ORD,DFW,UA,3282.0,1208,221.4225015234613,10265.559471408429,primary,260926.0,307270.0,1769.0,1784.0,0.8491749926774498,15.0,0.9915919282511211,0.09057971014492754,0.07971014492753623,0.036231884057971016,0.057971014492753624,0.06340579710144928,0.06884057971014493,ORD-DFW,ORD-DFW_UA,ORD-DFW_UA_Q3,2024Q3,DFW-ORD
2024,3,ORD,JFK,AA,1762.0,698,156.4550170261067,7520.3855049089,primary,72835.0,86096.0,731.0,747.0,0.8459742612897231,16.0,0.9785809906291834,0.09057971014492754,0.07971014492753623,0.14130434782608695,0.10507246376811594,0.11594202898550723,0.09239130434782608,ORD-JFK,ORD-JFK_AA,ORD-JFK_AA_Q3,2024Q3,JFK-ORD
2024,3,ORD,JFK,DL,188.0,159,203.51404255319147,7134.391835785427,primary,72835.0,86096.0,731.0,747.0,0.8459742612897231,16.0,0.9785809906291834,0.09057971014492754,0.07971014492753623,0.14130434782608695,0.10507246376811594,0.11594202898550723,0.09239130434782608,ORD-JFK,ORD-JFK_DL,ORD-JFK_DL_Q3,2024Q3,JFK-ORD
2024,3,ORD,LAX,AA,7099.0,1780,253.15418087054516,31611.641111158147,primary,321992.0,353331.0,1752.0,1773.0,0.9113041312536969,21.0,0.988155668358714,0.09057971014492754,0.07971014492753623,0.0036231884057971015,0.0,0.04710144927536232,0.03985507246376811,ORD-LAX,ORD-LAX_AA,ORD-LAX_AA_Q3,2024Q3,LAX-ORD
2024,3,ORD,LAX,UA,8842.0,2510,270.51821646686267,33753.05344704521,primary,321992.0,353331.0,1752.0,1773.0,0.9113041312536969,21.0,0.988155668358714,0.09057971014492754,0.07971014492753623,0.0036231884057971015,0.0,0.04710144927536232,0.03985507246376811,ORD-LAX,ORD-LAX_UA,ORD-LAX_UA_Q3,2024Q3,LAX-ORD
2024,3,ORD,LAX,WN,35.0,30,246.12314285714285,9199.338804408166,primary,321992.0,353331.0,1752.0,1773.0,0.9113041312536969,21.0,0.988155668358714,0.09057971014492754,0.07971014492753623,0.0036231884057971015,0.0,0.04710144927536232,0.03985507246376811,ORD-LAX,ORD-LAX_WN,ORD-LAX_WN_Q3,2024Q3,LAX-ORD
2024,3,ORD,SEA,AA,1124.0,529,246.8059252669039,14304.326307595846,primary,249876.0,274649.0,1598.0,1619.0,0.9098012372155005,21.0,0.9870290302655961,0.09057971014492754,0.07971014492753623,0.021739130434782608,0.03260869565217391,0.05615942028985507,0.05615942028985507,ORD-SEA,ORD-SEA_AA,ORD-SEA_AA_Q3,2024Q3,ORD-SEA
2024,3,ORD,SEA,DL,2422.0,850,219.16849710982657,11927.945770986575,primary,249876.0,274649.0,1598.0,1619.0,0.9098012372155005,21.0,0.9870290302655961,0.09057971014492754,0.07971014492753623,0.021739130434782608,0.03260869565217391,0.05615942028985507,0.05615942028985507,ORD-SEA,ORD-SEA_DL,ORD-SEA_DL_Q3,2024Q3,ORD-SEA
2024,3,ORD,SEA,UA,3366.0,1330,243.4746019013666,15848.82629667753,primary,249876.0,274649.0,1598.0,1619.0,0.9098012372155005,21.0,0.9870290302655961,0.09057971014492754,0.07971014492753623,0.021739130434782608,0.03260869565217391,0.05615942028985507,0.05615942028985507,ORD-SEA,ORD-SEA_UA,ORD-SEA_UA_Q3,2024Q3,ORD-SEA
2024,3,SEA,ATL,DL,3705.0,1052,364.2755006747638,37216.88117600439,primary,183713.0,205515.0,1058.0,1084.0,0.8939152859888573,26.0,0.9760147601476015,0.021739130434782608,0.03260869565217391,0.12681159420289856,0.13768115942028986,0.07427536231884058,0.08514492753623189,SEA-ATL,SEA-ATL_DL,SEA-ATL_DL_Q3,2024Q3,ATL-SEA
2024,3,SEA,DEN,DL,1883.0,625,181.2392565055762,8201.197634072807,primary,303819.0,336063.0,1972.0,2008.0,0.9040537042161737,36.0,0.9820717131474104,0.021739130434782608,0.03260869565217391,0.03260869565217391,0.018115942028985508,0.02717391304347826,0.025362318840579712,SEA-DEN,SEA-DEN_DL,SEA-DEN_DL_Q3,2024Q3,DEN-SEA
2024,3,SEA,DEN,UA,2775.0,1078,228.80026306306306,9889.688025264142,primary,303819.0,336063.0,1972.0,2008.0,0.9040537042161737,36.0,0.9820717131474104,0.021739130434782608,0.03260869565217391,0.03260869565217391,0.018115942028985508,0.02717391304347826,0.025362318840579712,SEA-DEN,SEA-DEN_UA,SEA-DEN_UA_Q3,2024Q3,DEN-SEA
2024,3,SEA,DEN,WN,2216.0,1009,178.38956227436825,6029.351067813805,primary,303819.0,336063.0,1972.0,2008.0,0.9040537042161737,36.0,0.9820717131474104,0.021739130434782608,0.03260869565217391,0.03260869565217391,0.018115942028985508,0.02717391304347826,0.025362318840579712,SEA-DEN,SEA-DEN_WN,SEA-DEN_WN_Q3,2024Q3,DEN-SEA
2024,3,SEA,DFW,AA,4252.0,1320,274.95371119473185,23063.329478842294,primary,243222.0,268740.0,1517.0,1533.0,0.9050457691448984,16.0,0.9895629484670581,0.021739130434782608,0.03260869565217391,0.036231884057971016,0.057971014492753624,0.028985507246376812,0.04528985507246377,SEA-DFW,SEA-DFW_AA,SEA-DFW_AA_Q3,2024Q3,DFW-SEA
2024,3,SEA,DFW,DL,1110.0,525,218.8704054054054,9109.800764790612,primary,243222.0,268740.0,1517.0,1533.0,0.9050457691448984,16.0,0.9895629484670581,0.021739130434782608,0.03260869565217391,0.036231884057971016,0.057971014492753624,0.028985507246376812,0.04528985507246377,SEA-DFW,SEA-DFW_DL,SEA-DFW_DL_Q3,2024Q3,DFW-SEA
2024,3,SEA,JFK,DL,3894.0,1398,389.8857216230098,51633.811085496214,primary,135967.0,145438.0,804.0,834.0,0.9348794675394326,30.0,0.9640287769784173,0.021739130434782608,0.03260869565217391,0.14130434782608695,0.10507246376811594,0.08152173913043478,0.06884057971014493,SEA-JFK,SEA-JFK_DL,SEA-JFK_DL_Q3,2024Q3,JFK-SEA
2024,3,SEA,LAX,DL,5134.0,929,189.46364822750292,11308.904479503057,primary,286148.0,330280.0,2019.0,2055.0,0.866380041177183,36.0,0.9824817518248176,0.021739130434782608,0.03260869565217391,0.0036231884057971015,0.0,0.012681159420289854,0.016304347826086956,SEA-LAX,SEA-LAX_DL,SEA-LAX_DL_Q3,2024Q3,LAX-SEA
2024,3,SEA,LAX,UA,1689.0,699,183.74812907045592,6847.3361889211665,primary,286148.0,330280.0,2019.0,2055.0,0.866380041177183,36.0,0.9824817518248176,0.021739130434782608,0.03260869565217391,0.0036231884057971015,0.0,0.012681159420289854,0.016304347826086956,SEA-LAX,SEA-LAX_UA,SEA-LAX_UA_Q3,2024Q3,LAX-SEA
2024,3,SEA,LAX,WN,66.0,59,174.1198484848485,5471.6006893709855,primary,286148.0,330280.0,2019.0,2055.0,0.866380041177183,36.0,0.9824817518248176,0.021739130434782608,0.03260869565217391,0.0036231884057971015,0.0,0.012681159420289854,0.016304347826086956,SEA-LAX,SEA-LAX_WN,SEA-LAX_WN_Q3,2024Q3,LAX-SEA
2024,3,SEA,ORD,AA,1083.0,528,247.44610341643582,16941.95498703271,primary,254096.0,273088.0,1589.0,1618.0,0.9304546519803141,29.0,0.9820766378244746,0.021739130434782608,0.03260869565217391,0.09057971014492754,0.07971014492753623,0.05615942028985507,0.05615942028985507,SEA-ORD,SEA-ORD_AA,SEA-ORD_AA_Q3,2024Q3,ORD-SEA
2024,3,SEA,ORD,DL,2448.0,877,235.5795383986928,13853.382352932364,primary,254096.0,273088.0,1589.0,1618.0,0.9304546519803141,29.0,0.9820766378244746,0.021739130434782608,0.03260869565217391,0.09057971014492754,0.07971014492753623,0.05615942028985507,0.05615942028985507,SEA-ORD,SEA-ORD_DL,SEA-ORD_DL_Q3,2024Q3,ORD-SEA
2024,3,SEA,ORD,UA,3398.0,1336,245.6686374337846,17061.668379632516,primary,254096.0,273088.0,1589.0,1618.0,0.9304546519803141,29.0,0.9820766378244746,0.021739130434782608,0.03260869565217391,0.09057971014492754,0.07971014492753623,0.05615942028985507,0.05615942028985507,SEA-ORD,SEA-ORD_UA,SEA-ORD_UA_Q3,2024Q3,ORD-SEA
2024,3,ATL,DEN,DL,849.0,169,271.93992932862193,28894.13184498911,one_way,237727.0,270643.0,1526.0,1562.0,0.8783785281717983,36.0,0.9769526248399488,0.12681159420289856,0.13768115942028986,0.03260869565217391,0.018115942028985508,0.07971014492753624,0.07789855072463768,ATL-DEN,ATL-DEN_DL,ATL-DEN_DL_Q3,2024Q3,ATL-DEN
2024,3,ATL,DEN,UA,506.0,164,215.29249011857706,18657.404568107617,one_way,237727.0,270643.0,1526.0,1562.0,0.8783785281717983,36.0,0.9769526248399488,0.12681159420289856,0.13768115942028986,0.03260869565217391,0.018115942028985508,0.07971014492753624,0.07789855072463768,ATL-DEN,ATL-DEN_UA,ATL-DEN_UA_Q3,2024Q3,ATL-DEN
2024,3,ATL,DEN,WN,499.0,140,214.65130260521042,19204.0948429926,one_way,237727.0,270643.0,1526.0,1562.0,0.8783785281717983,36.0,0.9769526248399488,0.12681159420289856,0.13768115942028986,0.03260869565217391,0.018115942028985508,0.07971014492753624,0.07789855072463768,ATL-DEN,ATL-DEN_WN,ATL-DEN_WN_Q3,2024Q3,ATL-DEN
2024,3,ATL,DFW,AA,908.0,289,279.68502202643174,29850.682727202147,one_way,251373.0,309572.0,1682.0,1714.0,0.8120017314227385,32.0,0.9813302217036173,0.12681159420289856,0.13768115942028986,0.036231884057971016,0.057971014492753624,0.08152173913043478,0.09782608695652174,ATL-DFW,ATL-DFW_AA,ATL-DFW_AA_Q3,2024Q3,ATL-DFW
2024,3,ATL,DFW,DL,861.0,221,247.4088269454123,20988.79917876333,one_way,251373.0,309572.0,1682.0,1714.0,0.8120017314227385,32.0,0.9813302217036173,0.12681159420289856,0.13768115942028986,0.036231884057971016,0.057971014492753624,0.08152173913043478,0.09782608695652174,ATL-DFW,ATL-DFW_DL,ATL-DFW_DL_Q3,2024Q3,ATL-DFW
2024,3,ATL,JFK,DL,1168.0,166,212.91010273972603,14754.172569167531,one_way,139311.0,163087.0,916.0,904.0,0.8542127821346889,-12.0,1.0132743362831858,0.12681159420289856,0.13768115942028986,0.14130434782608695,0.10507246376811594,0.13405797101449274,0.1213768115942029,ATL-JFK,ATL-JFK_DL,ATL-JFK_DL_Q3,2024Q3,ATL-JFK
2024,3,ATL,LAX,AA,437.0,168,341.675057208238,50471.64269593492,one_way,249663.0,281071.0,1370.0,1393.0,0.8882559922581839,23.0,0.9834888729361091,0.12681159420289856,0.13768115942028986,0.0036231884057971015,0.0,0.06521739130434782,0.06884057971014493,ATL-LAX,ATL-LAX_AA,ATL-LAX_AA_Q3,2024Q3,ATL-LAX
2024,3,ATL,LAX,DL,979.0,296,552.8743615934627,103778.4346746435,one_way,249663.0,281071.0,1370.0,1393.0,0.8882559922581839,23.0,0.9834888729361091,0.12681159420289856,0.13768115942028986,0.0036231884057971015,0.0,0.06521739130434782,0.06884057971014493,ATL-LAX,ATL-LAX_DL,ATL-LAX_DL_Q3,2024Q3,ATL-LAX
2024,3,ATL,LAX,WN,178.0,104,271.8314606741573,14297.286201237206,one_way,249663.0,281071.0,1370.0,1393.0,0.8882559922581839,23.0,0.9834888729361091,0.12681159420289856,0.13768115942028986,0.0036231884057971015,0.0,0.06521739130434782,0.06884057971014493,ATL-LAX,ATL-LAX_WN,ATL-LAX_WN_Q3,2024Q3,ATL-LAX
2024,3,ATL,ORD,AA,535.0,132,180.41121495327104,15274.82155646781,one_way,207708.0,245389.0,1468.0,1497.0,0.8464438096247183,29.0,0.9806279225116901,0.12681159420289856,0.13768115942028986,0.09057971014492754,0.07971014492753623,0.10869565217391305,0.10869565217391304,ATL-ORD,ATL-ORD_AA,ATL-ORD_AA_Q3,2024Q3,ATL-ORD
2024,3,ATL,ORD,DL,1107.0,227,239.57181571815718,18791.117471228907,one_way,207708.0,245389.0,1468.0,1497.0,0.8464438096247183,29.0,0.9806279225116901,0.12681159420289856,0.13768115942028986,0.09057971014492754,0.07971014492753623,0.10869565217391305,0.10869565217391304,ATL-ORD,ATL-ORD_DL,ATL-ORD_DL_Q3,2024Q3,ATL-ORD
2024,3,ATL,ORD,UA,815.0,232,217.00981595092026,17115.114014076556,one_way,207708.0,245389.0,1468.0,1497.0,0.8464438096247183,29.0,0.9806279225116901,0.12681159420289856,0.13768115942028986,0.09057971014492754,0.07971014492753623,0.10869565217391305,0.10869565217391304,ATL-ORD,ATL-ORD_UA,ATL-ORD_UA_Q3,2024Q3,ATL-ORD
2024,3,ATL,SEA,DL,723.0,162,360.5172890733057,39488.04776471174,one_way,182603.0,205070.0,1056.0,1081.0,0.8904422879992198,25.0,0.9768732654949122,0.12681159420289856,0.13768115942028986,0.021739130434782608,0.03260869565217391,0.07427536231884058,0.08514492753623189,ATL-SEA,ATL-SEA_DL,ATL-SEA_DL_Q3,2024Q3,ATL-SEA
2024,3,DEN,ATL,DL,817.0,191,297.8690330477356,37264.593618771236,one_way,237490.0,272020.0,1531.0,1565.0,0.8730608043526211,34.0,0.9782747603833866,0.03260869565217391,0.018115942028985508,0.12681159420289856,0.13768115942028986,0.07971014492753624,0.07789855072463768,DEN-ATL,DEN-ATL_DL,DEN-ATL_DL_Q3,2024Q3,ATL-DEN
2024,3,DEN,ATL,UA,453.0,191,261.6004415011038,31806.001500908824,one_way,237490.0,272020.0,1531.0,1565.0,0.8730608043526211,34.0,0.9782747603833866,0.03260869565217391,0.018115942028985508,0.12681159420289856,0.13768115942028986,0.07971014492753624,0.07789855072463768,DEN-ATL,DEN-ATL_UA,DEN-ATL_UA_Q3,2024Q3,ATL-DEN
2024,3,DEN,ATL,WN,660.0,167,227.8318181818182,18320.836866391175,one_way,237490.0,272020.0,1531.0,1565.0,0.8730608043526211,34.0,0.9782747603833866,0.03260869565217391,0.018115942028985508,0.12681159420289856,0.13768115942028986,0.07971014492753624,0.07789855072463768,DEN-ATL,DEN-ATL_WN,DEN-ATL_WN_Q3,2024Q3,ATL-DEN
2024,3,DEN,DFW,AA,982.0,265,263.0702647657841,27915.85758832094,one_way,239153.0,280894.0,1620.0,1640.0,0.8513994602946308,20.0,0.9878048780487805,0.03260869565217391,0.018115942028985508,0.036231884057971016,0.057971014492753624,0.034420289855072464,0.03804347826086957,DEN-DFW,DEN-DFW_AA,DEN-DFW_AA_Q3,2024Q3,DEN-DFW
2024,3,DEN,DFW,UA,829.0,270,228.2183353437877,13281.48550217464,one_way,239153.0,280894.0,1620.0,1640.0,0.8513994602946308,20.0,0.9878048780487805,0.03260869565217391,0.018115942028985508,0.036231884057971016,0.057971014492753624,0.034420289855072464,0.03804347826086957,DEN-DFW,DEN-DFW_UA,DEN-DFW_UA_Q3,2024Q3,DEN-DFW
2024,3,DEN,JFK,DL,859.0,154,245.60768335273573,25248.121989860156,one_way,59702.0,73595.0,417.0,431.0,0.8112235885590053,14.0,0.9675174013921114,0.03260869565217391,0.018115942028985508,0.14130434782608695,0.10507246376811594,0.08695652173913043,0.06159420289855072,DEN-JFK,DEN-JFK_DL,DEN-JFK_DL_Q3,2024Q3,DEN-JFK
2024,3,DEN,LAX,DL,586.0,153,197.27133105802048,17932.255730992787,one_way,267591.0,320326.0,2010.0,2017.0,0.8353708409557763,7.0,0.9965294992563213,0.03260869565217391,0.018115942028985508,0.0036231884057971015,0.0,0.018115942028985508,0.009057971014492754,DEN-LAX,DEN-LAX_DL,DEN-LAX_DL_Q3,2024Q3,DEN-LAX
2024,3,DEN,LAX,UA,1413.0,313,225.21939136588819,22572.150027371958,one_way,267591.0,320326.0,2010.0,2017.0,0.8353708409557763,7.0,0.9965294992563213,0.03260869565217391,0.018115942028985508,0.0036231884057971015,0.0,0.018115942028985508,0.009057971014492754,DEN-LAX,DEN-LAX_UA,DEN-LAX_UA_Q3,2024Q3,DEN-LAX
2024,3,DEN,LAX,WN,886.0,224,194.0530474040632,14411.646170171574,one_way,267591.0,320326.0,2010.0,2017.0,0.8353708409557763,7.0,0.9965294992563213,0.03260869565217391,0.018115942028985508,0.0036231884057971015,0.0,0.018115942028985508,0.009057971014492754,DEN-LAX,DEN-LAX_WN,DEN-LAX_WN_Q3,2024Q3,DEN-LAX
2024,3,DEN,ORD,AA,683.0,169,195.37335285505125,18180.55314058852,one_way,305618.0,345478.0,1718.0,1725.0,0.8846236229224437,7.0,0.9959420289855072,0.03260869565217391,0.018115942028985508,0.09057971014492754,0.07971014492753623,0.06159420289855072,0.048913043478260865,DEN-ORD,DEN-ORD_AA,DEN-ORD_AA_Q3,2024Q3,DEN-ORD
2024,3,DEN,ORD,UA,1845.0,367,224.3457994579946,17329.32649319555,one_way,305618.0,345478.0,1718.0,1725.0,0.8846236229224437,7.0,0.9959420289855072,0.03260869565217391,0.018115942028985508,0.09057971014492754,0.07971014492753623,0.06159420289855072,0.048913043478260865,DEN-ORD,DEN-ORD_UA,DEN-ORD_UA_Q3,2024Q3,DEN-ORD
2024,3,DEN,ORD,WN,730.0,196,170.6205479452055,9242.128618877836,one_way,305618.0,345478.0,1718.0,1725.0,0.8846236229224437,7.0,0.9959420289855072,0.03260869565217391,0.018115942028985508,0.09057971014492754,0.07971014492753623,0.06159420289855072,0.048913043478260865,DEN-ORD,DEN-ORD_WN,DEN-ORD_WN_Q3,2024Q3,DEN-ORD
2024,3,DEN,SEA,DL,535.0,112,169.78878504672898,7185.127350860337,one_way,293869.0,333910.0,1982.0,1994.0,0.8800844538947621,12.0,0.9939819458375125,0.03260869565217391,0.018115942028985508,0.021739130434782608,0.03260869565217391,0.02717391304347826,0.025362318840579712,DEN-SEA,DEN-SEA_DL,DEN-SEA_DL_Q3,2024Q3,DEN-SEA
2024,3,DEN,SEA,UA,951.0,248,201.8328075709779,11745.323255945099,one_way,293869.0,333910.0,1982.0,1994.0,0.8800844538947621,12.0,0.9939819458375125,0.03260869565217391,0.018115942028985508,0.021739130434782608,0.03260869565217391,0.02717391304347826,0.025362318840579712,DEN-SEA,DEN-SEA_UA,DEN-SEA_UA_Q3,2024Q3,DEN-SEA
2024,3,DEN,SEA,WN,592.0,180,199.09121621621622,9446.316003926222,one_way,293869.0,333910.0,1982.0,1994.0,0.8800844538947621,12.0,0.9939819458375125,0.03260869565217391,0.018115942028985508,0.021739130434782608,0.03260869565217391,0.02717391304347826,0.025362318840579712,DEN-SEA,DEN-SEA_WN,DEN-SEA_WN_Q3,2024Q3,DEN-SEA
2024,3,DFW,ATL,AA,875.0,204,244.31542857142858,18479.50736195917,one_way,243494.0,308436.0,1678.0,1714.0,0.789447405620615,36.0,0.9789964994165694,0.036231884057971016,0.057971014492753624,0.12681159420289856,0.13768115942028986,0.08152173913043478,0.09782608695652174,DFW-ATL,DFW-ATL_AA,DFW-ATL_AA_Q3,2024Q3,ATL-DFW
2024,3,DFW,ATL,DL,815.0,240,260.2895705521472,22565.130872821726,one_way,243494.0,308436.0,1678.0,1714.0,0.789447405620615,36.0,0.9789964994165694,0.036231884057971016,0.057971014492753624,0.12681159420289856,0.13768115942028986,0.08152173913043478,0.09782608695652174,DFW-ATL,DFW-ATL_DL,DFW-ATL_DL_Q3,2024Q3,ATL-DFW
2024,3,DFW,DEN,AA,942.0,208,219.67834394904457,14460.230932289349,one_way,238814.0,280819.0,1617.0,1637.0,0.850419665336035,20.0,0.9877825290164935,0.036231884057971016,0.057971014492753624,0.03260869565217391,0.018115942028985508,0.034420289855072464,0.03804347826086957,DFW-DEN,DFW-DEN_AA,DFW-DEN_AA_Q3,2024Q3,DEN-DFW
2024,3,DFW,DEN,UA,604.0,213,229.1771523178808,14268.652391890697,one_way,238814.0,280819.0,1617.0,1637.0,0.850419665336035,20.0,0.9877825290164935,0.036231884057971016,0.057971014492753624,0.03260869565217391,0.018115942028985508,0.034420289855072464,0.03804347826086957,DFW-DEN,DFW-DEN_UA,DFW-DEN_UA_Q3,2024Q3,DEN-DFW
2024,3,DFW,JFK,AA,467.0,143,265.2398286937902,40634.51207534538,one_way,60412.0,70949.0,474.0,489.0,0.8514848694132405,15.0,0.9693251533742331,0.036231884057971016,0.057971014492753624,0.14130434782608695,0.10507246376811594,0.08876811594202898,0.08152173913043478,DFW-JFK,DFW-JFK_AA,DFW-JFK_AA_Q3,2024Q3,DFW-JFK
2024,3,DFW,JFK,DL,288.0,103,252.375,22786.366319444438,one_way,60412.0,70949.0,474.0,489.0,0.8514848694132405,15.0,0.9693251533742331,0.036231884057971016,0.057971014492753624,0.14130434782608695,0.10507246376811594,0.08876811594202898,0.08152173913043478,DFW-JFK,DFW-JFK_DL,DFW-JFK_DL_Q3,2024Q3,DFW-JFK
2024,3,DFW,LAX,AA,2038.0,342,304.3390578999019,47671.97385230183,one_way,300750.0,338850.0,1789.0,1796.0,0.8875608676405489,7.0,0.9961024498886414,0.036231884057971016,0.057971014492753624,0.0036231884057971015,0.0,0.01992753623188406,0.028985507246376812,DFW-LAX,DFW-LAX_AA,DFW-LAX_AA_Q3,2024Q3,DFW-LAX
2024,3,DFW,LAX,DL,466.0,154,231.41630901287553,27031.603510840134,one_way,300750.0,338850.0,1789.0,1796.0,0.8875608676405489,7.0,0.9961024498886414,0.036231884057971016,0.057971014492753624,0.0036231884057971015,0.0,0.01992753623188406,0.028985507246376812,DFW-LAX,DFW-LAX_DL,DFW-LAX_DL_Q3,2024Q3,DFW-LAX
2024,3,DFW,ORD,AA,1545.0,314,264.38252427184466,27110.379888773678,one_way,255428.0,307004.0,1766.0,1787.0,0.8320021888965616,21.0,0.9882484611080022,0.036231884057971016,0.057971014492753624,0.09057971014492754,0.07971014492753623,0.06340579710144928,0.06884057971014493,DFW-ORD,DFW-ORD_AA,DFW-ORD_AA_Q3,2024Q3,DFW-ORD
2024,3,DFW,ORD,UA,885.0,259,232.16045197740112,18058.29741900476,one_way,255428.0,307004.0,1766.0,1787.0,0.8320021888965616,21.0,0.9882484611080022,0.036231884057971016,0.057971014492753624,0.09057971014492754,0.07971014492753623,0.06340579710144928,0.06884057971014493,DFW-ORD,DFW-ORD_UA,DFW-ORD_UA_Q3,2024Q3,DFW-ORD
2024,3,DFW,SEA,AA,935.0,223,254.3379679144385,24074.091125282393,one_way,237415.0,268283.0,1512.0,1535.0,0.8849423929209081,23.0,0.9850162866449511,0.036231884057971016,0.057971014492753624,0.021739130434782608,0.03260869565217391,0.028985507246376812,0.04528985507246377,DFW-SEA,DFW-SEA_AA,DFW-SEA_AA_Q3,2024Q3,DFW-SEA
2024,3,DFW,SEA,DL,375.0,140,213.68533333333335,17080.43965155555,one_way,237415.0,268283.0,1512.0,1535.0,0.8849423929209081,23.0,0.9850162866449511,0.036231884057971016,0.057971014492753624,0.021739130434782608,0.03260869565217391,0.028985507246376812,0.04528985507246377,DFW-SEA,DFW-SEA_DL,DFW-SEA_DL_Q3,2024Q3,DFW-SEA
2024,3,JFK,ATL,DL,1192.0,177,220.8255033557047,14732.172571055351,one_way,137140.0,161203.0,902.0,905.0,0.8507285844556243,3.0,0.9966850828729282,0.14130434782608695,0.10507246376811594,0.12681159420289856,0.13768115942028986,0.13405797101449274,0.1213768115942029,JFK-ATL,JFK-ATL_DL,JFK-ATL_DL_Q3,2024Q3,ATL-JFK
2024,3,JFK,DEN,DL,937.0,159,260.0213447171825,27196.484069483093,one_way,62523.0,73557.0,416.0,432.0,0.8499938822953628,16.0,0.9629629629629629,0.14130434782608695,0.10507246376811594,0.03260869565217391,0.018115942028985508,0.08695652173913043,0.06159420289855072,JFK-DEN,JFK-DEN_DL,JFK-DEN_DL_Q3,2024Q3,DEN-JFK
2024,3,JFK,DFW,AA,443.0,153,307.4717832957111,47458.25823316297,one_way,60413.0,71283.0,478.0,492.0,0.8475092237981006,14.0,0.9715447154471545,0.14130434782608695,0.10507246376811594,0.036231884057971016,0.057971014492753624,0.08876811594202898,0.08152173913043478,JFK-DFW,JFK-DFW_AA,JFK-DFW_AA_Q3,2024Q3,DFW-JFK
2024,3,JFK,DFW,DL,387.0,138,288.38759689922483,24474.645634276778,one_way,60413.0,71283.0,478.0,492.0,0.8475092237981006,14.0,0.9715447154471545,0.14130434782608695,0.10507246376811594,0.036231884057971016,0.057971014492753624,0.08876811594202898,0.08152173913043478,JFK-DFW,JFK-DFW_DL,JFK-DFW_DL_Q3,2024Q3,DFW-JFK
2024,3,JFK,LAX,AA,2115.0,511,536.3952718676123,183087.67165613174,one_way,365821.0,409085.0,2586.0,2619.0,0.8942420279404036,33.0,0.9873997709049256,0.14130434782608695,0.10507246376811594,0.0036231884057971015,0.0,0.07246376811594202,0.05253623188405797,JFK-LAX,JFK-LAX_AA,JFK-LAX_AA_Q3,2024Q3,JFK-LAX
2024,3,JFK,LAX,DL,4470.0,493,467.60178970917224,178857.4472451191,one_way,365821.0,409085.0,2586.0,2619.0,0.8942420279404036,33.0,0.9873997709049256,0.14130434782608695,0.10507246376811594,0.0036231884057971015,0.0,0.07246376811594202,0.05253623188405797,JFK-LAX,JFK-LAX_DL,JFK-LAX_DL_Q3,2024Q3,JFK-LAX
2024,3,JFK,ORD,AA,668.0,140,153.03443113772454,6973.272766592567,one_way,71833.0,86041.0,731.0,746.0,0.8348694227170768,15.0,0.9798927613941019,0.14130434782608695,0.10507246376811594,0.09057971014492754,0.07971014492753623,0.11594202898550723,0.09239130434782608,JFK-ORD,JFK-ORD_AA,JFK-ORD_AA_Q3,2024Q3,JFK-ORD
2024,3,JFK,SEA,DL,1475.0,281,354.3803389830508,46357.108901580024,one_way,133338.0,145889.0,806.0,835.0,0.913968839323047,29.0,0.9652694610778443,0.14130434782608695,0.10507246376811594,0.021739130434782608,0.03260869565217391,0.08152173913043478,0.06884057971014493,JFK-SEA,JFK-SEA_DL,JFK-SEA_DL_Q3,2024Q3,JFK-SEA
2024,3,LAX,ATL,AA,470.0,162,317.2425531914894,38696.02627433227,one_way,245236.0,280480.0,1363.0,1386.0,0.874343981745579,23.0,0.9834054834054834,0.0036231884057971015,0.0,0.12681159420289856,0.13768115942028986,0.06521739130434782,0.06884057971014493,LAX-ATL,LAX-ATL_AA,LAX-ATL_AA_Q3,2024Q3,ATL-LAX
2024,3,LAX,ATL,DL,1034.0,298,556.9458413926499,101590.43033570412,one_way,245236.0,280480.0,1363.0,1386.0,0.874343981745579,23.0,0.9834054834054834,0.0036231884057971015,0.0,0.12681159420289856,0.13768115942028986,0.06521739130434782,0.06884057971014493,LAX-ATL,LAX-ATL_DL,LAX-ATL_DL_Q3,2024Q3,ATL-LAX
2024,3,LAX,ATL,WN,159.0,71,253.9056603773585,13336.009967960126,one_way,245236.0,280480.0,1363.0,1386.0,0.874343981745579,23.0,0.9834054834054834,0.0036231884057971015,0.0,0.12681159420289856,0.13768115942028986,0.06521739130434782,0.06884057971014493,LAX-ATL,LAX-ATL_WN,LAX-ATL_WN_Q3,2024Q3,ATL-LAX
2024,3,LAX,DEN,DL,691.0,164,192.35455861070912,14967.401060984623,one_way,266872.0,322471.0,1996.0,2015.0,0.8275844959701802,19.0,0.9905707196029777,0.0036231884057971015,0.0,0.03260869565217391,0.018115942028985508,0.018115942028985508,0.009057971014492754,LAX-DEN,LAX-DEN_DL,LAX-DEN_DL_Q3,2024Q3,DEN-LAX
2024,3,LAX,DEN,UA,1328.0,279,223.42846385542168,19276.657533182428,one_way,266872.0,322471.0,1996.0,2015.0,0.8275844959701802,19.0,0.9905707196029777,0.0036231884057971015,0.0,0.03260869565217391,0.018115942028985508,0.018115942028985508,0.009057971014492754,LAX-DEN,LAX-DEN_UA,LAX-DEN_UA_Q3,2024Q3,DEN-LAX
2024,3,LAX,DEN,WN,941.0,208,180.51434643995748,12973.450644339067,one_way,266872.0,322471.0,1996.0,2015.0,0.8275844959701802,19.0,0.9905707196029777,0.0036231884057971015,0.0,0.03260869565217391,0.018115942028985508,0.018115942028985508,0.009057971014492754,LAX-DEN,LAX-DEN_WN,LAX-DEN_WN_Q3,2024Q3,DEN-LAX
2024,3,LAX,DFW,AA,2183.0,367,318.94686211635366,53256.72461566904,one_way,301389.0,338594.0,1783.0,1796.0,0.8901191397366758,13.0,0.9927616926503341,0.0036231884057971015,0.0,0.036231884057971016,0.057971014492753624,0.01992753623188406,0.028985507246376812,LAX-DFW,LAX-DFW_AA,LAX-DFW_AA_Q3,2024Q3,DFW-LAX
2024,3,LAX,DFW,DL,600.0,186,238.14,24296.423733333337,one_way,301389.0,338594.0,1783.0,1796.0,0.8901191397366758,13.0,0.9927616926503341,0.0036231884057971015,0.0,0.036231884057971016,0.057971014492753624,0.01992753623188406,0.028985507246376812,LAX-DFW,LAX-DFW_DL,LAX-DFW_DL_Q3,2024Q3,DFW-LAX
2024,3,LAX,JFK,AA,2054.0,444,528.1343719571568,176587.01602402137,one_way,366915.0,406415.0,2563.0,2615.0,0.9028087053873504,52.0,0.9801147227533461,0.0036231884057971015,0.0,0.14130434782608695,0.10507246376811594,0.07246376811594202,0.05253623188405797,LAX-JFK,LAX-JFK_AA,LAX-JFK_AA_Q3,2024Q3,JFK-LAX
2024,3,LAX,JFK,DL,4567.0,487,460.85307641777973,173975.1207388387,one_way,366915.0,406415.0,2563.0,2615.0,0.9028087053873504,52.0,0.9801147227533461,0.0036231884057971015,0.0,0.14130434782608695,0.10507246376811594,0.07246376811594202,0.05253623188405797,LAX-JFK,LAX-JFK_DL,LAX-JFK_DL_Q3,2024Q3,JFK-LAX
2024,3,LAX,ORD,AA,2283.0,381,287.8944371441086,40445.73436677693,one_way,325843.0,350752.0,1740.0,1763.0,0.9289840114953015,23.0,0.9869540555870675,0.0036231884057971015,0.0,0.09057971014492754,0.07971014492753623,0.04710144927536232,0.03985507246376811,LAX-ORD,LAX-ORD_AA,LAX-ORD_AA_Q3,2024Q3,LAX-ORD
2024,3,LAX,ORD,UA,2800.0,533,297.1535714285714,43967.01141581632,one_way,325843.0,350752.0,1740.0,1763.0,0.9289840114953015,23.0,0.9869540555870675,0.0036231884057971015,0.0,0.09057971014492754,0.07971014492753623,0.04710144927536232,0.03985507246376811,LAX-ORD,LAX-ORD_UA,LAX-ORD_UA_Q3,2024Q3,LAX-ORD
2024,3,LAX,SEA,DL,1740.0,224,196.46781609195403,12341.698389483412,one_way,280366.0,334387.0,2032.0,2061.0,0.8384476669248505,29.0,0.9859291606016497,0.0036231884057971015,0.0,0.021739130434782608,0.03260869565217391,0.012681159420289854,0.016304347826086956,LAX-SEA,LAX-SEA_DL,LAX-SEA_DL_Q3,2024Q3,LAX-SEA
2024,3,LAX,SEA,UA,888.0,199,178.43693693693695,6122.065842869895,one_way,280366.0,334387.0,2032.0,2061.0,0.8384476669248505,29.0,0.9859291606016497,0.0036231884057971015,0.0,0.021739130434782608,0.03260869565217391,0.012681159420289854,0.016304347826086956,LAX-SEA,LAX-SEA_UA,LAX-SEA_UA_Q3,2024Q3,LAX-SEA
2024,3,LAX,SEA,WN,44.0,33,194.88636363636363,5779.87345041323,one_way,280366.0,334387.0,2032.0,2061.0,0.8384476669248505,29.0,0.9859291606016497,0.0036231884057971015,0.0,0.021739130434782608,0.03260869565217391,0.012681159420289854,0.016304347826086956,LAX-SEA,LAX-SEA_WN,LAX-SEA_WN_Q3,2024Q3,LAX-SEA
2024,3,ORD,ATL,AA,592.0,127,179.5793918918919,11856.26058881939,one_way,209288.0,245660.0,1463.0,1497.0,0.8519417080517789,34.0,0.9772879091516367,0.09057971014492754,0.07971014492753623,0.12681159420289856,0.13768115942028986,0.10869565217391305,0.10869565217391304,ORD-ATL,ORD-ATL_AA,ORD-ATL_AA_Q3,2024Q3,ATL-ORD
2024,3,ORD,ATL,DL,1003.0,236,239.28215353938185,21974.980209918605,one_way,209288.0,245660.0,1463.0,1497.0,0.8519417080517789,34.0,0.9772879091516367,0.09057971014492754,0.07971014492753623,0.12681159420289856,0.13768115942028986,0.10869565217391305,0.10869565217391304,ORD-ATL,ORD-ATL_DL,ORD-ATL_DL_Q3,2024Q3,ATL-ORD
2024,3,ORD,ATL,UA,837.0,231,208.24133811230587,14673.418458424501,one_way,209288.0,245660.0,1463.0,1497.0,0.8519417080517789,34.0,0.9772879091516367,0.09057971014492754,0.07971014492753623,0.12681159420289856,0.13768115942028986,0.10869565217391305,0.10869565217391304,ORD-ATL,ORD-ATL_UA,ORD-ATL_UA_Q3,2024Q3,ATL-ORD
2024,3,ORD,DEN,AA,566.0,143,205.1166077738516,14915.806190612944,one_way,305131.0,347867.0,1733.0,1742.0,0.8771484504135201,9.0,0.994833524684271,0.09057971014492754,0.07971014492753623,0.03260869565217391,0.018115942028985508,0.06159420289855072,0.048913043478260865,ORD-DEN,ORD-DEN_AA,ORD-DEN_AA_Q3,2024Q3,DEN-ORD
2024,3,ORD,DEN,UA,1774.0,374,233.62852311161217,17709.492782824433,one_way,305131.0,347867.0,1733.0,1742.0,0.8771484504135201,9.0,0.994833524684271,0.09057971014492754,0.07971014492753623,0.03260869565217391,0.018115942028985508,0.06159420289855072,0.048913043478260865,ORD-DEN,ORD-DEN_UA,ORD-DEN_UA_Q3,2024Q3,DEN-ORD
2024,3,ORD,DEN,WN,762.0,190,179.11417322834646,10756.901662636657,one_way,305131.0,347867.0,1733.0,1742.0,0.8771484504135201,9.0,0.994833524684271,0.09057971014492754,0.07971014492753623,0.03260869565217391,0.018115942028985508,0.06159420289855072,0.048913043478260865,ORD-DEN,ORD-DEN_WN,ORD-DEN_WN_Q3,2024Q3,DEN-ORD
2024,3,ORD,DFW,AA,1662.0,364,284.4326113116727,28848.521030365155,one_way,260926.0,307270.0,1769.0,1784.0,0.8491749926774498,15.0,0.9915919282511211,0.09057971014492754,0.07971014492753623,0.036231884057971016,0.057971014492753624,0.06340579710144928,0.06884057971014493,ORD-DFW,ORD-DFW_AA,ORD-DFW_AA_Q3,2024Q3,DFW-ORD
2024,3,ORD,DFW,UA,877.0,284,240.57012542759406,15413.531285389065,one_way,260926.0,307270.0,1769.0,1784.0,0.8491749926774498,15.0,0.9915919282511211,0.09057971014492754,0.07971014492753623,0.036231884057971016,0.057971014492753624,0.06340579710144928,0.06884057971014493,ORD-DFW,ORD-DFW_UA,ORD-DFW_UA_Q3,2024Q3,DFW-ORD
2024,3,ORD,JFK,AA,815.0,176,173.65153374233128,10805.267528322485,one_way,72835.0,86096.0,731.0,747.0,0.8459742612897231,16.0,0.9785809906291834,0.09057971014492754,0.07971014492753623,0.14130434782608695,0.10507246376811594,0.11594202898550723,0.09239130434782608,ORD-JFK,ORD-JFK_AA,ORD-JFK_AA_Q3,2024Q3,JFK-ORD
2024,3,ORD,LAX,AA,2452.0,393,277.62398042414355,39536.04213293272,one_way,321992.0,353331.0,1752.0,1773.0,0.9113041312536969,21.0,0.988155668358714,0.09057971014492754,0.07971014492753623,0.0036231884057971015,0.0,0.04710144927536232,0.03985507246376811,ORD-LAX,ORD-LAX_AA,ORD-LAX_AA_Q3,2024Q3,LAX-ORD
2024,3,ORD,LAX,UA,2648.0,530,293.45430513595164,41610.44655246279,one_way,321992.0,353331.0,1752.0,1773.0,0.9113041312536969,21.0,0.988155668358714,0.09057971014492754,0.07971014492753623,0.0036231884057971015,0.0,0.04710144927536232,0.03985507246376811,ORD-LAX,ORD-LAX_UA,ORD-LAX_UA_Q3,2024Q3,LAX-ORD
2024,3,ORD,SEA,AA,515.0,137,236.90485436893204,13146.00065604676,one_way,249876.0,274649.0,1598.0,1619.0,0.9098012372155005,21.0,0.9870290302655961,0.09057971014492754,0.07971014492753623,0.021739130434782608,0.03260869565217391,0.05615942028985507,0.05615942028985507,ORD-SEA,ORD-SEA_AA,ORD-SEA_AA_Q3,2024Q3,ORD-SEA
2024,3,ORD,SEA,DL,899.0,169,201.90656284760846,13069.94900031056,one_way,249876.0,274649.0,1598.0,1619.0,0.9098012372155005,21.0,0.9870290302655961,0.09057971014492754,0.07971014492753623,0.021739130434782608,0.03260869565217391,0.05615942028985507,0.05615942028985507,ORD-SEA,ORD-SEA_DL,ORD-SEA_DL_Q3,2024Q3,ORD-SEA
2024,3,ORD,SEA,UA,1012.0,300,235.59782608695653,15514.070469582395,one_way,249876.0,274649.0,1598.0,1619.0,0.9098012372155005,21.0,0.9870290302655961,0.09057971014492754,0.07971014492753623,0.021739130434782608,0.03260869565217391,0.05615942028985507,0.05615942028985507,ORD-SEA,ORD-SEA_UA,ORD-SEA_UA_Q3,2024Q3,ORD-SEA
2024,3,SEA,ATL,DL,696.0,176,394.0344827586207,47452.33214427269,one_way,183713.0,205515.0,1058.0,1084.0,0.8939152859888573,26.0,0.9760147601476015,0.021739130434782608,0.03260869565217391,0.12681159420289856,0.13768115942028986,0.07427536231884058,0.08514492753623189,SEA-ATL,SEA-ATL_DL,SEA-ATL_DL_Q3,2024Q3,ATL-SEA
2024,3,SEA,DEN,DL,694.0,137,179.71037463976944,11255.712947121898,one_way,303819.0,336063.0,1972.0,2008.0,0.9040537042161737,36.0,0.9820717131474104,0.021739130434782608,0.03260869565217391,0.03260869565217391,0.018115942028985508,0.02717391304347826,0.025362318840579712,SEA-DEN,SEA-DEN_DL,SEA-DEN_DL_Q3,2024Q3,DEN-SEA
2024,3,SEA,DEN,UA,762.0,270,241.3031496062992,14045.035396904139,one_way,303819.0,336063.0,1972.0,2008.0,0.9040537042161737,36.0,0.9820717131474104,0.021739130434782608,0.03260869565217391,0.03260869565217391,0.018115942028985508,0.02717391304347826,0.025362318840579712,SEA-DEN,SEA-DEN_UA,SEA-DEN_UA_Q3,2024Q3,DEN-SEA
2024,3,SEA,DEN,WN,602.0,165,183.95514950166114,8442.099317336448,one_way,303819.0,336063.0,1972.0,2008.0,0.9040537042161737,36.0,0.9820717131474104,0.021739130434782608,0.03260869565217391,0.03260869565217391,0.018115942028985508,0.02717391304347826,0.025362318840579712,SEA-DEN,SEA-DEN_WN,SEA-DEN_WN_Q3,2024Q3,DEN-SEA
2024,3,SEA,DFW,AA,1191.0,321,292.2258606213266,32637.583747685043,one_way,243222.0,268740.0,1517.0,1533.0,0.9050457691448984,16.0,0.9895629484670581,0.021739130434782608,0.03260869565217391,0.036231884057971016,0.057971014492753624,0.028985507246376812,0.04528985507246377,SEA-DFW,SEA-DFW_AA,SEA-DFW_AA_Q3,2024Q3,DFW-SEA
2024,3,SEA,DFW,DL,443.0,144,216.8352144469526,10015.880294931441,one_way,243222.0,268740.0,1517.0,1533.0,0.9050457691448984,16.0,0.9895629484670581,0.021739130434782608,0.03260869565217391,0.036231884057971016,0.057971014492753624,0.028985507246376812,0.04528985507246377,SEA-DFW,SEA-DFW_DL,SEA-DFW_DL_Q3,2024Q3,DFW-SEA
2024,3,SEA,JFK,DL,1293.0,317,400.30085073472543,64159.34413694061,one_way,135967.0,145438.0,804.0,834.0,0.9348794675394326,30.0,0.9640287769784173,0.021739130434782608,0.03260869565217391,0.14130434782608695,0.10507246376811594,0.08152173913043478,0.06884057971014493,SEA-JFK,SEA-JFK_DL,SEA-JFK_DL_Q3,2024Q3,JFK-SEA
2024,3,SEA,LAX,DL,1776.0,250,206.6875,17396.92430320946,one_way,286148.0,330280.0,2019.0,2055.0,0.866380041177183,36.0,0.9824817518248176,0.021739130434782608,0.03260869565217391,0.0036231884057971015,0.0,0.012681159420289854,0.016304347826086956,SEA-LAX,SEA-LAX_DL,SEA-LAX_DL_Q3,2024Q3,LAX-SEA
2024,3,SEA,LAX,UA,765.0,203,191.45228758169935,8173.771906531678,one_way,286148.0,330280.0,2019.0,2055.0,0.866380041177183,36.0,0.9824817518248176,0.021739130434782608,0.03260869565217391,0.0036231884057971015,0.0,0.012681159420289854,0.016304347826086956,SEA-LAX,SEA-LAX_UA,SEA-LAX_UA_Q3,2024Q3,LAX-SEA
2024,3,SEA,ORD,AA,484.0,146,239.4504132231405,20768.75167338297,one_way,254096.0,273088.0,1589.0,1618.0,0.9304546519803141,29.0,0.9820766378244746,0.021739130434782608,0.03260869565217391,0.09057971014492754,0.07971014492753623,0.05615942028985507,0.05615942028985507,SEA-ORD,SEA-ORD_AA,SEA-ORD_AA_Q3,2024Q3,ORD-SEA
2024,3,SEA,ORD,DL,936.0,205,247.55769230769232,18968.85778270873,one_way,254096.0,273088.0,1589.0,1618.0,0.9304546519803141,29.0,0.9820766378244746,0.021739130434782608,0.03260869565217391,0.09057971014492754,0.07971014492753623,0.05615942028985507,0.05615942028985507,SEA-ORD,SEA-ORD_DL,SEA-ORD_DL_Q3,2024Q3,ORD-SEA
2024,3,SEA,ORD,UA,1061.0,323,244.0942507068803,19623.395452336772,one_way,254096.0,273088.0,1589.0,1618.0,0.9304546519803141,29.0,0.9820766378244746,0.021739130434782608,0.03260869565217391,0.09057971014492754,0.07971014492753623,0.05615942028985507,0.05615942028985507,SEA-ORD,SEA-ORD_UA,SEA-ORD_UA_Q3,2024Q3,ORD-SEA
2024,4,ATL,DEN,DL,4317.0,1195,279.2216492934909,22119.646574717844,primary,226332.0,258687.0,1453.0,1454.0,0.8749260689559197,1.0,0.9993122420907841,0.09420289855072464,0.10869565217391304,0.0,0.0036231884057971015,0.04710144927536232,0.05615942028985507,ATL-DEN,ATL-DEN_DL,ATL-DEN_DL_Q4,2024Q4,ATL-DEN
2024,4,ATL,DEN,UA,1402.0,833,253.05910128388015,15886.86230489846,primary,226332.0,258687.0,1453.0,1454.0,0.8749260689559197,1.0,0.9993122420907841,0.09420289855072464,0.10869565217391304,0.0,0.0036231884057971015,0.04710144927536232,0.05615942028985507,ATL-DEN,ATL-DEN_UA,ATL-DEN_UA_Q4,2024Q4,ATL-DEN
2024,4,ATL,DEN,WN,2258.0,1163,205.42461470327726,11442.346914399815,primary,226332.0,258687.0,1453.0,1454.0,0.8749260689559197,1.0,0.9993122420907841,0.09420289855072464,0.10869565217391304,0.0,0.0036231884057971015,0.04710144927536232,0.05615942028985507,ATL-DEN,ATL-DEN_WN,ATL-DEN_WN_Q4,2024Q4,ATL-DEN
2024,4,ATL,DFW,AA,4281.0,1312,230.51912637234292,18132.855182231397,primary,252608.0,306657.0,1639.0,1656.0,0.8237477050907039,17.0,0.9897342995169082,0.09420289855072464,0.10869565217391304,0.09057971014492754,0.08333333333333333,0.09239130434782608,0.09601449275362318,ATL-DFW,ATL-DFW_AA,ATL-DFW_AA_Q4,2024Q4,ATL-DFW
2024,4,ATL,DFW,DL,4833.0,1820,248.44981791847712,16481.966593635378,primary,252608.0,306657.0,1639.0,1656.0,0.8237477050907039,17.0,0.9897342995169082,0.09420289855072464,0.10869565217391304,0.09057971014492754,0.08333333333333333,0.09239130434782608,0.09601449275362318,ATL-DFW,ATL-DFW_DL,ATL-DFW_DL_Q4,2024Q4,ATL-DFW
2024,4,ATL,JFK,DL,4037.0,1160,226.87134505821155,13566.675244239865,primary,159880.0,186193.0,1063.0,1059.0,0.8586788977029212,-4.0,1.0037771482530689,0.09420289855072464,0.10869565217391304,0.10869565217391304,0.12318840579710146,0.10144927536231885,0.11594202898550725,ATL-JFK,ATL-JFK_DL,ATL-JFK_DL_Q4,2024Q4,ATL-JFK
2024,4,ATL,LAX,AA,1137.0,652,293.76613016710644,36781.26431378428,primary,252747.0,284663.0,1374.0,1374.0,0.8878814598314498,0.0,1.0,0.09420289855072464,0.10869565217391304,0.04710144927536232,0.036231884057971016,0.07065217391304349,0.07246376811594203,ATL-LAX,ATL-LAX_AA,ATL-LAX_AA_Q4,2024Q4,ATL-LAX
2024,4,ATL,LAX,DL,6184.0,2045,440.8419275549806,79585.6338483867,primary,252747.0,284663.0,1374.0,1374.0,0.8878814598314498,0.0,1.0,0.09420289855072464,0.10869565217391304,0.04710144927536232,0.036231884057971016,0.07065217391304349,0.07246376811594203,ATL-LAX,ATL-LAX_DL,ATL-LAX_DL_Q4,2024Q4,ATL-LAX
2024,4,ATL,LAX,WN,150.0,125,266.2008666666666,10476.927491915572,primary,252747.0,284663.0,1374.0,1374.0,0.8878814598314498,0.0,1.0,0.09420289855072464,0.10869565217391304,0.04710144927536232,0.036231884057971016,0.07065217391304349,0.07246376811594203,ATL-LAX,ATL-LAX_WN,ATL-LAX_WN_Q4,2024Q4,ATL-LAX
2024,4,ATL,ORD,AA,1029.0,545,172.14139941690962,9975.163983853101,primary,191024.0,227371.0,1427.0,1427.0,0.8401423224597684,0.0,1.0,0.09420289855072464,0.10869565217391304,0.06884057971014493,0.07246376811594203,0.08152173913043478,0.09057971014492754,ATL-ORD,ATL-ORD_AA,ATL-ORD_AA_Q4,2024Q4,ATL-ORD
2024,4,ATL,ORD,DL,5220.0,1582,234.0479731800766,11977.287086696611,primary,191024.0,227371.0,1427.0,1427.0,0.8401423224597684,0.0,1.0,0.09420289855072464,0.10869565217391304,0.06884057971014493,0.07246376811594203,0.08152173913043478,0.09057971014492754,ATL-ORD,ATL-ORD_DL,ATL-ORD_DL_Q4,2024Q4,ATL-ORD
2024,4,ATL,ORD,UA,2912.0,1137,212.84774381868132,10946.14793216926,primary,191024.0,227371.0,1427.0,1427.0,0.8401423224597684,0.0,1.0,0.09420289855072464,0.10869565217391304,0.06884057971014493,0.07246376811594203,0.08152173913043478,0.09057971014492754,ATL-ORD,ATL-ORD_UA,ATL-ORD_UA_Q4,2024Q4,ATL-ORD
2024,4,ATL,SEA,DL,2868.0,924,347.15803347280337,38161.622979326625,primary,136149.0,156012.0,832.0,835.0,0.8726828705484193,3.0,0.9964071856287425,0.09420289855072464,0.10869565217391304,0.21739130434782608,0.2391304347826087,0.15579710144927536,0.17391304347826086,ATL-SEA,ATL-SEA_DL,ATL-SEA_DL_Q4,2024Q4,ATL-SEA
2024,4,DEN,ATL,DL,4151.0,1163,282.39105516742956,21734.78560765559,primary,221874.0,257368.0,1451.0,1453.0,0.8620885269341954,2.0,0.9986235375086029,0.0,0.0036231884057971015,0.09420289855072464,0.10869565217391304,0.04710144927536232,0.05615942028985507,DEN-ATL,DEN-ATL_DL,DEN-ATL_DL_Q4,2024Q4,ATL-DEN
2024,4,DEN,ATL,UA,1509.0,890,251.77313452617625,15535.452115489526,primary,221874.0,257368.0,1451.0,1453.0,0.8620885269341954,2.0,0.9986235375086029,0.0,0.0036231884057971015,0.09420289855072464,0.10869565217391304,0.04710144927536232,0.05615942028985507,DEN-ATL,DEN-ATL_UA,DEN-ATL_UA_Q4,2024Q4,ATL-DEN
2024,4,DEN,ATL,WN,2300.0,1190,204.04562608695653,10311.061030260185,primary,221874.0,257368.0,1451.0,1453.0,0.8620885269341954,2.0,0.9986235375086029,0.0,0.0036231884057971015,0.09420289855072464,0.10869565217391304,0.04710144927536232,0.05615942028985507,DEN-ATL,DEN-ATL_WN,DEN-ATL_WN_Q4,2024Q4,ATL-DEN
2024,4,DEN,DFW,AA,4851.0,1387,206.85017316017314,13790.810944806137,primary,223986.0,272007.0,1527.0,1550.0,0.8234567492748348,23.0,0.9851612903225806,0.0,0.0036231884057971015,0.09057971014492754,0.08333333333333333,0.04528985507246377,0.043478260869565216,DEN-DFW,DEN-DFW_AA,DEN-DFW_AA_Q4,2024Q4,DEN-DFW
2024,4,DEN,DFW,UA,2664.0,1082,216.4547147147147,11520.035377396096,primary,223986.0,272007.0,1527.0,1550.0,0.8234567492748348,23.0,0.9851612903225806,0.0,0.0036231884057971015,0.09057971014492754,0.08333333333333333,0.04528985507246377,0.043478260869565216,DEN-DFW,DEN-DFW_UA,DEN-DFW_UA_Q4,2024Q4,DEN-DFW
2024,4,DEN,JFK,DL,2322.0,741,239.68722652885444,15941.521410998648,primary,52578.0,72469.0,433.0,432.0,0.7255240171659606,-1.0,1.0023148148148149,0.0,0.0036231884057971015,0.10869565217391304,0.12318840579710146,0.05434782608695652,0.06340579710144928,DEN-JFK,DEN-JFK_DL,DEN-JFK_DL_Q4,2024Q4,DEN-JFK
2024,4,DEN,LAX,DL,1769.0,708,183.61384397964952,10235.008724059313,primary,269842.0,327962.0,2038.0,2030.0,0.8227843469670266,-8.0,1.0039408866995074,0.0,0.0036231884057971015,0.04710144927536232,0.036231884057971016,0.02355072463768116,0.01992753623188406,DEN-LAX,DEN-LAX_DL,DEN-LAX_DL_Q4,2024Q4,DEN-LAX
2024,4,DEN,LAX,UA,4868.0,1506,209.62906532456861,13106.46364072457,primary,269842.0,327962.0,2038.0,2030.0,0.8227843469670266,-8.0,1.0039408866995074,0.0,0.0036231884057971015,0.04710144927536232,0.036231884057971016,0.02355072463768116,0.01992753623188406,DEN-LAX,DEN-LAX_UA,DEN-LAX_UA_Q4,2024Q4,DEN-LAX
2024,4,DEN,LAX,WN,3121.0,1469,168.38190323614228,7097.557382151474,primary,269842.0,327962.0,2038.0,2030.0,0.8227843469670266,-8.0,1.0039408866995074,0.0,0.0036231884057971015,0.04710144927536232,0.036231884057971016,0.02355072463768116,0.01992753623188406,DEN-LAX,DEN-LAX_WN,DEN-LAX_WN_Q4,2024Q4,DEN-LAX
2024,4,DEN,ORD,AA,1610.0,719,168.88134161490686,9769.507324038568,primary,262577.0,325682.0,1638.0,1633.0,0.8062373726518506,-5.0,1.0030618493570116,0.0,0.0036231884057971015,0.06884057971014493,0.07246376811594203,0.034420289855072464,0.03804347826086957,DEN-ORD,DEN-ORD_AA,DEN-ORD_AA_Q4,2024Q4,DEN-ORD
2024,4,DEN,ORD,UA,7172.0,1798,215.2919116006693,10997.177893459542,primary,262577.0,325682.0,1638.0,1633.0,0.8062373726518506,-5.0,1.0030618493570116,0.0,0.0036231884057971015,0.06884057971014493,0.07246376811594203,0.034420289855072464,0.03804347826086957,DEN-ORD,DEN-ORD_UA,DEN-ORD_UA_Q4,2024Q4,DEN-ORD
2024,4,DEN,ORD,WN,2386.0,1202,151.3718105616094,4844.346370401661,primary,262577.0,325682.0,1638.0,1633.0,0.8062373726518506,-5.0,1.0030618493570116,0.0,0.0036231884057971015,0.06884057971014493,0.07246376811594203,0.034420289855072464,0.03804347826086957,DEN-ORD,DEN-ORD_WN,DEN-ORD_WN_Q4,2024Q4,DEN-ORD
2024,4,DEN,SEA,DL,1255.0,598,183.46246215139445,7881.962969156921,primary,214064.0,249777.0,1522.0,1529.0,0.8570204622523291,7.0,0.9954218443427076,0.0,0.0036231884057971015,0.21739130434782608,0.2391304347826087,0.10869565217391304,0.1213768115942029,DEN-SEA,DEN-SEA_DL,DEN-SEA_DL_Q4,2024Q4,DEN-SEA
2024,4,DEN,SEA,UA,2455.0,1082,210.41695723014257,9263.076470945212,primary,214064.0,249777.0,1522.0,1529.0,0.8570204622523291,7.0,0.9954218443427076,0.0,0.0036231884057971015,0.21739130434782608,0.2391304347826087,0.10869565217391304,0.1213768115942029,DEN-SEA,DEN-SEA_UA,DEN-SEA_UA_Q4,2024Q4,DEN-SEA
2024,4,DEN,SEA,WN,1569.0,831,164.45736137667305,7070.681314388843,primary,214064.0,249777.0,1522.0,1529.0,0.8570204622523291,7.0,0.9954218443427076,0.0,0.0036231884057971015,0.21739130434782608,0.2391304347826087,0.10869565217391304,0.1213768115942029,DEN-SEA,DEN-SEA_WN,DEN-SEA_WN_Q4,2024Q4,DEN-SEA
2024,4,DFW,ATL,AA,4452.0,1281,222.32555256064688,15309.242509780037,primary,253739.0,308099.0,1648.0,1658.0,0.8235632053333506,10.0,0.9939686369119421,0.09057971014492754,0.08333333333333333,0.09420289855072464,0.10869565217391304,0.09239130434782608,0.09601449275362318,DFW-ATL,DFW-ATL_AA,DFW-ATL_AA_Q4,2024Q4,ATL-DFW
2024,4,DFW,ATL,DL,4641.0,1716,250.36114630467574,15515.98527797922,primary,253739.0,308099.0,1648.0,1658.0,0.8235632053333506,10.0,0.9939686369119421,0.09057971014492754,0.08333333333333333,0.09420289855072464,0.10869565217391304,0.09239130434782608,0.09601449275362318,DFW-ATL,DFW-ATL_DL,DFW-ATL_DL_Q4,2024Q4,ATL-DFW
2024,4,DFW,DEN,AA,4908.0,1347,200.09277506112468,11238.327017889911,primary,226644.0,268776.0,1528.0,1549.0,0.8432449325832664,21.0,0.986442866365397,0.09057971014492754,0.08333333333333333,0.0,0.0036231884057971015,0.04528985507246377,0.043478260869565216,DFW-DEN,DFW-DEN_AA,DFW-DEN_AA_Q4,2024Q4,DEN-DFW
2024,4,DFW,DEN,UA,2475.0,1041,219.94494545454546,10812.956234613186,primary,226644.0,268776.0,1528.0,1549.0,0.8432449325832664,21.0,0.986442866365397,0.09057971014492754,0.08333333333333333,0.0,0.0036231884057971015,0.04528985507246377,0.043478260869565216,DFW-DEN,DFW-DEN_UA,DFW-DEN_UA_Q4,2024Q4,DEN-DFW
2024,4,DFW,JFK,AA,1535.0,899,269.7702280130293,26480.246582293315,primary,60905.0,71747.0,480.0,484.0,0.8488856676934228,4.0,0.9917355371900827,0.09057971014492754,0.08333333333333333,0.10869565217391304,0.12318840579710146,0.09963768115942029,0.10326086956521739,DFW-JFK,DFW-JFK_AA,DFW-JFK_AA_Q4,2024Q4,DFW-JFK
2024,4,DFW,JFK,DL,826.0,573,282.6517554479419,27230.160569678672,primary,60905.0,71747.0,480.0,484.0,0.8488856676934228,4.0,0.9917355371900827,0.09057971014492754,0.08333333333333333,0.10869565217391304,0.12318840579710146,0.09963768115942029,0.10326086956521739,DFW-JFK,DFW-JFK_DL,DFW-JFK_DL_Q4,2024Q4,DFW-JFK
2024,4,DFW,LAX,AA,7779.0,1775,278.5536649955007,37084.904464919804,primary,288914.0,328920.0,1761.0,1777.0,0.8783716405204913,16.0,0.9909960607765897,0.09057971014492754,0.08333333333333333,0.04710144927536232,0.036231884057971016,0.06884057971014493,0.059782608695652176,DFW-LAX,DFW-LAX_AA,DFW-LAX_AA_Q4,2024Q4,DFW-LAX
2024,4,DFW,LAX,DL,1210.0,634,268.73205785123963,27111.96783865783,primary,288914.0,328920.0,1761.0,1777.0,0.8783716405204913,16.0,0.9909960607765897,0.09057971014492754,0.08333333333333333,0.04710144927536232,0.036231884057971016,0.06884057971014493,0.059782608695652176,DFW-LAX,DFW-LAX_DL,DFW-LAX_DL_Q4,2024Q4,DFW-LAX
2024,4,DFW,ORD,AA,7307.0,1798,233.02643218831255,16194.93808740758,primary,247959.0,303813.0,1767.0,1773.0,0.8161566489913203,6.0,0.9966159052453468,0.09057971014492754,0.08333333333333333,0.06884057971014493,0.07246376811594203,0.07971014492753623,0.07789855072463768,DFW-ORD,DFW-ORD_AA,DFW-ORD_AA_Q4,2024Q4,DFW-ORD
2024,4,DFW,ORD,UA,3180.0,1217,237.5402044025157,13305.74129011546,primary,247959.0,303813.0,1767.0,1773.0,0.8161566489913203,6.0,0.9966159052453468,0.09057971014492754,0.08333333333333333,0.06884057971014493,0.07246376811594203,0.07971014492753623,0.07789855072463768,DFW-ORD,DFW-ORD_UA,DFW-ORD_UA_Q4,2024Q4,DFW-ORD
2024,4,DFW,SEA,AA,3493.0,1099,229.69725164614945,16993.916573723393,primary,202173.0,236074.0,1335.0,1361.0,0.8563967230614129,26.0,0.9808963997060984,0.09057971014492754,0.08333333333333333,0.21739130434782608,0.2391304347826087,0.1539855072463768,0.161231884057971,DFW-SEA,DFW-SEA_AA,DFW-SEA_AA_Q4,2024Q4,DFW-SEA
2024,4,DFW,SEA,DL,980.0,505,227.6440306122449,15882.888313039883,primary,202173.0,236074.0,1335.0,1361.0,0.8563967230614129,26.0,0.9808963997060984,0.09057971014492754,0.08333333333333333,0.21739130434782608,0.2391304347826087,0.1539855072463768,0.161231884057971,DFW-SEA,DFW-SEA_DL,DFW-SEA_DL_Q4,2024Q4,DFW-SEA
2024,4,JFK,ATL,DL,3878.0,1153,229.42247034553893,14439.236170792698,primary,159354.0,186124.0,1059.0,1054.0,0.8561711547140616,-5.0,1.0047438330170777,0.10869565217391304,0.12318840579710146,0.09420289855072464,0.10869565217391304,0.10144927536231885,0.11594202898550725,JFK-ATL,JFK-ATL_DL,JFK-ATL_DL_Q4,2024Q4,ATL-JFK
2024,4,JFK,DEN,DL,2439.0,811,255.1033538335383,20299.458593999865,primary,55115.0,72239.0,432.0,433.0,0.7629535292570495,1.0,0.9976905311778291,0.10869565217391304,0.12318840579710146,0.0,0.0036231884057971015,0.05434782608695652,0.06340579710144928,JFK-DEN,JFK-DEN_DL,JFK-DEN_DL_Q4,2024Q4,DEN-JFK
2024,4,JFK,DFW,AA,1593.0,943,280.8173509102323,31864.069507859895,primary,59737.0,70075.0,471.0,476.0,0.8524723510524438,5.0,0.9894957983193278,0.10869565217391304,0.12318840579710146,0.09057971014492754,0.08333333333333333,0.09963768115942029,0.10326086956521739,JFK-DFW,JFK-DFW_AA,JFK-DFW_AA_Q4,2024Q4,DFW-JFK
2024,4,JFK,DFW,DL,982.0,622,288.6127698574338,28559.218097215853,primary,59737.0,70075.0,471.0,476.0,0.8524723510524438,5.0,0.9894957983193278,0.10869565217391304,0.12318840579710146,0.09057971014492754,0.08333333333333333,0.09963768115942029,0.10326086956521739,JFK-DFW,JFK-DFW_DL,JFK-DFW_DL_Q4,2024Q4,DFW-JFK
2024,4,JFK,LAX,AA,5113.0,2025,559.3863524349697,191392.9397714205,primary,372022.0,417155.0,2610.0,2607.0,0.8918076014910525,-3.0,1.001150747986191,0.10869565217391304,0.12318840579710146,0.04710144927536232,0.036231884057971016,0.07789855072463768,0.07971014492753624,JFK-LAX,JFK-LAX_AA,JFK-LAX_AA_Q4,2024Q4,JFK-LAX
2024,4,JFK,LAX,DL,13194.0,2982,480.71094588449296,157127.414480036,primary,372022.0,417155.0,2610.0,2607.0,0.8918076014910525,-3.0,1.001150747986191,0.10869565217391304,0.12318840579710146,0.04710144927536232,0.036231884057971016,0.07789855072463768,0.07971014492753624,JFK-LAX,JFK-LAX_DL,JFK-LAX_DL_Q4,2024Q4,JFK-LAX
2024,4,JFK,ORD,AA,1570.0,732,170.89991719745223,10227.036898146012,primary,63851.0,80338.0,685.0,686.0,0.7947795563743185,1.0,0.9985422740524781,0.10869565217391304,0.12318840579710146,0.06884057971014493,0.07246376811594203,0.08876811594202899,0.09782608695652174,JFK-ORD,JFK-ORD_AA,JFK-ORD_AA_Q4,2024Q4,JFK-ORD
2024,4,JFK,ORD,DL,57.0,53,216.1259649122807,11607.267873191748,primary,63851.0,80338.0,685.0,686.0,0.7947795563743185,1.0,0.9985422740524781,0.10869565217391304,0.12318840579710146,0.06884057971014493,0.07246376811594203,0.08876811594202899,0.09782608695652174,JFK-ORD,JFK-ORD_DL,JFK-ORD_DL_Q4,2024Q4,JFK-ORD
2024,4,JFK,SEA,DL,3978.0,1341,370.24883107088993,57873.95831545108,primary,113569.0,130133.0,716.0,724.0,0.8727148378966134,8.0,0.988950276243094,0.10869565217391304,0.12318840579710146,0.21739130434782608,0.2391304347826087,0.16304347826086957,0.18115942028985507,JFK-SEA,JFK-SEA_DL,JFK-SEA_DL_Q4,2024Q4,JFK-SEA
2024,4,LAX,ATL,AA,1215.0,681,298.3351604938271,39071.49244933642,primary,249685.0,283876.0,1372.0,1374.0,0.8795565669517676,2.0,0.9985443959243085,0.04710144927536232,0.036231884057971016,0.09420289855072464,0.10869565217391304,0.07065217391304349,0.07246376811594203,LAX-ATL,LAX-ATL_AA,LAX-ATL_AA_Q4,2024Q4,ATL-LAX
2024,4,LAX,ATL,DL,6221.0,2065,436.8772480308632,76903.95514953969,primary,249685.0,283876.0,1372.0,1374.0,0.8795565669517676,2.0,0.9985443959243085,0.04710144927536232,0.036231884057971016,0.09420289855072464,0.10869565217391304,0.07065217391304349,0.07246376811594203,LAX-ATL,LAX-ATL_DL,LAX-ATL_DL_Q4,2024Q4,ATL-LAX
2024,4,LAX,ATL,WN,86.0,69,188.12337209302325,7227.598724675503,primary,249685.0,283876.0,1372.0,1374.0,0.8795565669517676,2.0,0.9985443959243085,0.04710144927536232,0.036231884057971016,0.09420289855072464,0.10869565217391304,0.07065217391304349,0.07246376811594203,LAX-ATL,LAX-ATL_WN,LAX-ATL_WN_Q4,2024Q4,ATL-LAX
2024,4,LAX,DEN,DL,1802.0,707,186.432230854606,10170.374267498308,primary,257388.0,327147.0,2025.0,2026.0,0.7867655824445892,1.0,0.9995064165844028,0.04710144927536232,0.036231884057971016,0.0,0.0036231884057971015,0.02355072463768116,0.01992753623188406,LAX-DEN,LAX-DEN_DL,LAX-DEN_DL_Q4,2024Q4,DEN-LAX
2024,4,LAX,DEN,UA,4864.0,1532,211.55374383223685,13670.905018734535,primary,257388.0,327147.0,2025.0,2026.0,0.7867655824445892,1.0,0.9995064165844028,0.04710144927536232,0.036231884057971016,0.0,0.0036231884057971015,0.02355072463768116,0.01992753623188406,LAX-DEN,LAX-DEN_UA,LAX-DEN_UA_Q4,2024Q4,DEN-LAX
2024,4,LAX,DEN,WN,3111.0,1438,167.41621665059466,6990.407978453866,primary,257388.0,327147.0,2025.0,2026.0,0.7867655824445892,1.0,0.9995064165844028,0.04710144927536232,0.036231884057971016,0.0,0.0036231884057971015,0.02355072463768116,0.01992753623188406,LAX-DEN,LAX-DEN_WN,LAX-DEN_WN_Q4,2024Q4,DEN-LAX
2024,4,LAX,DFW,AA,7738.0,1827,277.79568751615403,37054.74434592822,primary,285151.0,327964.0,1757.0,1775.0,0.8694582332207194,18.0,0.9898591549295774,0.04710144927536232,0.036231884057971016,0.09057971014492754,0.08333333333333333,0.06884057971014493,0.059782608695652176,LAX-DFW,LAX-DFW_AA,LAX-DFW_AA_Q4,2024Q4,DFW-LAX
2024,4,LAX,DFW,DL,1340.0,660,274.25662686567165,31324.124631457787,primary,285151.0,327964.0,1757.0,1775.0,0.8694582332207194,18.0,0.9898591549295774,0.04710144927536232,0.036231884057971016,0.09057971014492754,0.08333333333333333,0.06884057971014493,0.059782608695652176,LAX-DFW,LAX-DFW_DL,LAX-DFW_DL_Q4,2024Q4,DFW-LAX
2024,4,LAX,JFK,AA,4943.0,1987,551.519316204734,185156.62759512215,primary,368380.0,416434.0,2604.0,2606.0,0.884605963970281,2.0,0.9992325402916347,0.04710144927536232,0.036231884057971016,0.10869565217391304,0.12318840579710146,0.07789855072463768,0.07971014492753624,LAX-JFK,LAX-JFK_AA,LAX-JFK_AA_Q4,2024Q4,JFK-LAX
2024,4,LAX,JFK,DL,13092.0,3003,474.55111365719523,153304.14557275912,primary,368380.0,416434.0,2604.0,2606.0,0.884605963970281,2.0,0.9992325402916347,0.04710144927536232,0.036231884057971016,0.10869565217391304,0.12318840579710146,0.07789855072463768,0.07971014492753624,LAX-JFK,LAX-JFK_DL,LAX-JFK_DL_Q4,2024Q4,JFK-LAX
2024,4,LAX,ORD,AA,6283.0,1865,265.68649371319435,33442.69818912246,primary,297583.0,340743.0,1688.0,1693.0,0.8733356224485903,5.0,0.9970466627288836,0.04710144927536232,0.036231884057971016,0.06884057971014493,0.07246376811594203,0.057971014492753624,0.05434782608695653,LAX-ORD,LAX-ORD_AA,LAX-ORD_AA_Q4,2024Q4,LAX-ORD
2024,4,LAX,ORD,UA,8284.0,2540,293.4688230323515,37337.03797523232,primary,297583.0,340743.0,1688.0,1693.0,0.8733356224485903,5.0,0.9970466627288836,0.04710144927536232,0.036231884057971016,0.06884057971014493,0.07246376811594203,0.057971014492753624,0.05434782608695653,LAX-ORD,LAX-ORD_UA,LAX-ORD_UA_Q4,2024Q4,LAX-ORD
2024,4,LAX,SEA,DL,4282.0,851,204.22251751517982,12101.86908847763,primary,234138.0,304878.0,1872.0,1893.0,0.7679727628756421,21.0,0.9889064976228209,0.04710144927536232,0.036231884057971016,0.21739130434782608,0.2391304347826087,0.1322463768115942,0.13768115942028986,LAX-SEA,LAX-SEA_DL,LAX-SEA_DL_Q4,2024Q4,LAX-SEA
2024,4,LAX,SEA,UA,1403.0,569,175.66418389166074,7189.36614208165,primary,234138.0,304878.0,1872.0,1893.0,0.7679727628756421,21.0,0.9889064976228209,0.04710144927536232,0.036231884057971016,0.21739130434782608,0.2391304347826087,0.1322463768115942,0.13768115942028986,LAX-SEA,LAX-SEA_UA,LAX-SEA_UA_Q4,2024Q4,LAX-SEA
2024,4,ORD,ATL,AA,1083.0,541,173.3747922437673,9476.238854135045,primary,194470.0,230589.0,1429.0,1428.0,0.843361999054595,-1.0,1.0007002801120448,0.06884057971014493,0.07246376811594203,0.09420289855072464,0.10869565217391304,0.08152173913043478,0.09057971014492754,ORD-ATL,ORD-ATL_AA,ORD-ATL_AA_Q4,2024Q4,ATL-ORD
2024,4,ORD,ATL,DL,4982.0,1586,238.97316940987557,12735.451196277594,primary,194470.0,230589.0,1429.0,1428.0,0.843361999054595,-1.0,1.0007002801120448,0.06884057971014493,0.07246376811594203,0.09420289855072464,0.10869565217391304,0.08152173913043478,0.09057971014492754,ORD-ATL,ORD-ATL_DL,ORD-ATL_DL_Q4,2024Q4,ATL-ORD
2024,4,ORD,ATL,UA,3104.0,1170,208.73773840206184,10243.031283416109,primary,194470.0,230589.0,1429.0,1428.0,0.843361999054595,-1.0,1.0007002801120448,0.06884057971014493,0.07246376811594203,0.09420289855072464,0.10869565217391304,0.08152173913043478,0.09057971014492754,ORD-ATL,ORD-ATL_UA,ORD-ATL_UA_Q4,2024Q4,ATL-ORD
2024,4,ORD,DEN,AA,1633.0,732,173.43717697489282,10015.576026139537,primary,276942.0,329757.0,1645.0,1639.0,0.8398366069560312,-6.0,1.0036607687614398,0.06884057971014493,0.07246376811594203,0.0,0.0036231884057971015,0.034420289855072464,0.03804347826086957,ORD-DEN,ORD-DEN_AA,ORD-DEN_AA_Q4,2024Q4,DEN-ORD
2024,4,ORD,DEN,UA,7111.0,1853,221.2753677401209,11798.671288090773,primary,276942.0,329757.0,1645.0,1639.0,0.8398366069560312,-6.0,1.0036607687614398,0.06884057971014493,0.07246376811594203,0.0,0.0036231884057971015,0.034420289855072464,0.03804347826086957,ORD-DEN,ORD-DEN_UA,ORD-DEN_UA_Q4,2024Q4,DEN-ORD
2024,4,ORD,DEN,WN,2394.0,1207,156.38428153717626,5862.146918719402,primary,276942.0,329757.0,1645.0,1639.0,0.8398366069560312,-6.0,1.0036607687614398,0.06884057971014493,0.07246376811594203,0.0,0.0036231884057971015,0.034420289855072464,0.03804347826086957,ORD-DEN,ORD-DEN_WN,ORD-DEN_WN_Q4,2024Q4,DEN-ORD
2024,4,ORD,DFW,AA,7430.0,1886,240.86422476446836,18210.5173526359,primary,255364.0,301089.0,1760.0,1771.0,0.8481346047182062,11.0,0.9937888198757764,0.06884057971014493,0.07246376811594203,0.09057971014492754,0.08333333333333333,0.07971014492753623,0.07789855072463768,ORD-DFW,ORD-DFW_AA,ORD-DFW_AA_Q4,2024Q4,DFW-ORD
2024,4,ORD,DFW,UA,3185.0,1218,236.05851491365777,13541.487105455431,primary,255364.0,301089.0,1760.0,1771.0,0.8481346047182062,11.0,0.9937888198757764,0.06884057971014493,0.07246376811594203,0.09057971014492754,0.08333333333333333,0.07971014492753623,0.07789855072463768,ORD-DFW,ORD-DFW_UA,ORD-DFW_UA_Q4,2024Q4,DFW-ORD
2024,4,ORD,JFK,AA,1838.0,819,169.75951033732318,10378.958735668824,primary,67600.0,81571.0,690.0,690.0,0.8287258952323743,0.0,1.0,0.06884057971014493,0.07246376811594203,0.10869565217391304,0.12318840579710146,0.08876811594202899,0.09782608695652174,ORD-JFK,ORD-JFK_AA,ORD-JFK_AA_Q4,2024Q4,JFK-ORD
2024,4,ORD,JFK,DL,203.0,189,250.49945812807883,12445.890641578291,primary,67600.0,81571.0,690.0,690.0,0.8287258952323743,0.0,1.0,0.06884057971014493,0.07246376811594203,0.10869565217391304,0.12318840579710146,0.08876811594202899,0.09782608695652174,ORD-JFK,ORD-JFK_DL,ORD-JFK_DL_Q4,2024Q4,JFK-ORD
2024,4,ORD,LAX,AA,6343.0,1864,267.6348021440959,35191.35416502073,primary,305120.0,340081.0,1692.0,1693.0,0.8971980204715936,1.0,0.9994093325457767,0.06884057971014493,0.07246376811594203,0.04710144927536232,0.036231884057971016,0.057971014492753624,0.05434782608695653,ORD-LAX,ORD-LAX_AA,ORD-LAX_AA_Q4,2024Q4,LAX-ORD
2024,4,ORD,LAX,UA,8529.0,2592,297.0225724000469,38579.651013901006,primary,305120.0,340081.0,1692.0,1693.0,0.8971980204715936,1.0,0.9994093325457767,0.06884057971014493,0.07246376811594203,0.04710144927536232,0.036231884057971016,0.057971014492753624,0.05434782608695653,ORD-LAX,ORD-LAX_UA,ORD-LAX_UA_Q4,2024Q4,LAX-ORD
2024,4,ORD,SEA,AA,896.0,460,228.18035714285716,19477.318586033158,primary,174321.0,192668.0,1155.0,1162.0,0.9047740154047377,7.0,0.9939759036144579,0.06884057971014493,0.07246376811594203,0.21739130434782608,0.2391304347826087,0.1431159420289855,0.15579710144927536,ORD-SEA,ORD-SEA_AA,ORD-SEA_AA_Q4,2024Q4,ORD-SEA
2024,4,ORD,SEA,DL,2078.0,898,227.15406641000965,16874.690817487404,primary,174321.0,192668.0,1155.0,1162.0,0.9047740154047377,7.0,0.9939759036144579,0.06884057971014493,0.07246376811594203,0.21739130434782608,0.2391304347826087,0.1431159420289855,0.15579710144927536,ORD-SEA,ORD-SEA_DL,ORD-SEA_DL_Q4,2024Q4,ORD-SEA
2024,4,ORD,SEA,UA,2288.0,1217,258.9186451048951,22650.113432429993,primary,174321.0,192668.0,1155.0,1162.0,0.9047740154047377,7.0,0.9939759036144579,0.06884057971014493,0.07246376811594203,0.21739130434782608,0.2391304347826087,0.1431159420289855,0.15579710144927536,ORD-SEA,ORD-SEA_UA,ORD-SEA_UA_Q4,2024Q4,ORD-SEA
2024,4,SEA,ATL,DL,2835.0,928,350.62641975308645,40479.137722949,primary,135106.0,156325.0,834.0,838.0,0.8642635534943227,4.0,0.9952267303102625,0.21739130434782608,0.2391304347826087,0.09420289855072464,0.10869565217391304,0.15579710144927536,0.17391304347826086,SEA-ATL,SEA-ATL_DL,SEA-ATL_DL_Q4,2024Q4,ATL-SEA
2024,4,SEA,DEN,DL,1360.0,609,179.52283088235293,7468.689911177284,primary,217379.0,248881.0,1515.0,1524.0,0.8734254523246049,9.0,0.9940944881889764,0.21739130434782608,0.2391304347826087,0.0,0.0036231884057971015,0.10869565217391304,0.1213768115942029,SEA-DEN,SEA-DEN_DL,SEA-DEN_DL_Q4,2024Q4,DEN-SEA
2024,4,SEA,DEN,UA,2342.0,1048,213.57704099060632,11029.315513404807,primary,217379.0,248881.0,1515.0,1524.0,0.8734254523246049,9.0,0.9940944881889764,0.21739130434782608,0.2391304347826087,0.0,0.0036231884057971015,0.10869565217391304,0.1213768115942029,SEA-DEN,SEA-DEN_UA,SEA-DEN_UA_Q4,2024Q4,DEN-SEA
2024,4,SEA,DEN,WN,1586.0,835,166.18494325346785,6948.82119170548,primary,217379.0,248881.0,1515.0,1524.0,0.8734254523246049,9.0,0.9940944881889764,0.21739130434782608,0.2391304347826087,0.0,0.0036231884057971015,0.10869565217391304,0.1213768115942029,SEA-DEN,SEA-DEN_WN,SEA-DEN_WN_Q4,2024Q4,DEN-SEA
2024,4,SEA,DFW,AA,3365.0,1106,235.63241604754828,20325.2704867333,primary,211194.0,236203.0,1336.0,1366.0,0.8941207351303752,30.0,0.9780380673499268,0.21739130434782608,0.2391304347826087,0.09057971014492754,0.08333333333333333,0.1539855072463768,0.161231884057971,SEA-DFW,SEA-DFW_AA,SEA-DFW_AA_Q4,2024Q4,DFW-SEA
2024,4,SEA,DFW,DL,1082.0,531,232.70874306839184,17010.145283817554,primary,211194.0,236203.0,1336.0,1366.0,0.8941207351303752,30.0,0.9780380673499268,0.21739130434782608,0.2391304347826087,0.09057971014492754,0.08333333333333333,0.1539855072463768,0.161231884057971,SEA-DFW,SEA-DFW_DL,SEA-DFW_DL_Q4,2024Q4,DFW-SEA
2024,4,SEA,JFK,DL,3880.0,1346,376.31808505154635,62210.90807610104,primary,113044.0,130472.0,719.0,721.0,0.8664234471764056,2.0,0.9972260748959778,0.21739130434782608,0.2391304347826087,0.10869565217391304,0.12318840579710146,0.16304347826086957,0.18115942028985507,SEA-JFK,SEA-JFK_DL,SEA-JFK_DL_Q4,2024Q4,JFK-SEA
2024,4,SEA,LAX,DL,4546.0,869,203.45344698636163,12757.080616780855,primary,246854.0,306228.0,1878.0,1900.0,0.8061117859895242,22.0,0.988421052631579,0.21739130434782608,0.2391304347826087,0.04710144927536232,0.036231884057971016,0.1322463768115942,0.13768115942028986,SEA-LAX,SEA-LAX_DL,SEA-LAX_DL_Q4,2024Q4,LAX-SEA
2024,4,SEA,LAX,UA,1281.0,576,172.59998438719748,7562.979810772598,primary,246854.0,306228.0,1878.0,1900.0,0.8061117859895242,22.0,0.988421052631579,0.21739130434782608,0.2391304347826087,0.04710144927536232,0.036231884057971016,0.1322463768115942,0.13768115942028986,SEA-LAX,SEA-LAX_UA,SEA-LAX_UA_Q4,2024Q4,LAX-SEA
2024,4,SEA,ORD,AA,790.0,428,215.64462025316456,18134.202262830477,primary,174244.0,192623.0,1157.0,1171.0,0.9045856413823894,14.0,0.9880444064901793,0.21739130434782608,0.2391304347826087,0.06884057971014493,0.07246376811594203,0.1431159420289855,0.15579710144927536,SEA-ORD,SEA-ORD_AA,SEA-ORD_AA_Q4,2024Q4,ORD-SEA
2024,4,SEA,ORD,DL,2235.0,909,226.97313199105145,15708.763390369619,primary,174244.0,192623.0,1157.0,1171.0,0.9045856413823894,14.0,0.9880444064901793,0.21739130434782608,0.2391304347826087,0.06884057971014493,0.07246376811594203,0.1431159420289855,0.15579710144927536,SEA-ORD,SEA-ORD_DL,SEA-ORD_DL_Q4,2024Q4,ORD-SEA
2024,4,SEA,ORD,UA,2200.0,1182,257.08423636363636,24107.911747235048,primary,174244.0,192623.0,1157.0,1171.0,0.9045856413823894,14.0,0.9880444064901793,0.21739130434782608,0.2391304347826087,0.06884057971014493,0.07246376811594203,0.1431159420289855,0.15579710144927536,SEA-ORD,SEA-ORD_UA,SEA-ORD_UA_Q4,2024Q4,ORD-SEA
2024,4,ATL,DEN,DL,870.0,207,291.0298850574713,34501.265773549996,one_way,226332.0,258687.0,1453.0,1454.0,0.8749260689559197,1.0,0.9993122420907841,0.09420289855072464,0.10869565217391304,0.0,0.0036231884057971015,0.04710144927536232,0.05615942028985507,ATL-DEN,ATL-DEN_DL,ATL-DEN_DL_Q4,2024Q4,ATL-DEN
2024,4,ATL,DEN,UA,366.0,169,264.5218579234973,22542.763183433344,one_way,226332.0,258687.0,1453.0,1454.0,0.8749260689559197,1.0,0.9993122420907841,0.09420289855072464,0.10869565217391304,0.0,0.0036231884057971015,0.04710144927536232,0.05615942028985507,ATL-DEN,ATL-DEN_UA,ATL-DEN_UA_Q4,2024Q4,ATL-DEN
2024,4,ATL,DEN,WN,478.0,135,242.2887029288703,20226.602843087472,one_way,226332.0,258687.0,1453.0,1454.0,0.8749260689559197,1.0,0.9993122420907841,0.09420289855072464,0.10869565217391304,0.0,0.0036231884057971015,0.04710144927536232,0.05615942028985507,ATL-DEN,ATL-DEN_WN,ATL-DEN_WN_Q4,2024Q4,ATL-DEN
2024,4,ATL,DFW,AA,889.0,279,294.58942632170977,38276.84717728621,one_way,252608.0,306657.0,1639.0,1656.0,0.8237477050907039,17.0,0.9897342995169082,0.09420289855072464,0.10869565217391304,0.09057971014492754,0.08333333333333333,0.09239130434782608,0.09601449275362318,ATL-DFW,ATL-DFW_AA,ATL-DFW_AA_Q4,2024Q4,ATL-DFW
2024,4,ATL,DFW,DL,896.0,247,273.77455357142856,31587.60988819356,one_way,252608.0,306657.0,1639.0,1656.0,0.8237477050907039,17.0,0.9897342995169082,0.09420289855072464,0.10869565217391304,0.09057971014492754,0.08333333333333333,0.09239130434782608,0.09601449275362318,ATL-DFW,ATL-DFW_DL,ATL-DFW_DL_Q4,2024Q4,ATL-DFW
2024,4,ATL,JFK,DL,1178.0,186,234.3981324278438,18062.358468498605,one_way,159880.0,186193.0,1063.0,1059.0,0.8586788977029212,-4.0,1.0037771482530689,0.09420289855072464,0.10869565217391304,0.10869565217391304,0.12318840579710146,0.10144927536231885,0.11594202898550725,ATL-JFK,ATL-JFK_DL,ATL-JFK_DL_Q4,2024Q4,ATL-JFK
2024,4,ATL,LAX,AA,348.0,155,350.16954022988506,55825.589072202405,one_way,252747.0,284663.0,1374.0,1374.0,0.8878814598314498,0.0,1.0,0.09420289855072464,0.10869565217391304,0.04710144927536232,0.036231884057971016,0.07065217391304349,0.07246376811594203,ATL-LAX,ATL-LAX_AA,ATL-LAX_AA_Q4,2024Q4,ATL-LAX
2024,4,ATL,LAX,DL,1021.0,301,583.4730656219393,119254.9113705235,one_way,252747.0,284663.0,1374.0,1374.0,0.8878814598314498,0.0,1.0,0.09420289855072464,0.10869565217391304,0.04710144927536232,0.036231884057971016,0.07065217391304349,0.07246376811594203,ATL-LAX,ATL-LAX_DL,ATL-LAX_DL_Q4,2024Q4,ATL-LAX
2024,4,ATL,LAX,WN,65.0,44,306.2153846153846,12596.661301775166,one_way,252747.0,284663.0,1374.0,1374.0,0.8878814598314498,0.0,1.0,0.09420289855072464,0.10869565217391304,0.04710144927536232,0.036231884057971016,0.07065217391304349,0.07246376811594203,ATL-LAX,ATL-LAX_WN,ATL-LAX_WN_Q4,2024Q4,ATL-LAX
2024,4,ATL,ORD,AA,304.0,108,188.73684210526315,16509.200484764544,one_way,191024.0,227371.0,1427.0,1427.0,0.8401423224597684,0.0,1.0,0.09420289855072464,0.10869565217391304,0.06884057971014493,0.07246376811594203,0.08152173913043478,0.09057971014492754,ATL-ORD,ATL-ORD_AA,ATL-ORD_AA_Q4,2024Q4,ATL-ORD
2024,4,ATL,ORD,DL,1209.0,248,235.7609594706369,17696.173628856086,one_way,191024.0,227371.0,1427.0,1427.0,0.8401423224597684,0.0,1.0,0.09420289855072464,0.10869565217391304,0.06884057971014493,0.07246376811594203,0.08152173913043478,0.09057971014492754,ATL-ORD,ATL-ORD_DL,ATL-ORD_DL_Q4,2024Q4,ATL-ORD
2024,4,ATL,ORD,UA,657.0,229,241.20091324200914,17027.78307374742,one_way,191024.0,227371.0,1427.0,1427.0,0.8401423224597684,0.0,1.0,0.09420289855072464,0.10869565217391304,0.06884057971014493,0.07246376811594203,0.08152173913043478,0.09057971014492754,ATL-ORD,ATL-ORD_UA,ATL-ORD_UA_Q4,2024Q4,ATL-ORD
2024,4,ATL,SEA,DL,658.0,147,359.28723404255317,36851.5694722887,one_way,136149.0,156012.0,832.0,835.0,0.8726828705484193,3.0,0.9964071856287425,0.09420289855072464,0.10869565217391304,0.21739130434782608,0.2391304347826087,0.15579710144927536,0.17391304347826086,ATL-SEA,ATL-SEA_DL,ATL-SEA_DL_Q4,2024Q4,ATL-SEA
2024,4,DEN,ATL,DL,698.0,167,304.06733524355303,31538.95964934604,one_way,221874.0,257368.0,1451.0,1453.0,0.8620885269341954,2.0,0.9986235375086029,0.0,0.0036231884057971015,0.09420289855072464,0.10869565217391304,0.04710144927536232,0.05615942028985507,DEN-ATL,DEN-ATL_DL,DEN-ATL_DL_Q4,2024Q4,ATL-DEN
2024,4,DEN,ATL,UA,448.0,201,256.25669642857144,19601.20866051498,one_way,221874.0,257368.0,1451.0,1453.0,0.8620885269341954,2.0,0.9986235375086029,0.0,0.0036231884057971015,0.09420289855072464,0.10869565217391304,0.04710144927536232,0.05615942028985507,DEN-ATL,DEN-ATL_UA,DEN-ATL_UA_Q4,2024Q4,ATL-DEN
2024,4,DEN,ATL,WN,493.0,137,230.44827586206895,15236.969434147031,one_way,221874.0,257368.0,1451.0,1453.0,0.8620885269341954,2.0,0.9986235375086029,0.0,0.0036231884057971015,0.09420289855072464,0.10869565217391304,0.04710144927536232,0.05615942028985507,DEN-ATL,DEN-ATL_WN,DEN-ATL_WN_Q4,2024Q4,ATL-DEN
2024,4,DEN,DFW,AA,955.0,278,267.11204188481673,28837.892158657953,one_way,223986.0,272007.0,1527.0,1550.0,0.8234567492748348,23.0,0.9851612903225806,0.0,0.0036231884057971015,0.09057971014492754,0.08333333333333333,0.04528985507246377,0.043478260869565216,DEN-DFW,DEN-DFW_AA,DEN-DFW_AA_Q4,2024Q4,DEN-DFW
2024,4,DEN,DFW,UA,759.0,239,227.87220026350462,18981.98234970428,one_way,223986.0,272007.0,1527.0,1550.0,0.8234567492748348,23.0,0.9851612903225806,0.0,0.0036231884057971015,0.09057971014492754,0.08333333333333333,0.04528985507246377,0.043478260869565216,DEN-DFW,DEN-DFW_UA,DEN-DFW_UA_Q4,2024Q4,DEN-DFW
2024,4,DEN,JFK,DL,792.0,135,228.14646464646464,14171.119962248747,one_way,52578.0,72469.0,433.0,432.0,0.7255240171659606,-1.0,1.0023148148148149,0.0,0.0036231884057971015,0.10869565217391304,0.12318840579710146,0.05434782608695652,0.06340579710144928,DEN-JFK,DEN-JFK_DL,DEN-JFK_DL_Q4,2024Q4,DEN-JFK
2024,4,DEN,LAX,DL,565.0,147,188.63185840707965,14016.639693006495,one_way,269842.0,327962.0,2038.0,2030.0,0.8227843469670266,-8.0,1.0039408866995074,0.0,0.0036231884057971015,0.04710144927536232,0.036231884057971016,0.02355072463768116,0.01992753623188406,DEN-LAX,DEN-LAX_DL,DEN-LAX_DL_Q4,2024Q4,DEN-LAX
2024,4,DEN,LAX,UA,1312.0,303,237.93064024390245,20787.454792882774,one_way,269842.0,327962.0,2038.0,2030.0,0.8227843469670266,-8.0,1.0039408866995074,0.0,0.0036231884057971015,0.04710144927536232,0.036231884057971016,0.02355072463768116,0.01992753623188406,DEN-LAX,DEN-LAX_UA,DEN-LAX_UA_Q4,2024Q4,DEN-LAX
2024,4,DEN,LAX,WN,741.0,203,194.58569500674764,12876.685301440048,one_way,269842.0,327962.0,2038.0,2030.0,0.8227843469670266,-8.0,1.0039408866995074,0.0,0.0036231884057971015,0.04710144927536232,0.036231884057971016,0.02355072463768116,0.01992753623188406,DEN-LAX,DEN-LAX_WN,DEN-LAX_WN_Q4,2024Q4,DEN-LAX
2024,4,DEN,ORD,AA,499.0,153,187.32865731462925,15269.53927895872,one_way,262577.0,325682.0,1638.0,1633.0,0.8062373726518506,-5.0,1.0030618493570116,0.0,0.0036231884057971015,0.06884057971014493,0.07246376811594203,0.034420289855072464,0.03804347826086957,DEN-ORD,DEN-ORD_AA,DEN-ORD_AA_Q4,2024Q4,DEN-ORD
2024,4,DEN,ORD,UA,1601.0,337,222.20737039350405,17011.770863853446,one_way,262577.0,325682.0,1638.0,1633.0,0.8062373726518506,-5.0,1.0030618493570116,0.0,0.0036231884057971015,0.06884057971014493,0.07246376811594203,0.034420289855072464,0.03804347826086957,DEN-ORD,DEN-ORD_UA,DEN-ORD_UA_Q4,2024Q4,DEN-ORD
2024,4,DEN,ORD,WN,551.0,149,157.95644283121598,6819.054364116058,one_way,262577.0,325682.0,1638.0,1633.0,0.8062373726518506,-5.0,1.0030618493570116,0.0,0.0036231884057971015,0.06884057971014493,0.07246376811594203,0.034420289855072464,0.03804347826086957,DEN-ORD,DEN-ORD_WN,DEN-ORD_WN_Q4,2024Q4,DEN-ORD
2024,4,DEN,SEA,DL,377.0,100,188.44562334217505,9542.72449675999,one_way,214064.0,249777.0,1522.0,1529.0,0.8570204622523291,7.0,0.9954218443427076,0.0,0.0036231884057971015,0.21739130434782608,0.2391304347826087,0.10869565217391304,0.1213768115942029,DEN-SEA,DEN-SEA_DL,DEN-SEA_DL_Q4,2024Q4,DEN-SEA
2024,4,DEN,SEA,UA,747.0,246,209.11780455153948,10966.925881123789,one_way,214064.0,249777.0,1522.0,1529.0,0.8570204622523291,7.0,0.9954218443427076,0.0,0.0036231884057971015,0.21739130434782608,0.2391304347826087,0.10869565217391304,0.1213768115942029,DEN-SEA,DEN-SEA_UA,DEN-SEA_UA_Q4,2024Q4,DEN-SEA
2024,4,DEN,SEA,WN,379.0,130,177.9551451187335,10404.380573791608,one_way,214064.0,249777.0,1522.0,1529.0,0.8570204622523291,7.0,0.9954218443427076,0.0,0.0036231884057971015,0.21739130434782608,0.2391304347826087,0.10869565217391304,0.1213768115942029,DEN-SEA,DEN-SEA_WN,DEN-SEA_WN_Q4,2024Q4,DEN-SEA
2024,4,DFW,ATL,AA,1049.0,238,249.10295519542422,26526.917903564237,one_way,253739.0,308099.0,1648.0,1658.0,0.8235632053333506,10.0,0.9939686369119421,0.09057971014492754,0.08333333333333333,0.09420289855072464,0.10869565217391304,0.09239130434782608,0.09601449275362318,DFW-ATL,DFW-ATL_AA,DFW-ATL_AA_Q4,2024Q4,ATL-DFW
2024,4,DFW,ATL,DL,818.0,235,287.0427872860636,29333.85513746331,one_way,253739.0,308099.0,1648.0,1658.0,0.8235632053333506,10.0,0.9939686369119421,0.09057971014492754,0.08333333333333333,0.09420289855072464,0.10869565217391304,0.09239130434782608,0.09601449275362318,DFW-ATL,DFW-ATL_DL,DFW-ATL_DL_Q4,2024Q4,ATL-DFW
2024,4,DFW,DEN,AA,1026.0,249,230.21929824561403,18671.208243562134,one_way,226644.0,268776.0,1528.0,1549.0,0.8432449325832664,21.0,0.986442866365397,0.09057971014492754,0.08333333333333333,0.0,0.0036231884057971015,0.04528985507246377,0.043478260869565216,DFW-DEN,DFW-DEN_AA,DFW-DEN_AA_Q4,2024Q4,DEN-DFW
2024,4,DFW,DEN,UA,600.0,226,244.79166666666666,17959.53159722223,one_way,226644.0,268776.0,1528.0,1549.0,0.8432449325832664,21.0,0.986442866365397,0.09057971014492754,0.08333333333333333,0.0,0.0036231884057971015,0.04528985507246377,0.043478260869565216,DFW-DEN,DFW-DEN_UA,DFW-DEN_UA_Q4,2024Q4,DEN-DFW
2024,4,DFW,JFK,AA,429.0,175,294.2004662004662,35200.99011633276,one_way,60905.0,71747.0,480.0,484.0,0.8488856676934228,4.0,0.9917355371900827,0.09057971014492754,0.08333333333333333,0.10869565217391304,0.12318840579710146,0.09963768115942029,0.10326086956521739,DFW-JFK,DFW-JFK_AA,DFW-JFK_AA_Q4,2024Q4,DFW-JFK
2024,4,DFW,JFK,DL,261.0,131,323.3448275862069,34188.47879508522,one_way,60905.0,71747.0,480.0,484.0,0.8488856676934228,4.0,0.9917355371900827,0.09057971014492754,0.08333333333333333,0.10869565217391304,0.12318840579710146,0.09963768115942029,0.10326086956521739,DFW-JFK,DFW-JFK_DL,DFW-JFK_DL_Q4,2024Q4,DFW-JFK
2024,4,DFW,LAX,AA,2192.0,388,333.6336678832117,62793.748556254664,one_way,288914.0,328920.0,1761.0,1777.0,0.8783716405204913,16.0,0.9909960607765897,0.09057971014492754,0.08333333333333333,0.04710144927536232,0.036231884057971016,0.06884057971014493,0.059782608695652176,DFW-LAX,DFW-LAX_AA,DFW-LAX_AA_Q4,2024Q4,DFW-LAX
2024,4,DFW,LAX,DL,450.0,165,276.74,35324.30351111111,one_way,288914.0,328920.0,1761.0,1777.0,0.8783716405204913,16.0,0.9909960607765897,0.09057971014492754,0.08333333333333333,0.04710144927536232,0.036231884057971016,0.06884057971014493,0.059782608695652176,DFW-LAX,DFW-LAX_DL,DFW-LAX_DL_Q4,2024Q4,DFW-LAX
2024,4,DFW,ORD,AA,1539.0,331,269.1689408706953,30544.055929417547,one_way,247959.0,303813.0,1767.0,1773.0,0.8161566489913203,6.0,0.9966159052453468,0.09057971014492754,0.08333333333333333,0.06884057971014493,0.07246376811594203,0.07971014492753623,0.07789855072463768,DFW-ORD,DFW-ORD_AA,DFW-ORD_AA_Q4,2024Q4,DFW-ORD
2024,4,DFW,ORD,UA,797.0,272,264.3387703889586,20184.334419065213,one_way,247959.0,303813.0,1767.0,1773.0,0.8161566489913203,6.0,0.9966159052453468,0.09057971014492754,0.08333333333333333,0.06884057971014493,0.07246376811594203,0.07971014492753623,0.07789855072463768,DFW-ORD,DFW-ORD_UA,DFW-ORD_UA_Q4,2024Q4,DFW-ORD
2024,4,DFW,SEA,AA,952.0,235,249.86764705882354,24593.896348245173,one_way,202173.0,236074.0,1335.0,1361.0,0.8563967230614129,26.0,0.9808963997060984,0.09057971014492754,0.08333333333333333,0.21739130434782608,0.2391304347826087,0.1539855072463768,0.161231884057971,DFW-SEA,DFW-SEA_AA,DFW-SEA_AA_Q4,2024Q4,DFW-SEA
2024,4,DFW,SEA,DL,341.0,130,228.67741935483872,22373.415003310947,one_way,202173.0,236074.0,1335.0,1361.0,0.8563967230614129,26.0,0.9808963997060984,0.09057971014492754,0.08333333333333333,0.21739130434782608,0.2391304347826087,0.1539855072463768,0.161231884057971,DFW-SEA,DFW-SEA_DL,DFW-SEA_DL_Q4,2024Q4,DFW-SEA
2024,4,JFK,ATL,DL,1021.0,187,249.16650342801177,21683.26904448308,one_way,159354.0,186124.0,1059.0,1054.0,0.8561711547140616,-5.0,1.0047438330170777,0.10869565217391304,0.12318840579710146,0.09420289855072464,0.10869565217391304,0.10144927536231885,0.11594202898550725,JFK-ATL,JFK-ATL_DL,JFK-ATL_DL_Q4,2024Q4,ATL-JFK
2024,4,JFK,DEN,DL,820.0,164,276.11951219512196,25970.090594883994,one_way,55115.0,72239.0,432.0,433.0,0.7629535292570495,1.0,0.9976905311778291,0.10869565217391304,0.12318840579710146,0.0,0.0036231884057971015,0.05434782608695652,0.06340579710144928,JFK-DEN,JFK-DEN_DL,JFK-DEN_DL_Q4,2024Q4,DEN-JFK
2024,4,JFK,DFW,AA,433.0,186,340.64896073903003,51812.98069753425,one_way,59737.0,70075.0,471.0,476.0,0.8524723510524438,5.0,0.9894957983193278,0.10869565217391304,0.12318840579710146,0.09057971014492754,0.08333333333333333,0.09963768115942029,0.10326086956521739,JFK-DFW,JFK-DFW_AA,JFK-DFW_AA_Q4,2024Q4,DFW-JFK
2024,4,JFK,DFW,DL,376.0,148,317.86968085106383,34031.756953089614,one_way,59737.0,70075.0,471.0,476.0,0.8524723510524438,5.0,0.9894957983193278,0.10869565217391304,0.12318840579710146,0.09057971014492754,0.08333333333333333,0.09963768115942029,0.10326086956521739,JFK-DFW,JFK-DFW_DL,JFK-DFW_DL_Q4,2024Q4,DFW-JFK
2024,4,JFK,LAX,AA,2187.0,551,568.6072245084591,202301.5105650904,one_way,372022.0,417155.0,2610.0,2607.0,0.8918076014910525,-3.0,1.001150747986191,0.10869565217391304,0.12318840579710146,0.04710144927536232,0.036231884057971016,0.07789855072463768,0.07971014492753624,JFK-LAX,JFK-LAX_AA,JFK-LAX_AA_Q4,2024Q4,JFK-LAX
2024,4,JFK,LAX,DL,4482.0,570,491.1338688085676,178722.03116437187,one_way,372022.0,417155.0,2610.0,2607.0,0.8918076014910525,-3.0,1.001150747986191,0.10869565217391304,0.12318840579710146,0.04710144927536232,0.036231884057971016,0.07789855072463768,0.07971014492753624,JFK-LAX,JFK-LAX_DL,JFK-LAX_DL_Q4,2024Q4,JFK-LAX
2024,4,JFK,ORD,AA,666.0,188,187.53753753753753,14032.062404747092,one_way,63851.0,80338.0,685.0,686.0,0.7947795563743185,1.0,0.9985422740524781,0.10869565217391304,0.12318840579710146,0.06884057971014493,0.07246376811594203,0.08876811594202899,0.09782608695652174,JFK-ORD,JFK-ORD_AA,JFK-ORD_AA_Q4,2024Q4,JFK-ORD
2024,4,JFK,SEA,DL,1293.0,307,367.7911832946636,59791.29436928814,one_way,113569.0,130133.0,716.0,724.0,0.8727148378966134,8.0,0.988950276243094,0.10869565217391304,0.12318840579710146,0.21739130434782608,0.2391304347826087,0.16304347826086957,0.18115942028985507,JFK-SEA,JFK-SEA_DL,JFK-SEA_DL_Q4,2024Q4,JFK-SEA
2024,4,LAX,ATL,AA,403.0,159,346.69727047146404,59664.26567493181,one_way,249685.0,283876.0,1372.0,1374.0,0.8795565669517676,2.0,0.9985443959243085,0.04710144927536232,0.036231884057971016,0.09420289855072464,0.10869565217391304,0.07065217391304349,0.07246376811594203,LAX-ATL,LAX-ATL_AA,LAX-ATL_AA_Q4,2024Q4,ATL-LAX
2024,4,LAX,ATL,DL,1036.0,299,561.6003861003861,113513.28818517906,one_way,249685.0,283876.0,1372.0,1374.0,0.8795565669517676,2.0,0.9985443959243085,0.04710144927536232,0.036231884057971016,0.09420289855072464,0.10869565217391304,0.07065217391304349,0.07246376811594203,LAX-ATL,LAX-ATL_DL,LAX-ATL_DL_Q4,2024Q4,ATL-LAX
2024,4,LAX,ATL,WN,35.0,24,206.97142857142856,9920.770612244902,one_way,249685.0,283876.0,1372.0,1374.0,0.8795565669517676,2.0,0.9985443959243085,0.04710144927536232,0.036231884057971016,0.09420289855072464,0.10869565217391304,0.07065217391304349,0.07246376811594203,LAX-ATL,LAX-ATL_WN,LAX-ATL_WN_Q4,2024Q4,ATL-LAX
2024,4,LAX,DEN,DL,611.0,158,197.00490998363338,13190.276571636743,one_way,257388.0,327147.0,2025.0,2026.0,0.7867655824445892,1.0,0.9995064165844028,0.04710144927536232,0.036231884057971016,0.0,0.0036231884057971015,0.02355072463768116,0.01992753623188406,LAX-DEN,LAX-DEN_DL,LAX-DEN_DL_Q4,2024Q4,DEN-LAX
2024,4,LAX,DEN,UA,1306.0,323,242.60796324655436,22299.281222957303,one_way,257388.0,327147.0,2025.0,2026.0,0.7867655824445892,1.0,0.9995064165844028,0.04710144927536232,0.036231884057971016,0.0,0.0036231884057971015,0.02355072463768116,0.01992753623188406,LAX-DEN,LAX-DEN_UA,LAX-DEN_UA_Q4,2024Q4,DEN-LAX
2024,4,LAX,DEN,WN,755.0,197,188.57350993377483,12250.162477084341,one_way,257388.0,327147.0,2025.0,2026.0,0.7867655824445892,1.0,0.9995064165844028,0.04710144927536232,0.036231884057971016,0.0,0.0036231884057971015,0.02355072463768116,0.01992753623188406,LAX-DEN,LAX-DEN_WN,LAX-DEN_WN_Q4,2024Q4,DEN-LAX
2024,4,LAX,DFW,AA,2106.0,398,331.815289648623,64078.29969025323,one_way,285151.0,327964.0,1757.0,1775.0,0.8694582332207194,18.0,0.9898591549295774,0.04710144927536232,0.036231884057971016,0.09057971014492754,0.08333333333333333,0.06884057971014493,0.059782608695652176,LAX-DFW,LAX-DFW_AA,LAX-DFW_AA_Q4,2024Q4,DFW-LAX
2024,4,LAX,DFW,DL,566.0,177,287.9929328621908,43164.1660277941,one_way,285151.0,327964.0,1757.0,1775.0,0.8694582332207194,18.0,0.9898591549295774,0.04710144927536232,0.036231884057971016,0.09057971014492754,0.08333333333333333,0.06884057971014493,0.059782608695652176,LAX-DFW,LAX-DFW_DL,LAX-DFW_DL_Q4,2024Q4,DFW-LAX
2024,4,LAX,JFK,AA,2015.0,507,547.2799007444169,186874.95093597035,one_way,368380.0,416434.0,2604.0,2606.0,0.884605963970281,2.0,0.9992325402916347,0.04710144927536232,0.036231884057971016,0.10869565217391304,0.12318840579710146,0.07789855072463768,0.07971014492753624,LAX-JFK,LAX-JFK_AA,LAX-JFK_AA_Q4,2024Q4,JFK-LAX
2024,4,LAX,JFK,DL,4391.0,604,474.9180141197905,169396.98211912622,one_way,368380.0,416434.0,2604.0,2606.0,0.884605963970281,2.0,0.9992325402916347,0.04710144927536232,0.036231884057971016,0.10869565217391304,0.12318840579710146,0.07789855072463768,0.07971014492753624,LAX-JFK,LAX-JFK_DL,LAX-JFK_DL_Q4,2024Q4,JFK-LAX
2024,4,LAX,ORD,AA,1964.0,399,295.7469450101833,44360.68698150208,one_way,297583.0,340743.0,1688.0,1693.0,0.8733356224485903,5.0,0.9970466627288836,0.04710144927536232,0.036231884057971016,0.06884057971014493,0.07246376811594203,0.057971014492753624,0.05434782608695653,LAX-ORD,LAX-ORD_AA,LAX-ORD_AA_Q4,2024Q4,LAX-ORD
2024,4,LAX,ORD,UA,2261.0,507,315.1808934099956,43164.09421255873,one_way,297583.0,340743.0,1688.0,1693.0,0.8733356224485903,5.0,0.9970466627288836,0.04710144927536232,0.036231884057971016,0.06884057971014493,0.07246376811594203,0.057971014492753624,0.05434782608695653,LAX-ORD,LAX-ORD_UA,LAX-ORD_UA_Q4,2024Q4,LAX-ORD
2024,4,LAX,SEA,DL,1332.0,210,221.75375375375376,15381.964888311733,one_way,234138.0,304878.0,1872.0,1893.0,0.7679727628756421,21.0,0.9889064976228209,0.04710144927536232,0.036231884057971016,0.21739130434782608,0.2391304347826087,0.1322463768115942,0.13768115942028986,LAX-SEA,LAX-SEA_DL,LAX-SEA_DL_Q4,2024Q4,LAX-SEA
2024,4,LAX,SEA,UA,640.0,154,188.165625,8504.053818359367,one_way,234138.0,304878.0,1872.0,1893.0,0.7679727628756421,21.0,0.9889064976228209,0.04710144927536232,0.036231884057971016,0.21739130434782608,0.2391304347826087,0.1322463768115942,0.13768115942028986,LAX-SEA,LAX-SEA_UA,LAX-SEA_UA_Q4,2024Q4,LAX-SEA
2024,4,ORD,ATL,AA,357.0,103,189.3641456582633,13699.873000180465,one_way,194470.0,230589.0,1429.0,1428.0,0.843361999054595,-1.0,1.0007002801120448,0.06884057971014493,0.07246376811594203,0.09420289855072464,0.10869565217391304,0.08152173913043478,0.09057971014492754,ORD-ATL,ORD-ATL_AA,ORD-ATL_AA_Q4,2024Q4,ATL-ORD
2024,4,ORD,ATL,DL,958.0,242,254.1419624217119,22658.892163998593,one_way,194470.0,230589.0,1429.0,1428.0,0.843361999054595,-1.0,1.0007002801120448,0.06884057971014493,0.07246376811594203,0.09420289855072464,0.10869565217391304,0.08152173913043478,0.09057971014492754,ORD-ATL,ORD-ATL_DL,ORD-ATL_DL_Q4,2024Q4,ATL-ORD
2024,4,ORD,ATL,UA,829.0,242,220.45717732207478,14318.12995150173,one_way,194470.0,230589.0,1429.0,1428.0,0.843361999054595,-1.0,1.0007002801120448,0.06884057971014493,0.07246376811594203,0.09420289855072464,0.10869565217391304,0.08152173913043478,0.09057971014492754,ORD-ATL,ORD-ATL_UA,ORD-ATL_UA_Q4,2024Q4,ATL-ORD
2024,4,ORD,DEN,AA,510.0,154,199.96274509803922,15561.816259131097,one_way,276942.0,329757.0,1645.0,1639.0,0.8398366069560312,-6.0,1.0036607687614398,0.06884057971014493,0.07246376811594203,0.0,0.0036231884057971015,0.034420289855072464,0.03804347826086957,ORD-DEN,ORD-DEN_AA,ORD-DEN_AA_Q4,2024Q4,DEN-ORD
2024,4,ORD,DEN,UA,1509.0,362,249.01988071570577,19915.12352788505,one_way,276942.0,329757.0,1645.0,1639.0,0.8398366069560312,-6.0,1.0036607687614398,0.06884057971014493,0.07246376811594203,0.0,0.0036231884057971015,0.034420289855072464,0.03804347826086957,ORD-DEN,ORD-DEN_UA,ORD-DEN_UA_Q4,2024Q4,DEN-ORD
2024,4,ORD,DEN,WN,571.0,166,178.2031523642732,10595.482371848946,one_way,276942.0,329757.0,1645.0,1639.0,0.8398366069560312,-6.0,1.0036607687614398,0.06884057971014493,0.07246376811594203,0.0,0.0036231884057971015,0.034420289855072464,0.03804347826086957,ORD-DEN,ORD-DEN_WN,ORD-DEN_WN_Q4,2024Q4,DEN-ORD
2024,4,ORD,DFW,AA,1629.0,388,303.72375690607737,35410.419699575024,one_way,255364.0,301089.0,1760.0,1771.0,0.8481346047182062,11.0,0.9937888198757764,0.06884057971014493,0.07246376811594203,0.09057971014492754,0.08333333333333333,0.07971014492753623,0.07789855072463768,ORD-DFW,ORD-DFW_AA,ORD-DFW_AA_Q4,2024Q4,DFW-ORD
2024,4,ORD,DFW,UA,794.0,266,256.911838790932,20765.405325837986,one_way,255364.0,301089.0,1760.0,1771.0,0.8481346047182062,11.0,0.9937888198757764,0.06884057971014493,0.07246376811594203,0.09057971014492754,0.08333333333333333,0.07971014492753623,0.07789855072463768,ORD-DFW,ORD-DFW_UA,ORD-DFW_UA_Q4,2024Q4,DFW-ORD
2024,4,ORD,JFK,AA,838.0,207,184.85202863961814,13532.646362233063,one_way,67600.0,81571.0,690.0,690.0,0.8287258952323743,0.0,1.0,0.06884057971014493,0.07246376811594203,0.10869565217391304,0.12318840579710146,0.08876811594202899,0.09782608695652174,ORD-JFK,ORD-JFK_AA,ORD-JFK_AA_Q4,2024Q4,JFK-ORD
2024,4,ORD,LAX,AA,2039.0,413,301.241785188818,48793.900833693944,one_way,305120.0,340081.0,1692.0,1693.0,0.8971980204715936,1.0,0.9994093325457767,0.06884057971014493,0.07246376811594203,0.04710144927536232,0.036231884057971016,0.057971014492753624,0.05434782608695653,ORD-LAX,ORD-LAX_AA,ORD-LAX_AA_Q4,2024Q4,LAX-ORD
2024,4,ORD,LAX,UA,2494.0,547,332.06214915797915,49541.66293780295,one_way,305120.0,340081.0,1692.0,1693.0,0.8971980204715936,1.0,0.9994093325457767,0.06884057971014493,0.07246376811594203,0.04710144927536232,0.036231884057971016,0.057971014492753624,0.05434782608695653,ORD-LAX,ORD-LAX_UA,ORD-LAX_UA_Q4,2024Q4,LAX-ORD
2024,4,ORD,SEA,AA,436.0,151,246.7775229357798,22261.017017717357,one_way,174321.0,192668.0,1155.0,1162.0,0.9047740154047377,7.0,0.9939759036144579,0.06884057971014493,0.07246376811594203,0.21739130434782608,0.2391304347826087,0.1431159420289855,0.15579710144927536,ORD-SEA,ORD-SEA_AA,ORD-SEA_AA_Q4,2024Q4,ORD-SEA
2024,4,ORD,SEA,DL,700.0,197,230.76,21227.13954285714,one_way,174321.0,192668.0,1155.0,1162.0,0.9047740154047377,7.0,0.9939759036144579,0.06884057971014493,0.07246376811594203,0.21739130434782608,0.2391304347826087,0.1431159420289855,0.15579710144927536,ORD-SEA,ORD-SEA_DL,ORD-SEA_DL_Q4,2024Q4,ORD-SEA
2024,4,ORD,SEA,UA,790.0,306,269.1886075949367,24993.256832238432,one_way,174321.0,192668.0,1155.0,1162.0,0.9047740154047377,7.0,0.9939759036144579,0.06884057971014493,0.07246376811594203,0.21739130434782608,0.2391304347826087,0.1431159420289855,0.15579710144927536,ORD-SEA,ORD-SEA_UA,ORD-SEA_UA_Q4,2024Q4,ORD-SEA
2024,4,SEA,ATL,DL,625.0,149,364.2144,42833.77163263998,one_way,135106.0,156325.0,834.0,838.0,0.8642635534943227,4.0,0.9952267303102625,0.21739130434782608,0.2391304347826087,0.09420289855072464,0.10869565217391304,0.15579710144927536,0.17391304347826086,SEA-ATL,SEA-ATL_DL,SEA-ATL_DL_Q4,2024Q4,ATL-SEA
2024,4,SEA,DEN,DL,480.0,108,175.76875,8032.9361067708305,one_way,217379.0,248881.0,1515.0,1524.0,0.8734254523246049,9.0,0.9940944881889764,0.21739130434782608,0.2391304347826087,0.0,0.0036231884057971015,0.10869565217391304,0.1213768115942029,SEA-DEN,SEA-DEN_DL,SEA-DEN_DL_Q4,2024Q4,DEN-SEA
2024,4,SEA,DEN,UA,659.0,237,219.74203338391501,16961.608718778858,one_way,217379.0,248881.0,1515.0,1524.0,0.8734254523246049,9.0,0.9940944881889764,0.21739130434782608,0.2391304347826087,0.0,0.0036231884057971015,0.10869565217391304,0.1213768115942029,SEA-DEN,SEA-DEN_UA,SEA-DEN_UA_Q4,2024Q4,DEN-SEA
2024,4,SEA,DEN,WN,401.0,138,184.96508728179552,9710.283070378908,one_way,217379.0,248881.0,1515.0,1524.0,0.8734254523246049,9.0,0.9940944881889764,0.21739130434782608,0.2391304347826087,0.0,0.0036231884057971015,0.10869565217391304,0.1213768115942029,SEA-DEN,SEA-DEN_WN,SEA-DEN_WN_Q4,2024Q4,DEN-SEA
2024,4,SEA,DFW,AA,847.0,264,279.82526564344744,39306.484225873966,one_way,211194.0,236203.0,1336.0,1366.0,0.8941207351303752,30.0,0.9780380673499268,0.21739130434782608,0.2391304347826087,0.09057971014492754,0.08333333333333333,0.1539855072463768,0.161231884057971,SEA-DFW,SEA-DFW_AA,SEA-DFW_AA_Q4,2024Q4,DFW-SEA
2024,4,SEA,DFW,DL,436.0,149,240.07798165137615,23338.08107482535,one_way,211194.0,236203.0,1336.0,1366.0,0.8941207351303752,30.0,0.9780380673499268,0.21739130434782608,0.2391304347826087,0.09057971014492754,0.08333333333333333,0.1539855072463768,0.161231884057971,SEA-DFW,SEA-DFW_DL,SEA-DFW_DL_Q4,2024Q4,DFW-SEA
2024,4,SEA,JFK,DL,1178.0,294,388.23005093378606,76733.18391867314,one_way,113044.0,130472.0,719.0,721.0,0.8664234471764056,2.0,0.9972260748959778,0.21739130434782608,0.2391304347826087,0.10869565217391304,0.12318840579710146,0.16304347826086957,0.18115942028985507,SEA-JFK,SEA-JFK_DL,SEA-JFK_DL_Q4,2024Q4,JFK-SEA
2024,4,SEA,LAX,DL,1590.0,219,215.4132075471698,16953.447498516674,one_way,246854.0,306228.0,1878.0,1900.0,0.8061117859895242,22.0,0.988421052631579,0.21739130434782608,0.2391304347826087,0.04710144927536232,0.036231884057971016,0.1322463768115942,0.13768115942028986,SEA-LAX,SEA-LAX_DL,SEA-LAX_DL_Q4,2024Q4,LAX-SEA
2024,4,SEA,LAX,UA,520.0,162,184.025,9775.170528846145,one_way,246854.0,306228.0,1878.0,1900.0,0.8061117859895242,22.0,0.988421052631579,0.21739130434782608,0.2391304347826087,0.04710144927536232,0.036231884057971016,0.1322463768115942,0.13768115942028986,SEA-LAX,SEA-LAX_UA,SEA-LAX_UA_Q4,2024Q4,LAX-SEA
2024,4,SEA,ORD,AA,349.0,136,228.67908309455586,23246.028817497405,one_way,174244.0,192623.0,1157.0,1171.0,0.9045856413823894,14.0,0.9880444064901793,0.21739130434782608,0.2391304347826087,0.06884057971014493,0.07246376811594203,0.1431159420289855,0.15579710144927536,SEA-ORD,SEA-ORD_AA,SEA-ORD_AA_Q4,2024Q4,ORD-SEA
2024,4,SEA,ORD,DL,859.0,209,230.64260768335274,18069.41941857834,one_way,174244.0,192623.0,1157.0,1171.0,0.9045856413823894,14.0,0.9880444064901793,0.21739130434782608,0.2391304347826087,0.06884057971014493,0.07246376811594203,0.1431159420289855,0.15579710144927536,SEA-ORD,SEA-ORD_DL,SEA-ORD_DL_Q4,2024Q4,ORD-SEA
2024,4,SEA,ORD,UA,705.0,274,262.97872340425533,28497.59245510788,one_way,174244.0,192623.0,1157.0,1171.0,0.9045856413823894,14.0,0.9880444064901793,0.21739130434782608,0.2391304347826087,0.06884057971014493,0.07246376811594203,0.1431159420289855,0.15579710144927536,SEA-ORD,SEA-ORD_UA,SEA-ORD_UA_Q4,2024Q4,ORD-SEA
2025,1,ATL,DEN,DL,4022.0,1017,270.7017652909,22367.092687932993,primary,193349.0,224629.0,1260.0,1281.0,0.8607481669775496,21.0,0.9836065573770492,0.15498154981549817,0.18081180811808117,0.014760147601476014,0.014760147601476014,0.08487084870848709,0.09778597785977859,ATL-DEN,ATL-DEN_DL,ATL-DEN_DL_Q1,2025Q1,ATL-DEN
2025,1,ATL,DEN,UA,1070.0,657,267.0940934579439,18234.520567168845,primary,193349.0,224629.0,1260.0,1281.0,0.8607481669775496,21.0,0.9836065573770492,0.15498154981549817,0.18081180811808117,0.014760147601476014,0.014760147601476014,0.08487084870848709,0.09778597785977859,ATL-DEN,ATL-DEN_UA,ATL-DEN_UA_Q1,2025Q1,ATL-DEN
2025,1,ATL,DEN,WN,1867.0,947,193.41797536154257,9432.766435001002,primary,193349.0,224629.0,1260.0,1281.0,0.8607481669775496,21.0,0.9836065573770492,0.15498154981549817,0.18081180811808117,0.014760147601476014,0.014760147601476014,0.08487084870848709,0.09778597785977859,ATL-DEN,ATL-DEN_WN,ATL-DEN_WN_Q1,2025Q1,ATL-DEN
2025,1,ATL,DFW,AA,3740.0,1310,269.0443770053476,19848.435363328448,primary,213804.0,275753.0,1506.0,1557.0,0.7753460524454856,51.0,0.9672447013487476,0.15498154981549817,0.18081180811808117,0.08118081180811808,0.1070110701107011,0.11808118081180813,0.14391143911439114,ATL-DFW,ATL-DFW_AA,ATL-DFW_AA_Q1,2025Q1,ATL-DFW
2025,1,ATL,DFW,DL,4145.0,1708,284.12843425814236,18199.475994050255,primary,213804.0,275753.0,1506.0,1557.0,0.7753460524454856,51.0,0.9672447013487476,0.15498154981549817,0.18081180811808117,0.08118081180811808,0.1070110701107011,0.11808118081180813,0.14391143911439114,ATL-DFW,ATL-DFW_DL,ATL-DFW_DL_Q1,2025Q1,ATL-DFW
2025,1,ATL,JFK,DL,2747.0,898,208.00574080815434,12993.632268572066,primary,123096.0,155742.0,898.0,895.0,0.7903840967754363,-3.0,1.0033519553072625,0.15498154981549817,0.18081180811808117,0.12915129151291513,0.12177121771217712,0.14206642066420666,0.15129151291512916,ATL-JFK,ATL-JFK_DL,ATL-JFK_DL_Q1,2025Q1,ATL-JFK
2025,1,ATL,LAX,AA,978.0,542,279.88535787321064,32201.478733665368,primary,212902.0,253751.0,1221.0,1230.0,0.8390193536183108,9.0,0.9926829268292683,0.15498154981549817,0.18081180811808117,0.0996309963099631,0.033210332103321034,0.12730627306273062,0.1070110701107011,ATL-LAX,ATL-LAX_AA,ATL-LAX_AA_Q1,2025Q1,ATL-LAX
2025,1,ATL,LAX,DL,4425.0,1595,463.20708474576276,99735.71481486852,primary,212902.0,253751.0,1221.0,1230.0,0.8390193536183108,9.0,0.9926829268292683,0.15498154981549817,0.18081180811808117,0.0996309963099631,0.033210332103321034,0.12730627306273062,0.1070110701107011,ATL-LAX,ATL-LAX_DL,ATL-LAX_DL_Q1,2025Q1,ATL-LAX
2025,1,ATL,LAX,WN,37.0,29,234.6081081081081,5944.210615339674,primary,212902.0,253751.0,1221.0,1230.0,0.8390193536183108,9.0,0.9926829268292683,0.15498154981549817,0.18081180811808117,0.0996309963099631,0.033210332103321034,0.12730627306273062,0.1070110701107011,ATL-LAX,ATL-LAX_WN,ATL-LAX_WN_Q1,2025Q1,ATL-LAX
2025,1,ATL,ORD,AA,185.0,137,202.52675675675675,16408.232390562458,primary,155606.0,195276.0,1277.0,1294.0,0.7968516356336672,17.0,0.9868624420401855,0.15498154981549817,0.18081180811808117,0.0996309963099631,0.08118081180811808,0.12730627306273062,0.13099630996309963,ATL-ORD,ATL-ORD_AA,ATL-ORD_AA_Q1,2025Q1,ATL-ORD
2025,1,ATL,ORD,DL,3971.0,1352,237.43821959204232,16980.940424908702,primary,155606.0,195276.0,1277.0,1294.0,0.7968516356336672,17.0,0.9868624420401855,0.15498154981549817,0.18081180811808117,0.0996309963099631,0.08118081180811808,0.12730627306273062,0.13099630996309963,ATL-ORD,ATL-ORD_DL,ATL-ORD_DL_Q1,2025Q1,ATL-ORD
2025,1,ATL,ORD,UA,2314.0,909,231.0365989628349,15521.597276203065,primary,155606.0,195276.0,1277.0,1294.0,0.7968516356336672,17.0,0.9868624420401855,0.15498154981549817,0.18081180811808117,0.0996309963099631,0.08118081180811808,0.12730627306273062,0.13099630996309963,ATL-ORD,ATL-ORD_UA,ATL-ORD_UA_Q1,2025Q1,ATL-ORD
2025,1,ATL,SEA,DL,2287.0,882,357.72040227372105,44172.16406280274,primary,103628.0,115546.0,616.0,621.0,0.896854932234781,5.0,0.9919484702093397,0.15498154981549817,0.18081180811808117,0.15498154981549817,0.2066420664206642,0.15498154981549817,0.19372693726937268,ATL-SEA,ATL-SEA_DL,ATL-SEA_DL_Q1,2025Q1,ATL-SEA
2025,1,DEN,ATL,DL,3995.0,980,270.8310513141427,20971.33171669196,primary,195902.0,225715.0,1268.0,1281.0,0.867917506590169,13.0,0.9898516783762685,0.014760147601476014,0.014760147601476014,0.15498154981549817,0.18081180811808117,0.08487084870848709,0.09778597785977859,DEN-ATL,DEN-ATL_DL,DEN-ATL_DL_Q1,2025Q1,ATL-DEN
2025,1,DEN,ATL,UA,1098.0,677,269.946029143898,17237.547311736867,primary,195902.0,225715.0,1268.0,1281.0,0.867917506590169,13.0,0.9898516783762685,0.014760147601476014,0.014760147601476014,0.15498154981549817,0.18081180811808117,0.08487084870848709,0.09778597785977859,DEN-ATL,DEN-ATL_UA,DEN-ATL_UA_Q1,2025Q1,ATL-DEN
2025,1,DEN,ATL,WN,1989.0,1000,201.73341377576673,10832.019447119375,primary,195902.0,225715.0,1268.0,1281.0,0.867917506590169,13.0,0.9898516783762685,0.014760147601476014,0.014760147601476014,0.15498154981549817,0.18081180811808117,0.08487084870848709,0.09778597785977859,DEN-ATL,DEN-ATL_WN,DEN-ATL_WN_Q1,2025Q1,ATL-DEN
2025,1,DEN,DFW,AA,4109.0,1151,230.65047456802142,16424.161214985303,primary,204931.0,251742.0,1425.0,1456.0,0.8140516878391368,31.0,0.9787087912087912,0.014760147601476014,0.014760147601476014,0.08118081180811808,0.1070110701107011,0.047970479704797044,0.060885608856088555,DEN-DFW,DEN-DFW_AA,DEN-DFW_AA_Q1,2025Q1,DEN-DFW
2025,1,DEN,DFW,UA,2366.0,1061,238.54824598478444,14365.946561547265,primary,204931.0,251742.0,1425.0,1456.0,0.8140516878391368,31.0,0.9787087912087912,0.014760147601476014,0.014760147601476014,0.08118081180811808,0.1070110701107011,0.047970479704797044,0.060885608856088555,DEN-DFW,DEN-DFW_UA,DEN-DFW_UA_Q1,2025Q1,DEN-DFW
2025,1,DEN,JFK,DL,1574.0,666,257.0597839898348,27057.199003257047,primary,41389.0,55708.0,325.0,333.0,0.7429633086809794,8.0,0.975975975975976,0.014760147601476014,0.014760147601476014,0.12915129151291513,0.12177121771217712,0.07195571955719557,0.06826568265682657,DEN-JFK,DEN-JFK_DL,DEN-JFK_DL_Q1,2025Q1,DEN-JFK
2025,1,DEN,LAX,DL,274.0,199,200.11069343065694,14486.02695170894,primary,224149.0,307810.0,1892.0,1876.0,0.7282057113154219,-16.0,1.0085287846481876,0.014760147601476014,0.014760147601476014,0.0996309963099631,0.033210332103321034,0.05719557195571955,0.023985239852398525,DEN-LAX,DEN-LAX_DL,DEN-LAX_DL_Q1,2025Q1,DEN-LAX
2025,1,DEN,LAX,UA,3793.0,1135,205.76555760611654,12124.461465553824,primary,224149.0,307810.0,1892.0,1876.0,0.7282057113154219,-16.0,1.0085287846481876,0.014760147601476014,0.014760147601476014,0.0996309963099631,0.033210332103321034,0.05719557195571955,0.023985239852398525,DEN-LAX,DEN-LAX_UA,DEN-LAX_UA_Q1,2025Q1,DEN-LAX
2025,1,DEN,LAX,WN,2586.0,1024,159.70740525908738,7271.782185030665,primary,224149.0,307810.0,1892.0,1876.0,0.7282057113154219,-16.0,1.0085287846481876,0.014760147601476014,0.014760147601476014,0.0996309963099631,0.033210332103321034,0.05719557195571955,0.023985239852398525,DEN-LAX,DEN-LAX_WN,DEN-LAX_WN_Q1,2025Q1,DEN-LAX
2025,1,DEN,ORD,AA,1368.0,633,199.15769736842103,16357.278745063406,primary,221133.0,275402.0,1429.0,1418.0,0.8029462385894075,-11.0,1.0077574047954867,0.014760147601476014,0.014760147601476014,0.0996309963099631,0.08118081180811808,0.05719557195571955,0.047970479704797044,DEN-ORD,DEN-ORD_AA,DEN-ORD_AA_Q1,2025Q1,DEN-ORD
2025,1,DEN,ORD,UA,5463.0,1653,225.5041167856489,12721.479989550346,primary,221133.0,275402.0,1429.0,1418.0,0.8029462385894075,-11.0,1.0077574047954867,0.014760147601476014,0.014760147601476014,0.0996309963099631,0.08118081180811808,0.05719557195571955,0.047970479704797044,DEN-ORD,DEN-ORD_UA,DEN-ORD_UA_Q1,2025Q1,DEN-ORD
2025,1,DEN,ORD,WN,2126.0,1061,152.32714016933207,6106.460242244702,primary,221133.0,275402.0,1429.0,1418.0,0.8029462385894075,-11.0,1.0077574047954867,0.014760147601476014,0.014760147601476014,0.0996309963099631,0.08118081180811808,0.05719557195571955,0.047970479704797044,DEN-ORD,DEN-ORD_WN,DEN-ORD_WN_Q1,2025Q1,DEN-ORD
2025,1,DEN,SEA,DL,480.0,303,179.5896875,8386.361736777344,primary,176266.0,210493.0,1326.0,1332.0,0.8373960179198359,6.0,0.9954954954954955,0.014760147601476014,0.014760147601476014,0.15498154981549817,0.2066420664206642,0.08487084870848709,0.11070110701107011,DEN-SEA,DEN-SEA_DL,DEN-SEA_DL_Q1,2025Q1,DEN-SEA
2025,1,DEN,SEA,UA,2327.0,887,195.09567253975075,8855.387635119245,primary,176266.0,210493.0,1326.0,1332.0,0.8373960179198359,6.0,0.9954954954954955,0.014760147601476014,0.014760147601476014,0.15498154981549817,0.2066420664206642,0.08487084870848709,0.11070110701107011,DEN-SEA,DEN-SEA_UA,DEN-SEA_UA_Q1,2025Q1,DEN-SEA
2025,1,DEN,SEA,WN,1438.0,715,148.56853963838665,4520.450370468177,primary,176266.0,210493.0,1326.0,1332.0,0.8373960179198359,6.0,0.9954954954954955,0.014760147601476014,0.014760147601476014,0.15498154981549817,0.2066420664206642,0.08487084870848709,0.11070110701107011,DEN-SEA,DEN-SEA_WN,DEN-SEA_WN_Q1,2025Q1,DEN-SEA
2025,1,DFW,ATL,AA,3745.0,1267,257.43191722296393,15228.047477926404,primary,212264.0,276512.0,1511.0,1561.0,0.767648420321722,50.0,0.9679692504804612,0.08118081180811808,0.1070110701107011,0.15498154981549817,0.18081180811808117,0.11808118081180813,0.14391143911439114,DFW-ATL,DFW-ATL_AA,DFW-ATL_AA_Q1,2025Q1,ATL-DFW
2025,1,DFW,ATL,DL,4061.0,1650,286.3953878355085,18638.995883603595,primary,212264.0,276512.0,1511.0,1561.0,0.767648420321722,50.0,0.9679692504804612,0.08118081180811808,0.1070110701107011,0.15498154981549817,0.18081180811808117,0.11808118081180813,0.14391143911439114,DFW-ATL,DFW-ATL_DL,DFW-ATL_DL_Q1,2025Q1,ATL-DFW
2025,1,DFW,DEN,AA,4025.0,1078,217.66861366459628,11499.683729307886,primary,207607.0,251151.0,1424.0,1459.0,0.8266222312473372,35.0,0.976010966415353,0.08118081180811808,0.1070110701107011,0.014760147601476014,0.014760147601476014,0.047970479704797044,0.060885608856088555,DFW-DEN,DFW-DEN_AA,DFW-DEN_AA_Q1,2025Q1,DEN-DFW
2025,1,DFW,DEN,UA,2216.0,999,234.25537454873646,13745.305571520366,primary,207607.0,251151.0,1424.0,1459.0,0.8266222312473372,35.0,0.976010966415353,0.08118081180811808,0.1070110701107011,0.014760147601476014,0.014760147601476014,0.047970479704797044,0.060885608856088555,DFW-DEN,DFW-DEN_UA,DFW-DEN_UA_Q1,2025Q1,DEN-DFW
2025,1,DFW,JFK,AA,1009.0,571,232.72445986124876,23905.604823915382,primary,46099.0,61338.0,417.0,428.0,0.7515569467540513,11.0,0.9742990654205608,0.08118081180811808,0.1070110701107011,0.12915129151291513,0.12177121771217712,0.1051660516605166,0.11439114391143912,DFW-JFK,DFW-JFK_AA,DFW-JFK_AA_Q1,2025Q1,DFW-JFK
2025,1,DFW,JFK,DL,604.0,402,275.5407947019868,28963.049597712816,primary,46099.0,61338.0,417.0,428.0,0.7515569467540513,11.0,0.9742990654205608,0.08118081180811808,0.1070110701107011,0.12915129151291513,0.12177121771217712,0.1051660516605166,0.11439114391143912,DFW-JFK,DFW-JFK_DL,DFW-JFK_DL_Q1,2025Q1,DFW-JFK
2025,1,DFW,LAX,AA,5852.0,1575,287.39643711551605,34541.161869893025,primary,243616.0,310017.0,1643.0,1673.0,0.7858149714370503,30.0,0.982068141063957,0.08118081180811808,0.1070110701107011,0.0996309963099631,0.033210332103321034,0.09040590405904059,0.07011070110701106,DFW-LAX,DFW-LAX_AA,DFW-LAX_AA_Q1,2025Q1,DFW-LAX
2025,1,DFW,LAX,DL,873.0,515,287.07998854524624,28878.697414318332,primary,243616.0,310017.0,1643.0,1673.0,0.7858149714370503,30.0,0.982068141063957,0.08118081180811808,0.1070110701107011,0.0996309963099631,0.033210332103321034,0.09040590405904059,0.07011070110701106,DFW-LAX,DFW-LAX_DL,DFW-LAX_DL_Q1,2025Q1,DFW-LAX
2025,1,DFW,ORD,AA,5869.0,1610,249.53560231726019,17966.86984051726,primary,202345.0,253082.0,1485.0,1510.0,0.7995234746050687,25.0,0.9834437086092715,0.08118081180811808,0.1070110701107011,0.0996309963099631,0.08118081180811808,0.09040590405904059,0.0940959409594096,DFW-ORD,DFW-ORD_AA,DFW-ORD_AA_Q1,2025Q1,DFW-ORD
2025,1,DFW,ORD,UA,2715.0,1082,257.059576427256,15694.177631754283,primary,202345.0,253082.0,1485.0,1510.0,0.7995234746050687,25.0,0.9834437086092715,0.08118081180811808,0.1070110701107011,0.0996309963099631,0.08118081180811808,0.09040590405904059,0.0940959409594096,DFW-ORD,DFW-ORD_UA,DFW-ORD_UA_Q1,2025Q1,DFW-ORD
2025,1,DFW,SEA,AA,2936.0,976,216.57775544959128,17459.537901535565,primary,176246.0,204404.0,1163.0,1191.0,0.8622434003248469,28.0,0.9764903442485307,0.08118081180811808,0.1070110701107011,0.15498154981549817,0.2066420664206642,0.11808118081180813,0.15682656826568264,DFW-SEA,DFW-SEA_AA,DFW-SEA_AA_Q1,2025Q1,DFW-SEA
2025,1,DFW,SEA,DL,792.0,455,202.14714646464648,12971.664668372483,primary,176246.0,204404.0,1163.0,1191.0,0.8622434003248469,28.0,0.9764903442485307,0.08118081180811808,0.1070110701107011,0.15498154981549817,0.2066420664206642,0.11808118081180813,0.15682656826568264,DFW-SEA,DFW-SEA_DL,DFW-SEA_DL_Q1,2025Q1,DFW-SEA
2025,1,JFK,ATL,DL,2759.0,913,207.65886553098952,13514.797405128338,primary,122946.0,155409.0,894.0,898.0,0.7911124838329826,4.0,0.9955456570155902,0.12915129151291513,0.12177121771217712,0.15498154981549817,0.18081180811808117,0.14206642066420666,0.15129151291512916,JFK-ATL,JFK-ATL_DL,JFK-ATL_DL_Q1,2025Q1,ATL-JFK
2025,1,JFK,DEN,DL,1813.0,713,249.42402095973526,24072.054382452952,primary,42388.0,56462.0,330.0,333.0,0.7507350076157415,3.0,0.990990990990991,0.12915129151291513,0.12177121771217712,0.014760147601476014,0.014760147601476014,0.07195571955719557,0.06826568265682657,JFK-DEN,JFK-DEN_DL,JFK-DEN_DL_Q1,2025Q1,DEN-JFK
2025,1,JFK,DFW,AA,967.0,529,234.44123061013445,23280.415687523855,primary,46085.0,61665.0,416.0,428.0,0.7473445228249412,12.0,0.9719626168224299,0.12915129151291513,0.12177121771217712,0.08118081180811808,0.1070110701107011,0.1051660516605166,0.11439114391143912,JFK-DFW,JFK-DFW_AA,JFK-DFW_AA_Q1,2025Q1,DFW-JFK
2025,1,JFK,DFW,DL,668.0,444,282.15896706586824,34916.80933710671,primary,46085.0,61665.0,416.0,428.0,0.7473445228249412,12.0,0.9719626168224299,0.12915129151291513,0.12177121771217712,0.08118081180811808,0.1070110701107011,0.1051660516605166,0.11439114391143912,JFK-DFW,JFK-DFW_DL,JFK-DFW_DL_Q1,2025Q1,DFW-JFK
2025,1,JFK,LAX,AA,4298.0,1757,501.5059167054444,183296.37815249842,primary,302825.0,368790.0,2304.0,2323.0,0.8211312671167873,19.0,0.991820921222557,0.12915129151291513,0.12177121771217712,0.0996309963099631,0.033210332103321034,0.11439114391143912,0.07749077490774908,JFK-LAX,JFK-LAX_AA,JFK-LAX_AA_Q1,2025Q1,JFK-LAX
2025,1,JFK,LAX,DL,10569.0,2658,449.98473081653896,171180.91260958073,primary,302825.0,368790.0,2304.0,2323.0,0.8211312671167873,19.0,0.991820921222557,0.12915129151291513,0.12177121771217712,0.0996309963099631,0.033210332103321034,0.11439114391143912,0.07749077490774908,JFK-LAX,JFK-LAX_DL,JFK-LAX_DL_Q1,2025Q1,JFK-LAX
2025,1,JFK,ORD,AA,968.0,467,150.56239669421487,7824.927726693877,primary,47523.0,64568.0,580.0,587.0,0.7360147441457069,7.0,0.9880749574105622,0.12915129151291513,0.12177121771217712,0.0996309963099631,0.08118081180811808,0.11439114391143912,0.1014760147601476,JFK-ORD,JFK-ORD_AA,JFK-ORD_AA_Q1,2025Q1,JFK-ORD
2025,1,JFK,SEA,DL,2580.0,1007,342.57118217054267,60183.80046554042,primary,82610.0,99984.0,541.0,549.0,0.8262321971515443,8.0,0.9854280510018215,0.12915129151291513,0.12177121771217712,0.15498154981549817,0.2066420664206642,0.14206642066420666,0.16420664206642066,JFK-SEA,JFK-SEA_DL,JFK-SEA_DL_Q1,2025Q1,JFK-SEA
2025,1,LAX,ATL,AA,1080.0,568,295.1371388888889,36904.747767277004,primary,214703.0,252843.0,1218.0,1229.0,0.8491554047373271,11.0,0.9910496338486574,0.0996309963099631,0.033210332103321034,0.15498154981549817,0.18081180811808117,0.12730627306273062,0.1070110701107011,LAX-ATL,LAX-ATL_AA,LAX-ATL_AA_Q1,2025Q1,ATL-LAX
2025,1,LAX,ATL,DL,4457.0,1637,466.8910208660534,98412.5535772616,primary,214703.0,252843.0,1218.0,1229.0,0.8491554047373271,11.0,0.9910496338486574,0.0996309963099631,0.033210332103321034,0.15498154981549817,0.18081180811808117,0.12730627306273062,0.1070110701107011,LAX-ATL,LAX-ATL_DL,LAX-ATL_DL_Q1,2025Q1,ATL-LAX
2025,1,LAX,DEN,DL,358.0,198,196.24664804469273,12830.64233345713,primary,210423.0,295877.0,1876.0,1878.0,0.7111840393136337,2.0,0.9989350372736954,0.0996309963099631,0.033210332103321034,0.014760147601476014,0.014760147601476014,0.05719557195571955,0.023985239852398525,LAX-DEN,LAX-DEN_DL,LAX-DEN_DL_Q1,2025Q1,DEN-LAX
2025,1,LAX,DEN,UA,3780.0,1158,212.2330873015873,14202.319802558515,primary,210423.0,295877.0,1876.0,1878.0,0.7111840393136337,2.0,0.9989350372736954,0.0996309963099631,0.033210332103321034,0.014760147601476014,0.014760147601476014,0.05719557195571955,0.023985239852398525,LAX-DEN,LAX-DEN_UA,LAX-DEN_UA_Q1,2025Q1,DEN-LAX
2025,1,LAX,DEN,WN,2528.0,1008,161.02554588607595,7338.520446933024,primary,210423.0,295877.0,1876.0,1878.0,0.7111840393136337,2.0,0.9989350372736954,0.0996309963099631,0.033210332103321034,0.014760147601476014,0.014760147601476014,0.05719557195571955,0.023985239852398525,LAX-DEN,LAX-DEN_WN,LAX-DEN_WN_Q1,2025Q1,DEN-LAX
2025,1,LAX,DFW,AA,5869.0,1563,294.0896728573863,39053.54172625179,primary,243104.0,306969.0,1626.0,1660.0,0.7919496757001522,34.0,0.9795180722891567,0.0996309963099631,0.033210332103321034,0.08118081180811808,0.1070110701107011,0.09040590405904059,0.07011070110701106,LAX-DFW,LAX-DFW_AA,LAX-DFW_AA_Q1,2025Q1,DFW-LAX
2025,1,LAX,DFW,DL,959.0,522,288.6371220020855,27294.387485564876,primary,243104.0,306969.0,1626.0,1660.0,0.7919496757001522,34.0,0.9795180722891567,0.0996309963099631,0.033210332103321034,0.08118081180811808,0.1070110701107011,0.09040590405904059,0.07011070110701106,LAX-DFW,LAX-DFW_DL,LAX-DFW_DL_Q1,2025Q1,DFW-LAX
2025,1,LAX,JFK,AA,4424.0,1765,499.9233702531646,173825.42524341078,primary,313520.0,368085.0,2299.0,2321.0,0.8517597837456022,22.0,0.990521327014218,0.0996309963099631,0.033210332103321034,0.12915129151291513,0.12177121771217712,0.11439114391143912,0.07749077490774908,LAX-JFK,LAX-JFK_AA,LAX-JFK_AA_Q1,2025Q1,JFK-LAX
2025,1,LAX,JFK,DL,10710.0,2742,449.12055929038286,166900.77557633512,primary,313520.0,368085.0,2299.0,2321.0,0.8517597837456022,22.0,0.990521327014218,0.0996309963099631,0.033210332103321034,0.12915129151291513,0.12177121771217712,0.11439114391143912,0.07749077490774908,LAX-JFK,LAX-JFK_DL,LAX-JFK_DL_Q1,2025Q1,JFK-LAX
2025,1,LAX,ORD,AA,4578.0,1301,258.76389908256886,30702.54178700334,primary,241306.0,305258.0,1535.0,1536.0,0.7904985291130782,1.0,0.9993489583333334,0.0996309963099631,0.033210332103321034,0.0996309963099631,0.08118081180811808,0.0996309963099631,0.05719557195571956,LAX-ORD,LAX-ORD_AA,LAX-ORD_AA_Q1,2025Q1,LAX-ORD
2025,1,LAX,ORD,UA,5427.0,1837,300.4622406486088,34994.62715462569,primary,241306.0,305258.0,1535.0,1536.0,0.7904985291130782,1.0,0.9993489583333334,0.0996309963099631,0.033210332103321034,0.0996309963099631,0.08118081180811808,0.0996309963099631,0.05719557195571956,LAX-ORD,LAX-ORD_UA,LAX-ORD_UA_Q1,2025Q1,LAX-ORD
2025,1,LAX,SEA,DL,3171.0,868,199.5384105960265,11528.085955720402,primary,214602.0,285900.0,1798.0,1824.0,0.7506190975865688,26.0,0.9857456140350878,0.0996309963099631,0.033210332103321034,0.15498154981549817,0.2066420664206642,0.12730627306273062,0.11992619926199262,LAX-SEA,LAX-SEA_DL,LAX-SEA_DL_Q1,2025Q1,LAX-SEA
2025,1,LAX,SEA,UA,919.0,419,186.75693144722524,7912.109145535018,primary,214602.0,285900.0,1798.0,1824.0,0.7506190975865688,26.0,0.9857456140350878,0.0996309963099631,0.033210332103321034,0.15498154981549817,0.2066420664206642,0.12730627306273062,0.11992619926199262,LAX-SEA,LAX-SEA_UA,LAX-SEA_UA_Q1,2025Q1,LAX-SEA
2025,1,ORD,ATL,AA,212.0,144,190.91037735849056,12295.561483819874,primary,156818.0,195440.0,1273.0,1293.0,0.8023843634875153,20.0,0.9845320959010054,0.0996309963099631,0.08118081180811808,0.15498154981549817,0.18081180811808117,0.12730627306273062,0.13099630996309963,ORD-ATL,ORD-ATL_AA,ORD-ATL_AA_Q1,2025Q1,ATL-ORD
2025,1,ORD,ATL,DL,3824.0,1327,240.3306040794979,17816.02794919053,primary,156818.0,195440.0,1273.0,1293.0,0.8023843634875153,20.0,0.9845320959010054,0.0996309963099631,0.08118081180811808,0.15498154981549817,0.18081180811808117,0.12730627306273062,0.13099630996309963,ORD-ATL,ORD-ATL_DL,ORD-ATL_DL_Q1,2025Q1,ATL-ORD
2025,1,ORD,ATL,UA,2403.0,949,227.41751560549315,12740.395604106598,primary,156818.0,195440.0,1273.0,1293.0,0.8023843634875153,20.0,0.9845320959010054,0.0996309963099631,0.08118081180811808,0.15498154981549817,0.18081180811808117,0.12730627306273062,0.13099630996309963,ORD-ATL,ORD-ATL_UA,ORD-ATL_UA_Q1,2025Q1,ATL-ORD
2025,1,ORD,DEN,AA,1389.0,612,178.88628509719223,10343.352649122458,primary,224180.0,280490.0,1438.0,1437.0,0.7992441798281579,-1.0,1.000695894224078,0.0996309963099631,0.08118081180811808,0.014760147601476014,0.014760147601476014,0.05719557195571955,0.047970479704797044,ORD-DEN,ORD-DEN_AA,ORD-DEN_AA_Q1,2025Q1,DEN-ORD
2025,1,ORD,DEN,UA,5550.0,1665,224.10827567567566,12519.528368756444,primary,224180.0,280490.0,1438.0,1437.0,0.7992441798281579,-1.0,1.000695894224078,0.0996309963099631,0.08118081180811808,0.014760147601476014,0.014760147601476014,0.05719557195571955,0.047970479704797044,ORD-DEN,ORD-DEN_UA,ORD-DEN_UA_Q1,2025Q1,DEN-ORD
2025,1,ORD,DEN,WN,2188.0,1070,151.11203839122487,5916.7363059912095,primary,224180.0,280490.0,1438.0,1437.0,0.7992441798281579,-1.0,1.000695894224078,0.0996309963099631,0.08118081180811808,0.014760147601476014,0.014760147601476014,0.05719557195571955,0.047970479704797044,ORD-DEN,ORD-DEN_WN,ORD-DEN_WN_Q1,2025Q1,DEN-ORD
2025,1,ORD,DFW,AA,5961.0,1690,251.10045629927865,19873.945434819463,primary,204663.0,252596.0,1478.0,1501.0,0.8102384835864385,23.0,0.9846768820786143,0.0996309963099631,0.08118081180811808,0.08118081180811808,0.1070110701107011,0.09040590405904059,0.0940959409594096,ORD-DFW,ORD-DFW_AA,ORD-DFW_AA_Q1,2025Q1,DFW-ORD
2025,1,ORD,DFW,UA,2771.0,1095,258.60026344280044,15498.587281958738,primary,204663.0,252596.0,1478.0,1501.0,0.8102384835864385,23.0,0.9846768820786143,0.0996309963099631,0.08118081180811808,0.08118081180811808,0.1070110701107011,0.09040590405904059,0.0940959409594096,ORD-DFW,ORD-DFW_UA,ORD-DFW_UA_Q1,2025Q1,DFW-ORD
2025,1,ORD,JFK,AA,979.0,461,153.35668028600614,9848.822598887567,primary,47234.0,64739.0,584.0,591.0,0.7296065740898068,7.0,0.988155668358714,0.0996309963099631,0.08118081180811808,0.12915129151291513,0.12177121771217712,0.11439114391143912,0.1014760147601476,ORD-JFK,ORD-JFK_AA,ORD-JFK_AA_Q1,2025Q1,JFK-ORD
2025,1,ORD,JFK,DL,80.0,77,195.160125,11393.532511234378,primary,47234.0,64739.0,584.0,591.0,0.7296065740898068,7.0,0.988155668358714,0.0996309963099631,0.08118081180811808,0.12915129151291513,0.12177121771217712,0.11439114391143912,0.1014760147601476,ORD-JFK,ORD-JFK_DL,ORD-JFK_DL_Q1,2025Q1,JFK-ORD
2025,1,ORD,LAX,AA,4528.0,1337,253.56268992932866,30524.804446562848,primary,237219.0,302037.0,1540.0,1540.0,0.7853971533288968,0.0,1.0,0.0996309963099631,0.08118081180811808,0.0996309963099631,0.033210332103321034,0.0996309963099631,0.05719557195571956,ORD-LAX,ORD-LAX_AA,ORD-LAX_AA_Q1,2025Q1,LAX-ORD
2025,1,ORD,LAX,UA,5411.0,1829,293.8009037146553,33563.37326543724,primary,237219.0,302037.0,1540.0,1540.0,0.7853971533288968,0.0,1.0,0.0996309963099631,0.08118081180811808,0.0996309963099631,0.033210332103321034,0.0996309963099631,0.05719557195571956,ORD-LAX,ORD-LAX_UA,ORD-LAX_UA_Q1,2025Q1,LAX-ORD
2025,1,ORD,SEA,AA,578.0,317,218.4650519031142,15086.376824651292,primary,122772.0,141236.0,867.0,876.0,0.8692684584666799,9.0,0.9897260273972602,0.0996309963099631,0.08118081180811808,0.15498154981549817,0.2066420664206642,0.12730627306273062,0.14391143911439114,ORD-SEA,ORD-SEA_AA,ORD-SEA_AA_Q1,2025Q1,ORD-SEA
2025,1,ORD,SEA,DL,1046.0,524,209.10907265774378,13471.229190440237,primary,122772.0,141236.0,867.0,876.0,0.8692684584666799,9.0,0.9897260273972602,0.0996309963099631,0.08118081180811808,0.15498154981549817,0.2066420664206642,0.12730627306273062,0.14391143911439114,ORD-SEA,ORD-SEA_DL,ORD-SEA_DL_Q1,2025Q1,ORD-SEA
2025,1,ORD,SEA,UA,1491.0,837,252.1919584171697,17584.412842173988,primary,122772.0,141236.0,867.0,876.0,0.8692684584666799,9.0,0.9897260273972602,0.0996309963099631,0.08118081180811808,0.15498154981549817,0.2066420664206642,0.12730627306273062,0.14391143911439114,ORD-SEA,ORD-SEA_UA,ORD-SEA_UA_Q1,2025Q1,ORD-SEA
2025,1,SEA,ATL,DL,2235.0,874,358.4395346756152,46088.17774125996,primary,102193.0,115670.0,616.0,621.0,0.8834875075646235,5.0,0.9919484702093397,0.15498154981549817,0.2066420664206642,0.15498154981549817,0.18081180811808117,0.15498154981549817,0.19372693726937268,SEA-ATL,SEA-ATL_DL,SEA-ATL_DL_Q1,2025Q1,ATL-SEA
2025,1,SEA,DEN,DL,495.0,297,181.90878787878788,7499.416517318641,primary,169593.0,210297.0,1328.0,1332.0,0.8064451704018603,4.0,0.996996996996997,0.15498154981549817,0.2066420664206642,0.014760147601476014,0.014760147601476014,0.08487084870848709,0.11070110701107011,SEA-DEN,SEA-DEN_DL,SEA-DEN_DL_Q1,2025Q1,DEN-SEA
2025,1,SEA,DEN,UA,2280.0,847,190.16126315789472,7543.538929106195,primary,169593.0,210297.0,1328.0,1332.0,0.8064451704018603,4.0,0.996996996996997,0.15498154981549817,0.2066420664206642,0.014760147601476014,0.014760147601476014,0.08487084870848709,0.11070110701107011,SEA-DEN,SEA-DEN_UA,SEA-DEN_UA_Q1,2025Q1,DEN-SEA
2025,1,SEA,DEN,WN,1436.0,696,145.13726323119775,3889.22399954353,primary,169593.0,210297.0,1328.0,1332.0,0.8064451704018603,4.0,0.996996996996997,0.15498154981549817,0.2066420664206642,0.014760147601476014,0.014760147601476014,0.08487084870848709,0.11070110701107011,SEA-DEN,SEA-DEN_WN,SEA-DEN_WN_Q1,2025Q1,DEN-SEA
2025,1,SEA,DFW,AA,2983.0,1013,220.53184378142808,19431.150306087562,primary,172509.0,203089.0,1159.0,1186.0,0.8494256212793406,27.0,0.9772344013490725,0.15498154981549817,0.2066420664206642,0.08118081180811808,0.1070110701107011,0.11808118081180813,0.15682656826568264,SEA-DFW,SEA-DFW_AA,SEA-DFW_AA_Q1,2025Q1,DFW-SEA
2025,1,SEA,DFW,DL,815.0,470,210.9240981595092,14967.17927326644,primary,172509.0,203089.0,1159.0,1186.0,0.8494256212793406,27.0,0.9772344013490725,0.15498154981549817,0.2066420664206642,0.08118081180811808,0.1070110701107011,0.11808118081180813,0.15682656826568264,SEA-DFW,SEA-DFW_DL,SEA-DFW_DL_Q1,2025Q1,DFW-SEA
2025,1,SEA,JFK,DL,2669.0,1006,339.8960846759086,59287.203678750404,primary,85137.0,100244.0,541.0,544.0,0.8492977135788675,3.0,0.9944852941176471,0.15498154981549817,0.2066420664206642,0.12915129151291513,0.12177121771217712,0.14206642066420666,0.16420664206642066,SEA-JFK,SEA-JFK_DL,SEA-JFK_DL_Q1,2025Q1,JFK-SEA
2025,1,SEA,LAX,DL,3174.0,840,197.67226212980466,11409.2919997977,primary,210633.0,286249.0,1807.0,1823.0,0.7358383784746846,16.0,0.9912232583653319,0.15498154981549817,0.2066420664206642,0.0996309963099631,0.033210332103321034,0.12730627306273062,0.11992619926199262,SEA-LAX,SEA-LAX_DL,SEA-LAX_DL_Q1,2025Q1,LAX-SEA
2025,1,SEA,LAX,UA,793.0,392,184.46733921815888,7553.341138065254,primary,210633.0,286249.0,1807.0,1823.0,0.7358383784746846,16.0,0.9912232583653319,0.15498154981549817,0.2066420664206642,0.0996309963099631,0.033210332103321034,0.12730627306273062,0.11992619926199262,SEA-LAX,SEA-LAX_UA,SEA-LAX_UA_Q1,2025Q1,LAX-SEA
2025,1,SEA,LAX,WN,32.0,29,192.6821875,5690.91396083984,primary,210633.0,286249.0,1807.0,1823.0,0.7358383784746846,16.0,0.9912232583653319,0.15498154981549817,0.2066420664206642,0.0996309963099631,0.033210332103321034,0.12730627306273062,0.11992619926199262,SEA-LAX,SEA-LAX_WN,SEA-LAX_WN_Q1,2025Q1,LAX-SEA
2025,1,SEA,ORD,AA,739.0,344,210.40433017591337,16643.075767447153,primary,118447.0,140583.0,868.0,880.0,0.8425414168142663,12.0,0.9863636363636363,0.15498154981549817,0.2066420664206642,0.0996309963099631,0.08118081180811808,0.12730627306273062,0.14391143911439114,SEA-ORD,SEA-ORD_AA,SEA-ORD_AA_Q1,2025Q1,ORD-SEA
2025,1,SEA,ORD,DL,1083.0,521,213.7523084025854,14715.24280039611,primary,118447.0,140583.0,868.0,880.0,0.8425414168142663,12.0,0.9863636363636363,0.15498154981549817,0.2066420664206642,0.0996309963099631,0.08118081180811808,0.12730627306273062,0.14391143911439114,SEA-ORD,SEA-ORD_DL,SEA-ORD_DL_Q1,2025Q1,ORD-SEA
2025,1,SEA,ORD,UA,1239.0,753,254.25933010492332,19092.851322795796,primary,118447.0,140583.0,868.0,880.0,0.8425414168142663,12.0,0.9863636363636363,0.15498154981549817,0.2066420664206642,0.0996309963099631,0.08118081180811808,0.12730627306273062,0.14391143911439114,SEA-ORD,SEA-ORD_UA,SEA-ORD_UA_Q1,2025Q1,ORD-SEA
2025,1,ATL,DEN,DL,662.0,177,309.3459214501511,43469.89091236843,one_way,193349.0,224629.0,1260.0,1281.0,0.8607481669775496,21.0,0.9836065573770492,0.15498154981549817,0.18081180811808117,0.014760147601476014,0.014760147601476014,0.08487084870848709,0.09778597785977859,ATL-DEN,ATL-DEN_DL,ATL-DEN_DL_Q1,2025Q1,ATL-DEN
2025,1,ATL,DEN,UA,307.0,163,284.03908794788276,28153.58804867955,one_way,193349.0,224629.0,1260.0,1281.0,0.8607481669775496,21.0,0.9836065573770492,0.15498154981549817,0.18081180811808117,0.014760147601476014,0.014760147601476014,0.08487084870848709,0.09778597785977859,ATL-DEN,ATL-DEN_UA,ATL-DEN_UA_Q1,2025Q1,ATL-DEN
2025,1,ATL,DEN,WN,403.0,118,220.62531017369727,16827.837275027865,one_way,193349.0,224629.0,1260.0,1281.0,0.8607481669775496,21.0,0.9836065573770492,0.15498154981549817,0.18081180811808117,0.014760147601476014,0.014760147601476014,0.08487084870848709,0.09778597785977859,ATL-DEN,ATL-DEN_WN,ATL-DEN_WN_Q1,2025Q1,ATL-DEN
2025,1,ATL,DFW,AA,703.0,262,361.94736842105266,42257.7283821217,one_way,213804.0,275753.0,1506.0,1557.0,0.7753460524454856,51.0,0.9672447013487476,0.15498154981549817,0.18081180811808117,0.08118081180811808,0.1070110701107011,0.11808118081180813,0.14391143911439114,ATL-DFW,ATL-DFW_AA,ATL-DFW_AA_Q1,2025Q1,ATL-DFW
2025,1,ATL,DFW,DL,708.0,217,328.2909604519774,32035.35319512272,one_way,213804.0,275753.0,1506.0,1557.0,0.7753460524454856,51.0,0.9672447013487476,0.15498154981549817,0.18081180811808117,0.08118081180811808,0.1070110701107011,0.11808118081180813,0.14391143911439114,ATL-DFW,ATL-DFW_DL,ATL-DFW_DL_Q1,2025Q1,ATL-DFW
2025,1,ATL,JFK,DL,768.0,174,244.58463541666666,20126.99544101292,one_way,123096.0,155742.0,898.0,895.0,0.7903840967754363,-3.0,1.0033519553072625,0.15498154981549817,0.18081180811808117,0.12915129151291513,0.12177121771217712,0.14206642066420666,0.15129151291512916,ATL-JFK,ATL-JFK_DL,ATL-JFK_DL_Q1,2025Q1,ATL-JFK
2025,1,ATL,LAX,AA,274.0,112,316.75182481751824,50215.485854334285,one_way,212902.0,253751.0,1221.0,1230.0,0.8390193536183108,9.0,0.9926829268292683,0.15498154981549817,0.18081180811808117,0.0996309963099631,0.033210332103321034,0.12730627306273062,0.1070110701107011,ATL-LAX,ATL-LAX_AA,ATL-LAX_AA_Q1,2025Q1,ATL-LAX
2025,1,ATL,LAX,DL,821.0,240,612.2436053593179,147723.21714851167,one_way,212902.0,253751.0,1221.0,1230.0,0.8390193536183108,9.0,0.9926829268292683,0.15498154981549817,0.18081180811808117,0.0996309963099631,0.033210332103321034,0.12730627306273062,0.1070110701107011,ATL-LAX,ATL-LAX_DL,ATL-LAX_DL_Q1,2025Q1,ATL-LAX
2025,1,ATL,ORD,AA,60.0,30,218.35,31703.494166666664,one_way,155606.0,195276.0,1277.0,1294.0,0.7968516356336672,17.0,0.9868624420401855,0.15498154981549817,0.18081180811808117,0.0996309963099631,0.08118081180811808,0.12730627306273062,0.13099630996309963,ATL-ORD,ATL-ORD_AA,ATL-ORD_AA_Q1,2025Q1,ATL-ORD
2025,1,ATL,ORD,DL,903.0,240,268.48837209302326,29347.86448273198,one_way,155606.0,195276.0,1277.0,1294.0,0.7968516356336672,17.0,0.9868624420401855,0.15498154981549817,0.18081180811808117,0.0996309963099631,0.08118081180811808,0.12730627306273062,0.13099630996309963,ATL-ORD,ATL-ORD_DL,ATL-ORD_DL_Q1,2025Q1,ATL-ORD
2025,1,ATL,ORD,UA,577.0,204,273.96187175043326,29729.67272301302,one_way,155606.0,195276.0,1277.0,1294.0,0.7968516356336672,17.0,0.9868624420401855,0.15498154981549817,0.18081180811808117,0.0996309963099631,0.08118081180811808,0.12730627306273062,0.13099630996309963,ATL-ORD,ATL-ORD_UA,ATL-ORD_UA_Q1,2025Q1,ATL-ORD
2025,1,ATL,SEA,DL,569.0,162,383.2688927943761,57026.358276629995,one_way,103628.0,115546.0,616.0,621.0,0.896854932234781,5.0,0.9919484702093397,0.15498154981549817,0.18081180811808117,0.15498154981549817,0.2066420664206642,0.15498154981549817,0.19372693726937268,ATL-SEA,ATL-SEA_DL,ATL-SEA_DL_Q1,2025Q1,ATL-SEA
2025,1,DEN,ATL,DL,653.0,158,306.73047473200614,35279.79871907018,one_way,195902.0,225715.0,1268.0,1281.0,0.867917506590169,13.0,0.9898516783762685,0.014760147601476014,0.014760147601476014,0.15498154981549817,0.18081180811808117,0.08487084870848709,0.09778597785977859,DEN-ATL,DEN-ATL_DL,DEN-ATL_DL_Q1,2025Q1,ATL-DEN
2025,1,DEN,ATL,UA,320.0,168,292.075,24967.100625000006,one_way,195902.0,225715.0,1268.0,1281.0,0.867917506590169,13.0,0.9898516783762685,0.014760147601476014,0.014760147601476014,0.15498154981549817,0.18081180811808117,0.08487084870848709,0.09778597785977859,DEN-ATL,DEN-ATL_UA,DEN-ATL_UA_Q1,2025Q1,ATL-DEN
2025,1,DEN,ATL,WN,482.0,124,251.19917012448133,19161.707219228316,one_way,195902.0,225715.0,1268.0,1281.0,0.867917506590169,13.0,0.9898516783762685,0.014760147601476014,0.014760147601476014,0.15498154981549817,0.18081180811808117,0.08487084870848709,0.09778597785977859,DEN-ATL,DEN-ATL_WN,DEN-ATL_WN_Q1,2025Q1,ATL-DEN
2025,1,DEN,DFW,AA,887.0,273,313.44757609921083,35133.84364406833,one_way,204931.0,251742.0,1425.0,1456.0,0.8140516878391368,31.0,0.9787087912087912,0.014760147601476014,0.014760147601476014,0.08118081180811808,0.1070110701107011,0.047970479704797044,0.060885608856088555,DEN-DFW,DEN-DFW_AA,DEN-DFW_AA_Q1,2025Q1,DEN-DFW
2025,1,DEN,DFW,UA,674.0,247,266.67210682492583,20918.294563217074,one_way,204931.0,251742.0,1425.0,1456.0,0.8140516878391368,31.0,0.9787087912087912,0.014760147601476014,0.014760147601476014,0.08118081180811808,0.1070110701107011,0.047970479704797044,0.060885608856088555,DEN-DFW,DEN-DFW_UA,DEN-DFW_UA_Q1,2025Q1,DEN-DFW
2025,1,DEN,JFK,DL,487.0,141,279.40451745379875,37116.61459971582,one_way,41389.0,55708.0,325.0,333.0,0.7429633086809794,8.0,0.975975975975976,0.014760147601476014,0.014760147601476014,0.12915129151291513,0.12177121771217712,0.07195571955719557,0.06826568265682657,DEN-JFK,DEN-JFK_DL,DEN-JFK_DL_Q1,2025Q1,DEN-JFK
2025,1,DEN,LAX,DL,93.0,57,238.53763440860214,22145.689443866344,one_way,224149.0,307810.0,1892.0,1876.0,0.7282057113154219,-16.0,1.0085287846481876,0.014760147601476014,0.014760147601476014,0.0996309963099631,0.033210332103321034,0.05719557195571955,0.023985239852398525,DEN-LAX,DEN-LAX_DL,DEN-LAX_DL_Q1,2025Q1,DEN-LAX
2025,1,DEN,LAX,UA,1008.0,233,235.37996031746033,19376.059003173017,one_way,224149.0,307810.0,1892.0,1876.0,0.7282057113154219,-16.0,1.0085287846481876,0.014760147601476014,0.014760147601476014,0.0996309963099631,0.033210332103321034,0.05719557195571955,0.023985239852398525,DEN-LAX,DEN-LAX_UA,DEN-LAX_UA_Q1,2025Q1,DEN-LAX
2025,1,DEN,LAX,WN,675.0,134,185.82666666666665,13465.787733333338,one_way,224149.0,307810.0,1892.0,1876.0,0.7282057113154219,-16.0,1.0085287846481876,0.014760147601476014,0.014760147601476014,0.0996309963099631,0.033210332103321034,0.05719557195571955,0.023985239852398525,DEN-LAX,DEN-LAX_WN,DEN-LAX_WN_Q1,2025Q1,DEN-LAX
2025,1,DEN,ORD,AA,427.0,155,247.55503512880563,30637.3570413922,one_way,221133.0,275402.0,1429.0,1418.0,0.8029462385894075,-11.0,1.0077574047954867,0.014760147601476014,0.014760147601476014,0.0996309963099631,0.08118081180811808,0.05719557195571955,0.047970479704797044,DEN-ORD,DEN-ORD_AA,DEN-ORD_AA_Q1,2025Q1,DEN-ORD
2025,1,DEN,ORD,UA,1144.0,312,251.54807692307693,21439.915520777293,one_way,221133.0,275402.0,1429.0,1418.0,0.8029462385894075,-11.0,1.0077574047954867,0.014760147601476014,0.014760147601476014,0.0996309963099631,0.08118081180811808,0.05719557195571955,0.047970479704797044,DEN-ORD,DEN-ORD_UA,DEN-ORD_UA_Q1,2025Q1,DEN-ORD
2025,1,DEN,ORD,WN,443.0,132,191.8058690744921,12366.273825599106,one_way,221133.0,275402.0,1429.0,1418.0,0.8029462385894075,-11.0,1.0077574047954867,0.014760147601476014,0.014760147601476014,0.0996309963099631,0.08118081180811808,0.05719557195571955,0.047970479704797044,DEN-ORD,DEN-ORD_WN,DEN-ORD_WN_Q1,2025Q1,DEN-ORD
2025,1,DEN,SEA,DL,161.0,64,190.52173913043478,14241.007291385366,one_way,176266.0,210493.0,1326.0,1332.0,0.8373960179198359,6.0,0.9954954954954955,0.014760147601476014,0.014760147601476014,0.15498154981549817,0.2066420664206642,0.08487084870848709,0.11070110701107011,DEN-SEA,DEN-SEA_DL,DEN-SEA_DL_Q1,2025Q1,DEN-SEA
2025,1,DEN,SEA,UA,609.0,182,207.17405582922825,12610.383497671755,one_way,176266.0,210493.0,1326.0,1332.0,0.8373960179198359,6.0,0.9954954954954955,0.014760147601476014,0.014760147601476014,0.15498154981549817,0.2066420664206642,0.08487084870848709,0.11070110701107011,DEN-SEA,DEN-SEA_UA,DEN-SEA_UA_Q1,2025Q1,DEN-SEA
2025,1,DEN,SEA,WN,403.0,122,167.33746898263027,6270.188844214295,one_way,176266.0,210493.0,1326.0,1332.0,0.8373960179198359,6.0,0.9954954954954955,0.014760147601476014,0.014760147601476014,0.15498154981549817,0.2066420664206642,0.08487084870848709,0.11070110701107011,DEN-SEA,DEN-SEA_WN,DEN-SEA_WN_Q1,2025Q1,DEN-SEA
2025,1,DFW,ATL,AA,713.0,222,299.0617110799439,26219.092965936157,one_way,212264.0,276512.0,1511.0,1561.0,0.767648420321722,50.0,0.9679692504804612,0.08118081180811808,0.1070110701107011,0.15498154981549817,0.18081180811808117,0.11808118081180813,0.14391143911439114,DFW-ATL,DFW-ATL_AA,DFW-ATL_AA_Q1,2025Q1,ATL-DFW
2025,1,DFW,ATL,DL,643.0,222,338.7433903576983,33981.226530962726,one_way,212264.0,276512.0,1511.0,1561.0,0.767648420321722,50.0,0.9679692504804612,0.08118081180811808,0.1070110701107011,0.15498154981549817,0.18081180811808117,0.11808118081180813,0.14391143911439114,DFW-ATL,DFW-ATL_DL,DFW-ATL_DL_Q1,2025Q1,ATL-DFW
2025,1,DFW,DEN,AA,801.0,198,256.95880149812734,20243.210537390056,one_way,207607.0,251151.0,1424.0,1459.0,0.8266222312473372,35.0,0.976010966415353,0.08118081180811808,0.1070110701107011,0.014760147601476014,0.014760147601476014,0.047970479704797044,0.060885608856088555,DFW-DEN,DFW-DEN_AA,DFW-DEN_AA_Q1,2025Q1,DEN-DFW
2025,1,DFW,DEN,UA,531.0,192,255.17325800376648,20871.559435524774,one_way,207607.0,251151.0,1424.0,1459.0,0.8266222312473372,35.0,0.976010966415353,0.08118081180811808,0.1070110701107011,0.014760147601476014,0.014760147601476014,0.047970479704797044,0.060885608856088555,DFW-DEN,DFW-DEN_UA,DFW-DEN_UA_Q1,2025Q1,DEN-DFW
2025,1,DFW,JFK,AA,268.0,108,285.45522388059703,42611.942024949865,one_way,46099.0,61338.0,417.0,428.0,0.7515569467540513,11.0,0.9742990654205608,0.08118081180811808,0.1070110701107011,0.12915129151291513,0.12177121771217712,0.1051660516605166,0.11439114391143912,DFW-JFK,DFW-JFK_AA,DFW-JFK_AA_Q1,2025Q1,DFW-JFK
2025,1,DFW,JFK,DL,199.0,95,307.4472361809045,36259.71455266283,one_way,46099.0,61338.0,417.0,428.0,0.7515569467540513,11.0,0.9742990654205608,0.08118081180811808,0.1070110701107011,0.12915129151291513,0.12177121771217712,0.1051660516605166,0.11439114391143912,DFW-JFK,DFW-JFK_DL,DFW-JFK_DL_Q1,2025Q1,DFW-JFK
2025,1,DFW,LAX,AA,1570.0,333,355.587898089172,58592.83208284312,one_way,243616.0,310017.0,1643.0,1673.0,0.7858149714370503,30.0,0.982068141063957,0.08118081180811808,0.1070110701107011,0.0996309963099631,0.033210332103321034,0.09040590405904059,0.07011070110701106,DFW-LAX,DFW-LAX_AA,DFW-LAX_AA_Q1,2025Q1,DFW-LAX
2025,1,DFW,LAX,DL,309.0,140,311.6860841423948,40950.00178045896,one_way,243616.0,310017.0,1643.0,1673.0,0.7858149714370503,30.0,0.982068141063957,0.08118081180811808,0.1070110701107011,0.0996309963099631,0.033210332103321034,0.09040590405904059,0.07011070110701106,DFW-LAX,DFW-LAX_DL,DFW-LAX_DL_Q1,2025Q1,DFW-LAX
2025,1,DFW,ORD,AA,1277.0,308,308.4917776037588,33766.19668258798,one_way,202345.0,253082.0,1485.0,1510.0,0.7995234746050687,25.0,0.9834437086092715,0.08118081180811808,0.1070110701107011,0.0996309963099631,0.08118081180811808,0.09040590405904059,0.0940959409594096,DFW-ORD,DFW-ORD_AA,DFW-ORD_AA_Q1,2025Q1,DFW-ORD
2025,1,DFW,ORD,UA,641.0,254,292.9563182527301,26850.890447599173,one_way,202345.0,253082.0,1485.0,1510.0,0.7995234746050687,25.0,0.9834437086092715,0.08118081180811808,0.1070110701107011,0.0996309963099631,0.08118081180811808,0.09040590405904059,0.0940959409594096,DFW-ORD,DFW-ORD_UA,DFW-ORD_UA_Q1,2025Q1,DFW-ORD
2025,1,DFW,SEA,AA,783.0,189,241.82886334610473,29036.95666371441,one_way,176246.0,204404.0,1163.0,1191.0,0.8622434003248469,28.0,0.9764903442485307,0.08118081180811808,0.1070110701107011,0.15498154981549817,0.2066420664206642,0.11808118081180813,0.15682656826568264,DFW-SEA,DFW-SEA_AA,DFW-SEA_AA_Q1,2025Q1,DFW-SEA
2025,1,DFW,SEA,DL,291.0,116,195.0893470790378,13145.504044590882,one_way,176246.0,204404.0,1163.0,1191.0,0.8622434003248469,28.0,0.9764903442485307,0.08118081180811808,0.1070110701107011,0.15498154981549817,0.2066420664206642,0.11808118081180813,0.15682656826568264,DFW-SEA,DFW-SEA_DL,DFW-SEA_DL_Q1,2025Q1,DFW-SEA
2025,1,JFK,ATL,DL,747.0,160,241.59437751004015,22869.464653795912,one_way,122946.0,155409.0,894.0,898.0,0.7911124838329826,4.0,0.9955456570155902,0.12915129151291513,0.12177121771217712,0.15498154981549817,0.18081180811808117,0.14206642066420666,0.15129151291512916,JFK-ATL,JFK-ATL_DL,JFK-ATL_DL_Q1,2025Q1,ATL-JFK
2025,1,JFK,DEN,DL,663.0,166,254.21266968325793,28600.197607201597,one_way,42388.0,56462.0,330.0,333.0,0.7507350076157415,3.0,0.990990990990991,0.12915129151291513,0.12177121771217712,0.014760147601476014,0.014760147601476014,0.07195571955719557,0.06826568265682657,JFK-DEN,JFK-DEN_DL,JFK-DEN_DL_Q1,2025Q1,DEN-JFK
2025,1,JFK,DFW,AA,267.0,102,294.7191011235955,36417.97727559651,one_way,46085.0,61665.0,416.0,428.0,0.7473445228249412,12.0,0.9719626168224299,0.12915129151291513,0.12177121771217712,0.08118081180811808,0.1070110701107011,0.1051660516605166,0.11439114391143912,JFK-DFW,JFK-DFW_AA,JFK-DFW_AA_Q1,2025Q1,DFW-JFK
2025,1,JFK,DFW,DL,230.0,108,300.795652173913,42225.04085066162,one_way,46085.0,61665.0,416.0,428.0,0.7473445228249412,12.0,0.9719626168224299,0.12915129151291513,0.12177121771217712,0.08118081180811808,0.1070110701107011,0.1051660516605166,0.11439114391143912,JFK-DFW,JFK-DFW_DL,JFK-DFW_DL_Q1,2025Q1,DFW-JFK
2025,1,JFK,LAX,AA,1749.0,477,525.4493996569469,207521.6276568722,one_way,302825.0,368790.0,2304.0,2323.0,0.8211312671167873,19.0,0.991820921222557,0.12915129151291513,0.12177121771217712,0.0996309963099631,0.033210332103321034,0.11439114391143912,0.07749077490774908,JFK-LAX,JFK-LAX_AA,JFK-LAX_AA_Q1,2025Q1,JFK-LAX
2025,1,JFK,LAX,DL,3488.0,503,466.89965596330273,190112.31791272567,one_way,302825.0,368790.0,2304.0,2323.0,0.8211312671167873,19.0,0.991820921222557,0.12915129151291513,0.12177121771217712,0.0996309963099631,0.033210332103321034,0.11439114391143912,0.07749077490774908,JFK-LAX,JFK-LAX_DL,JFK-LAX_DL_Q1,2025Q1,JFK-LAX
2025,1,JFK,ORD,AA,403.0,119,162.78163771712158,9875.158273248402,one_way,47523.0,64568.0,580.0,587.0,0.7360147441457069,7.0,0.9880749574105622,0.12915129151291513,0.12177121771217712,0.0996309963099631,0.08118081180811808,0.11439114391143912,0.1014760147601476,JFK-ORD,JFK-ORD_AA,JFK-ORD_AA_Q1,2025Q1,JFK-ORD
2025,1,JFK,SEA,DL,815.0,236,376.10920245398773,76972.42120365839,one_way,82610.0,99984.0,541.0,549.0,0.8262321971515443,8.0,0.9854280510018215,0.12915129151291513,0.12177121771217712,0.15498154981549817,0.2066420664206642,0.14206642066420666,0.16420664206642066,JFK-SEA,JFK-SEA_DL,JFK-SEA_DL_Q1,2025Q1,JFK-SEA
2025,1,LAX,ATL,AA,381.0,142,346.0524934383202,55905.87126018699,one_way,214703.0,252843.0,1218.0,1229.0,0.8491554047373271,11.0,0.9910496338486574,0.0996309963099631,0.033210332103321034,0.15498154981549817,0.18081180811808117,0.12730627306273062,0.1070110701107011,LAX-ATL,LAX-ATL_AA,LAX-ATL_AA_Q1,2025Q1,ATL-LAX
2025,1,LAX,ATL,DL,813.0,244,622.5166051660517,139518.50310680218,one_way,214703.0,252843.0,1218.0,1229.0,0.8491554047373271,11.0,0.9910496338486574,0.0996309963099631,0.033210332103321034,0.15498154981549817,0.18081180811808117,0.12730627306273062,0.1070110701107011,LAX-ATL,LAX-ATL_DL,LAX-ATL_DL_Q1,2025Q1,ATL-LAX
2025,1,LAX,DEN,DL,185.0,64,210.9081081081081,16748.451015339662,one_way,210423.0,295877.0,1876.0,1878.0,0.7111840393136337,2.0,0.9989350372736954,0.0996309963099631,0.033210332103321034,0.014760147601476014,0.014760147601476014,0.05719557195571955,0.023985239852398525,LAX-DEN,LAX-DEN_DL,LAX-DEN_DL_Q1,2025Q1,DEN-LAX
2025,1,LAX,DEN,UA,991.0,248,253.9061553985873,24960.561324371418,one_way,210423.0,295877.0,1876.0,1878.0,0.7111840393136337,2.0,0.9989350372736954,0.0996309963099631,0.033210332103321034,0.014760147601476014,0.014760147601476014,0.05719557195571955,0.023985239852398525,LAX-DEN,LAX-DEN_UA,LAX-DEN_UA_Q1,2025Q1,DEN-LAX
2025,1,LAX,DEN,WN,631.0,131,192.86687797147385,13574.448205625362,one_way,210423.0,295877.0,1876.0,1878.0,0.7111840393136337,2.0,0.9989350372736954,0.0996309963099631,0.033210332103321034,0.014760147601476014,0.014760147601476014,0.05719557195571955,0.023985239852398525,LAX-DEN,LAX-DEN_WN,LAX-DEN_WN_Q1,2025Q1,DEN-LAX
2025,1,LAX,DFW,AA,1639.0,374,375.1732763880415,69114.67528340805,one_way,243104.0,306969.0,1626.0,1660.0,0.7919496757001522,34.0,0.9795180722891567,0.0996309963099631,0.033210332103321034,0.08118081180811808,0.1070110701107011,0.09040590405904059,0.07011070110701106,LAX-DFW,LAX-DFW_AA,LAX-DFW_AA_Q1,2025Q1,DFW-LAX
2025,1,LAX,DFW,DL,392.0,144,307.5484693877551,34920.37009969803,one_way,243104.0,306969.0,1626.0,1660.0,0.7919496757001522,34.0,0.9795180722891567,0.0996309963099631,0.033210332103321034,0.08118081180811808,0.1070110701107011,0.09040590405904059,0.07011070110701106,LAX-DFW,LAX-DFW_DL,LAX-DFW_DL_Q1,2025Q1,DFW-LAX
2025,1,LAX,JFK,AA,1869.0,476,514.6864633493847,180369.54107411596,one_way,313520.0,368085.0,2299.0,2321.0,0.8517597837456022,22.0,0.990521327014218,0.0996309963099631,0.033210332103321034,0.12915129151291513,0.12177121771217712,0.11439114391143912,0.07749077490774908,LAX-JFK,LAX-JFK_AA,LAX-JFK_AA_Q1,2025Q1,JFK-LAX
2025,1,LAX,JFK,DL,3557.0,517,466.60275513072816,181495.74745375305,one_way,313520.0,368085.0,2299.0,2321.0,0.8517597837456022,22.0,0.990521327014218,0.0996309963099631,0.033210332103321034,0.12915129151291513,0.12177121771217712,0.11439114391143912,0.07749077490774908,LAX-JFK,LAX-JFK_DL,LAX-JFK_DL_Q1,2025Q1,JFK-LAX
2025,1,LAX,ORD,AA,1459.0,296,312.3118574366004,47076.51069559039,one_way,241306.0,305258.0,1535.0,1536.0,0.7904985291130782,1.0,0.9993489583333334,0.0996309963099631,0.033210332103321034,0.0996309963099631,0.08118081180811808,0.0996309963099631,0.05719557195571956,LAX-ORD,LAX-ORD_AA,LAX-ORD_AA_Q1,2025Q1,LAX-ORD
2025,1,LAX,ORD,UA,1620.0,386,345.27962962962965,45437.08168381342,one_way,241306.0,305258.0,1535.0,1536.0,0.7904985291130782,1.0,0.9993489583333334,0.0996309963099631,0.033210332103321034,0.0996309963099631,0.08118081180811808,0.0996309963099631,0.05719557195571956,LAX-ORD,LAX-ORD_UA,LAX-ORD_UA_Q1,2025Q1,LAX-ORD
2025,1,LAX,SEA,DL,997.0,199,219.50451354062187,16648.414473108387,one_way,214602.0,285900.0,1798.0,1824.0,0.7506190975865688,26.0,0.9857456140350878,0.0996309963099631,0.033210332103321034,0.15498154981549817,0.2066420664206642,0.12730627306273062,0.11992619926199262,LAX-SEA,LAX-SEA_DL,LAX-SEA_DL_Q1,2025Q1,LAX-SEA
2025,1,LAX,SEA,UA,419.0,125,195.99761336515513,10046.494027716857,one_way,214602.0,285900.0,1798.0,1824.0,0.7506190975865688,26.0,0.9857456140350878,0.0996309963099631,0.033210332103321034,0.15498154981549817,0.2066420664206642,0.12730627306273062,0.11992619926199262,LAX-SEA,LAX-SEA_UA,LAX-SEA_UA_Q1,2025Q1,LAX-SEA
2025,1,ORD,ATL,AA,97.0,46,189.5257731958763,15839.672016154742,one_way,156818.0,195440.0,1273.0,1293.0,0.8023843634875153,20.0,0.9845320959010054,0.0996309963099631,0.08118081180811808,0.15498154981549817,0.18081180811808117,0.12730627306273062,0.13099630996309963,ORD-ATL,ORD-ATL_AA,ORD-ATL_AA_Q1,2025Q1,ATL-ORD
2025,1,ORD,ATL,DL,743.0,216,288.29205921938086,34400.37095982423,one_way,156818.0,195440.0,1273.0,1293.0,0.8023843634875153,20.0,0.9845320959010054,0.0996309963099631,0.08118081180811808,0.15498154981549817,0.18081180811808117,0.12730627306273062,0.13099630996309963,ORD-ATL,ORD-ATL_DL,ORD-ATL_DL_Q1,2025Q1,ATL-ORD
2025,1,ORD,ATL,UA,639.0,219,256.4397496087637,19035.908341721355,one_way,156818.0,195440.0,1273.0,1293.0,0.8023843634875153,20.0,0.9845320959010054,0.0996309963099631,0.08118081180811808,0.15498154981549817,0.18081180811808117,0.12730627306273062,0.13099630996309963,ORD-ATL,ORD-ATL_UA,ORD-ATL_UA_Q1,2025Q1,ATL-ORD
2025,1,ORD,DEN,AA,446.0,132,182.5403587443946,14570.764066239019,one_way,224180.0,280490.0,1438.0,1437.0,0.7992441798281579,-1.0,1.000695894224078,0.0996309963099631,0.08118081180811808,0.014760147601476014,0.014760147601476014,0.05719557195571955,0.047970479704797044,ORD-DEN,ORD-DEN_AA,ORD-DEN_AA_Q1,2025Q1,DEN-ORD
2025,1,ORD,DEN,UA,1210.0,304,242.97603305785125,19940.63496277576,one_way,224180.0,280490.0,1438.0,1437.0,0.7992441798281579,-1.0,1.000695894224078,0.0996309963099631,0.08118081180811808,0.014760147601476014,0.014760147601476014,0.05719557195571955,0.047970479704797044,ORD-DEN,ORD-DEN_UA,ORD-DEN_UA_Q1,2025Q1,DEN-ORD
2025,1,ORD,DEN,WN,501.0,136,181.1117764471058,11365.121238560801,one_way,224180.0,280490.0,1438.0,1437.0,0.7992441798281579,-1.0,1.000695894224078,0.0996309963099631,0.08118081180811808,0.014760147601476014,0.014760147601476014,0.05719557195571955,0.047970479704797044,ORD-DEN,ORD-DEN_WN,ORD-DEN_WN_Q1,2025Q1,DEN-ORD
2025,1,ORD,DFW,AA,1355.0,380,315.49667896678966,40532.27360520691,one_way,204663.0,252596.0,1478.0,1501.0,0.8102384835864385,23.0,0.9846768820786143,0.0996309963099631,0.08118081180811808,0.08118081180811808,0.1070110701107011,0.09040590405904059,0.0940959409594096,ORD-DFW,ORD-DFW_AA,ORD-DFW_AA_Q1,2025Q1,DFW-ORD
2025,1,ORD,DFW,UA,685.0,255,295.9182481751825,24563.803535617233,one_way,204663.0,252596.0,1478.0,1501.0,0.8102384835864385,23.0,0.9846768820786143,0.0996309963099631,0.08118081180811808,0.08118081180811808,0.1070110701107011,0.09040590405904059,0.0940959409594096,ORD-DFW,ORD-DFW_UA,ORD-DFW_UA_Q1,2025Q1,DFW-ORD
2025,1,ORD,JFK,AA,446.0,133,168.22869955156952,14745.252629250532,one_way,47234.0,64739.0,584.0,591.0,0.7296065740898068,7.0,0.988155668358714,0.0996309963099631,0.08118081180811808,0.12915129151291513,0.12177121771217712,0.11439114391143912,0.1014760147601476,ORD-JFK,ORD-JFK_AA,ORD-JFK_AA_Q1,2025Q1,JFK-ORD
2025,1,ORD,LAX,AA,1384.0,304,298.10115606936415,48930.840923519005,one_way,237219.0,302037.0,1540.0,1540.0,0.7853971533288968,0.0,1.0,0.0996309963099631,0.08118081180811808,0.0996309963099631,0.033210332103321034,0.0996309963099631,0.05719557195571956,ORD-LAX,ORD-LAX_AA,ORD-LAX_AA_Q1,2025Q1,LAX-ORD
2025,1,ORD,LAX,UA,1590.0,370,325.8320754716981,42891.862996321375,one_way,237219.0,302037.0,1540.0,1540.0,0.7853971533288968,0.0,1.0,0.0996309963099631,0.08118081180811808,0.0996309963099631,0.033210332103321034,0.0996309963099631,0.05719557195571956,ORD-LAX,ORD-LAX_UA,ORD-LAX_UA_Q1,2025Q1,LAX-ORD
2025,1,ORD,SEA,AA,207.0,82,244.5024154589372,19068.568834745267,one_way,122772.0,141236.0,867.0,876.0,0.8692684584666799,9.0,0.9897260273972602,0.0996309963099631,0.08118081180811808,0.15498154981549817,0.2066420664206642,0.12730627306273062,0.14391143911439114,ORD-SEA,ORD-SEA_AA,ORD-SEA_AA_Q1,2025Q1,ORD-SEA
2025,1,ORD,SEA,DL,401.0,136,214.9351620947631,18655.59180602111,one_way,122772.0,141236.0,867.0,876.0,0.8692684584666799,9.0,0.9897260273972602,0.0996309963099631,0.08118081180811808,0.15498154981549817,0.2066420664206642,0.12730627306273062,0.14391143911439114,ORD-SEA,ORD-SEA_DL,ORD-SEA_DL_Q1,2025Q1,ORD-SEA
2025,1,ORD,SEA,UA,592.0,236,256.8445945945946,18685.621119430245,one_way,122772.0,141236.0,867.0,876.0,0.8692684584666799,9.0,0.9897260273972602,0.0996309963099631,0.08118081180811808,0.15498154981549817,0.2066420664206642,0.12730627306273062,0.14391143911439114,ORD-SEA,ORD-SEA_UA,ORD-SEA_UA_Q1,2025Q1,ORD-SEA
2025,1,SEA,ATL,DL,512.0,150,392.578125,71041.29858398438,one_way,102193.0,115670.0,616.0,621.0,0.8834875075646235,5.0,0.9919484702093397,0.15498154981549817,0.2066420664206642,0.15498154981549817,0.18081180811808117,0.15498154981549817,0.19372693726937268,SEA-ATL,SEA-ATL_DL,SEA-ATL_DL_Q1,2025Q1,ATL-SEA
2025,1,SEA,DEN,DL,181.0,63,189.1878453038674,8619.710570495416,one_way,169593.0,210297.0,1328.0,1332.0,0.8064451704018603,4.0,0.996996996996997,0.15498154981549817,0.2066420664206642,0.014760147601476014,0.014760147601476014,0.08487084870848709,0.11070110701107011,SEA-DEN,SEA-DEN_DL,SEA-DEN_DL_Q1,2025Q1,DEN-SEA
2025,1,SEA,DEN,UA,590.0,166,191.3457627118644,8735.04316001149,one_way,169593.0,210297.0,1328.0,1332.0,0.8064451704018603,4.0,0.996996996996997,0.15498154981549817,0.2066420664206642,0.014760147601476014,0.014760147601476014,0.08487084870848709,0.11070110701107011,SEA-DEN,SEA-DEN_UA,SEA-DEN_UA_Q1,2025Q1,DEN-SEA
2025,1,SEA,DEN,WN,393.0,95,156.7735368956743,4461.233701739729,one_way,169593.0,210297.0,1328.0,1332.0,0.8064451704018603,4.0,0.996996996996997,0.15498154981549817,0.2066420664206642,0.014760147601476014,0.014760147601476014,0.08487084870848709,0.11070110701107011,SEA-DEN,SEA-DEN_WN,SEA-DEN_WN_Q1,2025Q1,DEN-SEA
2025,1,SEA,DFW,AA,833.0,231,256.49099639855945,35430.514024577395,one_way,172509.0,203089.0,1159.0,1186.0,0.8494256212793406,27.0,0.9772344013490725,0.15498154981549817,0.2066420664206642,0.08118081180811808,0.1070110701107011,0.11808118081180813,0.15682656826568264,SEA-DFW,SEA-DFW_AA,SEA-DFW_AA_Q1,2025Q1,DFW-SEA
2025,1,SEA,DFW,DL,299.0,116,213.44147157190636,17530.360286797688,one_way,172509.0,203089.0,1159.0,1186.0,0.8494256212793406,27.0,0.9772344013490725,0.15498154981549817,0.2066420664206642,0.08118081180811808,0.1070110701107011,0.11808118081180813,0.15682656826568264,SEA-DFW,SEA-DFW_DL,SEA-DFW_DL_Q1,2025Q1,DFW-SEA
2025,1,SEA,JFK,DL,901.0,229,363.53607103218644,70518.64159566199,one_way,85137.0,100244.0,541.0,544.0,0.8492977135788675,3.0,0.9944852941176471,0.15498154981549817,0.2066420664206642,0.12915129151291513,0.12177121771217712,0.14206642066420666,0.16420664206642066,SEA-JFK,SEA-JFK_DL,SEA-JFK_DL_Q1,2025Q1,JFK-SEA
2025,1,SEA,LAX,DL,1027.0,199,213.16455696202533,16163.26503395658,one_way,210633.0,286249.0,1807.0,1823.0,0.7358383784746846,16.0,0.9912232583653319,0.15498154981549817,0.2066420664206642,0.0996309963099631,0.033210332103321034,0.12730627306273062,0.11992619926199262,SEA-LAX,SEA-LAX_DL,SEA-LAX_DL_Q1,2025Q1,LAX-SEA
2025,1,SEA,LAX,UA,311.0,116,194.59163987138263,9575.045460654881,one_way,210633.0,286249.0,1807.0,1823.0,0.7358383784746846,16.0,0.9912232583653319,0.15498154981549817,0.2066420664206642,0.0996309963099631,0.033210332103321034,0.12730627306273062,0.11992619926199262,SEA-LAX,SEA-LAX_UA,SEA-LAX_UA_Q1,2025Q1,LAX-SEA
2025,1,SEA,ORD,AA,373.0,109,220.51742627345845,21657.413235198976,one_way,118447.0,140583.0,868.0,880.0,0.8425414168142663,12.0,0.9863636363636363,0.15498154981549817,0.2066420664206642,0.0996309963099631,0.08118081180811808,0.12730627306273062,0.14391143911439114,SEA-ORD,SEA-ORD_AA,SEA-ORD_AA_Q1,2025Q1,ORD-SEA
2025,1,SEA,ORD,DL,449.0,144,226.9198218262806,19650.960163888085,one_way,118447.0,140583.0,868.0,880.0,0.8425414168142663,12.0,0.9863636363636363,0.15498154981549817,0.2066420664206642,0.0996309963099631,0.08118081180811808,0.12730627306273062,0.14391143911439114,SEA-ORD,SEA-ORD_DL,SEA-ORD_DL_Q1,2025Q1,ORD-SEA
2025,1,SEA,ORD,UA,357.0,167,263.98039215686276,21736.176086120715,one_way,118447.0,140583.0,868.0,880.0,0.8425414168142663,12.0,0.9863636363636363,0.15498154981549817,0.2066420664206642,0.0996309963099631,0.08118081180811808,0.12730627306273062,0.14391143911439114,SEA-ORD,SEA-ORD_UA,SEA-ORD_UA_Q1,2025Q1,ORD-SEA
2025,2,ATL,DEN,DL,4884.0,1152,245.20574324324326,17317.920190008597,primary,222661.0,252966.0,1429.0,1443.0,0.8802012918732162,14.0,0.9902979902979903,0.10989010989010989,0.09157509157509157,0.040293040293040296,0.03663003663003663,0.07509157509157509,0.0641025641025641,ATL-DEN,ATL-DEN_DL,ATL-DEN_DL_Q2,2025Q2,ATL-DEN
2025,2,ATL,DEN,UA,1581.0,732,236.12663504111325,15818.04766698191,primary,222661.0,252966.0,1429.0,1443.0,0.8802012918732162,14.0,0.9902979902979903,0.10989010989010989,0.09157509157509157,0.040293040293040296,0.03663003663003663,0.07509157509157509,0.0641025641025641,ATL-DEN,ATL-DEN_UA,ATL-DEN_UA_Q2,2025Q2,ATL-DEN
2025,2,ATL,DEN,WN,1819.0,805,186.37964815832876,8600.830613070262,primary,222661.0,252966.0,1429.0,1443.0,0.8802012918732162,14.0,0.9902979902979903,0.10989010989010989,0.09157509157509157,0.040293040293040296,0.03663003663003663,0.07509157509157509,0.0641025641025641,ATL-DEN,ATL-DEN_WN,ATL-DEN_WN_Q2,2025Q2,ATL-DEN
2025,2,ATL,DFW,AA,4181.0,1234,243.49324563501554,23622.67653730131,primary,245818.0,299585.0,1632.0,1676.0,0.8205283976167032,44.0,0.9737470167064439,0.10989010989010989,0.09157509157509157,0.10989010989010989,0.10989010989010989,0.10989010989010989,0.10073260073260074,ATL-DFW,ATL-DFW_AA,ATL-DFW_AA_Q2,2025Q2,ATL-DFW
2025,2,ATL,DFW,DL,4684.0,1778,256.34929760888133,21737.103672457088,primary,245818.0,299585.0,1632.0,1676.0,0.8205283976167032,44.0,0.9737470167064439,0.10989010989010989,0.09157509157509157,0.10989010989010989,0.10989010989010989,0.10989010989010989,0.10073260073260074,ATL-DFW,ATL-DFW_DL,ATL-DFW_DL_Q2,2025Q2,ATL-DFW
2025,2,ATL,JFK,DL,3502.0,1203,230.43425471159338,14839.5241203326,primary,167500.0,195398.0,1079.0,1075.0,0.8572247412972497,-4.0,1.003720930232558,0.10989010989010989,0.09157509157509157,0.09523809523809523,0.10989010989010989,0.10256410256410256,0.10073260073260074,ATL-JFK,ATL-JFK_DL,ATL-JFK_DL_Q2,2025Q2,ATL-JFK
2025,2,ATL,LAX,AA,1035.0,559,280.78646376811594,33756.39088701198,primary,257668.0,285388.0,1395.0,1401.0,0.9028690764853463,6.0,0.9957173447537473,0.10989010989010989,0.09157509157509157,0.003663003663003663,0.007326007326007326,0.056776556776556776,0.04945054945054945,ATL-LAX,ATL-LAX_AA,ATL-LAX_AA_Q2,2025Q2,ATL-LAX
2025,2,ATL,LAX,DL,6397.0,1871,390.26092699702986,85519.01898339891,primary,257668.0,285388.0,1395.0,1401.0,0.9028690764853463,6.0,0.9957173447537473,0.10989010989010989,0.09157509157509157,0.003663003663003663,0.007326007326007326,0.056776556776556776,0.04945054945054945,ATL-LAX,ATL-LAX_DL,ATL-LAX_DL_Q2,2025Q2,ATL-LAX
2025,2,ATL,LAX,WN,196.0,143,210.1341836734694,3365.158331476465,primary,257668.0,285388.0,1395.0,1401.0,0.9028690764853463,6.0,0.9957173447537473,0.10989010989010989,0.09157509157509157,0.003663003663003663,0.007326007326007326,0.056776556776556776,0.04945054945054945,ATL-LAX,ATL-LAX_WN,ATL-LAX_WN_Q2,2025Q2,ATL-LAX
2025,2,ATL,ORD,AA,932.0,491,173.05011802575106,13715.524441080499,primary,212826.0,252466.0,1604.0,1623.0,0.8429887588823841,19.0,0.9882932840418978,0.10989010989010989,0.09157509157509157,0.09523809523809523,0.12087912087912088,0.10256410256410256,0.10622710622710622,ATL-ORD,ATL-ORD_AA,ATL-ORD_AA_Q2,2025Q2,ATL-ORD
2025,2,ATL,ORD,DL,5083.0,1545,237.18910289199292,18361.13417452472,primary,212826.0,252466.0,1604.0,1623.0,0.8429887588823841,19.0,0.9882932840418978,0.10989010989010989,0.09157509157509157,0.09523809523809523,0.12087912087912088,0.10256410256410256,0.10622710622710622,ATL-ORD,ATL-ORD_DL,ATL-ORD_DL_Q2,2025Q2,ATL-ORD
2025,2,ATL,ORD,UA,2956.0,1057,227.67506765899864,17026.208867823574,primary,212826.0,252466.0,1604.0,1623.0,0.8429887588823841,19.0,0.9882932840418978,0.10989010989010989,0.09157509157509157,0.09523809523809523,0.12087912087912088,0.10256410256410256,0.10622710622710622,ATL-ORD,ATL-ORD_UA,ATL-ORD_UA_Q2,2025Q2,ATL-ORD
2025,2,ATL,SEA,DL,3916.0,1202,368.12012768130745,41243.33676081107,primary,145542.0,157836.0,856.0,859.0,0.9221090245571353,3.0,0.9965075669383003,0.10989010989010989,0.09157509157509157,0.09523809523809523,0.07692307692307693,0.10256410256410256,0.08424908424908426,ATL-SEA,ATL-SEA_DL,ATL-SEA_DL_Q2,2025Q2,ATL-SEA
2025,2,DEN,ATL,DL,4949.0,1120,244.09815114164476,17863.795699208524,primary,215232.0,244458.0,1408.0,1423.0,0.8804457207373045,15.0,0.9894588896697118,0.040293040293040296,0.03663003663003663,0.10989010989010989,0.09157509157509157,0.07509157509157509,0.0641025641025641,DEN-ATL,DEN-ATL_DL,DEN-ATL_DL_Q2,2025Q2,ATL-DEN
2025,2,DEN,ATL,UA,1582.0,755,239.54779393173197,16775.872095070066,primary,215232.0,244458.0,1408.0,1423.0,0.8804457207373045,15.0,0.9894588896697118,0.040293040293040296,0.03663003663003663,0.10989010989010989,0.09157509157509157,0.07509157509157509,0.0641025641025641,DEN-ATL,DEN-ATL_UA,DEN-ATL_UA_Q2,2025Q2,ATL-DEN
2025,2,DEN,ATL,WN,1775.0,811,190.8184676056338,7688.408410496835,primary,215232.0,244458.0,1408.0,1423.0,0.8804457207373045,15.0,0.9894588896697118,0.040293040293040296,0.03663003663003663,0.10989010989010989,0.09157509157509157,0.07509157509157509,0.0641025641025641,DEN-ATL,DEN-ATL_WN,DEN-ATL_WN_Q2,2025Q2,ATL-DEN
2025,2,DEN,DFW,AA,4955.0,1352,202.58913420787084,12305.74016153092,primary,220207.0,275620.0,1557.0,1583.0,0.7989514549016762,26.0,0.983575489576753,0.040293040293040296,0.03663003663003663,0.10989010989010989,0.10989010989010989,0.07509157509157509,0.07326007326007326,DEN-DFW,DEN-DFW_AA,DEN-DFW_AA_Q2,2025Q2,DEN-DFW
2025,2,DEN,DFW,UA,2800.0,1000,212.09308214285716,9278.085647321815,primary,220207.0,275620.0,1557.0,1583.0,0.7989514549016762,26.0,0.983575489576753,0.040293040293040296,0.03663003663003663,0.10989010989010989,0.10989010989010989,0.07509157509157509,0.07326007326007326,DEN-DFW,DEN-DFW_UA,DEN-DFW_UA_Q2,2025Q2,DEN-DFW
2025,2,DEN,JFK,DL,2254.0,893,251.9872493345164,19356.57362198132,primary,50847.0,61922.0,362.0,358.0,0.8211459578178999,-4.0,1.011173184357542,0.040293040293040296,0.03663003663003663,0.09523809523809523,0.10989010989010989,0.06776556776556776,0.07326007326007326,DEN-JFK,DEN-JFK_DL,DEN-JFK_DL_Q2,2025Q2,DEN-JFK
2025,2,DEN,LAX,DL,1250.0,527,179.265392,11820.640190126342,primary,255483.0,318247.0,2002.0,2000.0,0.8027821157779963,-2.0,1.001,0.040293040293040296,0.03663003663003663,0.003663003663003663,0.007326007326007326,0.02197802197802198,0.02197802197802198,DEN-LAX,DEN-LAX_DL,DEN-LAX_DL_Q2,2025Q2,DEN-LAX
2025,2,DEN,LAX,UA,4439.0,1233,200.55361342644738,14443.883135805518,primary,255483.0,318247.0,2002.0,2000.0,0.8027821157779963,-2.0,1.001,0.040293040293040296,0.03663003663003663,0.003663003663003663,0.007326007326007326,0.02197802197802198,0.02197802197802198,DEN-LAX,DEN-LAX_UA,DEN-LAX_UA_Q2,2025Q2,DEN-LAX
2025,2,DEN,LAX,WN,2953.0,1125,155.33132407720962,7566.708635260027,primary,255483.0,318247.0,2002.0,2000.0,0.8027821157779963,-2.0,1.001,0.040293040293040296,0.03663003663003663,0.003663003663003663,0.007326007326007326,0.02197802197802198,0.02197802197802198,DEN-LAX,DEN-LAX_WN,DEN-LAX_WN_Q2,2025Q2,DEN-LAX
2025,2,DEN,ORD,AA,2736.0,923,174.05897660818712,9285.207848440976,primary,263515.0,307047.0,1616.0,1615.0,0.8582236595700332,-1.0,1.0006191950464396,0.040293040293040296,0.03663003663003663,0.09523809523809523,0.12087912087912088,0.06776556776556776,0.07875457875457875,DEN-ORD,DEN-ORD_AA,DEN-ORD_AA_Q2,2025Q2,DEN-ORD
2025,2,DEN,ORD,UA,7024.0,1863,224.1170472665148,12184.730091765421,primary,263515.0,307047.0,1616.0,1615.0,0.8582236595700332,-1.0,1.0006191950464396,0.040293040293040296,0.03663003663003663,0.09523809523809523,0.12087912087912088,0.06776556776556776,0.07875457875457875,DEN-ORD,DEN-ORD_UA,DEN-ORD_UA_Q2,2025Q2,DEN-ORD
2025,2,DEN,ORD,WN,2068.0,1062,153.2495261121857,5690.836979465952,primary,263515.0,307047.0,1616.0,1615.0,0.8582236595700332,-1.0,1.0006191950464396,0.040293040293040296,0.03663003663003663,0.09523809523809523,0.12087912087912088,0.06776556776556776,0.07875457875457875,DEN-ORD,DEN-ORD_WN,DEN-ORD_WN_Q2,2025Q2,DEN-ORD
2025,2,DEN,SEA,DL,1713.0,557,188.80208406304726,7780.151860980688,primary,245946.0,277467.0,1683.0,1676.0,0.8863973013006953,-7.0,1.0041766109785202,0.040293040293040296,0.03663003663003663,0.09523809523809523,0.07692307692307693,0.06776556776556776,0.05677655677655678,DEN-SEA,DEN-SEA_DL,DEN-SEA_DL_Q2,2025Q2,DEN-SEA
2025,2,DEN,SEA,UA,2841.0,1034,223.96181274199225,8822.287444690039,primary,245946.0,277467.0,1683.0,1676.0,0.8863973013006953,-7.0,1.0041766109785202,0.040293040293040296,0.03663003663003663,0.09523809523809523,0.07692307692307693,0.06776556776556776,0.05677655677655678,DEN-SEA,DEN-SEA_UA,DEN-SEA_UA_Q2,2025Q2,DEN-SEA
2025,2,DEN,SEA,WN,1567.0,789,190.07640714741544,5709.519441526638,primary,245946.0,277467.0,1683.0,1676.0,0.8863973013006953,-7.0,1.0041766109785202,0.040293040293040296,0.03663003663003663,0.09523809523809523,0.07692307692307693,0.06776556776556776,0.05677655677655678,DEN-SEA,DEN-SEA_WN,DEN-SEA_WN_Q2,2025Q2,DEN-SEA
2025,2,DFW,ATL,AA,4296.0,1228,234.58748603351955,19369.914440700464,primary,245124.0,301139.0,1641.0,1679.0,0.813989552997121,38.0,0.97736748064324,0.10989010989010989,0.10989010989010989,0.10989010989010989,0.09157509157509157,0.10989010989010989,0.10073260073260074,DFW-ATL,DFW-ATL_AA,DFW-ATL_AA_Q2,2025Q2,ATL-DFW
2025,2,DFW,ATL,DL,4432.0,1711,255.84932761732853,21026.76349801359,primary,245124.0,301139.0,1641.0,1679.0,0.813989552997121,38.0,0.97736748064324,0.10989010989010989,0.10989010989010989,0.10989010989010989,0.09157509157509157,0.10989010989010989,0.10073260073260074,DFW-ATL,DFW-ATL_DL,DFW-ATL_DL_Q2,2025Q2,ATL-DFW
2025,2,DFW,DEN,AA,5103.0,1307,196.37719968645894,9536.71854158015,primary,227092.0,272756.0,1543.0,1577.0,0.8325829679273783,34.0,0.9784400760938491,0.10989010989010989,0.10989010989010989,0.040293040293040296,0.03663003663003663,0.07509157509157509,0.07326007326007326,DFW-DEN,DFW-DEN_AA,DFW-DEN_AA_Q2,2025Q2,DEN-DFW
2025,2,DFW,DEN,UA,2671.0,975,214.8056795207787,8886.130718884953,primary,227092.0,272756.0,1543.0,1577.0,0.8325829679273783,34.0,0.9784400760938491,0.10989010989010989,0.10989010989010989,0.040293040293040296,0.03663003663003663,0.07509157509157509,0.07326007326007326,DFW-DEN,DFW-DEN_UA,DFW-DEN_UA_Q2,2025Q2,DEN-DFW
2025,2,DFW,JFK,AA,1633.0,787,246.32302510716474,28808.64745796445,primary,76785.0,88453.0,564.0,567.0,0.8680881372028083,3.0,0.9947089947089947,0.10989010989010989,0.10989010989010989,0.09523809523809523,0.10989010989010989,0.10256410256410256,0.10989010989010989,DFW-JFK,DFW-JFK_AA,DFW-JFK_AA_Q2,2025Q2,DFW-JFK
2025,2,DFW,JFK,DL,639.0,448,283.68114241001564,34772.284256128405,primary,76785.0,88453.0,564.0,567.0,0.8680881372028083,3.0,0.9947089947089947,0.10989010989010989,0.10989010989010989,0.09523809523809523,0.10989010989010989,0.10256410256410256,0.10989010989010989,DFW-JFK,DFW-JFK_DL,DFW-JFK_DL_Q2,2025Q2,DFW-JFK
2025,2,DFW,LAX,AA,8296.0,1800,243.26168394406943,30629.922608531248,primary,289195.0,328947.0,1690.0,1714.0,0.8791537846522388,24.0,0.9859976662777129,0.10989010989010989,0.10989010989010989,0.003663003663003663,0.007326007326007326,0.056776556776556776,0.05860805860805861,DFW-LAX,DFW-LAX_AA,DFW-LAX_AA_Q2,2025Q2,DFW-LAX
2025,2,DFW,LAX,DL,1406.0,606,231.06551209103839,28564.929420754845,primary,289195.0,328947.0,1690.0,1714.0,0.8791537846522388,24.0,0.9859976662777129,0.10989010989010989,0.10989010989010989,0.003663003663003663,0.007326007326007326,0.056776556776556776,0.05860805860805861,DFW-LAX,DFW-LAX_DL,DFW-LAX_DL_Q2,2025Q2,DFW-LAX
2025,2,DFW,ORD,AA,8086.0,1912,225.88486643581498,14599.2046465503,primary,245884.0,285899.0,1686.0,1717.0,0.8600379854424115,31.0,0.9819452533488643,0.10989010989010989,0.10989010989010989,0.09523809523809523,0.12087912087912088,0.10256410256410256,0.11538461538461539,DFW-ORD,DFW-ORD_AA,DFW-ORD_AA_Q2,2025Q2,DFW-ORD
2025,2,DFW,ORD,UA,3428.0,1180,239.67228413068844,14333.725342944941,primary,245884.0,285899.0,1686.0,1717.0,0.8600379854424115,31.0,0.9819452533488643,0.10989010989010989,0.10989010989010989,0.09523809523809523,0.12087912087912088,0.10256410256410256,0.11538461538461539,DFW-ORD,DFW-ORD_UA,DFW-ORD_UA_Q2,2025Q2,DFW-ORD
2025,2,DFW,SEA,AA,4476.0,1380,248.73855674709563,17344.64627968645,primary,218903.0,240129.0,1363.0,1374.0,0.9116058451915429,11.0,0.9919941775836972,0.10989010989010989,0.10989010989010989,0.09523809523809523,0.07692307692307693,0.10256410256410256,0.09340659340659341,DFW-SEA,DFW-SEA_AA,DFW-SEA_AA_Q2,2025Q2,DFW-SEA
2025,2,DFW,SEA,DL,928.0,532,241.31155172413793,19745.76490384216,primary,218903.0,240129.0,1363.0,1374.0,0.9116058451915429,11.0,0.9919941775836972,0.10989010989010989,0.10989010989010989,0.09523809523809523,0.07692307692307693,0.10256410256410256,0.09340659340659341,DFW-SEA,DFW-SEA_DL,DFW-SEA_DL_Q2,2025Q2,DFW-SEA
2025,2,JFK,ATL,DL,3548.0,1241,227.43175028184893,14987.840863255566,primary,157442.0,194712.0,1072.0,1081.0,0.8085890956900448,9.0,0.9916743755781684,0.09523809523809523,0.10989010989010989,0.10989010989010989,0.09157509157509157,0.10256410256410256,0.10073260073260074,JFK-ATL,JFK-ATL_DL,JFK-ATL_DL_Q2,2025Q2,ATL-JFK
2025,2,JFK,DEN,DL,2356.0,961,255.72705432937178,20353.951966705048,primary,51224.0,61245.0,358.0,359.0,0.8363784798759082,1.0,0.9972144846796658,0.09523809523809523,0.10989010989010989,0.040293040293040296,0.03663003663003663,0.06776556776556776,0.07326007326007326,JFK-DEN,JFK-DEN_DL,JFK-DEN_DL_Q2,2025Q2,DEN-JFK
2025,2,JFK,DFW,AA,1669.0,804,244.70041941282204,32732.665381010425,primary,71544.0,87535.0,558.0,564.0,0.8173187867710059,6.0,0.9893617021276596,0.09523809523809523,0.10989010989010989,0.10989010989010989,0.10989010989010989,0.10256410256410256,0.10989010989010989,JFK-DFW,JFK-DFW_AA,JFK-DFW_AA_Q2,2025Q2,DFW-JFK
2025,2,JFK,DFW,DL,842.0,541,267.7749643705463,29810.61394590138,primary,71544.0,87535.0,558.0,564.0,0.8173187867710059,6.0,0.9893617021276596,0.09523809523809523,0.10989010989010989,0.10989010989010989,0.10989010989010989,0.10256410256410256,0.10989010989010989,JFK-DFW,JFK-DFW_DL,JFK-DFW_DL_Q2,2025Q2,DFW-JFK
2025,2,JFK,LAX,AA,4722.0,1930,534.6307920372724,189822.2522078012,primary,379338.0,436259.0,2593.0,2597.0,0.869524754790159,4.0,0.9984597612629957,0.09523809523809523,0.10989010989010989,0.003663003663003663,0.007326007326007326,0.04945054945054945,0.05860805860805861,JFK-LAX,JFK-LAX_AA,JFK-LAX_AA_Q2,2025Q2,JFK-LAX
2025,2,JFK,LAX,DL,13666.0,3438,465.58751207375974,152578.1281771557,primary,379338.0,436259.0,2593.0,2597.0,0.869524754790159,4.0,0.9984597612629957,0.09523809523809523,0.10989010989010989,0.003663003663003663,0.007326007326007326,0.04945054945054945,0.05860805860805861,JFK-LAX,JFK-LAX_DL,JFK-LAX_DL_Q2,2025Q2,JFK-LAX
2025,2,JFK,ORD,AA,1343.0,677,179.99610573343261,7940.3355865472695,primary,65561.0,76071.0,672.0,700.0,0.8618395972183881,28.0,0.96,0.09523809523809523,0.10989010989010989,0.09523809523809523,0.12087912087912088,0.09523809523809523,0.11538461538461539,JFK-ORD,JFK-ORD_AA,JFK-ORD_AA_Q2,2025Q2,JFK-ORD
2025,2,JFK,ORD,DL,49.0,46,189.68326530612245,7763.274707705117,primary,65561.0,76071.0,672.0,700.0,0.8618395972183881,28.0,0.96,0.09523809523809523,0.10989010989010989,0.09523809523809523,0.12087912087912088,0.09523809523809523,0.11538461538461539,JFK-ORD,JFK-ORD_DL,JFK-ORD_DL_Q2,2025Q2,JFK-ORD
2025,2,JFK,SEA,DL,3907.0,1290,384.4404325569491,68557.32725860481,primary,130384.0,143543.0,771.0,782.0,0.9083271214897278,11.0,0.9859335038363172,0.09523809523809523,0.10989010989010989,0.09523809523809523,0.07692307692307693,0.09523809523809523,0.09340659340659341,JFK-SEA,JFK-SEA_DL,JFK-SEA_DL_Q2,2025Q2,JFK-SEA
2025,2,LAX,ATL,AA,1086.0,586,285.1487476979742,36834.34849124942,primary,253186.0,284095.0,1389.0,1400.0,0.8912018866928316,11.0,0.9921428571428571,0.003663003663003663,0.007326007326007326,0.10989010989010989,0.09157509157509157,0.056776556776556776,0.04945054945054945,LAX-ATL,LAX-ATL_AA,LAX-ATL_AA_Q2,2025Q2,ATL-LAX
2025,2,LAX,ATL,DL,6359.0,1873,390.9291618178959,84872.28643460176,primary,253186.0,284095.0,1389.0,1400.0,0.8912018866928316,11.0,0.9921428571428571,0.003663003663003663,0.007326007326007326,0.10989010989010989,0.09157509157509157,0.056776556776556776,0.04945054945054945,LAX-ATL,LAX-ATL_DL,LAX-ATL_DL_Q2,2025Q2,ATL-LAX
2025,2,LAX,ATL,WN,70.0,59,209.70457142857143,2268.299241959183,primary,253186.0,284095.0,1389.0,1400.0,0.8912018866928316,11.0,0.9921428571428571,0.003663003663003663,0.007326007326007326,0.10989010989010989,0.09157509157509157,0.056776556776556776,0.04945054945054945,LAX-ATL,LAX-ATL_WN,LAX-ATL_WN_Q2,2025Q2,ATL-LAX
2025,2,LAX,DEN,DL,1343.0,517,180.80926284437825,11922.653834527337,primary,252266.0,317512.0,1992.0,1998.0,0.7945085540074076,6.0,0.996996996996997,0.003663003663003663,0.007326007326007326,0.040293040293040296,0.03663003663003663,0.02197802197802198,0.02197802197802198,LAX-DEN,LAX-DEN_DL,LAX-DEN_DL_Q2,2025Q2,DEN-LAX
2025,2,LAX,DEN,UA,4271.0,1202,201.15217747600093,13779.153108861974,primary,252266.0,317512.0,1992.0,1998.0,0.7945085540074076,6.0,0.996996996996997,0.003663003663003663,0.007326007326007326,0.040293040293040296,0.03663003663003663,0.02197802197802198,0.02197802197802198,LAX-DEN,LAX-DEN_UA,LAX-DEN_UA_Q2,2025Q2,DEN-LAX
2025,2,LAX,DEN,WN,3046.0,1118,153.21325344714379,6889.1062195201375,primary,252266.0,317512.0,1992.0,1998.0,0.7945085540074076,6.0,0.996996996996997,0.003663003663003663,0.007326007326007326,0.040293040293040296,0.03663003663003663,0.02197802197802198,0.02197802197802198,LAX-DEN,LAX-DEN_WN,LAX-DEN_WN_Q2,2025Q2,DEN-LAX
2025,2,LAX,DFW,AA,8254.0,1827,246.24637872546646,32788.57742179065,primary,275572.0,327076.0,1681.0,1705.0,0.8425320109087796,24.0,0.9859237536656892,0.003663003663003663,0.007326007326007326,0.10989010989010989,0.10989010989010989,0.056776556776556776,0.05860805860805861,LAX-DFW,LAX-DFW_AA,LAX-DFW_AA_Q2,2025Q2,DFW-LAX
2025,2,LAX,DFW,DL,1536.0,628,232.41890625,24800.206724324555,primary,275572.0,327076.0,1681.0,1705.0,0.8425320109087796,24.0,0.9859237536656892,0.003663003663003663,0.007326007326007326,0.10989010989010989,0.10989010989010989,0.056776556776556776,0.05860805860805861,LAX-DFW,LAX-DFW_DL,LAX-DFW_DL_Q2,2025Q2,DFW-LAX
2025,2,LAX,JFK,AA,4765.0,1924,541.5965603357818,188407.7568344436,primary,391779.0,435216.0,2587.0,2595.0,0.9001943862358002,8.0,0.9969171483622351,0.003663003663003663,0.007326007326007326,0.09523809523809523,0.10989010989010989,0.04945054945054945,0.05860805860805861,LAX-JFK,LAX-JFK_AA,LAX-JFK_AA_Q2,2025Q2,JFK-LAX
2025,2,LAX,JFK,DL,13862.0,3487,465.46410618958305,149669.63378010932,primary,391779.0,435216.0,2587.0,2595.0,0.9001943862358002,8.0,0.9969171483622351,0.003663003663003663,0.007326007326007326,0.09523809523809523,0.10989010989010989,0.04945054945054945,0.05860805860805861,LAX-JFK,LAX-JFK_DL,LAX-JFK_DL_Q2,2025Q2,JFK-LAX
2025,2,LAX,ORD,AA,6552.0,1725,248.82059676434676,32181.05538396928,primary,311229.0,356364.0,1848.0,1860.0,0.8733457925042933,12.0,0.9935483870967742,0.003663003663003663,0.007326007326007326,0.09523809523809523,0.12087912087912088,0.04945054945054945,0.0641025641025641,LAX-ORD,LAX-ORD_AA,LAX-ORD_AA_Q2,2025Q2,LAX-ORD
2025,2,LAX,ORD,UA,7095.0,2087,287.8397914023961,36643.80476883595,primary,311229.0,356364.0,1848.0,1860.0,0.8733457925042933,12.0,0.9935483870967742,0.003663003663003663,0.007326007326007326,0.09523809523809523,0.12087912087912088,0.04945054945054945,0.0641025641025641,LAX-ORD,LAX-ORD_UA,LAX-ORD_UA_Q2,2025Q2,LAX-ORD
2025,2,LAX,SEA,DL,4457.0,979,205.7036863361005,11874.33124894178,primary,247203.0,302888.0,1882.0,1899.0,0.8161531655265313,17.0,0.9910479199578726,0.003663003663003663,0.007326007326007326,0.09523809523809523,0.07692307692307693,0.04945054945054945,0.04212454212454213,LAX-SEA,LAX-SEA_DL,LAX-SEA_DL_Q2,2025Q2,LAX-SEA
2025,2,LAX,SEA,UA,1397.0,605,185.93020042949175,8240.955603252609,primary,247203.0,302888.0,1882.0,1899.0,0.8161531655265313,17.0,0.9910479199578726,0.003663003663003663,0.007326007326007326,0.09523809523809523,0.07692307692307693,0.04945054945054945,0.04212454212454213,LAX-SEA,LAX-SEA_UA,LAX-SEA_UA_Q2,2025Q2,LAX-SEA
2025,2,ORD,ATL,AA,1045.0,499,171.6928899521531,12981.269793179275,primary,206616.0,250929.0,1596.0,1618.0,0.8234042298817594,22.0,0.9864029666254636,0.09523809523809523,0.12087912087912088,0.10989010989010989,0.09157509157509157,0.10256410256410256,0.10622710622710622,ORD-ATL,ORD-ATL_AA,ORD-ATL_AA_Q2,2025Q2,ATL-ORD
2025,2,ORD,ATL,DL,5085.0,1604,237.83155162241886,18261.693907267996,primary,206616.0,250929.0,1596.0,1618.0,0.8234042298817594,22.0,0.9864029666254636,0.09523809523809523,0.12087912087912088,0.10989010989010989,0.09157509157509157,0.10256410256410256,0.10622710622710622,ORD-ATL,ORD-ATL_DL,ORD-ATL_DL_Q2,2025Q2,ATL-ORD
2025,2,ORD,ATL,UA,2924.0,1081,223.45957250342,16246.858748825442,primary,206616.0,250929.0,1596.0,1618.0,0.8234042298817594,22.0,0.9864029666254636,0.09523809523809523,0.12087912087912088,0.10989010989010989,0.09157509157509157,0.10256410256410256,0.10622710622710622,ORD-ATL,ORD-ATL_UA,ORD-ATL_UA_Q2,2025Q2,ATL-ORD
2025,2,ORD,DEN,AA,2581.0,912,170.93355676094538,8288.657303893418,primary,262043.0,312574.0,1631.0,1631.0,0.8383390813055468,0.0,1.0,0.09523809523809523,0.12087912087912088,0.040293040293040296,0.03663003663003663,0.06776556776556776,0.07875457875457875,ORD-DEN,ORD-DEN_AA,ORD-DEN_AA_Q2,2025Q2,DEN-ORD
2025,2,ORD,DEN,UA,6848.0,1811,224.3557651869159,12388.141747253263,primary,262043.0,312574.0,1631.0,1631.0,0.8383390813055468,0.0,1.0,0.09523809523809523,0.12087912087912088,0.040293040293040296,0.03663003663003663,0.06776556776556776,0.07875457875457875,ORD-DEN,ORD-DEN_UA,ORD-DEN_UA_Q2,2025Q2,DEN-ORD
2025,2,ORD,DEN,WN,2171.0,1059,149.23272224781206,5000.905710645562,primary,262043.0,312574.0,1631.0,1631.0,0.8383390813055468,0.0,1.0,0.09523809523809523,0.12087912087912088,0.040293040293040296,0.03663003663003663,0.06776556776556776,0.07875457875457875,ORD-DEN,ORD-DEN_WN,ORD-DEN_WN_Q2,2025Q2,DEN-ORD
2025,2,ORD,DFW,AA,8065.0,1951,229.29689894606324,17083.53091513238,primary,236499.0,287631.0,1680.0,1712.0,0.8222305662463365,32.0,0.9813084112149533,0.09523809523809523,0.12087912087912088,0.10989010989010989,0.10989010989010989,0.10256410256410256,0.11538461538461539,ORD-DFW,ORD-DFW_AA,ORD-DFW_AA_Q2,2025Q2,DFW-ORD
2025,2,ORD,DFW,UA,3551.0,1167,233.71864545198537,12802.901801009466,primary,236499.0,287631.0,1680.0,1712.0,0.8222305662463365,32.0,0.9813084112149533,0.09523809523809523,0.12087912087912088,0.10989010989010989,0.10989010989010989,0.10256410256410256,0.11538461538461539,ORD-DFW,ORD-DFW_UA,ORD-DFW_UA_Q2,2025Q2,DFW-ORD
2025,2,ORD,JFK,AA,1298.0,686,187.7584745762712,9329.647956841021,primary,65850.0,75979.0,674.0,697.0,0.8666868476815962,23.0,0.9670014347202296,0.09523809523809523,0.12087912087912088,0.09523809523809523,0.10989010989010989,0.09523809523809523,0.11538461538461539,ORD-JFK,ORD-JFK_AA,ORD-JFK_AA_Q2,2025Q2,JFK-ORD
2025,2,ORD,JFK,DL,181.0,172,249.2077900552486,12099.172244839901,primary,65850.0,75979.0,674.0,697.0,0.8666868476815962,23.0,0.9670014347202296,0.09523809523809523,0.12087912087912088,0.09523809523809523,0.10989010989010989,0.09523809523809523,0.11538461538461539,ORD-JFK,ORD-JFK_DL,ORD-JFK_DL_Q2,2025Q2,JFK-ORD
2025,2,ORD,LAX,AA,6456.0,1729,248.6534727385378,32469.966256620384,primary,304971.0,359909.0,1860.0,1868.0,0.8473558593977922,8.0,0.9957173447537473,0.09523809523809523,0.12087912087912088,0.003663003663003663,0.007326007326007326,0.04945054945054945,0.0641025641025641,ORD-LAX,ORD-LAX_AA,ORD-LAX_AA_Q2,2025Q2,LAX-ORD
2025,2,ORD,LAX,UA,7008.0,2085,287.0189098173516,35621.88147355466,primary,304971.0,359909.0,1860.0,1868.0,0.8473558593977922,8.0,0.9957173447537473,0.09523809523809523,0.12087912087912088,0.003663003663003663,0.007326007326007326,0.04945054945054945,0.0641025641025641,ORD-LAX,ORD-LAX_UA,ORD-LAX_UA_Q2,2025Q2,LAX-ORD
2025,2,ORD,SEA,AA,1648.0,704,223.2990776699029,12887.157124027945,primary,232965.0,260777.0,1526.0,1520.0,0.8933494901774313,-6.0,1.0039473684210527,0.09523809523809523,0.12087912087912088,0.09523809523809523,0.07692307692307693,0.09523809523809523,0.09890109890109891,ORD-SEA,ORD-SEA_AA,ORD-SEA_AA_Q2,2025Q2,ORD-SEA
2025,2,ORD,SEA,DL,2237.0,841,215.10557443004024,14831.79089074066,primary,232965.0,260777.0,1526.0,1520.0,0.8933494901774313,-6.0,1.0039473684210527,0.09523809523809523,0.12087912087912088,0.09523809523809523,0.07692307692307693,0.09523809523809523,0.09890109890109891,ORD-SEA,ORD-SEA_DL,ORD-SEA_DL_Q2,2025Q2,ORD-SEA
2025,2,ORD,SEA,UA,2460.0,1124,245.01089837398376,17044.61792085958,primary,232965.0,260777.0,1526.0,1520.0,0.8933494901774313,-6.0,1.0039473684210527,0.09523809523809523,0.12087912087912088,0.09523809523809523,0.07692307692307693,0.09523809523809523,0.09890109890109891,ORD-SEA,ORD-SEA_UA,ORD-SEA_UA_Q2,2025Q2,ORD-SEA
2025,2,SEA,ATL,DL,3895.0,1197,361.34639281129654,39754.89308375325,primary,140673.0,157714.0,855.0,861.0,0.8919499854166403,6.0,0.9930313588850174,0.09523809523809523,0.07692307692307693,0.10989010989010989,0.09157509157509157,0.10256410256410256,0.08424908424908426,SEA-ATL,SEA-ATL_DL,SEA-ATL_DL_Q2,2025Q2,ATL-SEA
2025,2,SEA,DEN,DL,1697.0,554,186.2982911019446,7086.286187415557,primary,239449.0,277179.0,1671.0,1686.0,0.863878576659848,15.0,0.9911032028469751,0.09523809523809523,0.07692307692307693,0.040293040293040296,0.03663003663003663,0.06776556776556776,0.05677655677655678,SEA-DEN,SEA-DEN_DL,SEA-DEN_DL_Q2,2025Q2,DEN-SEA
2025,2,SEA,DEN,UA,2704.0,982,217.9520894970414,8336.426710315958,primary,239449.0,277179.0,1671.0,1686.0,0.863878576659848,15.0,0.9911032028469751,0.09523809523809523,0.07692307692307693,0.040293040293040296,0.03663003663003663,0.06776556776556776,0.05677655677655678,SEA-DEN,SEA-DEN_UA,SEA-DEN_UA_Q2,2025Q2,DEN-SEA
2025,2,SEA,DEN,WN,1567.0,794,181.32095724313976,4999.036772791405,primary,239449.0,277179.0,1671.0,1686.0,0.863878576659848,15.0,0.9911032028469751,0.09523809523809523,0.07692307692307693,0.040293040293040296,0.03663003663003663,0.06776556776556776,0.05677655677655678,SEA-DEN,SEA-DEN_WN,SEA-DEN_WN_Q2,2025Q2,DEN-SEA
2025,2,SEA,DFW,AA,4536.0,1411,247.7981525573192,20166.907983094905,primary,209739.0,237400.0,1353.0,1378.0,0.8834835720303286,25.0,0.9818577648766328,0.09523809523809523,0.07692307692307693,0.10989010989010989,0.10989010989010989,0.10256410256410256,0.09340659340659341,SEA-DFW,SEA-DFW_AA,SEA-DFW_AA_Q2,2025Q2,DFW-SEA
2025,2,SEA,DFW,DL,1046.0,572,225.19335564053537,15290.16576244904,primary,209739.0,237400.0,1353.0,1378.0,0.8834835720303286,25.0,0.9818577648766328,0.09523809523809523,0.07692307692307693,0.10989010989010989,0.10989010989010989,0.10256410256410256,0.09340659340659341,SEA-DFW,SEA-DFW_DL,SEA-DFW_DL_Q2,2025Q2,DFW-SEA
2025,2,SEA,JFK,DL,3809.0,1270,379.7455841428196,66000.42984660683,primary,127964.0,143000.0,770.0,779.0,0.8948531468531469,9.0,0.9884467265725289,0.09523809523809523,0.07692307692307693,0.09523809523809523,0.10989010989010989,0.09523809523809523,0.09340659340659341,SEA-JFK,SEA-JFK_DL,SEA-JFK_DL_Q2,2025Q2,JFK-SEA
2025,2,SEA,LAX,DL,4380.0,956,204.39022146118722,10828.85510983679,primary,229342.0,303613.0,1879.0,1877.0,0.7553760873216891,-2.0,1.0010655301012255,0.09523809523809523,0.07692307692307693,0.003663003663003663,0.007326007326007326,0.04945054945054945,0.04212454212454213,SEA-LAX,SEA-LAX_DL,SEA-LAX_DL_Q2,2025Q2,LAX-SEA
2025,2,SEA,LAX,UA,1231.0,547,182.32824532900082,7619.55880065792,primary,229342.0,303613.0,1879.0,1877.0,0.7553760873216891,-2.0,1.0010655301012255,0.09523809523809523,0.07692307692307693,0.003663003663003663,0.007326007326007326,0.04945054945054945,0.04212454212454213,SEA-LAX,SEA-LAX_UA,SEA-LAX_UA_Q2,2025Q2,LAX-SEA
2025,2,SEA,LAX,WN,32.0,32,196.8371875,7573.957713964839,primary,229342.0,303613.0,1879.0,1877.0,0.7553760873216891,-2.0,1.0010655301012255,0.09523809523809523,0.07692307692307693,0.003663003663003663,0.007326007326007326,0.04945054945054945,0.04212454212454213,SEA-LAX,SEA-LAX_WN,SEA-LAX_WN_Q2,2025Q2,LAX-SEA
2025,2,SEA,ORD,AA,1725.0,698,218.00647536231884,13449.994513605925,primary,222021.0,257166.0,1521.0,1515.0,0.8633372996430321,-6.0,1.003960396039604,0.09523809523809523,0.07692307692307693,0.09523809523809523,0.12087912087912088,0.09523809523809523,0.09890109890109891,SEA-ORD,SEA-ORD_AA,SEA-ORD_AA_Q2,2025Q2,ORD-SEA
2025,2,SEA,ORD,DL,2165.0,841,215.37651270207854,14576.699900402251,primary,222021.0,257166.0,1521.0,1515.0,0.8633372996430321,-6.0,1.003960396039604,0.09523809523809523,0.07692307692307693,0.09523809523809523,0.12087912087912088,0.09523809523809523,0.09890109890109891,SEA-ORD,SEA-ORD_DL,SEA-ORD_DL_Q2,2025Q2,ORD-SEA
2025,2,SEA,ORD,UA,2356.0,1073,243.5471859083192,19583.62707548497,primary,222021.0,257166.0,1521.0,1515.0,0.8633372996430321,-6.0,1.003960396039604,0.09523809523809523,0.07692307692307693,0.09523809523809523,0.12087912087912088,0.09523809523809523,0.09890109890109891,SEA-ORD,SEA-ORD_UA,SEA-ORD_UA_Q2,2025Q2,ORD-SEA
2025,2,ATL,DEN,DL,753.0,182,284.5325365205843,31273.890375637784,one_way,222661.0,252966.0,1429.0,1443.0,0.8802012918732162,14.0,0.9902979902979903,0.10989010989010989,0.09157509157509157,0.040293040293040296,0.03663003663003663,0.07509157509157509,0.0641025641025641,ATL-DEN,ATL-DEN_DL,ATL-DEN_DL_Q2,2025Q2,ATL-DEN
2025,2,ATL,DEN,UA,468.0,160,240.4059829059829,21459.94628899116,one_way,222661.0,252966.0,1429.0,1443.0,0.8802012918732162,14.0,0.9902979902979903,0.10989010989010989,0.09157509157509157,0.040293040293040296,0.03663003663003663,0.07509157509157509,0.0641025641025641,ATL-DEN,ATL-DEN_UA,ATL-DEN_UA_Q2,2025Q2,ATL-DEN
2025,2,ATL,DEN,WN,493.0,124,210.05882352941177,18731.742990096645,one_way,222661.0,252966.0,1429.0,1443.0,0.8802012918732162,14.0,0.9902979902979903,0.10989010989010989,0.09157509157509157,0.040293040293040296,0.03663003663003663,0.07509157509157509,0.0641025641025641,ATL-DEN,ATL-DEN_WN,ATL-DEN_WN_Q2,2025Q2,ATL-DEN
2025,2,ATL,DFW,AA,873.0,229,320.8991981672394,50164.86269122422,one_way,245818.0,299585.0,1632.0,1676.0,0.8205283976167032,44.0,0.9737470167064439,0.10989010989010989,0.09157509157509157,0.10989010989010989,0.10989010989010989,0.10989010989010989,0.10073260073260074,ATL-DFW,ATL-DFW_AA,ATL-DFW_AA_Q2,2025Q2,ATL-DFW
2025,2,ATL,DFW,DL,873.0,250,298.6414662084765,38999.2082232798,one_way,245818.0,299585.0,1632.0,1676.0,0.8205283976167032,44.0,0.9737470167064439,0.10989010989010989,0.09157509157509157,0.10989010989010989,0.10989010989010989,0.10989010989010989,0.10073260073260074,ATL-DFW,ATL-DFW_DL,ATL-DFW_DL_Q2,2025Q2,ATL-DFW
2025,2,ATL,JFK,DL,870.0,205,277.78850574712646,24688.621936847645,one_way,167500.0,195398.0,1079.0,1075.0,0.8572247412972497,-4.0,1.003720930232558,0.10989010989010989,0.09157509157509157,0.09523809523809523,0.10989010989010989,0.10256410256410256,0.10073260073260074,ATL-JFK,ATL-JFK_DL,ATL-JFK_DL_Q2,2025Q2,ATL-JFK
2025,2,ATL,LAX,AA,300.0,129,355.2133333333333,68331.26782222223,one_way,257668.0,285388.0,1395.0,1401.0,0.9028690764853463,6.0,0.9957173447537473,0.10989010989010989,0.09157509157509157,0.003663003663003663,0.007326007326007326,0.056776556776556776,0.04945054945054945,ATL-LAX,ATL-LAX_AA,ATL-LAX_AA_Q2,2025Q2,ATL-LAX
2025,2,ATL,LAX,DL,1073.0,253,547.0615097856477,130317.37366295821,one_way,257668.0,285388.0,1395.0,1401.0,0.9028690764853463,6.0,0.9957173447537473,0.10989010989010989,0.09157509157509157,0.003663003663003663,0.007326007326007326,0.056776556776556776,0.04945054945054945,ATL-LAX,ATL-LAX_DL,ATL-LAX_DL_Q2,2025Q2,ATL-LAX
2025,2,ATL,LAX,WN,92.0,43,212.04347826086956,4040.5850661625664,one_way,257668.0,285388.0,1395.0,1401.0,0.9028690764853463,6.0,0.9957173447537473,0.10989010989010989,0.09157509157509157,0.003663003663003663,0.007326007326007326,0.056776556776556776,0.04945054945054945,ATL-LAX,ATL-LAX_WN,ATL-LAX_WN_Q2,2025Q2,ATL-LAX
2025,2,ATL,ORD,AA,273.0,89,207.12820512820514,26996.822391283924,one_way,212826.0,252466.0,1604.0,1623.0,0.8429887588823841,19.0,0.9882932840418978,0.10989010989010989,0.09157509157509157,0.09523809523809523,0.12087912087912088,0.10256410256410256,0.10622710622710622,ATL-ORD,ATL-ORD_AA,ATL-ORD_AA_Q2,2025Q2,ATL-ORD
2025,2,ATL,ORD,DL,940.0,235,268.87340425531914,36562.591420325945,one_way,212826.0,252466.0,1604.0,1623.0,0.8429887588823841,19.0,0.9882932840418978,0.10989010989010989,0.09157509157509157,0.09523809523809523,0.12087912087912088,0.10256410256410256,0.10622710622710622,ATL-ORD,ATL-ORD_DL,ATL-ORD_DL_Q2,2025Q2,ATL-ORD
2025,2,ATL,ORD,UA,847.0,232,257.58677685950414,26189.10197390888,one_way,212826.0,252466.0,1604.0,1623.0,0.8429887588823841,19.0,0.9882932840418978,0.10989010989010989,0.09157509157509157,0.09523809523809523,0.12087912087912088,0.10256410256410256,0.10622710622710622,ATL-ORD,ATL-ORD_UA,ATL-ORD_UA_Q2,2025Q2,ATL-ORD
2025,2,ATL,SEA,DL,671.0,172,399.62295081967216,51523.00090396032,one_way,145542.0,157836.0,856.0,859.0,0.9221090245571353,3.0,0.9965075669383003,0.10989010989010989,0.09157509157509157,0.09523809523809523,0.07692307692307693,0.10256410256410256,0.08424908424908426,ATL-SEA,ATL-SEA_DL,ATL-SEA_DL_Q2,2025Q2,ATL-SEA
2025,2,DEN,ATL,DL,852.0,178,270.1232394366197,33211.997722839384,one_way,215232.0,244458.0,1408.0,1423.0,0.8804457207373045,15.0,0.9894588896697118,0.040293040293040296,0.03663003663003663,0.10989010989010989,0.09157509157509157,0.07509157509157509,0.0641025641025641,DEN-ATL,DEN-ATL_DL,DEN-ATL_DL_Q2,2025Q2,ATL-DEN
2025,2,DEN,ATL,UA,449.0,163,253.12694877505567,25551.78566574571,one_way,215232.0,244458.0,1408.0,1423.0,0.8804457207373045,15.0,0.9894588896697118,0.040293040293040296,0.03663003663003663,0.10989010989010989,0.09157509157509157,0.07509157509157509,0.0641025641025641,DEN-ATL,DEN-ATL_UA,DEN-ATL_UA_Q2,2025Q2,ATL-DEN
2025,2,DEN,ATL,WN,440.0,119,219.3409090909091,15111.061053719008,one_way,215232.0,244458.0,1408.0,1423.0,0.8804457207373045,15.0,0.9894588896697118,0.040293040293040296,0.03663003663003663,0.10989010989010989,0.09157509157509157,0.07509157509157509,0.0641025641025641,DEN-ATL,DEN-ATL_WN,DEN-ATL_WN_Q2,2025Q2,ATL-DEN
2025,2,DEN,DFW,AA,961.0,315,262.49635796045783,28804.820226069583,one_way,220207.0,275620.0,1557.0,1583.0,0.7989514549016762,26.0,0.983575489576753,0.040293040293040296,0.03663003663003663,0.10989010989010989,0.10989010989010989,0.07509157509157509,0.07326007326007326,DEN-DFW,DEN-DFW_AA,DEN-DFW_AA_Q2,2025Q2,DEN-DFW
2025,2,DEN,DFW,UA,777.0,223,223.25997425997426,14195.89895135069,one_way,220207.0,275620.0,1557.0,1583.0,0.7989514549016762,26.0,0.983575489576753,0.040293040293040296,0.03663003663003663,0.10989010989010989,0.10989010989010989,0.07509157509157509,0.07326007326007326,DEN-DFW,DEN-DFW_UA,DEN-DFW_UA_Q2,2025Q2,DEN-DFW
2025,2,DEN,JFK,DL,734.0,177,265.1975476839237,21914.31111115236,one_way,50847.0,61922.0,362.0,358.0,0.8211459578178999,-4.0,1.011173184357542,0.040293040293040296,0.03663003663003663,0.09523809523809523,0.10989010989010989,0.06776556776556776,0.07326007326007326,DEN-JFK,DEN-JFK_DL,DEN-JFK_DL_Q2,2025Q2,DEN-JFK
2025,2,DEN,LAX,DL,362.0,118,199.28453038674033,18596.347219254603,one_way,255483.0,318247.0,2002.0,2000.0,0.8027821157779963,-2.0,1.001,0.040293040293040296,0.03663003663003663,0.003663003663003663,0.007326007326007326,0.02197802197802198,0.02197802197802198,DEN-LAX,DEN-LAX_DL,DEN-LAX_DL_Q2,2025Q2,DEN-LAX
2025,2,DEN,LAX,UA,1222.0,246,230.62111292962356,23349.114218728653,one_way,255483.0,318247.0,2002.0,2000.0,0.8027821157779963,-2.0,1.001,0.040293040293040296,0.03663003663003663,0.003663003663003663,0.007326007326007326,0.02197802197802198,0.02197802197802198,DEN-LAX,DEN-LAX_UA,DEN-LAX_UA_Q2,2025Q2,DEN-LAX
2025,2,DEN,LAX,WN,782.0,163,181.59462915601023,14216.545393148917,one_way,255483.0,318247.0,2002.0,2000.0,0.8027821157779963,-2.0,1.001,0.040293040293040296,0.03663003663003663,0.003663003663003663,0.007326007326007326,0.02197802197802198,0.02197802197802198,DEN-LAX,DEN-LAX_WN,DEN-LAX_WN_Q2,2025Q2,DEN-LAX
2025,2,DEN,ORD,AA,817.0,199,196.1701346389229,15490.97595016547,one_way,263515.0,307047.0,1616.0,1615.0,0.8582236595700332,-1.0,1.0006191950464396,0.040293040293040296,0.03663003663003663,0.09523809523809523,0.12087912087912088,0.06776556776556776,0.07875457875457875,DEN-ORD,DEN-ORD_AA,DEN-ORD_AA_Q2,2025Q2,DEN-ORD
2025,2,DEN,ORD,UA,1499.0,358,242.66711140760506,20857.924542089655,one_way,263515.0,307047.0,1616.0,1615.0,0.8582236595700332,-1.0,1.0006191950464396,0.040293040293040296,0.03663003663003663,0.09523809523809523,0.12087912087912088,0.06776556776556776,0.07875457875457875,DEN-ORD,DEN-ORD_UA,DEN-ORD_UA_Q2,2025Q2,DEN-ORD
2025,2,DEN,ORD,WN,566.0,164,176.63957597173146,10604.976101586977,one_way,263515.0,307047.0,1616.0,1615.0,0.8582236595700332,-1.0,1.0006191950464396,0.040293040293040296,0.03663003663003663,0.09523809523809523,0.12087912087912088,0.06776556776556776,0.07875457875457875,DEN-ORD,DEN-ORD_WN,DEN-ORD_WN_Q2,2025Q2,DEN-ORD
2025,2,DEN,SEA,DL,581.0,121,194.0843373493976,11774.290649689974,one_way,245946.0,277467.0,1683.0,1676.0,0.8863973013006953,-7.0,1.0041766109785202,0.040293040293040296,0.03663003663003663,0.09523809523809523,0.07692307692307693,0.06776556776556776,0.05677655677655678,DEN-SEA,DEN-SEA_DL,DEN-SEA_DL_Q2,2025Q2,DEN-SEA
2025,2,DEN,SEA,UA,826.0,237,232.13801452784503,12366.000322450156,one_way,245946.0,277467.0,1683.0,1676.0,0.8863973013006953,-7.0,1.0041766109785202,0.040293040293040296,0.03663003663003663,0.09523809523809523,0.07692307692307693,0.06776556776556776,0.05677655677655678,DEN-SEA,DEN-SEA_UA,DEN-SEA_UA_Q2,2025Q2,DEN-SEA
2025,2,DEN,SEA,WN,518.0,146,204.13320463320463,7743.574920618361,one_way,245946.0,277467.0,1683.0,1676.0,0.8863973013006953,-7.0,1.0041766109785202,0.040293040293040296,0.03663003663003663,0.09523809523809523,0.07692307692307693,0.06776556776556776,0.05677655677655678,DEN-SEA,DEN-SEA_WN,DEN-SEA_WN_Q2,2025Q2,DEN-SEA
2025,2,DFW,ATL,AA,984.0,215,270.7743902439024,33163.11983194528,one_way,245124.0,301139.0,1641.0,1679.0,0.813989552997121,38.0,0.97736748064324,0.10989010989010989,0.10989010989010989,0.10989010989010989,0.09157509157509157,0.10989010989010989,0.10073260073260074,DFW-ATL,DFW-ATL_AA,DFW-ATL_AA_Q2,2025Q2,ATL-DFW
2025,2,DFW,ATL,DL,685.0,240,310.6978102189781,39089.194812723115,one_way,245124.0,301139.0,1641.0,1679.0,0.813989552997121,38.0,0.97736748064324,0.10989010989010989,0.10989010989010989,0.10989010989010989,0.09157509157509157,0.10989010989010989,0.10073260073260074,DFW-ATL,DFW-ATL_DL,DFW-ATL_DL_Q2,2025Q2,ATL-DFW
2025,2,DFW,DEN,AA,1091.0,254,225.55362053162236,16906.181130338133,one_way,227092.0,272756.0,1543.0,1577.0,0.8325829679273783,34.0,0.9784400760938491,0.10989010989010989,0.10989010989010989,0.040293040293040296,0.03663003663003663,0.07509157509157509,0.07326007326007326,DFW-DEN,DFW-DEN_AA,DFW-DEN_AA_Q2,2025Q2,DEN-DFW
2025,2,DFW,DEN,UA,660.0,213,236.17727272727274,13329.98827134986,one_way,227092.0,272756.0,1543.0,1577.0,0.8325829679273783,34.0,0.9784400760938491,0.10989010989010989,0.10989010989010989,0.040293040293040296,0.03663003663003663,0.07509157509157509,0.07326007326007326,DFW-DEN,DFW-DEN_UA,DFW-DEN_UA_Q2,2025Q2,DEN-DFW
2025,2,DFW,JFK,AA,568.0,169,288.0422535211268,44971.994693513174,one_way,76785.0,88453.0,564.0,567.0,0.8680881372028083,3.0,0.9947089947089947,0.10989010989010989,0.10989010989010989,0.09523809523809523,0.10989010989010989,0.10256410256410256,0.10989010989010989,DFW-JFK,DFW-JFK_AA,DFW-JFK_AA_Q2,2025Q2,DFW-JFK
2025,2,DFW,JFK,DL,244.0,115,326.85655737704917,48383.83598159099,one_way,76785.0,88453.0,564.0,567.0,0.8680881372028083,3.0,0.9947089947089947,0.10989010989010989,0.10989010989010989,0.09523809523809523,0.10989010989010989,0.10256410256410256,0.10989010989010989,DFW-JFK,DFW-JFK_DL,DFW-JFK_DL_Q2,2025Q2,DFW-JFK
2025,2,DFW,LAX,AA,2409.0,408,283.563304275633,48676.27255960896,one_way,289195.0,328947.0,1690.0,1714.0,0.8791537846522388,24.0,0.9859976662777129,0.10989010989010989,0.10989010989010989,0.003663003663003663,0.007326007326007326,0.056776556776556776,0.05860805860805861,DFW-LAX,DFW-LAX_AA,DFW-LAX_AA_Q2,2025Q2,DFW-LAX
2025,2,DFW,LAX,DL,483.0,152,242.7950310559006,42720.50664197627,one_way,289195.0,328947.0,1690.0,1714.0,0.8791537846522388,24.0,0.9859976662777129,0.10989010989010989,0.10989010989010989,0.003663003663003663,0.007326007326007326,0.056776556776556776,0.05860805860805861,DFW-LAX,DFW-LAX_DL,DFW-LAX_DL_Q2,2025Q2,DFW-LAX
2025,2,DFW,ORD,AA,1765.0,362,259.9558073654391,26945.927792053524,one_way,245884.0,285899.0,1686.0,1717.0,0.8600379854424115,31.0,0.9819452533488643,0.10989010989010989,0.10989010989010989,0.09523809523809523,0.12087912087912088,0.10256410256410256,0.11538461538461539,DFW-ORD,DFW-ORD_AA,DFW-ORD_AA_Q2,2025Q2,DFW-ORD
2025,2,DFW,ORD,UA,930.0,271,267.8752688172043,22473.69627008903,one_way,245884.0,285899.0,1686.0,1717.0,0.8600379854424115,31.0,0.9819452533488643,0.10989010989010989,0.10989010989010989,0.09523809523809523,0.12087912087912088,0.10256410256410256,0.11538461538461539,DFW-ORD,DFW-ORD_UA,DFW-ORD_UA_Q2,2025Q2,DFW-ORD
2025,2,DFW,SEA,AA,1140.0,270,251.77543859649123,20001.33378270237,one_way,218903.0,240129.0,1363.0,1374.0,0.9116058451915429,11.0,0.9919941775836972,0.10989010989010989,0.10989010989010989,0.09523809523809523,0.07692307692307693,0.10256410256410256,0.09340659340659341,DFW-SEA,DFW-SEA_AA,DFW-SEA_AA_Q2,2025Q2,DFW-SEA
2025,2,DFW,SEA,DL,340.0,134,253.2058823529412,32294.057612456738,one_way,218903.0,240129.0,1363.0,1374.0,0.9116058451915429,11.0,0.9919941775836972,0.10989010989010989,0.10989010989010989,0.09523809523809523,0.07692307692307693,0.10256410256410256,0.09340659340659341,DFW-SEA,DFW-SEA_DL,DFW-SEA_DL_Q2,2025Q2,DFW-SEA
2025,2,JFK,ATL,DL,844.0,195,269.15047393364927,26583.45958508346,one_way,157442.0,194712.0,1072.0,1081.0,0.8085890956900448,9.0,0.9916743755781684,0.09523809523809523,0.10989010989010989,0.10989010989010989,0.09157509157509157,0.10256410256410256,0.10073260073260074,JFK-ATL,JFK-ATL_DL,JFK-ATL_DL_Q2,2025Q2,ATL-JFK
2025,2,JFK,DEN,DL,739.0,186,270.58186738836264,22566.172932372137,one_way,51224.0,61245.0,358.0,359.0,0.8363784798759082,1.0,0.9972144846796658,0.09523809523809523,0.10989010989010989,0.040293040293040296,0.03663003663003663,0.06776556776556776,0.07326007326007326,JFK-DEN,JFK-DEN_DL,JFK-DEN_DL_Q2,2025Q2,DEN-JFK
2025,2,JFK,DFW,AA,518.0,143,281.5405405405405,54164.98194719819,one_way,71544.0,87535.0,558.0,564.0,0.8173187867710059,6.0,0.9893617021276596,0.09523809523809523,0.10989010989010989,0.10989010989010989,0.10989010989010989,0.10256410256410256,0.10989010989010989,JFK-DFW,JFK-DFW_AA,JFK-DFW_AA_Q2,2025Q2,DFW-JFK
2025,2,JFK,DFW,DL,360.0,150,290.3388888888889,41836.09626543209,one_way,71544.0,87535.0,558.0,564.0,0.8173187867710059,6.0,0.9893617021276596,0.09523809523809523,0.10989010989010989,0.10989010989010989,0.10989010989010989,0.10256410256410256,0.10989010989010989,JFK-DFW,JFK-DFW_DL,JFK-DFW_DL_Q2,2025Q2,DFW-JFK
2025,2,JFK,LAX,AA,1985.0,541,520.496725440806,189717.86812529748,one_way,379338.0,436259.0,2593.0,2597.0,0.869524754790159,4.0,0.9984597612629957,0.09523809523809523,0.10989010989010989,0.003663003663003663,0.007326007326007326,0.04945054945054945,0.05860805860805861,JFK-LAX,JFK-LAX_AA,JFK-LAX_AA_Q2,2025Q2,JFK-LAX
2025,2,JFK,LAX,DL,4437.0,671,491.9143565472166,186330.53357121657,one_way,379338.0,436259.0,2593.0,2597.0,0.869524754790159,4.0,0.9984597612629957,0.09523809523809523,0.10989010989010989,0.003663003663003663,0.007326007326007326,0.04945054945054945,0.05860805860805861,JFK-LAX,JFK-LAX_DL,JFK-LAX_DL_Q2,2025Q2,JFK-LAX
2025,2,JFK,ORD,AA,630.0,169,187.9920634920635,9586.512635424537,one_way,65561.0,76071.0,672.0,700.0,0.8618395972183881,28.0,0.96,0.09523809523809523,0.10989010989010989,0.09523809523809523,0.12087912087912088,0.09523809523809523,0.11538461538461539,JFK-ORD,JFK-ORD_AA,JFK-ORD_AA_Q2,2025Q2,JFK-ORD
2025,2,JFK,SEA,DL,1295.0,298,402.5289575289575,84948.24298385534,one_way,130384.0,143543.0,771.0,782.0,0.9083271214897278,11.0,0.9859335038363172,0.09523809523809523,0.10989010989010989,0.09523809523809523,0.07692307692307693,0.09523809523809523,0.09340659340659341,JFK-SEA,JFK-SEA_DL,JFK-SEA_DL_Q2,2025Q2,JFK-SEA
2025,2,LAX,ATL,AA,324.0,132,358.71604938271605,75983.5798658741,one_way,253186.0,284095.0,1389.0,1400.0,0.8912018866928316,11.0,0.9921428571428571,0.003663003663003663,0.007326007326007326,0.10989010989010989,0.09157509157509157,0.056776556776556776,0.04945054945054945,LAX-ATL,LAX-ATL_AA,LAX-ATL_AA_Q2,2025Q2,ATL-LAX
2025,2,LAX,ATL,DL,1028.0,250,567.1284046692607,126300.6916834471,one_way,253186.0,284095.0,1389.0,1400.0,0.8912018866928316,11.0,0.9921428571428571,0.003663003663003663,0.007326007326007326,0.10989010989010989,0.09157509157509157,0.056776556776556776,0.04945054945054945,LAX-ATL,LAX-ATL_DL,LAX-ATL_DL_Q2,2025Q2,ATL-LAX
2025,2,LAX,ATL,WN,32.0,22,216.125,2180.609375,one_way,253186.0,284095.0,1389.0,1400.0,0.8912018866928316,11.0,0.9921428571428571,0.003663003663003663,0.007326007326007326,0.10989010989010989,0.09157509157509157,0.056776556776556776,0.04945054945054945,LAX-ATL,LAX-ATL_WN,LAX-ATL_WN_Q2,2025Q2,ATL-LAX
2025,2,LAX,DEN,DL,459.0,112,199.74945533769062,17524.601715389625,one_way,252266.0,317512.0,1992.0,1998.0,0.7945085540074076,6.0,0.996996996996997,0.003663003663003663,0.007326007326007326,0.040293040293040296,0.03663003663003663,0.02197802197802198,0.02197802197802198,LAX-DEN,LAX-DEN_DL,LAX-DEN_DL_Q2,2025Q2,DEN-LAX
2025,2,LAX,DEN,UA,1066.0,232,238.57598499061913,22130.820211271814,one_way,252266.0,317512.0,1992.0,1998.0,0.7945085540074076,6.0,0.996996996996997,0.003663003663003663,0.007326007326007326,0.040293040293040296,0.03663003663003663,0.02197802197802198,0.02197802197802198,LAX-DEN,LAX-DEN_UA,LAX-DEN_UA_Q2,2025Q2,DEN-LAX
2025,2,LAX,DEN,WN,884.0,161,170.13800904977376,11299.241134497654,one_way,252266.0,317512.0,1992.0,1998.0,0.7945085540074076,6.0,0.996996996996997,0.003663003663003663,0.007326007326007326,0.040293040293040296,0.03663003663003663,0.02197802197802198,0.02197802197802198,LAX-DEN,LAX-DEN_WN,LAX-DEN_WN_Q2,2025Q2,DEN-LAX
2025,2,LAX,DFW,AA,2335.0,407,296.74175588865097,56707.62966972198,one_way,275572.0,327076.0,1681.0,1705.0,0.8425320109087796,24.0,0.9859237536656892,0.003663003663003663,0.007326007326007326,0.10989010989010989,0.10989010989010989,0.056776556776556776,0.05860805860805861,LAX-DFW,LAX-DFW_AA,LAX-DFW_AA_Q2,2025Q2,DFW-LAX
2025,2,LAX,DFW,DL,614.0,177,244.5830618892508,30969.314761960333,one_way,275572.0,327076.0,1681.0,1705.0,0.8425320109087796,24.0,0.9859237536656892,0.003663003663003663,0.007326007326007326,0.10989010989010989,0.10989010989010989,0.056776556776556776,0.05860805860805861,LAX-DFW,LAX-DFW_DL,LAX-DFW_DL_Q2,2025Q2,DFW-LAX
2025,2,LAX,JFK,AA,1984.0,492,533.0398185483871,181648.32754754776,one_way,391779.0,435216.0,2587.0,2595.0,0.9001943862358002,8.0,0.9969171483622351,0.003663003663003663,0.007326007326007326,0.09523809523809523,0.10989010989010989,0.04945054945054945,0.05860805860805861,LAX-JFK,LAX-JFK_AA,LAX-JFK_AA_Q2,2025Q2,JFK-LAX
2025,2,LAX,JFK,DL,4584.0,665,485.16557591623035,172167.867654424,one_way,391779.0,435216.0,2587.0,2595.0,0.9001943862358002,8.0,0.9969171483622351,0.003663003663003663,0.007326007326007326,0.09523809523809523,0.10989010989010989,0.04945054945054945,0.05860805860805861,LAX-JFK,LAX-JFK_DL,LAX-JFK_DL_Q2,2025Q2,JFK-LAX
2025,2,LAX,ORD,AA,2085.0,393,279.38561151079136,45212.33475700015,one_way,311229.0,356364.0,1848.0,1860.0,0.8733457925042933,12.0,0.9935483870967742,0.003663003663003663,0.007326007326007326,0.09523809523809523,0.12087912087912088,0.04945054945054945,0.0641025641025641,LAX-ORD,LAX-ORD_AA,LAX-ORD_AA_Q2,2025Q2,LAX-ORD
2025,2,LAX,ORD,UA,2071.0,406,322.7711250603573,49254.97610491485,one_way,311229.0,356364.0,1848.0,1860.0,0.8733457925042933,12.0,0.9935483870967742,0.003663003663003663,0.007326007326007326,0.09523809523809523,0.12087912087912088,0.04945054945054945,0.0641025641025641,LAX-ORD,LAX-ORD_UA,LAX-ORD_UA_Q2,2025Q2,LAX-ORD
2025,2,LAX,SEA,DL,1427.0,211,218.2102312543798,16925.190561053743,one_way,247203.0,302888.0,1882.0,1899.0,0.8161531655265313,17.0,0.9910479199578726,0.003663003663003663,0.007326007326007326,0.09523809523809523,0.07692307692307693,0.04945054945054945,0.04212454212454213,LAX-SEA,LAX-SEA_DL,LAX-SEA_DL_Q2,2025Q2,LAX-SEA
2025,2,LAX,SEA,UA,652.0,191,194.06134969325154,9947.373536828629,one_way,247203.0,302888.0,1882.0,1899.0,0.8161531655265313,17.0,0.9910479199578726,0.003663003663003663,0.007326007326007326,0.09523809523809523,0.07692307692307693,0.04945054945054945,0.04212454212454213,LAX-SEA,LAX-SEA_UA,LAX-SEA_UA_Q2,2025Q2,LAX-SEA
2025,2,ORD,ATL,AA,383.0,94,194.39947780678852,21588.177232103284,one_way,206616.0,250929.0,1596.0,1618.0,0.8234042298817594,22.0,0.9864029666254636,0.09523809523809523,0.12087912087912088,0.10989010989010989,0.09157509157509157,0.10256410256410256,0.10622710622710622,ORD-ATL,ORD-ATL_AA,ORD-ATL_AA_Q2,2025Q2,ATL-ORD
2025,2,ORD,ATL,DL,853.0,250,278.05158264947244,37383.983271234974,one_way,206616.0,250929.0,1596.0,1618.0,0.8234042298817594,22.0,0.9864029666254636,0.09523809523809523,0.12087912087912088,0.10989010989010989,0.09157509157509157,0.10256410256410256,0.10622710622710622,ORD-ATL,ORD-ATL_DL,ORD-ATL_DL_Q2,2025Q2,ATL-ORD
2025,2,ORD,ATL,UA,791.0,234,244.85714285714286,25047.60917464331,one_way,206616.0,250929.0,1596.0,1618.0,0.8234042298817594,22.0,0.9864029666254636,0.09523809523809523,0.12087912087912088,0.10989010989010989,0.09157509157509157,0.10256410256410256,0.10622710622710622,ORD-ATL,ORD-ATL_UA,ORD-ATL_UA_Q2,2025Q2,ATL-ORD
2025,2,ORD,DEN,AA,658.0,184,189.06838905775075,13305.170094973255,one_way,262043.0,312574.0,1631.0,1631.0,0.8383390813055468,0.0,1.0,0.09523809523809523,0.12087912087912088,0.040293040293040296,0.03663003663003663,0.06776556776556776,0.07875457875457875,ORD-DEN,ORD-DEN_AA,ORD-DEN_AA_Q2,2025Q2,DEN-ORD
2025,2,ORD,DEN,UA,1355.0,340,244.90774907749076,22507.463814490548,one_way,262043.0,312574.0,1631.0,1631.0,0.8383390813055468,0.0,1.0,0.09523809523809523,0.12087912087912088,0.040293040293040296,0.03663003663003663,0.06776556776556776,0.07875457875457875,ORD-DEN,ORD-DEN_UA,ORD-DEN_UA_Q2,2025Q2,DEN-ORD
2025,2,ORD,DEN,WN,650.0,148,161.21692307692308,8097.46832899408,one_way,262043.0,312574.0,1631.0,1631.0,0.8383390813055468,0.0,1.0,0.09523809523809523,0.12087912087912088,0.040293040293040296,0.03663003663003663,0.06776556776556776,0.07875457875457875,ORD-DEN,ORD-DEN_WN,ORD-DEN_WN_Q2,2025Q2,DEN-ORD
2025,2,ORD,DFW,AA,1756.0,419,277.39863325740316,36898.78642182224,one_way,236499.0,287631.0,1680.0,1712.0,0.8222305662463365,32.0,0.9813084112149533,0.09523809523809523,0.12087912087912088,0.10989010989010989,0.10989010989010989,0.10256410256410256,0.11538461538461539,ORD-DFW,ORD-DFW_AA,ORD-DFW_AA_Q2,2025Q2,DFW-ORD
2025,2,ORD,DFW,UA,1067.0,272,243.46860356138706,16876.147795894387,one_way,236499.0,287631.0,1680.0,1712.0,0.8222305662463365,32.0,0.9813084112149533,0.09523809523809523,0.12087912087912088,0.10989010989010989,0.10989010989010989,0.10256410256410256,0.11538461538461539,ORD-DFW,ORD-DFW_UA,ORD-DFW_UA_Q2,2025Q2,DFW-ORD
2025,2,ORD,JFK,AA,606.0,193,203.66336633663366,11361.206809789888,one_way,65850.0,75979.0,674.0,697.0,0.8666868476815962,23.0,0.9670014347202296,0.09523809523809523,0.12087912087912088,0.09523809523809523,0.10989010989010989,0.09523809523809523,0.11538461538461539,ORD-JFK,ORD-JFK_AA,ORD-JFK_AA_Q2,2025Q2,JFK-ORD
2025,2,ORD,LAX,AA,1976.0,386,280.5025303643725,46891.870438941376,one_way,304971.0,359909.0,1860.0,1868.0,0.8473558593977922,8.0,0.9957173447537473,0.09523809523809523,0.12087912087912088,0.003663003663003663,0.007326007326007326,0.04945054945054945,0.0641025641025641,ORD-LAX,ORD-LAX_AA,ORD-LAX_AA_Q2,2025Q2,LAX-ORD
2025,2,ORD,LAX,UA,1979.0,400,318.7564426478019,44628.18423716839,one_way,304971.0,359909.0,1860.0,1868.0,0.8473558593977922,8.0,0.9957173447537473,0.09523809523809523,0.12087912087912088,0.003663003663003663,0.007326007326007326,0.04945054945054945,0.0641025641025641,ORD-LAX,ORD-LAX_UA,ORD-LAX_UA_Q2,2025Q2,LAX-ORD
2025,2,ORD,SEA,AA,597.0,188,233.1038525963149,17141.523552996696,one_way,232965.0,260777.0,1526.0,1520.0,0.8933494901774313,-6.0,1.0039473684210527,0.09523809523809523,0.12087912087912088,0.09523809523809523,0.07692307692307693,0.09523809523809523,0.09890109890109891,ORD-SEA,ORD-SEA_AA,ORD-SEA_AA_Q2,2025Q2,ORD-SEA
2025,2,ORD,SEA,DL,774.0,186,217.61757105943153,17621.197417356067,one_way,232965.0,260777.0,1526.0,1520.0,0.8933494901774313,-6.0,1.0039473684210527,0.09523809523809523,0.12087912087912088,0.09523809523809523,0.07692307692307693,0.09523809523809523,0.09890109890109891,ORD-SEA,ORD-SEA_DL,ORD-SEA_DL_Q2,2025Q2,ORD-SEA
2025,2,ORD,SEA,UA,775.0,257,247.32,18085.469212903226,one_way,232965.0,260777.0,1526.0,1520.0,0.8933494901774313,-6.0,1.0039473684210527,0.09523809523809523,0.12087912087912088,0.09523809523809523,0.07692307692307693,0.09523809523809523,0.09890109890109891,ORD-SEA,ORD-SEA_UA,ORD-SEA_UA_Q2,2025Q2,ORD-SEA
2025,2,SEA,ATL,DL,656.0,169,378.3826219512195,52915.29414922296,one_way,140673.0,157714.0,855.0,861.0,0.8919499854166403,6.0,0.9930313588850174,0.09523809523809523,0.07692307692307693,0.10989010989010989,0.09157509157509157,0.10256410256410256,0.08424908424908426,SEA-ATL,SEA-ATL_DL,SEA-ATL_DL_Q2,2025Q2,ATL-SEA
2025,2,SEA,DEN,DL,568.0,121,185.90669014084506,9528.390941157508,one_way,239449.0,277179.0,1671.0,1686.0,0.863878576659848,15.0,0.9911032028469751,0.09523809523809523,0.07692307692307693,0.040293040293040296,0.03663003663003663,0.06776556776556776,0.05677655677655678,SEA-DEN,SEA-DEN_DL,SEA-DEN_DL_Q2,2025Q2,DEN-SEA
2025,2,SEA,DEN,UA,703.0,201,211.8122332859175,10821.87655020447,one_way,239449.0,277179.0,1671.0,1686.0,0.863878576659848,15.0,0.9911032028469751,0.09523809523809523,0.07692307692307693,0.040293040293040296,0.03663003663003663,0.06776556776556776,0.05677655677655678,SEA-DEN,SEA-DEN_UA,SEA-DEN_UA_Q2,2025Q2,DEN-SEA
2025,2,SEA,DEN,WN,500.0,131,180.14,6246.748400000004,one_way,239449.0,277179.0,1671.0,1686.0,0.863878576659848,15.0,0.9911032028469751,0.09523809523809523,0.07692307692307693,0.040293040293040296,0.03663003663003663,0.06776556776556776,0.05677655677655678,SEA-DEN,SEA-DEN_WN,SEA-DEN_WN_Q2,2025Q2,DEN-SEA
2025,2,SEA,DFW,AA,1218.0,318,250.21182266009853,30705.28682245787,one_way,209739.0,237400.0,1353.0,1378.0,0.8834835720303286,25.0,0.9818577648766328,0.09523809523809523,0.07692307692307693,0.10989010989010989,0.10989010989010989,0.10256410256410256,0.09340659340659341,SEA-DFW,SEA-DFW_AA,SEA-DFW_AA_Q2,2025Q2,DFW-SEA
2025,2,SEA,DFW,DL,414.0,132,208.46859903381642,18599.814231370627,one_way,209739.0,237400.0,1353.0,1378.0,0.8834835720303286,25.0,0.9818577648766328,0.09523809523809523,0.07692307692307693,0.10989010989010989,0.10989010989010989,0.10256410256410256,0.09340659340659341,SEA-DFW,SEA-DFW_DL,SEA-DFW_DL_Q2,2025Q2,DFW-SEA
2025,2,SEA,JFK,DL,1214.0,294,393.4159802306425,85372.27918450045,one_way,127964.0,143000.0,770.0,779.0,0.8948531468531469,9.0,0.9884467265725289,0.09523809523809523,0.07692307692307693,0.09523809523809523,0.10989010989010989,0.09523809523809523,0.09340659340659341,SEA-JFK,SEA-JFK_DL,SEA-JFK_DL_Q2,2025Q2,JFK-SEA
2025,2,SEA,LAX,DL,1381.0,217,213.9435191889935,13637.95625959213,one_way,229342.0,303613.0,1879.0,1877.0,0.7553760873216891,-2.0,1.0010655301012255,0.09523809523809523,0.07692307692307693,0.003663003663003663,0.007326007326007326,0.04945054945054945,0.04212454212454213,SEA-LAX,SEA-LAX_DL,SEA-LAX_DL_Q2,2025Q2,LAX-SEA
2025,2,SEA,LAX,UA,491.0,138,188.61507128309572,9999.88237978107,one_way,229342.0,303613.0,1879.0,1877.0,0.7553760873216891,-2.0,1.0010655301012255,0.09523809523809523,0.07692307692307693,0.003663003663003663,0.007326007326007326,0.04945054945054945,0.04212454212454213,SEA-LAX,SEA-LAX_UA,SEA-LAX_UA_Q2,2025Q2,LAX-SEA
2025,2,SEA,ORD,AA,689.0,195,218.26415094339623,18078.066653887232,one_way,222021.0,257166.0,1521.0,1515.0,0.8633372996430321,-6.0,1.003960396039604,0.09523809523809523,0.07692307692307693,0.09523809523809523,0.12087912087912088,0.09523809523809523,0.09890109890109891,SEA-ORD,SEA-ORD_AA,SEA-ORD_AA_Q2,2025Q2,ORD-SEA
2025,2,SEA,ORD,DL,711.0,194,218.098452883263,17071.225187479846,one_way,222021.0,257166.0,1521.0,1515.0,0.8633372996430321,-6.0,1.003960396039604,0.09523809523809523,0.07692307692307693,0.09523809523809523,0.12087912087912088,0.09523809523809523,0.09890109890109891,SEA-ORD,SEA-ORD_DL,SEA-ORD_DL_Q2,2025Q2,ORD-SEA
2025,2,SEA,ORD,UA,677.0,213,242.65140324963073,25863.311272033847,one_way,222021.0,257166.0,1521.0,1515.0,0.8633372996430321,-6.0,1.003960396039604,0.09523809523809523,0.07692307692307693,0.09523809523809523,0.12087912087912088,0.09523809523809523,0.09890109890109891,SEA-ORD,SEA-ORD_UA,SEA-ORD_UA_Q2,2025Q2,ORD-SEA
