Year,Quarter,OriginAirportID,DestAirportID,sample,passengers,records,fare_total,fare_square_total,fare_mean,fare_variance,low_support,flights,cancelled,diverted,cancelled_and_diverted,delay_observed,delay_missing_eligible,delayed_15,delayed_60,arrival_delay_sum,months_observed,cancellation_rate,diversion_rate,delay_15_rate,delay_60_rate,mean_arrival_delay,coverage
2025,1,10397,10721,primary,8737.0,2695,1811224.29,580332290.7087,207.30505780016026,23446.988048666106,False,1146.0,22.0,1.0,0.0,1123.0,0.0,231.0,82.0,9638.0,3.0,0.019197207678883072,0.0008726003490401396,0.20569902048085487,0.0730186999109528,8.582368655387356,matched
2025,1,10397,10821,primary,7297.0,2658,1174838.77,272816639.5001,161.00298341784296,11465.546456783748,False,1377.0,31.0,1.0,0.0,1345.0,0.0,286.0,104.0,12760.0,3.0,0.02251270878721859,0.0007262164124909223,0.21263940520446098,0.07732342007434945,9.486988847583643,matched
2025,1,10397,11278,primary,8125.0,3084,1734600.75,490395383.38049996,213.48932307692309,14778.663809757149,False,1708.0,73.0,9.0,0.0,1626.0,0.0,535.0,198.0,25483.0,3.0,0.04274004683840749,0.005269320843091335,0.3290282902829028,0.12177121771217712,15.67220172201722,matched
2025,1,10397,11292,primary,8320.0,3083,1874164.58,587821676.3294001,225.26016586538464,19909.50146389076,False,1279.0,23.0,2.0,0.0,1254.0,0.0,284.0,90.0,12856.0,3.0,0.017982799061767005,0.001563721657544957,0.22647527910685805,0.07177033492822966,10.251993620414673,matched
2025,1,10397,11298,primary,10791.0,4018,2441018.39,786518791.8663,226.20872857010474,21716.16397443758,False,1568.0,60.0,5.0,0.0,1503.0,0.0,405.0,150.0,21336.0,3.0,0.03826530612244898,0.0031887755102040817,0.2694610778443114,0.0998003992015968,14.19560878243513,matched
2025,1,10397,11433,primary,6859.0,2131,1300506.21,399036548.8689,189.60580405306897,22226.71282196248,False,1157.0,16.0,1.0,0.0,1140.0,0.0,229.0,82.0,10891.0,3.0,0.013828867761452032,0.000864304235090752,0.20087719298245615,0.07192982456140351,9.553508771929824,matched
2025,1,10397,11618,primary,11693.0,3479,1937172.4500000002,458556706.9063,165.6694133242111,11769.98919071028,False,1502.0,33.0,3.0,0.0,1466.0,0.0,426.0,180.0,24353.0,3.0,0.021970705725699067,0.0019973368841544607,0.29058663028649384,0.12278308321964529,16.6118690313779,matched
2025,1,10397,11697,primary,12204.0,2971,1826539.9699999997,410475691.7875,149.66731973123564,11234.214199904007,False,1707.0,37.0,2.0,0.0,1668.0,0.0,490.0,154.0,23368.0,3.0,0.021675454012888107,0.0011716461628588166,0.29376498800959233,0.09232613908872901,14.009592326139089,matched
2025,1,10397,12173,primary,369.0,248,295534.73,316037799.2225,800.9071273712736,215018.77392887557,False,90.0,0.0,0.0,0.0,90.0,0.0,13.0,6.0,91.0,3.0,0.0,0.0,0.14444444444444443,0.06666666666666667,1.011111111111111,matched
2025,1,10397,12266,primary,7502.0,2862,1331203.85,378049640.5511,177.44652759264198,18905.91040397811,False,1003.0,25.0,2.0,0.0,976.0,0.0,241.0,72.0,9537.0,3.0,0.024925224327018942,0.0019940179461615153,0.24692622950819673,0.07377049180327869,9.771516393442623,matched
2025,1,10397,12478,primary,6433.0,1755,1030182.3699999999,234189515.8559,160.14027203482044,10759.494929057048,False,896.0,19.0,1.0,0.0,876.0,0.0,222.0,75.0,12662.0,3.0,0.021205357142857144,0.0011160714285714285,0.2534246575342466,0.08561643835616438,14.454337899543379,matched
2025,1,10397,12889,primary,8066.0,3093,2741196.6399999997,1430173183.745,339.84585172328286,61813.64702246453,False,1186.0,20.0,0.0,0.0,1166.0,0.0,278.0,104.0,10512.0,3.0,0.016863406408094434,0.0,0.23842195540308747,0.08919382504288165,9.015437392795883,matched
2025,1,10397,12892,primary,8630.0,3095,2665725.13,1549438585.7417002,308.8905133256083,84127.62247404708,False,1237.0,16.0,4.0,0.0,1217.0,0.0,291.0,104.0,10808.0,3.0,0.012934518997574777,0.0032336297493936943,0.2391125718981101,0.08545603944124898,8.880854560394413,matched
2025,1,10397,12953,primary,14491.0,4011,2763848.0100000002,801530777.0311,190.7285908494928,18934.92103799773,False,1683.0,34.0,6.0,0.0,1643.0,0.0,399.0,135.0,13287.0,3.0,0.020202020202020204,0.0035650623885918,0.24284844796104688,0.08216676810712112,8.087035909920877,matched
2025,1,10397,13204,primary,11327.0,3187,2033871.98,514121585.1682,179.55963450163327,13147.37139721787,False,2107.0,33.0,0.0,0.0,2074.0,0.0,580.0,198.0,33589.0,3.0,0.01566207878500237,0.0,0.2796528447444552,0.09546769527483125,16.195274831243974,matched
2025,1,10397,13232,primary,4944.0,2098,830560.81,210070256.2799,167.9936913430421,14268.058236879646,False,828.0,16.0,2.0,0.0,810.0,0.0,147.0,55.0,4280.0,3.0,0.01932367149758454,0.0024154589371980675,0.1814814814814815,0.06790123456790123,5.283950617283951,matched
2025,1,10397,13303,primary,9736.0,3162,1812949.77,485540740.8185,186.21094597370583,15196.143092028302,False,1634.0,33.0,2.0,0.0,1599.0,0.0,443.0,143.0,26036.0,3.0,0.020195838433292534,0.0012239902080783353,0.2770481550969356,0.08943089430894309,16.282676672920577,matched
2025,1,10397,13487,primary,4099.0,1742,1167946.32,457401140.2182,284.93445230544035,30400.8283012553,False,852.0,10.0,0.0,0.0,842.0,0.0,180.0,49.0,5249.0,3.0,0.011737089201877934,0.0,0.21377672209026127,0.05819477434679335,6.23396674584323,matched
2025,1,10397,13796,primary,2.0,2,567.21,165168.5841,283.605,2152.4960250000004,True,,,,,,,,,,,,,,,,fare_only
2025,1,10397,13930,primary,8785.0,3457,1822554.22,527056701.7681999,207.462062606716,16954.563924237387,False,1298.0,26.0,1.0,0.0,1271.0,0.0,268.0,108.0,11268.0,3.0,0.020030816640986132,0.0007704160246533128,0.2108575924468922,0.08497246262785209,8.8654602675059,matched
2025,1,10397,14100,primary,8706.0,3373,1565438.16,442535699.012,179.81141281874568,18498.972178040705,False,1300.0,34.0,0.0,0.0,1266.0,0.0,325.0,123.0,15774.0,3.0,0.026153846153846153,0.0,0.2567140600315956,0.0971563981042654,12.459715639810426,matched
2025,1,10397,14107,primary,5590.0,2839,1850938.97,877667558.7257,331.1160948121646,47368.85066970477,False,893.0,12.0,1.0,0.0,880.0,0.0,204.0,58.0,7972.0,3.0,0.013437849944008958,0.0011198208286674132,0.2318181818181818,0.0659090909090909,9.059090909090909,matched
2025,1,10397,14635,primary,2464.0,1121,571206.42,168158974.6178,231.82078733766235,14505.459659526205,False,849.0,15.0,4.0,0.0,830.0,0.0,208.0,58.0,8132.0,3.0,0.0176678445229682,0.004711425206124852,0.25060240963855424,0.06987951807228916,9.797590361445783,matched
2025,1,10397,14679,primary,2901.0,1403,1042228.3500000001,516162828.8577,359.26520165460187,48854.343510791805,False,519.0,5.0,4.0,0.0,510.0,0.0,143.0,44.0,5287.0,3.0,0.009633911368015413,0.007707129094412331,0.2803921568627451,0.08627450980392157,10.366666666666667,matched
2025,1,10397,14747,primary,3482.0,1419,1166670.98,526824536.564,335.05771970132105,39035.73186774683,False,622.0,7.0,2.0,0.0,613.0,0.0,140.0,34.0,4969.0,3.0,0.011254019292604502,0.003215434083601286,0.22838499184339314,0.05546492659053834,8.106035889070148,matched
2025,1,10397,14771,primary,4818.0,2336,1726538.6600000001,889633660.2182,358.3517351598174,56231.95010101574,False,661.0,7.0,1.0,0.0,653.0,0.0,168.0,53.0,4914.0,3.0,0.01059001512859304,0.0015128593040847202,0.2572741194486983,0.08116385911179173,7.525267993874426,matched
2025,1,10397,14869,primary,2638.0,1076,1347583.5999999999,785978975.8166001,510.8353297952994,36992.29078235911,False,730.0,8.0,0.0,0.0,722.0,0.0,122.0,40.0,703.0,3.0,0.010958904109589041,0.0,0.16897506925207756,0.055401662049861494,0.9736842105263158,matched
2025,1,10397,15016,primary,2979.0,1493,718950.8200000001,201513661.5762,241.3396508895603,9399.906569532352,False,786.0,18.0,2.0,0.0,766.0,0.0,140.0,41.0,3128.0,3.0,0.022900763358778626,0.002544529262086514,0.18276762402088773,0.05352480417754569,4.0835509138381205,matched
2025,1,10397,15304,primary,7616.0,2506,1416732.56,354239568.0726,186.0205567226891,11908.900805441102,False,1567.0,33.0,0.0,0.0,1534.0,0.0,417.0,135.0,22132.0,3.0,0.021059349074664963,0.0,0.27183833116036504,0.0880052151238592,14.427640156453716,matched
2025,1,10721,10397,primary,8711.0,2651,1768873.1199999999,559415905.0096,203.0620043623005,22985.304075284577,False,1146.0,25.0,4.0,0.0,1117.0,0.0,257.0,87.0,7350.0,3.0,0.02181500872600349,0.0034904013961605585,0.23008057296329454,0.07788719785138765,6.58012533572068,matched
2025,1,10721,10821,primary,4875.0,1751,694360.96,136190475.9878,142.43301743589743,7649.343439038672,False,918.0,20.0,1.0,0.0,897.0,0.0,130.0,51.0,-570.0,3.0,0.02178649237472767,0.0010893246187363835,0.14492753623188406,0.056856187290969896,-0.6354515050167224,matched
2025,1,10721,11278,primary,11968.0,3299,1831789.6,343464737.6346,153.0572860962567,5272.058218520418,False,2367.0,99.0,8.0,0.0,2260.0,0.0,609.0,261.0,28440.0,3.0,0.04182509505703422,0.0033798056611744824,0.26946902654867255,0.11548672566371682,12.584070796460177,matched
2025,1,10721,11292,primary,7288.0,2914,1619564.6099999999,492928971.4821,222.22346459934136,18252.430393169445,False,847.0,2.0,1.0,0.0,844.0,0.0,172.0,39.0,-1637.0,3.0,0.0023612750885478157,0.0011806375442739079,0.2037914691943128,0.0462085308056872,-1.9395734597156398,matched
2025,1,10721,11298,primary,7229.0,2443,1660532.59,525815958.3155,229.704328399502,19972.947149545493,False,875.0,24.0,2.0,0.0,849.0,0.0,204.0,59.0,3682.0,3.0,0.027428571428571427,0.002285714285714286,0.24028268551236748,0.06949352179034157,4.336866902237927,matched
2025,1,10721,11433,primary,4056.0,1492,755810.57,202920049.48649997,186.3438288954635,15305.575432208389,False,626.0,2.0,2.0,0.0,622.0,0.0,100.0,33.0,-90.0,3.0,0.003194888178913738,0.003194888178913738,0.1607717041800643,0.05305466237942122,-0.14469453376205788,matched
2025,1,10721,11618,primary,4324.0,1607,862225.0599999999,199132696.99799997,199.40450046253468,6290.735342835564,False,951.0,19.0,0.0,0.0,932.0,0.0,152.0,63.0,884.0,3.0,0.019978969505783387,0.0,0.1630901287553648,0.06759656652360516,0.9484978540772532,matched
2025,1,10721,11697,primary,12153.0,2697,2007000.6500000001,515281467.63329995,165.14446227268988,15126.834897400717,False,1011.0,11.0,2.0,0.0,998.0,0.0,337.0,140.0,18858.0,3.0,0.010880316518298714,0.0019782393669634025,0.3376753507014028,0.1402805611222445,18.895791583166332,matched
2025,1,10721,12173,primary,1312.0,781,586064.5700000001,394471876.3089,446.6955564024391,101127.61975990376,False,115.0,3.0,1.0,0.0,111.0,0.0,28.0,10.0,1407.0,3.0,0.02608695652173913,0.008695652173913044,0.25225225225225223,0.09009009009009009,12.675675675675675,matched
2025,1,10721,12266,primary,3741.0,1604,1052173.66,371248283.7736,281.2546538358727,20133.532546131188,False,381.0,5.0,1.0,0.0,375.0,0.0,95.0,27.0,1366.0,3.0,0.013123359580052493,0.0026246719160104987,0.25333333333333335,0.072,3.6426666666666665,matched
2025,1,10721,12478,primary,1733.0,981,311063.78,70133639.9338,179.49439122908254,8251.261459482244,False,1251.0,30.0,0.0,0.0,1221.0,0.0,238.0,110.0,6214.0,3.0,0.023980815347721823,0.0,0.19492219492219492,0.09009009009009009,5.089271089271089,matched
2025,1,10721,12889,primary,5503.0,1699,1667481.34,783543046.269,303.01314555696894,50567.74128258231,False,451.0,3.0,1.0,0.0,447.0,0.0,129.0,43.0,2646.0,3.0,0.0066518847006651885,0.0022172949002217295,0.28859060402684567,0.09619686800894854,5.919463087248322,matched
2025,1,10721,12892,primary,10003.0,3976,3140359.6999999997,1741206093.6262,313.9417874637608,75508.94293002503,False,969.0,6.0,1.0,0.0,962.0,0.0,198.0,67.0,3921.0,3.0,0.006191950464396285,0.0010319917440660474,0.20582120582120583,0.06964656964656965,4.075883575883576,matched
2025,1,10721,12953,primary,5752.0,2076,1196695.07,301125311.04289997,208.04851703755216,9067.224684153385,False,1714.0,43.0,2.0,0.0,1669.0,0.0,298.0,117.0,917.0,3.0,0.025087514585764293,0.0011668611435239206,0.17855002995805871,0.0701018573996405,0.5494307968843619,matched
2025,1,10721,13204,primary,16701.0,3460,3068050.75,811554044.0761,183.70461349619782,14845.755754782957,False,1378.0,21.0,1.0,0.0,1356.0,0.0,391.0,143.0,16474.0,3.0,0.015239477503628448,0.000725689404934688,0.2883480825958702,0.10545722713864307,12.14896755162242,matched
2025,1,10721,13232,primary,1455.0,679,211586.16,36841522.248,145.4200412371134,4173.6454540189225,False,204.0,2.0,0.0,0.0,202.0,0.0,29.0,8.0,-704.0,3.0,0.00980392156862745,0.0,0.14356435643564355,0.039603960396039604,-3.485148514851485,matched
2025,1,10721,13303,primary,9938.0,3275,1919487.69,594092852.2493,193.146275910646,22474.436835326167,False,1068.0,11.0,3.0,0.0,1054.0,0.0,266.0,85.0,6433.0,3.0,0.010299625468164793,0.0028089887640449437,0.2523719165085389,0.08064516129032258,6.103415559772296,matched
2025,1,10721,13487,primary,3047.0,981,987134.9600000001,393251125.45100003,323.9694650475878,24105.526921571407,False,384.0,0.0,0.0,0.0,384.0,0.0,64.0,20.0,-906.0,3.0,0.0,0.0,0.16666666666666666,0.052083333333333336,-2.359375,matched
2025,1,10721,13930,primary,9595.0,4173,1720856.59,391967124.93490005,179.3493058884836,8685.011983822533,False,1523.0,16.0,3.0,0.0,1504.0,0.0,290.0,103.0,2246.0,3.0,0.010505581089954037,0.001969796454366382,0.19281914893617022,0.06848404255319149,1.4933510638297873,matched
2025,1,10721,14100,primary,6873.0,2977,1081063.3,215430958.11360002,157.2913283864397,6603.968512552285,False,1218.0,22.0,1.0,0.0,1195.0,0.0,228.0,83.0,5176.0,3.0,0.0180623973727422,0.0008210180623973727,0.1907949790794979,0.0694560669456067,4.331380753138076,matched
2025,1,10721,14107,primary,5755.0,2382,1490300.02,578793917.4376,258.9574317984361,33513.40602071973,False,594.0,1.0,1.0,0.0,592.0,0.0,126.0,44.0,813.0,3.0,0.0016835016835016834,0.0016835016835016834,0.21283783783783783,0.07432432432432433,1.3733108108108107,matched
2025,1,10721,14635,primary,10262.0,2149,2003142.52,562523239.454,195.20001169362698,16713.096484700698,False,860.0,18.0,4.0,0.0,838.0,0.0,262.0,86.0,10545.0,3.0,0.020930232558139535,0.004651162790697674,0.3126491646778043,0.1026252983293556,12.583532219570406,matched
2025,1,10721,14679,primary,4345.0,1918,1257557.95,581992731.1029,289.42645569620254,50177.7194020294,False,342.0,3.0,3.0,0.0,336.0,0.0,69.0,17.0,-2313.0,3.0,0.008771929824561403,0.008771929824561403,0.20535714285714285,0.050595238095238096,-6.883928571428571,matched
2025,1,10721,14747,primary,4252.0,1703,1016558.29,365777150.97190005,239.07767873941674,28866.593296187493,False,488.0,7.0,2.0,0.0,479.0,0.0,92.0,27.0,-563.0,3.0,0.014344262295081968,0.004098360655737705,0.19206680584551147,0.05636743215031315,-1.1753653444676408,matched
2025,1,10721,14771,primary,9994.0,4031,3165881.8499999996,1824099179.8975,316.77825195117066,82170.96873829917,False,900.0,4.0,2.0,0.0,894.0,0.0,195.0,70.0,-1961.0,3.0,0.0044444444444444444,0.0022222222222222222,0.2181208053691275,0.07829977628635347,-2.193512304250559,matched
2025,1,10721,14869,primary,3489.0,1501,1370235.54,728398171.6963999,392.7301633705933,54532.91608369356,False,330.0,2.0,2.0,0.0,326.0,0.0,69.0,18.0,-674.0,3.0,0.006060606060606061,0.006060606060606061,0.2116564417177914,0.05521472392638037,-2.067484662576687,matched
2025,1,10721,15016,primary,1196.0,847,359276.81,128136679.1765,300.3986705685619,16898.330339787775,False,307.0,14.0,0.0,0.0,293.0,0.0,49.0,15.0,-202.0,3.0,0.04560260586319218,0.0,0.16723549488054607,0.051194539249146756,-0.689419795221843,matched
2025,1,10721,15304,primary,9780.0,2191,1596698.5,379266170.7388,163.2616053169734,12125.420288506804,False,820.0,15.0,2.0,0.0,803.0,0.0,254.0,101.0,11256.0,3.0,0.018292682926829267,0.0024390243902439024,0.3163138231631382,0.12577833125778332,14.017434620174345,matched
2025,1,10821,10397,primary,7133.0,2589,1139552.18,262546933.4758,159.75777092387494,11284.819479539841,False,1359.0,36.0,1.0,0.0,1322.0,0.0,241.0,76.0,3749.0,3.0,0.026490066225165563,0.0007358351729212656,0.18229954614220878,0.057488653555219364,2.835854765506808,matched
2025,1,10821,10721,primary,4817.0,1750,683948.38,134077648.34259999,141.9863774133278,7674.132349737563,False,918.0,17.0,0.0,0.0,901.0,0.0,149.0,59.0,1386.0,3.0,0.018518518518518517,0.0,0.16537180910099888,0.06548279689234185,1.5382907880133185,matched
2025,1,10821,11292,primary,3009.0,1624,758009.0600000002,228911877.47059998,251.91394483217022,12615.096360078016,False,636.0,11.0,0.0,0.0,625.0,0.0,111.0,29.0,-1221.0,3.0,0.01729559748427673,0.0,0.1776,0.0464,-1.9536,matched
2025,1,10821,11298,primary,2702.0,1297,451926.49000000005,124755516.6505,167.25628793486308,18196.879908833445,False,357.0,14.0,0.0,0.0,343.0,0.0,61.0,23.0,-799.0,3.0,0.0392156862745098,0.0,0.17784256559766765,0.06705539358600583,-2.3294460641399417,matched
2025,1,10821,11433,primary,1706.0,938,317321.54000000004,74391784.3266,186.0032473622509,9008.76168148277,False,481.0,3.0,0.0,0.0,478.0,0.0,88.0,37.0,2273.0,3.0,0.006237006237006237,0.0,0.18410041841004185,0.07740585774058577,4.7552301255230125,matched
2025,1,10821,11697,primary,6371.0,2004,984103.66,228237137.9412,154.46612148799247,11964.599346862651,False,913.0,23.0,1.0,0.0,889.0,0.0,187.0,66.0,3365.0,3.0,0.025191675794085433,0.001095290251916758,0.21034870641169853,0.07424071991001124,3.7851518560179978,matched
2025,1,10821,12266,primary,2128.0,1040,335010.08,78935322.1396,157.42954887218045,12309.60356088671,False,256.0,8.0,0.0,0.0,248.0,0.0,39.0,11.0,252.0,3.0,0.03125,0.0,0.15725806451612903,0.04435483870967742,1.0161290322580645,matched
2025,1,10821,12889,primary,3463.0,1719,884620.81,301401293.5585,255.44926653190876,21780.409034114055,False,494.0,5.0,2.0,0.0,487.0,0.0,102.0,33.0,269.0,3.0,0.010121457489878543,0.004048582995951417,0.20944558521560575,0.06776180698151951,0.5523613963039015,matched
2025,1,10821,12892,primary,2420.0,1349,660308.03,249048257.52389997,272.8545578512397,28462.89336885407,False,313.0,8.0,1.0,0.0,304.0,0.0,44.0,5.0,-2519.0,3.0,0.025559105431309903,0.003194888178913738,0.14473684210526316,0.01644736842105263,-8.286184210526315,matched
2025,1,10821,13204,primary,9935.0,3097,1621479.44,379767876.0994,163.20880120785102,11588.138954587052,False,1287.0,31.0,1.0,0.0,1255.0,0.0,233.0,88.0,5169.0,3.0,0.024087024087024088,0.000777000777000777,0.1856573705179283,0.0701195219123506,4.118725099601594,matched
2025,1,10821,13232,primary,2121.0,1211,353821.98,77800005.499,166.81847241867044,8852.410790782946,False,403.0,7.0,2.0,0.0,394.0,0.0,72.0,17.0,461.0,3.0,0.017369727047146403,0.004962779156327543,0.18274111675126903,0.04314720812182741,1.1700507614213198,matched
2025,1,10821,13303,primary,3869.0,1918,665344.34,163952740.6556,171.96803825277848,12802.99295508151,False,607.0,14.0,1.0,0.0,592.0,0.0,128.0,56.0,5268.0,3.0,0.023064250411861616,0.0016474464579901153,0.21621621621621623,0.0945945945945946,8.89864864864865,matched
2025,1,10821,13487,primary,1113.0,748,268440.67,78016922.23390001,241.18658580413296,11925.09752527051,False,260.0,2.0,0.0,0.0,258.0,0.0,33.0,15.0,-666.0,3.0,0.007692307692307693,0.0,0.12790697674418605,0.05813953488372093,-2.5813953488372094,matched
2025,1,10821,13796,primary,27.0,26,8926.68,3384352.3814,330.6177777777778,16038.26951358022,True,4.0,0.0,0.0,0.0,4.0,0.0,2.0,1.0,54.0,3.0,0.0,0.0,0.5,0.25,13.5,matched
2025,1,10821,13930,primary,2129.0,1366,434073.67,110222611.4281,203.8861766087365,10202.437992145424,False,585.0,9.0,0.0,0.0,576.0,0.0,115.0,43.0,2002.0,3.0,0.015384615384615385,0.0,0.1996527777777778,0.07465277777777778,3.4756944444444446,matched
2025,1,10821,14107,primary,1938.0,1102,578414.54,200225832.7108,298.4595149638803,14237.621080672892,False,323.0,3.0,2.0,0.0,318.0,0.0,58.0,19.0,117.0,3.0,0.009287925696594427,0.006191950464396285,0.18238993710691823,0.059748427672955975,0.36792452830188677,matched
2025,1,10821,14635,primary,2106.0,1086,550563.02,172604819.5804,261.4259354226021,13615.084077781197,False,376.0,8.0,3.0,0.0,365.0,0.0,85.0,26.0,2632.0,3.0,0.02127659574468085,0.007978723404255319,0.2328767123287671,0.07123287671232877,7.210958904109589,matched
2025,1,10821,14679,primary,1191.0,709,386659.72,147297170.924,324.6513182199832,18276.728063333678,False,197.0,3.0,1.0,0.0,193.0,0.0,44.0,14.0,49.0,3.0,0.015228426395939087,0.005076142131979695,0.22797927461139897,0.07253886010362694,0.2538860103626943,matched
2025,1,10821,14747,primary,695.0,339,199523.22999999998,74565956.2827,287.08378417266186,24872.046595608103,False,84.0,1.0,0.0,0.0,83.0,0.0,25.0,6.0,1013.0,3.0,0.011904761904761904,0.0,0.30120481927710846,0.07228915662650602,12.204819277108435,matched
2025,1,10821,14771,primary,682.0,481,227590.88,101213609.16839999,333.71096774193546,37044.041575309806,False,92.0,2.0,0.0,0.0,90.0,0.0,7.0,2.0,-1593.0,3.0,0.021739130434782608,0.0,0.07777777777777778,0.022222222222222223,-17.7,matched
2025,1,10821,14869,primary,1484.0,1006,506887.39,200702294.5691,341.5683221024259,18575.21514280459,False,213.0,1.0,0.0,0.0,212.0,0.0,42.0,10.0,323.0,3.0,0.004694835680751174,0.0,0.19811320754716982,0.04716981132075472,1.5235849056603774,matched
2025,1,10821,15016,primary,898.0,624,221171.04,66445558.5232,246.2929175946548,13332.625605964255,False,251.0,8.0,0.0,0.0,243.0,0.0,41.0,9.0,1256.0,3.0,0.03187250996015936,0.0,0.16872427983539096,0.037037037037037035,5.1687242798353905,matched
2025,1,10821,15304,primary,4436.0,1716,874455.6900000001,229509946.0773,197.1270716862038,12878.957752087728,False,696.0,17.0,0.0,0.0,679.0,0.0,141.0,52.0,4593.0,3.0,0.02442528735632184,0.0,0.20765832106038293,0.07658321060382917,6.764359351988218,matched
2025,1,11278,10397,primary,8106.0,3018,1707156.0999999999,474805717.9492,210.60400937577103,14220.552511583432,False,1707.0,88.0,0.0,0.0,1619.0,0.0,364.0,162.0,16078.0,3.0,0.051552431165787935,0.0,0.22483014206300186,0.10006176652254478,9.930821494749846,matched
2025,1,11278,10721,primary,12133.0,3423,1898196.12,371516880.8814,156.44903321519823,6144.064374397065,False,2367.0,104.0,0.0,0.0,2263.0,0.0,494.0,195.0,12822.0,3.0,0.04393747359526827,0.0,0.21829429960229785,0.08616880247459124,5.665930181175431,matched
2025,1,11278,11292,primary,2756.0,1304,487841.83,129210633.4603,177.01082365747462,15550.562161622016,False,359.0,6.0,0.0,0.0,353.0,0.0,91.0,35.0,4749.0,3.0,0.016713091922005572,0.0,0.2577903682719547,0.09915014164305949,13.453257790368271,matched
2025,1,11278,11298,primary,4394.0,1586,1324996.53,510971328.6383,301.546775147929,25357.96493732449,False,898.0,46.0,7.0,0.0,845.0,0.0,152.0,57.0,3491.0,3.0,0.051224944320712694,0.0077951002227171495,0.17988165680473372,0.06745562130177515,4.131360946745562,matched
2025,1,11278,11433,primary,2930.0,1338,633495.89,167828508.5239,216.21020136518771,10532.503270642046,False,662.0,31.0,0.0,0.0,631.0,0.0,179.0,83.0,10140.0,3.0,0.04682779456193353,0.0,0.2836767036450079,0.13153724247226625,16.06973058637084,matched
2025,1,11278,11618,primary,1223.0,827,245026.45,56066970.5869,200.34869174161898,5704.204323227139,False,113.0,8.0,0.0,0.0,105.0,0.0,6.0,4.0,-438.0,3.0,0.07079646017699115,0.0,0.05714285714285714,0.0380952380952381,-4.171428571428572,matched
2025,1,11278,11697,primary,5765.0,1802,936873.96,195872221.7966,162.51066088464873,7566.386017585788,False,614.0,24.0,3.0,0.0,587.0,0.0,135.0,54.0,6524.0,3.0,0.03908794788273615,0.004885993485342019,0.22998296422487224,0.0919931856899489,11.114139693356048,matched
2025,1,11278,12266,primary,2937.0,1308,869407.2600000001,312733985.7252,296.01881511746683,18853.618919127184,False,548.0,22.0,2.0,0.0,524.0,0.0,86.0,27.0,2258.0,3.0,0.040145985401459854,0.0036496350364963502,0.16412213740458015,0.05152671755725191,4.309160305343512,matched
2025,1,11278,12478,primary,909.0,594,150078.96999999997,30010285.3963,165.10337733773375,5755.490189143649,False,614.0,32.0,1.0,0.0,581.0,0.0,96.0,41.0,831.0,3.0,0.05211726384364821,0.0016286644951140066,0.16523235800344235,0.07056798623063683,1.4302925989672977,matched
2025,1,11278,12889,primary,1419.0,911,438643.88,186436360.8334,309.12183227625087,35829.42983159698,False,128.0,3.0,0.0,0.0,125.0,0.0,31.0,10.0,-67.0,3.0,0.0234375,0.0,0.248,0.08,-0.536,matched
2025,1,11278,12892,primary,4117.0,1832,1398381.1,719755271.3482,339.6602137478747,59456.120481227044,False,360.0,9.0,1.0,0.0,350.0,0.0,79.0,35.0,3994.0,3.0,0.025,0.002777777777777778,0.2257142857142857,0.1,11.411428571428571,matched
2025,1,11278,12953,primary,3701.0,1795,687512.78,148684269.80260003,185.76405836260471,5665.794545702083,False,1115.0,56.0,2.0,0.0,1057.0,0.0,254.0,109.0,10179.0,3.0,0.05022421524663677,0.0017937219730941704,0.2403027436140019,0.10312204351939451,9.630085146641438,matched
2025,1,11278,13204,primary,10019.0,3187,1622699.0,330989386.7802,161.96217187344047,6804.424837143433,False,1151.0,38.0,1.0,0.0,1112.0,0.0,244.0,99.0,8188.0,3.0,0.03301476976542137,0.0008688097306689834,0.21942446043165467,0.08902877697841727,7.363309352517986,matched
2025,1,11278,13232,primary,2463.0,908,432952.22000000003,93240964.9948,175.78246853430775,6957.188390495863,False,515.0,18.0,0.0,0.0,497.0,0.0,99.0,45.0,3365.0,3.0,0.03495145631067961,0.0,0.19919517102615694,0.09054325955734406,6.770623742454728,matched
2025,1,11278,13303,primary,7350.0,2043,1533886.25,465256418.7471,208.6920068027211,19747.839323469336,False,1074.0,32.0,4.0,0.0,1038.0,0.0,198.0,78.0,2542.0,3.0,0.0297951582867784,0.0037243947858473,0.1907514450867052,0.07514450867052024,2.448940269749518,matched
2025,1,11278,13487,primary,2862.0,1291,729005.62,229092404.30599996,254.71894479385045,15164.522023344944,False,595.0,27.0,1.0,0.0,567.0,0.0,135.0,50.0,4525.0,3.0,0.0453781512605042,0.0016806722689075631,0.23809523809523808,0.08818342151675485,7.980599647266314,matched
2025,1,11278,13796,primary,102.0,88,30243.41,10885945.4425,296.50401960784313,18810.321675019237,False,,,,,,,,,,,,,,,,fare_only
2025,1,11278,13930,primary,6637.0,2684,1425881.01,374607790.8349,214.8381814072623,10286.89283461649,False,1625.0,59.0,0.0,0.0,1566.0,0.0,265.0,118.0,5933.0,3.0,0.036307692307692305,0.0,0.16922094508301405,0.07535121328224777,3.788633461047254,matched
2025,1,11278,14100,primary,40.0,38,8408.98,2079165.064,210.22449999999998,7784.786199750015,False,305.0,20.0,0.0,0.0,285.0,0.0,85.0,31.0,4043.0,3.0,0.06557377049180328,0.0,0.2982456140350877,0.10877192982456141,14.185964912280701,matched
2025,1,11278,14107,primary,2403.0,1142,844369.5399999999,386908876.638,351.38141489804406,37541.86973615874,False,266.0,6.0,1.0,0.0,259.0,0.0,31.0,11.0,-1460.0,3.0,0.022556390977443608,0.0037593984962406013,0.11969111969111969,0.04247104247104247,-5.637065637065637,matched
2025,1,11278,14635,primary,1645.0,1274,387818.29000000004,116026885.99689999,235.7557993920973,14952.264449284965,False,269.0,11.0,0.0,0.0,258.0,0.0,69.0,25.0,3223.0,3.0,0.040892193308550186,0.0,0.26744186046511625,0.09689922480620156,12.492248062015504,matched
2025,1,11278,14679,primary,157.0,132,44711.62,16261228.827599999,284.7873885350319,22470.84923967703,False,14.0,0.0,0.0,0.0,14.0,0.0,4.0,1.0,88.0,1.0,0.0,0.0,0.2857142857142857,0.07142857142857142,6.285714285714286,matched
2025,1,11278,14747,primary,1703.0,1012,636177.82,324658643.167,373.5630182031708,51089.92167579944,False,203.0,9.0,1.0,0.0,193.0,0.0,49.0,19.0,2534.0,3.0,0.04433497536945813,0.0049261083743842365,0.2538860103626943,0.09844559585492228,13.129533678756477,matched
2025,1,11278,14771,primary,2132.0,1222,792814.28,452221049.77019995,371.8641088180113,73828.27114437462,False,226.0,3.0,0.0,0.0,223.0,0.0,55.0,33.0,2560.0,3.0,0.01327433628318584,0.0,0.24663677130044842,0.14798206278026907,11.47982062780269,matched
2025,1,11278,14869,primary,774.0,568,408161.32999999996,252955565.1545,527.3402196382428,48728.268403698574,False,90.0,1.0,0.0,0.0,89.0,0.0,26.0,9.0,1239.0,3.0,0.011111111111111112,0.0,0.29213483146067415,0.10112359550561797,13.92134831460674,matched
2025,1,11278,15016,primary,2465.0,1203,509794.99,128807806.02470002,206.81338336713995,9482.91250271105,False,506.0,34.0,1.0,0.0,471.0,0.0,132.0,55.0,6600.0,3.0,0.06719367588932806,0.001976284584980237,0.2802547770700637,0.11677282377919321,14.012738853503185,matched
2025,1,11278,15304,primary,3802.0,1539,859312.8099999999,238085794.8397,226.0159942135718,11537.968371144634,False,547.0,16.0,0.0,0.0,531.0,0.0,152.0,60.0,8050.0,3.0,0.029250457038391225,0.0,0.2862523540489642,0.11299435028248588,15.160075329566855,matched
2025,1,11292,10397,primary,8419.0,3139,1914264.04,597240126.8848,227.37427723007482,19240.49463858854,False,1284.0,16.0,1.0,0.0,1267.0,0.0,279.0,80.0,8541.0,3.0,0.012461059190031152,0.000778816199376947,0.2202052091554854,0.06314127861089187,6.741120757695343,matched
2025,1,11292,10721,primary,7385.0,3038,1735097.04,557243159.2484001,234.94882058226133,20255.13285099897,False,830.0,1.0,0.0,0.0,829.0,0.0,167.0,51.0,3912.0,3.0,0.0012048192771084338,0.0,0.2014475271411339,0.061519903498190594,4.718938480096502,matched
2025,1,11292,10821,primary,3005.0,1634,775144.77,241482553.1781,257.95167054908484,13821.186302567017,False,625.0,9.0,4.0,0.0,612.0,0.0,126.0,33.0,1929.0,3.0,0.0144,0.0064,0.20588235294117646,0.05392156862745098,3.1519607843137254,matched
2025,1,11292,11278,primary,2809.0,1355,508534.52999999997,141344380.98430002,181.03756852972586,17543.797137662194,False,360.0,4.0,2.0,0.0,354.0,0.0,120.0,47.0,5845.0,3.0,0.011111111111111112,0.005555555555555556,0.3389830508474576,0.1327683615819209,16.51129943502825,matched
2025,1,11292,11298,primary,9229.0,2801,1734279.4200000002,480339156.4648,187.9162877884928,16734.186355013502,False,1457.0,40.0,1.0,0.0,1416.0,0.0,329.0,115.0,12239.0,3.0,0.027453671928620454,0.0006863417982155113,0.2323446327683616,0.08121468926553672,8.643361581920903,matched
2025,1,11292,11433,primary,4319.0,1827,930547.26,273361654.649,215.45433202130124,16872.242725503093,False,647.0,0.0,0.0,0.0,647.0,0.0,142.0,46.0,4480.0,3.0,0.0,0.0,0.21947449768160743,0.07109737248840804,6.924265842349304,matched
2025,1,11292,11618,primary,5137.0,1847,1447566.17,540670899.5641,281.79212964765424,25843.516782928127,False,749.0,2.0,1.0,0.0,746.0,0.0,157.0,54.0,4696.0,3.0,0.0026702269692923898,0.0013351134846461949,0.21045576407506703,0.07238605898123325,6.294906166219839,matched
2025,1,11292,11697,primary,3284.0,1770,1080089.86,453947198.78400004,328.8945980511572,30058.306461683736,False,502.0,1.0,2.0,0.0,499.0,0.0,98.0,34.0,1659.0,3.0,0.00199203187250996,0.00398406374501992,0.1963927855711423,0.06813627254509018,3.3246492985971945,matched
2025,1,11292,12173,primary,732.0,454,447834.93,348889956.1975,611.7963524590164,102330.84633847146,False,130.0,0.0,1.0,0.0,129.0,0.0,28.0,11.0,97.0,3.0,0.0,0.007692307692307693,0.21705426356589147,0.08527131782945736,0.751937984496124,matched
2025,1,11292,12266,primary,6896.0,2293,1483992.54,444644534.99120003,215.19613399071926,18169.239778441442,False,1087.0,17.0,0.0,0.0,1070.0,0.0,216.0,65.0,4062.0,3.0,0.015639374425023,0.0,0.20186915887850468,0.06074766355140187,3.796261682242991,matched
2025,1,11292,12478,primary,2831.0,990,668320.0499999999,213533025.1749,236.072077004592,19696.687696074623,False,333.0,6.0,3.0,0.0,324.0,0.0,72.0,28.0,2231.0,3.0,0.018018018018018018,0.009009009009009009,0.2222222222222222,0.08641975308641975,6.885802469135802,matched
2025,1,11292,12889,primary,12615.0,3363,1879850.73,387735234.96029997,149.01710107015458,8529.950751572422,False,1935.0,3.0,0.0,0.0,1932.0,0.0,457.0,146.0,9091.0,3.0,0.0015503875968992248,0.0,0.2365424430641822,0.07556935817805382,4.705486542443064,matched
2025,1,11292,12892,primary,9264.0,3481,1619961.95,394796365.9289,174.86635902417962,12037.944513675506,False,1861.0,0.0,1.0,0.0,1860.0,0.0,353.0,100.0,444.0,3.0,0.0,0.0005373455131649651,0.18978494623655914,0.053763440860215055,0.23870967741935484,matched
2025,1,11292,12953,primary,8157.0,3417,2089877.0,714107127.6129999,256.2065710432757,21903.507115458153,False,1077.0,3.0,8.0,0.0,1066.0,0.0,256.0,95.0,8421.0,3.0,0.002785515320334262,0.007428040854224698,0.2401500938086304,0.08911819887429644,7.899624765478424,matched
2025,1,11292,13204,primary,10432.0,4018,2504033.0100000002,803580586.2987,240.03383914877304,19414.103676489824,False,1241.0,3.0,1.0,0.0,1237.0,0.0,224.0,83.0,1127.0,3.0,0.0024174053182917004,0.0008058017727639,0.18108326596604687,0.06709781729991916,0.9110751818916734,matched
2025,1,11292,13232,primary,3732.0,1726,574683.98,117971767.666,153.98820471596997,7898.503029681568,False,619.0,5.0,1.0,0.0,613.0,0.0,121.0,37.0,2069.0,3.0,0.008077544426494346,0.0016155088852988692,0.19738988580750408,0.06035889070146819,3.375203915171289,matched
2025,1,11292,13303,primary,6574.0,3031,1557370.12,538763760.4446,236.89840584119258,25832.866095511585,False,805.0,4.0,1.0,0.0,800.0,0.0,177.0,61.0,4227.0,3.0,0.004968944099378882,0.0012422360248447205,0.22125,0.07625,5.28375,matched
2025,1,11292,13487,primary,8473.0,2694,1360752.9500000002,290301984.1891,160.5987194618199,8470.058174814843,False,1259.0,3.0,1.0,0.0,1255.0,0.0,280.0,67.0,5858.0,3.0,0.0023828435266084196,0.0007942811755361397,0.22310756972111553,0.05338645418326693,4.667729083665338,matched
2025,1,11292,13796,primary,1738.0,957,360442.66,90363790.0952,207.389332566168,8982.639476079275,False,387.0,1.0,0.0,0.0,386.0,0.0,87.0,27.0,1379.0,3.0,0.002583979328165375,0.0,0.22538860103626943,0.06994818652849741,3.5725388601036268,matched
2025,1,11292,13930,primary,9608.0,3666,1888459.03,494763311.29270005,196.55069004995838,12862.75872347263,False,1399.0,6.0,1.0,0.0,1392.0,0.0,320.0,109.0,10185.0,3.0,0.004288777698355968,0.0007147962830593281,0.22988505747126436,0.07830459770114942,7.316810344827586,matched
2025,1,11292,14100,primary,4583.0,2778,1162550.2,399206277.488,253.6657647828933,22759.566202595342,False,622.0,8.0,1.0,0.0,613.0,0.0,131.0,37.0,3353.0,3.0,0.012861736334405145,0.001607717041800643,0.2137030995106036,0.06035889070146819,5.4698205546492655,matched
2025,1,11292,14107,primary,16952.0,4728,2805868.81,624218065.7985001,165.5184526899481,9426.321491052033,False,2529.0,12.0,1.0,0.0,2516.0,0.0,505.0,153.0,8526.0,3.0,0.004744958481613286,0.00039541320680110717,0.2007154213036566,0.060810810810810814,3.388712241653418,matched
2025,1,11292,14635,primary,2402.0,1380,772266.82,320939163.0922,321.50991673605324,30244.680306404392,False,366.0,0.0,1.0,0.0,365.0,0.0,77.0,18.0,1727.0,3.0,0.0,0.00273224043715847,0.21095890410958903,0.049315068493150684,4.7315068493150685,matched
2025,1,11292,14679,primary,7805.0,2774,1418247.35,338820198.3617,181.71010249839847,10392.098273557713,False,1259.0,4.0,7.0,0.0,1248.0,0.0,266.0,67.0,703.0,3.0,0.003177124702144559,0.005559968228752979,0.21314102564102563,0.05368589743589743,0.563301282051282,matched
2025,1,11292,14747,primary,7846.0,3239,1394049.54,308343255.5468,177.67646444047924,7730.494777558448,False,1328.0,5.0,2.0,0.0,1321.0,0.0,307.0,74.0,7666.0,3.0,0.0037650602409638554,0.0015060240963855422,0.2323996971990916,0.056018168054504165,5.803179409538228,matched
2025,1,11292,14771,primary,7766.0,2947,1612336.71,459144480.21709996,207.61482230234355,16018.47549303434,False,1386.0,3.0,0.0,0.0,1383.0,0.0,388.0,150.0,12705.0,3.0,0.0021645021645021645,0.0,0.28054953000723065,0.10845986984815618,9.186550976138829,matched
2025,1,11292,14869,primary,7593.0,3199,1245364.71,272926244.3707,164.01484393520346,9043.585646995933,False,1935.0,4.0,1.0,0.0,1930.0,0.0,425.0,114.0,9642.0,3.0,0.0020671834625322996,0.0005167958656330749,0.22020725388601037,0.05906735751295337,4.9958549222797926,matched
2025,1,11292,15016,primary,3999.0,2047,800081.78,208342849.1774,200.07046261565392,12070.546967352879,False,824.0,13.0,2.0,0.0,809.0,0.0,155.0,40.0,1634.0,3.0,0.015776699029126214,0.0024271844660194173,0.1915945611866502,0.049443757725587144,2.0197775030902347,matched
2025,1,11292,15304,primary,6395.0,2889,1439375.29,453232429.6193,225.07823143080532,20212.726345722825,False,869.0,3.0,1.0,0.0,865.0,0.0,188.0,66.0,4521.0,3.0,0.0034522439585730723,0.0011507479861910242,0.21734104046242775,0.07630057803468208,5.226589595375723,matched
2025,1,11298,10397,primary,10859.0,3943,2397438.27,746431286.3521,220.7789179482457,19995.16154837332,False,1567.0,58.0,2.0,0.0,1507.0,0.0,318.0,126.0,12284.0,3.0,0.037013401403956606,0.0012763241863433313,0.21101526211015262,0.0836098208360982,8.15129396151294,matched
2025,1,11298,10721,primary,7263.0,2522,1695960.8599999999,540738648.2172,233.5069337739226,19925.65441250382,False,875.0,24.0,0.0,0.0,851.0,0.0,194.0,65.0,4957.0,3.0,0.027428571428571427,0.0,0.22796709753231492,0.07638072855464159,5.824911868390129,matched
2025,1,11298,10821,primary,2655.0,1317,452056.37,123117128.3875,170.2660527306968,17381.27105681078,False,357.0,14.0,1.0,0.0,342.0,0.0,68.0,20.0,950.0,3.0,0.0392156862745098,0.0028011204481792717,0.19883040935672514,0.05847953216374269,2.7777777777777777,matched
2025,1,11298,11278,primary,4342.0,1576,1307608.62,501183404.5236,301.15352832795946,24733.407401783974,False,897.0,44.0,3.0,0.0,850.0,0.0,173.0,45.0,1770.0,3.0,0.04905239687848383,0.0033444816053511705,0.20352941176470588,0.052941176470588235,2.0823529411764707,matched
2025,1,11298,11292,primary,8989.0,2696,1617396.6500000001,415088433.0297,179.93065413282903,13802.335721765896,False,1460.0,45.0,1.0,0.0,1414.0,0.0,297.0,94.0,9068.0,3.0,0.030821917808219176,0.0006849315068493151,0.21004243281471005,0.06647807637906648,6.413012729844413,matched
2025,1,11298,11433,primary,6057.0,2558,1274969.75,409863008.7333,210.49525342578835,23359.406983132896,False,1003.0,20.0,0.0,0.0,983.0,0.0,188.0,71.0,5312.0,3.0,0.019940179461615155,0.0,0.19125127161749747,0.07222787385554426,5.403865717192269,matched
2025,1,11298,11618,primary,7237.0,2830,1803240.25,640908678.7745,249.16957993643774,26474.514737808902,False,884.0,23.0,0.0,0.0,861.0,0.0,183.0,70.0,5149.0,3.0,0.026018099547511313,0.0,0.21254355400696864,0.08130081300813008,5.980255516840883,matched
2025,1,11298,11697,primary,5198.0,1910,1077695.32,351581237.2478,207.32884186225473,24652.542260836475,False,674.0,24.0,1.0,0.0,649.0,0.0,156.0,53.0,4980.0,3.0,0.03560830860534125,0.001483679525222552,0.24036979969183359,0.08166409861325115,7.673343605546996,matched
2025,1,11298,12173,primary,949.0,621,506968.42,354838667.9484,534.2132982086407,88524.12667289423,False,184.0,1.0,0.0,0.0,183.0,0.0,48.0,23.0,4102.0,3.0,0.005434782608695652,0.0,0.26229508196721313,0.12568306010928962,22.415300546448087,matched
2025,1,11298,12266,primary,4108.0,2235,754302.9,168455866.5524,183.61803797468355,7291.199614358826,False,1471.0,67.0,1.0,0.0,1403.0,0.0,325.0,114.0,11301.0,3.0,0.045547246770904146,0.0006798096532970768,0.2316464718460442,0.08125445473984319,8.05488239486814,matched
2025,1,11298,12478,primary,1627.0,986,405369.44,143554048.959,249.15146896127843,26155.90504670509,False,424.0,11.0,0.0,0.0,413.0,0.0,73.0,26.0,-240.0,3.0,0.025943396226415096,0.0,0.17675544794188863,0.06295399515738499,-0.5811138014527845,matched
2025,1,11298,12889,primary,10613.0,2733,2081477.06,705738632.515,196.12522943559784,28032.457039250578,False,1483.0,37.0,1.0,0.0,1445.0,0.0,357.0,124.0,12477.0,3.0,0.024949426837491573,0.0006743088334457181,0.24705882352941178,0.08581314878892733,8.634602076124567,matched
2025,1,11298,12892,primary,11353.0,3340,2392269.76,846453819.3848001,210.71696996388619,30156.080703018306,False,1671.0,35.0,2.0,0.0,1634.0,0.0,312.0,93.0,3155.0,3.0,0.020945541591861162,0.0011968880909634949,0.1909424724602203,0.056915544675642596,1.930844553243574,matched
2025,1,11298,12953,primary,11774.0,3844,2858544.64,1096309026.1578,242.78449464922713,34168.39734186708,False,1631.0,48.0,14.0,0.0,1569.0,0.0,369.0,132.0,13390.0,3.0,0.029429797670141016,0.008583690987124463,0.23518164435946462,0.0841300191204589,8.534098151688974,matched
2025,1,11298,13204,primary,10049.0,2845,2140010.72,674099133.9878,212.95757985869244,21730.284623837404,False,1246.0,41.0,1.0,0.0,1204.0,0.0,312.0,124.0,13997.0,3.0,0.03290529695024077,0.0008025682182985554,0.2591362126245847,0.10299003322259136,11.625415282392026,matched
2025,1,11298,13232,primary,783.0,308,71210.45,8610360.2721,90.9456577266922,2725.5160406593495,False,74.0,3.0,0.0,0.0,71.0,0.0,18.0,9.0,1463.0,3.0,0.04054054054054054,0.0,0.2535211267605634,0.1267605633802817,20.6056338028169,matched
2025,1,11298,13303,primary,5474.0,2370,1433286.84,574536881.1982,261.83537449762514,36399.65010673771,False,1188.0,25.0,2.0,0.0,1161.0,0.0,312.0,113.0,18186.0,3.0,0.021043771043771045,0.0016835016835016834,0.268733850129199,0.09732988802756244,15.664082687338501,matched
2025,1,11298,13487,primary,5106.0,2050,1350802.6,451752849.1532,264.55201723462596,18487.13208723509,False,793.0,17.0,1.0,0.0,775.0,0.0,140.0,54.0,2171.0,3.0,0.021437578814627996,0.0012610340479192938,0.18064516129032257,0.0696774193548387,2.801290322580645,matched
2025,1,11298,13930,primary,10597.0,3468,2359235.78,721136522.451,222.63242238369347,18485.811623602676,False,1505.0,34.0,3.0,0.0,1468.0,0.0,284.0,103.0,8196.0,3.0,0.022591362126245847,0.0019933554817275745,0.19346049046321526,0.07016348773841961,5.583106267029973,matched
2025,1,11298,14100,primary,5388.0,2134,1591348.72,617052364.1982,295.35054194506307,27291.510267746402,False,768.0,20.0,2.0,0.0,746.0,0.0,146.0,57.0,2391.0,3.0,0.026041666666666668,0.0026041666666666665,0.19571045576407506,0.07640750670241286,3.2050938337801607,matched
2025,1,11298,14107,primary,8535.0,2520,1915348.96,629073543.3356,224.4111259519625,23344.806869487948,False,1309.0,32.0,0.0,0.0,1277.0,0.0,307.0,106.0,12028.0,3.0,0.024446142093200916,0.0,0.240407204385278,0.08300704776820673,9.418950665622553,matched
2025,1,11298,14635,primary,1472.0,653,471076.57,189346241.5529,320.02484375,26216.05695948645,False,402.0,12.0,1.0,0.0,389.0,0.0,98.0,35.0,4249.0,3.0,0.029850746268656716,0.0024875621890547263,0.2519280205655527,0.08997429305912596,10.922879177377892,matched
2025,1,11298,14679,primary,4095.0,1618,1111436.31,417416539.9277,271.41301831501835,28268.194472696836,False,781.0,25.0,2.0,0.0,754.0,0.0,207.0,56.0,7050.0,3.0,0.03201024327784891,0.002560819462227913,0.27453580901856767,0.07427055702917772,9.350132625994695,matched
2025,1,11298,14747,primary,6408.0,2584,1353116.2000000002,385559251.2632,211.16045568039954,15579.684438618802,False,1186.0,21.0,3.0,0.0,1162.0,0.0,274.0,78.0,6694.0,3.0,0.01770657672849916,0.002529510961214165,0.23580034423407917,0.06712564543889846,5.760757314974183,matched
2025,1,11298,14771,primary,6461.0,2321,1654342.64,584337783.1705999,256.05055564154156,24878.878033911955,False,958.0,26.0,0.0,0.0,932.0,0.0,258.0,99.0,13585.0,3.0,0.027139874739039668,0.0,0.27682403433476394,0.10622317596566523,14.57618025751073,matched
2025,1,11298,14869,primary,4616.0,2184,1196919.97,405630841.0511,259.29808708838823,20639.46759796556,False,985.0,24.0,0.0,0.0,961.0,0.0,234.0,78.0,9986.0,3.0,0.024365482233502538,0.0,0.24349635796045785,0.08116545265348596,10.391259105098856,matched
2025,1,11298,15016,primary,1641.0,1072,445436.62,147028313.248,271.44218159658743,15915.920385246733,False,531.0,27.0,1.0,0.0,503.0,0.0,100.0,37.0,4383.0,3.0,0.05084745762711865,0.0018832391713747645,0.1988071570576541,0.073558648111332,8.713717693836978,matched
2025,1,11298,15304,primary,4560.0,1670,1028981.58,325376857.88379997,225.65385526315788,20434.911702198347,False,735.0,22.0,2.0,0.0,711.0,0.0,170.0,58.0,5529.0,3.0,0.029931972789115645,0.0027210884353741495,0.2390998593530239,0.08157524613220815,7.776371308016878,matched
2025,1,11433,10397,primary,7007.0,2112,1291604.32,397296532.5242,184.33057228485802,22722.187677037975,False,1156.0,17.0,1.0,0.0,1138.0,0.0,224.0,87.0,2733.0,3.0,0.014705882352941176,0.0008650519031141869,0.1968365553602812,0.07644991212653779,2.4015817223198592,matched
2025,1,11433,10721,primary,4080.0,1460,754872.89,204038300.60950002,185.01786519607845,15777.776962574964,False,626.0,3.0,0.0,0.0,623.0,0.0,105.0,39.0,424.0,3.0,0.004792332268370607,0.0,0.16853932584269662,0.06260032102728733,0.680577849117175,matched
2025,1,11433,10821,primary,1737.0,959,324008.1,76643068.0794,186.53316062176165,9329.195808490607,False,482.0,5.0,0.0,0.0,477.0,0.0,95.0,26.0,627.0,3.0,0.01037344398340249,0.0,0.19916142557651992,0.05450733752620545,1.3144654088050314,matched
2025,1,11433,11278,primary,2909.0,1310,627915.15,165884117.0525,215.85257820556893,10432.111732782214,False,664.0,24.0,5.0,0.0,635.0,0.0,193.0,89.0,12391.0,3.0,0.03614457831325301,0.007530120481927711,0.30393700787401573,0.14015748031496064,19.513385826771653,matched
2025,1,11433,11292,primary,4306.0,1797,920245.3400000001,271090042.50879997,213.71234091964703,17283.38520134775,False,648.0,2.0,2.0,0.0,644.0,0.0,145.0,24.0,1477.0,3.0,0.0030864197530864196,0.0030864197530864196,0.2251552795031056,0.037267080745341616,2.2934782608695654,matched
2025,1,11433,11298,primary,6078.0,2573,1280202.17,418698416.48569995,210.62885324119776,24523.017687019907,False,1005.0,21.0,2.0,0.0,982.0,0.0,230.0,102.0,5299.0,3.0,0.020895522388059702,0.001990049751243781,0.23421588594704684,0.10386965376782077,5.396130346232179,matched
2025,1,11433,11618,primary,3082.0,2005,612767.91,157837779.1791,198.82151524983777,11682.782224667026,False,631.0,3.0,0.0,0.0,628.0,0.0,138.0,60.0,2544.0,3.0,0.004754358161648178,0.0,0.2197452229299363,0.09554140127388536,4.050955414012739,matched
2025,1,11433,11697,primary,8659.0,2685,1891240.6199999999,613070804.1674,218.4132832890634,23097.20878433492,False,716.0,6.0,4.0,0.0,706.0,0.0,188.0,70.0,7865.0,3.0,0.008379888268156424,0.00558659217877095,0.26628895184135976,0.09915014164305949,11.140226628895185,matched
2025,1,11433,12173,primary,478.0,302,368248.07,378096528.4013,770.3934518828452,197490.85063766607,False,72.0,0.0,1.0,0.0,71.0,0.0,13.0,7.0,-432.0,3.0,0.0,0.013888888888888888,0.18309859154929578,0.09859154929577464,-6.084507042253521,matched
2025,1,11433,12266,primary,4669.0,2051,863307.75,241328854.57089996,184.902066823731,17498.707922671907,False,576.0,8.0,0.0,0.0,568.0,0.0,125.0,29.0,693.0,3.0,0.013888888888888888,0.0,0.22007042253521128,0.051056338028169015,1.2200704225352113,matched
2025,1,11433,12478,primary,751.0,652,174782.98,50261979.828600004,232.73366178428762,12761.780127337013,False,73.0,0.0,0.0,0.0,73.0,0.0,20.0,11.0,563.0,3.0,0.0,0.0,0.273972602739726,0.1506849315068493,7.712328767123288,matched
2025,1,11433,12889,primary,6464.0,2239,1732649.17,693291399.1437,268.04597308168314,35405.59504360758,False,747.0,0.0,1.0,0.0,746.0,0.0,175.0,49.0,2373.0,3.0,0.0,0.0013386880856760374,0.23458445040214476,0.06568364611260054,3.180965147453083,matched
2025,1,11433,12892,primary,4772.0,2035,1501236.3699999999,749453738.5151,314.5927011735121,58083.766508147935,False,613.0,2.0,3.0,0.0,608.0,0.0,140.0,49.0,407.0,3.0,0.0032626427406199023,0.004893964110929853,0.23026315789473684,0.0805921052631579,0.6694078947368421,matched
2025,1,11433,12953,primary,6731.0,2441,1083508.35,245070436.5187,160.97286435893628,10496.953478290769,False,912.0,10.0,5.0,0.0,897.0,0.0,191.0,73.0,3376.0,3.0,0.010964912280701754,0.005482456140350877,0.2129319955406912,0.08138238573021182,3.7636566332218506,matched
2025,1,11433,13204,primary,14285.0,3076,2903949.89,899864057.6011,203.28665663283164,21668.168948807892,False,1075.0,8.0,1.0,0.0,1066.0,0.0,244.0,113.0,7800.0,3.0,0.0074418604651162795,0.0009302325581395349,0.22889305816135083,0.10600375234521577,7.317073170731708,matched
2025,1,11433,13232,primary,706.0,458,144168.66999999998,36409359.87549999,204.20491501416427,9871.68395247154,False,507.0,2.0,1.0,0.0,504.0,0.0,125.0,42.0,4290.0,3.0,0.0039447731755424065,0.0019723865877712033,0.24801587301587302,0.08333333333333333,8.511904761904763,matched
2025,1,11433,13303,primary,5011.0,2184,1191093.24,414270098.9102,237.69571742167233,26172.886991078798,False,514.0,2.0,0.0,0.0,512.0,0.0,152.0,49.0,5216.0,3.0,0.0038910505836575876,0.0,0.296875,0.095703125,10.1875,matched
2025,1,11433,13487,primary,2617.0,1019,643007.6399999999,215020500.5618,245.7041039358043,21792.46639347489,False,539.0,1.0,0.0,0.0,538.0,0.0,89.0,25.0,255.0,3.0,0.0018552875695732839,0.0,0.1654275092936803,0.046468401486988845,0.4739776951672863,matched
2025,1,11433,13930,primary,2580.0,1593,598406.4199999999,161841341.881,231.94047286821703,8932.819325125252,False,1305.0,20.0,2.0,0.0,1283.0,0.0,296.0,119.0,11348.0,3.0,0.01532567049808429,0.0015325670498084292,0.23070927513639908,0.09275136399064692,8.844894777864381,matched
2025,1,11433,14100,primary,2743.0,1694,547815.81,154568177.92949998,199.71411228581846,16464.319992421944,False,605.0,18.0,0.0,0.0,587.0,0.0,124.0,45.0,2461.0,3.0,0.02975206611570248,0.0,0.21124361158432708,0.07666098807495741,4.1925042589437815,matched
2025,1,11433,14107,primary,5764.0,2680,1728069.0699999998,781392703.3242999,299.803794240111,45681.9985130673,False,536.0,3.0,1.0,0.0,532.0,0.0,135.0,48.0,4841.0,3.0,0.005597014925373134,0.0018656716417910447,0.25375939849624063,0.09022556390977443,9.099624060150376,matched
2025,1,11433,14635,primary,8484.0,2196,1836526.13,657869417.7831001,216.46936940122583,30683.376300462805,False,659.0,10.0,4.0,0.0,645.0,0.0,147.0,60.0,3437.0,3.0,0.015174506828528073,0.006069802731411229,0.22790697674418606,0.09302325581395349,5.328682170542636,matched
2025,1,11433,14679,primary,1563.0,658,681583.18,344462914.6144,436.07369161868206,30225.477393857553,False,236.0,0.0,2.0,0.0,234.0,0.0,52.0,12.0,147.0,3.0,0.0,0.00847457627118644,0.2222222222222222,0.05128205128205128,0.6282051282051282,matched
2025,1,11433,14747,primary,1862.0,841,527755.79,186674118.8203,283.43490332975296,19919.28437160721,False,371.0,1.0,0.0,0.0,370.0,0.0,60.0,18.0,-580.0,3.0,0.0026954177897574125,0.0,0.16216216216216217,0.04864864864864865,-1.5675675675675675,matched
2025,1,11433,14771,primary,2092.0,998,1051899.17,615175644.7061,502.8198709369025,41233.19302488773,False,378.0,3.0,0.0,0.0,375.0,0.0,110.0,36.0,2190.0,3.0,0.007936507936507936,0.0,0.29333333333333333,0.096,5.84,matched
2025,1,11433,14869,primary,1222.0,603,569248.06,293036246.8122,465.8331096563012,22800.04325415977,False,350.0,0.0,0.0,0.0,350.0,0.0,58.0,15.0,-127.0,3.0,0.0,0.0,0.1657142857142857,0.04285714285714286,-0.3628571428571429,matched
2025,1,11433,15016,primary,1193.0,800,312691.67,95486838.94929999,262.1053394803017,11340.052498983685,False,365.0,4.0,2.0,0.0,359.0,0.0,64.0,26.0,-876.0,3.0,0.010958904109589041,0.005479452054794521,0.17827298050139276,0.07242339832869081,-2.4401114206128134,matched
2025,1,11433,15304,primary,8098.0,2170,1532750.97,430696474.0297,189.27524944430724,17360.416380210678,False,699.0,5.0,1.0,0.0,693.0,0.0,179.0,62.0,5816.0,3.0,0.00715307582260372,0.001430615164520744,0.2582972582972583,0.08946608946608947,8.392496392496392,matched
2025,1,11618,10397,primary,11683.0,3347,1906103.65,437684051.83790004,163.15190019686725,10844.784675872266,False,1500.0,33.0,2.0,0.0,1465.0,0.0,392.0,142.0,15677.0,3.0,0.022,0.0013333333333333333,0.2675767918088737,0.09692832764505119,10.701023890784983,matched
2025,1,11618,10721,primary,4560.0,1655,900641.33,204312299.4963,197.50906359649122,5795.498634145086,False,951.0,19.0,0.0,0.0,932.0,0.0,185.0,75.0,4400.0,3.0,0.019978969505783387,0.0,0.1984978540772532,0.08047210300429185,4.721030042918455,matched
2025,1,11618,11278,primary,1225.0,814,246356.74,55888180.4062,201.10754285714285,5178.760619186942,False,113.0,4.0,0.0,0.0,109.0,0.0,25.0,7.0,981.0,3.0,0.035398230088495575,0.0,0.22935779816513763,0.06422018348623854,9.0,matched
2025,1,11618,11292,primary,5046.0,1811,1420975.5399999998,546160050.0722001,281.60434799841454,28935.227825763985,False,748.0,2.0,2.0,0.0,744.0,0.0,173.0,48.0,1677.0,3.0,0.00267379679144385,0.00267379679144385,0.2325268817204301,0.06451612903225806,2.254032258064516,matched
2025,1,11618,11298,primary,7292.0,2877,1839892.44,677368482.3213999,252.31657158529896,29228.350215974984,False,885.0,24.0,2.0,0.0,859.0,0.0,186.0,70.0,-71.0,3.0,0.02711864406779661,0.0022598870056497176,0.21653084982537835,0.08149010477299184,-0.08265424912689173,matched
2025,1,11618,11433,primary,3045.0,2018,614804.27,159353787.86589998,201.9061642036125,11566.836116321138,False,631.0,5.0,0.0,0.0,626.0,0.0,114.0,53.0,3446.0,3.0,0.00792393026941363,0.0,0.18210862619808307,0.08466453674121406,5.50479233226837,matched
2025,1,11618,11697,primary,16869.0,3515,2841215.05,754196804.3386999,168.42818483608986,16340.98706136817,False,1504.0,17.0,1.0,0.0,1486.0,0.0,337.0,127.0,9194.0,3.0,0.011303191489361703,0.0006648936170212766,0.22678331090174966,0.08546433378196501,6.187079407806191,matched
2025,1,11618,12173,primary,600.0,466,422043.12,403077901.228,703.4052,177017.62665962667,False,78.0,0.0,2.0,0.0,76.0,0.0,10.0,6.0,-315.0,3.0,0.0,0.02564102564102564,0.13157894736842105,0.07894736842105263,-4.144736842105263,matched
2025,1,11618,12266,primary,6896.0,2377,1589396.66,528985275.957,230.4809541763341,23587.531495870295,False,939.0,16.0,3.0,0.0,920.0,0.0,194.0,58.0,2804.0,3.0,0.01703940362087327,0.003194888178913738,0.2108695652173913,0.06304347826086956,3.0478260869565217,matched
2025,1,11618,12889,primary,8572.0,2589,2518758.04,1318120925.441,293.83551563229116,67431.21301967112,False,835.0,8.0,4.0,0.0,823.0,0.0,162.0,58.0,-89.0,3.0,0.009580838323353293,0.004790419161676647,0.1968408262454435,0.07047387606318348,-0.10814094775212636,matched
2025,1,11618,12892,primary,13045.0,4296,4529506.7700000005,2921197815.4731,347.22167650440787,103369.48110813602,False,1034.0,8.0,3.0,0.0,1023.0,0.0,196.0,71.0,-2042.0,3.0,0.007736943907156673,0.0029013539651837525,0.19159335288367546,0.06940371456500488,-1.9960899315738025,matched
2025,1,11618,13204,primary,21037.0,3348,3480752.9099999997,792385361.1942999,165.4586162475638,10289.718173029378,False,1817.0,20.0,1.0,0.0,1796.0,0.0,353.0,131.0,3716.0,3.0,0.01100715465052284,0.000550357732526142,0.1965478841870824,0.07293986636971046,2.069042316258352,matched
2025,1,11618,13303,primary,13017.0,3498,2630193.99,807885880.2633001,202.0583844203734,21236.31650393518,False,1249.0,9.0,2.0,0.0,1238.0,0.0,288.0,94.0,4896.0,3.0,0.007205764611689352,0.0016012810248198558,0.23263327948303716,0.07592891760904685,3.9547657512116317,matched
2025,1,11618,13487,primary,2510.0,1390,629072.8799999999,188680598.09219998,250.62664541832666,12357.837631137227,False,513.0,7.0,0.0,0.0,506.0,0.0,90.0,34.0,2618.0,3.0,0.01364522417153996,0.0,0.17786561264822134,0.06719367588932806,5.173913043478261,matched
2025,1,11618,13930,primary,10306.0,3170,1926905.2999999998,474279005.3086,186.96927032796427,11062.189731856488,False,1503.0,5.0,2.0,0.0,1496.0,0.0,365.0,126.0,9680.0,3.0,0.00332667997338656,0.0013306719893546241,0.24398395721925134,0.08422459893048129,6.470588235294118,matched
2025,1,11618,14107,primary,6583.0,2492,2001588.3599999999,918435032.6401999,304.0541333738417,47067.26697086904,False,631.0,1.0,1.0,0.0,629.0,0.0,105.0,38.0,-1641.0,3.0,0.001584786053882726,0.001584786053882726,0.1669316375198728,0.06041335453100159,-2.6089030206677264,matched
2025,1,11618,14635,primary,7019.0,1988,1506298.9600000002,449897971.05100006,214.60307166263004,18042.68234688345,False,647.0,4.0,3.0,0.0,640.0,0.0,143.0,54.0,3578.0,3.0,0.0061823802163833074,0.00463678516228748,0.2234375,0.084375,5.590625,matched
2025,1,11618,14679,primary,3451.0,1690,1100565.69,542944971.6443,318.91210953346854,55624.817666254035,False,322.0,1.0,4.0,0.0,317.0,0.0,57.0,14.0,-2225.0,3.0,0.003105590062111801,0.012422360248447204,0.17981072555205047,0.04416403785488959,-7.018927444794953,matched
2025,1,11618,14747,primary,3826.0,1855,1115280.1600000001,473628638.4142,291.50030318870887,38819.68991998125,False,347.0,3.0,1.0,0.0,343.0,0.0,73.0,21.0,1256.0,3.0,0.008645533141210375,0.002881844380403458,0.21282798833819241,0.061224489795918366,3.6618075801749272,matched
2025,1,11618,14771,primary,12125.0,4441,5221092.39,3938493102.9673,430.60555793814433,139403.0269133815,False,959.0,0.0,3.0,0.0,956.0,0.0,178.0,70.0,-2232.0,3.0,0.0,0.0031282586027111575,0.18619246861924685,0.07322175732217573,-2.3347280334728033,matched
2025,1,11618,14869,primary,3896.0,2094,1472862.8599999999,781716093.8768001,378.0448819301848,57727.88189649535,False,416.0,1.0,0.0,0.0,415.0,0.0,108.0,33.0,3546.0,3.0,0.002403846153846154,0.0,0.26024096385542167,0.07951807228915662,8.544578313253012,matched
2025,1,11618,15016,primary,1083.0,776,284123.41000000003,87368653.7057,262.348485687904,11846.082496506482,False,257.0,11.0,0.0,0.0,246.0,0.0,38.0,9.0,-1466.0,3.0,0.042801556420233464,0.0,0.15447154471544716,0.036585365853658534,-5.959349593495935,matched
2025,1,11618,15304,primary,8322.0,1902,1557712.71,376880732.1371,187.1800901225667,10250.892416994997,False,765.0,5.0,1.0,0.0,759.0,0.0,193.0,69.0,6181.0,3.0,0.006535947712418301,0.00130718954248366,0.25428194993412384,0.09090909090909091,8.14361001317523,matched
2025,1,11697,10397,primary,12106.0,2905,1849230.52,429219482.4242,152.75322319510985,12121.556258337267,False,1710.0,36.0,0.0,0.0,1674.0,0.0,443.0,150.0,23573.0,3.0,0.021052631578947368,0.0,0.26463560334528075,0.08960573476702509,14.08183990442055,matched
2025,1,11697,10721,primary,12381.0,2729,2234039.5,615766213.201,180.44095791939262,17175.832791473957,False,1010.0,9.0,1.0,0.0,1000.0,0.0,250.0,87.0,9116.0,3.0,0.00891089108910891,0.0009900990099009901,0.25,0.087,9.116,matched
2025,1,11697,10821,primary,6428.0,2018,1044203.51,258611966.4429,162.4460967641568,13843.369946479124,False,913.0,27.0,1.0,0.0,885.0,0.0,150.0,45.0,1988.0,3.0,0.029572836801752465,0.001095290251916758,0.1694915254237288,0.05084745762711865,2.246327683615819,matched
2025,1,11697,11278,primary,6026.0,1867,1060417.6400000001,248137276.3708,175.973720544308,10211.025378225251,False,614.0,20.0,11.0,0.0,583.0,0.0,157.0,61.0,6934.0,3.0,0.03257328990228013,0.017915309446254073,0.2692967409948542,0.10463121783876501,11.893653516295025,matched
2025,1,11697,11292,primary,3220.0,1744,1077867.04,461928386.43340003,334.74131677018636,31404.27147845243,False,501.0,0.0,0.0,0.0,501.0,0.0,90.0,29.0,2190.0,3.0,0.0,0.0,0.17964071856287425,0.05788423153692615,4.37125748502994,matched
2025,1,11697,11298,primary,5287.0,1945,1095486.78,349535443.87600005,207.2038547380367,23178.808444380644,False,673.0,21.0,4.0,0.0,648.0,0.0,156.0,62.0,10468.0,3.0,0.031203566121842496,0.005943536404160475,0.24074074074074073,0.09567901234567901,16.15432098765432,matched
2025,1,11697,11433,primary,8235.0,2589,1899507.8599999999,648841377.5842,230.66276381299332,25585.384907358304,False,717.0,4.0,0.0,0.0,713.0,0.0,174.0,61.0,7763.0,3.0,0.005578800557880056,0.0,0.24403927068723702,0.08555399719495091,10.887798036465638,matched
2025,1,11697,11618,primary,16965.0,3608,3051634.41,855506541.5371001,179.87824403183023,18071.55334153786,False,1507.0,19.0,6.0,0.0,1482.0,0.0,311.0,121.0,8484.0,3.0,0.012607830126078301,0.003981420039814201,0.20985155195681512,0.0816464237516869,5.724696356275303,matched
2025,1,11697,12173,primary,7.0,7,2242.24,770022.3546,320.32,7398.291114285719,True,,,,,,,,,,,,,,,,fare_only
2025,1,11697,12266,primary,4469.0,1625,774253.0,225392421.761,173.2497202953681,20419.177908514295,False,682.0,10.0,2.0,0.0,670.0,0.0,151.0,50.0,4413.0,3.0,0.01466275659824047,0.002932551319648094,0.2253731343283582,0.07462686567164178,6.586567164179105,matched
2025,1,11697,12478,primary,11380.0,2229,2301851.38,661190834.866,202.2716502636204,17187.30734374412,False,1055.0,11.0,2.0,0.0,1042.0,0.0,213.0,87.0,6940.0,3.0,0.01042654028436019,0.0018957345971563982,0.20441458733205375,0.08349328214971209,6.660268714011516,matched
2025,1,11697,12889,primary,3402.0,1341,811498.36,379594766.64640003,238.5356731334509,54680.61701855043,False,305.0,0.0,1.0,0.0,304.0,0.0,66.0,16.0,807.0,3.0,0.0,0.003278688524590164,0.21710526315789475,0.05263157894736842,2.6546052631578947,matched
2025,1,11697,12892,primary,6650.0,1715,2108281.4499999997,1369479335.4729002,317.03480451127814,105425.67490487162,False,503.0,0.0,0.0,0.0,503.0,0.0,116.0,39.0,2999.0,3.0,0.0,0.0,0.23061630218687873,0.0775347912524851,5.962226640159046,matched
2025,1,11697,12953,primary,13514.0,3326,2443776.5,716695807.9828,180.8329510137635,20333.024409480062,False,1094.0,19.0,6.0,0.0,1069.0,0.0,247.0,95.0,9437.0,3.0,0.01736745886654479,0.005484460694698354,0.23105706267539758,0.08886810102899906,8.827876520112255,matched
2025,1,11697,13204,primary,730.0,333,57624.89,6692017.7631,78.93820547945205,2935.9073363687376,False,269.0,0.0,0.0,0.0,269.0,0.0,23.0,4.0,-1949.0,3.0,0.0,0.0,0.08550185873605948,0.01486988847583643,-7.245353159851301,matched
2025,1,11697,13232,primary,2273.0,1255,539997.94,167014761.4334,237.5705851297844,17037.894790462742,False,296.0,4.0,1.0,0.0,291.0,0.0,58.0,23.0,2634.0,3.0,0.013513513513513514,0.0033783783783783786,0.19931271477663232,0.07903780068728522,9.051546391752577,matched
2025,1,11697,13487,primary,4246.0,1249,1043078.7,351199942.1114,245.66149317004238,22363.558920285766,False,263.0,5.0,1.0,0.0,257.0,0.0,52.0,22.0,2056.0,3.0,0.019011406844106463,0.0038022813688212928,0.20233463035019456,0.08560311284046693,8.0,matched
2025,1,11697,13796,primary,1.0,1,244.0,59536.0,244.0,0.0,True,,,,,,,,,,,,,,,,fare_only
2025,1,11697,13930,primary,8749.0,3032,1867506.53,614002555.0155001,213.45371242427706,24617.253767335766,False,814.0,9.0,2.0,0.0,803.0,0.0,161.0,53.0,6556.0,3.0,0.011056511056511056,0.002457002457002457,0.20049813200498132,0.0660024906600249,8.164383561643836,matched
2025,1,11697,14100,primary,7740.0,2207,1230040.76,346878075.722,158.91999483204134,19560.72409555553,False,633.0,12.0,0.0,0.0,621.0,0.0,140.0,64.0,11873.0,3.0,0.018957345971563982,0.0,0.22544283413848631,0.10305958132045089,19.11916264090177,matched
2025,1,11697,14107,primary,1406.0,520,371208.3,158730332.9278,264.0172830725462,43189.84787185017,False,105.0,0.0,0.0,0.0,105.0,0.0,22.0,3.0,59.0,3.0,0.0,0.0,0.20952380952380953,0.02857142857142857,0.5619047619047619,matched
2025,1,11697,14679,primary,906.0,475,275396.21,131304084.0361,303.9693267108168,52529.89349193078,False,86.0,0.0,3.0,0.0,83.0,0.0,15.0,3.0,-216.0,3.0,0.0,0.03488372093023256,0.18072289156626506,0.03614457831325301,-2.602409638554217,matched
2025,1,11697,14747,primary,2035.0,1019,654673.86,317409578.9896,321.7070565110565,52479.792881704416,False,248.0,2.0,2.0,0.0,244.0,0.0,67.0,12.0,1720.0,3.0,0.008064516129032258,0.008064516129032258,0.27459016393442626,0.04918032786885246,7.049180327868853,matched
2025,1,11697,14771,primary,3693.0,1596,1181231.18,753036057.3504,319.85680476577306,101600.65703381972,False,346.0,0.0,1.0,0.0,345.0,0.0,61.0,20.0,528.0,3.0,0.0,0.002890173410404624,0.17681159420289855,0.057971014492753624,1.5304347826086957,matched
2025,1,11697,14869,primary,1074.0,576,413876.07,222373574.8733,385.359469273743,58549.82513314477,False,90.0,0.0,0.0,0.0,90.0,0.0,12.0,1.0,-278.0,3.0,0.0,0.0,0.13333333333333333,0.011111111111111112,-3.088888888888889,matched
2025,1,11697,15016,primary,2013.0,1101,505821.62,172521099.138,251.27750620963735,22563.091841769092,False,271.0,7.0,2.0,0.0,262.0,0.0,49.0,20.0,1797.0,3.0,0.025830258302583026,0.007380073800738007,0.18702290076335878,0.07633587786259542,6.858778625954199,matched
2025,1,11697,15304,primary,2748.0,888,285626.83999999997,44382367.7568,103.93989810771468,5347.286430266187,False,268.0,0.0,0.0,0.0,268.0,0.0,42.0,12.0,803.0,3.0,0.0,0.0,0.15671641791044777,0.04477611940298507,2.996268656716418,matched
2025,1,12173,10397,primary,367.0,247,303231.52,332425867.8254,826.2439237057221,223113.5339219342,False,90.0,2.0,0.0,0.0,88.0,0.0,21.0,5.0,790.0,3.0,0.022222222222222223,0.0,0.23863636363636365,0.056818181818181816,8.977272727272727,matched
2025,1,12173,10721,primary,1364.0,818,642294.36,462408321.9174,470.89029325513195,117271.36538187883,False,115.0,2.0,0.0,0.0,113.0,0.0,19.0,4.0,-381.0,3.0,0.017391304347826087,0.0,0.168141592920354,0.035398230088495575,-3.3716814159292037,matched
2025,1,12173,10821,primary,14.0,12,6653.34,3266133.8106,475.23857142857145,7443.572412244859,True,,,,,,,,,,,,,,,,fare_only
2025,1,12173,11292,primary,795.0,483,474311.43,358760441.8355,596.6181509433962,95317.77798437973,False,130.0,0.0,0.0,0.0,130.0,0.0,21.0,4.0,-333.0,3.0,0.0,0.0,0.16153846153846155,0.03076923076923077,-2.5615384615384613,matched
2025,1,12173,11298,primary,873.0,572,468246.29000000004,323087754.81990004,536.3645933562428,82402.0892250638,False,184.0,2.0,0.0,0.0,182.0,0.0,42.0,12.0,3358.0,3.0,0.010869565217391304,0.0,0.23076923076923078,0.06593406593406594,18.45054945054945,matched
2025,1,12173,11433,primary,408.0,244,325375.19,343911690.7553,797.4882107843138,206933.36433478887,False,72.0,0.0,0.0,0.0,72.0,0.0,15.0,5.0,288.0,3.0,0.0,0.0,0.20833333333333334,0.06944444444444445,4.0,matched
2025,1,12173,11618,primary,565.0,446,399363.49000000005,382678413.9675,706.8380353982302,177686.9190904764,False,78.0,0.0,0.0,0.0,78.0,0.0,22.0,6.0,672.0,3.0,0.0,0.0,0.28205128205128205,0.07692307692307693,8.615384615384615,matched
2025,1,12173,12266,primary,456.0,309,307984.43,257340169.4043,675.404451754386,108171.30331417319,False,90.0,1.0,0.0,0.0,89.0,0.0,15.0,2.0,-267.0,3.0,0.011111111111111112,0.0,0.16853932584269662,0.02247191011235955,-3.0,matched
2025,1,12173,12478,primary,1411.0,799,744210.75,528871855.8811,527.4349751948972,96632.93934448913,False,162.0,0.0,0.0,0.0,162.0,0.0,35.0,15.0,1497.0,3.0,0.0,0.0,0.21604938271604937,0.09259259259259259,9.24074074074074,matched
2025,1,12173,12889,primary,4458.0,1532,1776619.51,904681297.7351,398.5238918797667,44113.049847549526,False,397.0,0.0,0.0,0.0,397.0,0.0,56.0,12.0,-88.0,3.0,0.0,0.0,0.14105793450881612,0.030226700251889168,-0.2216624685138539,matched
2025,1,12173,12892,primary,13490.0,5358,3609538.99,1626113471.5593,267.5714595997035,48947.654227054154,False,1245.0,10.0,2.0,0.0,1233.0,0.0,205.0,56.0,7319.0,3.0,0.008032128514056224,0.001606425702811245,0.16626115166261152,0.0454176804541768,5.935928629359286,matched
2025,1,12173,13487,primary,565.0,353,460060.36,480780097.4288,814.2661238938052,187908.9050166573,False,90.0,0.0,0.0,0.0,90.0,0.0,22.0,10.0,981.0,3.0,0.0,0.0,0.24444444444444444,0.1111111111111111,10.9,matched
2025,1,12173,13796,primary,2126.0,1132,567755.0599999999,205914036.37519997,267.0531796801505,25537.74333147006,False,242.0,1.0,0.0,0.0,241.0,0.0,32.0,5.0,-679.0,3.0,0.004132231404958678,0.0,0.13278008298755187,0.02074688796680498,-2.8174273858921164,matched
2025,1,12173,13930,primary,960.0,666,735896.4800000001,694133736.538,766.5588333333334,135443.53059905546,False,139.0,1.0,1.0,0.0,137.0,0.0,27.0,6.0,-175.0,3.0,0.007194244604316547,0.007194244604316547,0.19708029197080293,0.043795620437956206,-1.2773722627737227,matched
2025,1,12173,14107,primary,2239.0,1375,896067.75,519216428.1697,400.2089102277803,71729.40172038454,False,345.0,0.0,0.0,0.0,345.0,0.0,44.0,10.0,30.0,3.0,0.0,0.0,0.12753623188405797,0.028985507246376812,0.08695652173913043,matched
2025,1,12173,14679,primary,3396.0,1910,1037085.1799999999,472903024.5972,305.3843286219081,45993.36371589203,False,364.0,3.0,1.0,0.0,360.0,0.0,78.0,9.0,1492.0,3.0,0.008241758241758242,0.0027472527472527475,0.21666666666666667,0.025,4.144444444444445,matched
2025,1,12173,14747,primary,5216.0,2836,1800754.1300000001,904068336.2997,345.23660467791416,54137.67151050015,False,792.0,10.0,2.0,0.0,780.0,0.0,166.0,48.0,4082.0,3.0,0.012626262626262626,0.0025252525252525255,0.2128205128205128,0.06153846153846154,5.233333333333333,matched
2025,1,12173,14771,primary,5826.0,2888,1842219.9400000002,924346068.3178,316.2066495022314,58672.137563370794,False,577.0,4.0,1.0,0.0,572.0,0.0,126.0,36.0,1649.0,3.0,0.006932409012131715,0.0017331022530329288,0.2202797202797203,0.06293706293706294,2.882867132867133,matched
2025,1,12173,14869,primary,1960.0,1167,836218.7,503871792.757,426.642193877551,75053.88368753387,False,252.0,2.0,1.0,0.0,249.0,0.0,47.0,14.0,381.0,3.0,0.007936507936507936,0.003968253968253968,0.18875502008032127,0.05622489959839357,1.5301204819277108,matched
2025,1,12266,10397,primary,7497.0,2837,1318234.22,366818929.1628,175.8348966253168,18010.85118862811,False,1005.0,27.0,1.0,0.0,977.0,0.0,200.0,71.0,7057.0,3.0,0.026865671641791045,0.0009950248756218905,0.2047082906857728,0.07267144319344933,7.223132036847493,matched
2025,1,12266,10721,primary,3723.0,1649,1061659.61,379605774.2163,285.1623986032769,20644.741694461583,False,382.0,5.0,0.0,0.0,377.0,0.0,69.0,24.0,943.0,3.0,0.013089005235602094,0.0,0.1830238726790451,0.0636604774535809,2.5013262599469495,matched
2025,1,12266,10821,primary,2230.0,1066,360976.86,86639068.1194,161.8730313901345,12648.721762111127,False,256.0,6.0,1.0,0.0,249.0,0.0,43.0,12.0,-149.0,3.0,0.0234375,0.00390625,0.17269076305220885,0.04819277108433735,-0.5983935742971888,matched
2025,1,12266,11278,primary,2942.0,1331,874389.34,316504779.72380006,297.2091570360299,19248.219259384598,False,549.0,19.0,7.0,0.0,523.0,0.0,139.0,53.0,4236.0,3.0,0.03460837887067395,0.012750455373406194,0.26577437858508607,0.10133843212237094,8.099426386233269,matched
2025,1,12266,11292,primary,6799.0,2260,1459430.9,435277305.5482,214.65375790557434,17944.547501056855,False,1086.0,17.0,4.0,0.0,1065.0,0.0,210.0,62.0,4878.0,3.0,0.01565377532228361,0.003683241252302026,0.19718309859154928,0.05821596244131456,4.580281690140845,matched
2025,1,12266,11298,primary,4066.0,2194,754814.23,168011255.3561,185.64048942449583,6858.625743808661,False,1478.0,63.0,3.0,0.0,1412.0,0.0,309.0,118.0,24828.0,3.0,0.04262516914749662,0.0020297699594046007,0.2188385269121813,0.08356940509915015,17.58356940509915,matched
2025,1,12266,11433,primary,4489.0,2006,854513.31,243959026.4145,190.3571641791045,18110.112713210066,False,578.0,9.0,0.0,0.0,569.0,0.0,95.0,30.0,975.0,3.0,0.015570934256055362,0.0,0.16695957820738136,0.05272407732864675,1.7135325131810193,matched
2025,1,12266,11618,primary,6985.0,2437,1603253.7699999998,525182460.6533,229.52809878310663,22504.033064903648,False,940.0,20.0,4.0,0.0,916.0,0.0,162.0,47.0,-2685.0,3.0,0.02127659574468085,0.00425531914893617,0.17685589519650655,0.05131004366812227,-2.9312227074235806,matched
2025,1,12266,11697,primary,4542.0,1644,760475.4099999999,210789207.7283,167.43183839718185,18375.475952476747,False,681.0,12.0,2.0,0.0,667.0,0.0,126.0,53.0,2420.0,3.0,0.01762114537444934,0.002936857562408223,0.1889055472263868,0.07946026986506746,3.628185907046477,matched
2025,1,12266,12173,primary,448.0,303,312482.11,270069042.2707,697.5047098214285,116319.8634168802,False,90.0,1.0,0.0,0.0,89.0,0.0,14.0,5.0,-287.0,3.0,0.011111111111111112,0.0,0.15730337078651685,0.056179775280898875,-3.2247191011235956,matched
2025,1,12266,12478,primary,672.0,248,128774.45,29251311.6183,191.62864583333334,6807.199623315035,False,71.0,0.0,1.0,0.0,70.0,0.0,21.0,9.0,1329.0,3.0,0.0,0.014084507042253521,0.3,0.12857142857142856,18.985714285714284,matched
2025,1,12266,12889,primary,7117.0,2075,1437740.83,476553411.4297,202.01501053814812,26149.807855293548,False,944.0,16.0,1.0,0.0,927.0,0.0,153.0,58.0,2351.0,3.0,0.01694915254237288,0.001059322033898305,0.1650485436893204,0.06256742179072276,2.5361380798274,matched
2025,1,12266,12892,primary,9152.0,3050,1787216.8,558304009.6906,195.28155594405595,22868.611470415577,False,1336.0,23.0,2.0,0.0,1311.0,0.0,168.0,46.0,-4488.0,3.0,0.01721556886227545,0.0014970059880239522,0.12814645308924486,0.03508771929824561,-3.4233409610983982,matched
2025,1,12266,12953,primary,8663.0,3541,1841779.25,576944241.3113,212.60293778136904,21398.65658738699,False,1002.0,27.0,7.0,0.0,968.0,0.0,209.0,79.0,3593.0,3.0,0.02694610778443114,0.006986027944111776,0.2159090909090909,0.08161157024793389,3.7117768595041323,matched
2025,1,12266,13204,primary,7157.0,2462,1340747.64,375753504.146,187.33374877742068,17407.604105116727,False,857.0,14.0,0.0,0.0,843.0,0.0,156.0,74.0,4247.0,3.0,0.01633605600933489,0.0,0.18505338078291814,0.08778173190984578,5.037959667852906,matched
2025,1,12266,13232,primary,410.0,209,42889.71,5725472.1235,104.6090487804878,3021.5130681195733,False,45.0,1.0,0.0,0.0,44.0,0.0,12.0,4.0,876.0,3.0,0.022222222222222223,0.0,0.2727272727272727,0.09090909090909091,19.90909090909091,matched
2025,1,12266,13303,primary,5520.0,2329,1075862.61,332994397.4971,194.90264673913046,22338.03030442592,False,936.0,19.0,2.0,0.0,915.0,0.0,215.0,87.0,14403.0,3.0,0.0202991452991453,0.002136752136752137,0.23497267759562843,0.09508196721311475,15.740983606557377,matched
2025,1,12266,13487,primary,2802.0,1431,777798.71,262327528.88250002,277.586977159172,16567.000762061594,False,403.0,7.0,0.0,0.0,396.0,0.0,64.0,22.0,-612.0,3.0,0.017369727047146403,0.0,0.16161616161616163,0.05555555555555555,-1.5454545454545454,matched
2025,1,12266,13930,primary,8361.0,3140,1794956.9899999998,540197707.8111,214.6820942470996,18520.82072891159,False,1307.0,28.0,5.0,0.0,1274.0,0.0,219.0,81.0,3016.0,3.0,0.02142310635042081,0.0038255547054322878,0.17189952904238617,0.06357927786499215,2.36734693877551,matched
2025,1,12266,14100,primary,2757.0,1835,818554.9700000001,301744753.0539,296.9006057308669,21296.80327779775,False,331.0,9.0,0.0,0.0,322.0,0.0,51.0,20.0,3867.0,3.0,0.027190332326283987,0.0,0.15838509316770186,0.062111801242236024,12.009316770186336,matched
2025,1,12266,14107,primary,4320.0,2106,974433.07,307825563.1425,225.56321064814813,20377.15539619638,False,828.0,11.0,0.0,0.0,817.0,0.0,137.0,38.0,2265.0,3.0,0.013285024154589372,0.0,0.16768665850673195,0.046511627906976744,2.7723378212974294,matched
2025,1,12266,14635,primary,1137.0,582,275120.42,85270248.0028,241.97046613896217,16446.114099430917,False,225.0,2.0,0.0,0.0,223.0,0.0,39.0,14.0,633.0,3.0,0.008888888888888889,0.0,0.17488789237668162,0.06278026905829596,2.8385650224215246,matched
2025,1,12266,14679,primary,1786.0,797,616328.2699999999,251273016.30729997,345.08861702127655,21604.225073843263,False,393.0,6.0,1.0,0.0,386.0,0.0,57.0,22.0,-644.0,3.0,0.015267175572519083,0.002544529262086514,0.14766839378238342,0.05699481865284974,-1.6683937823834196,matched
2025,1,12266,14747,primary,3193.0,1622,949268.5700000001,360230257.4331,297.29676479799565,24433.38009636088,False,392.0,6.0,2.0,0.0,384.0,0.0,91.0,17.0,1741.0,3.0,0.015306122448979591,0.00510204081632653,0.23697916666666666,0.044270833333333336,4.533854166666667,matched
2025,1,12266,14771,primary,3930.0,1652,1477924.24,713668769.895,376.0621475826972,40172.367999001115,False,751.0,11.0,2.0,0.0,738.0,0.0,141.0,57.0,2308.0,3.0,0.014647137150466045,0.002663115845539281,0.1910569105691057,0.07723577235772358,3.127371273712737,matched
2025,1,12266,14869,primary,2706.0,1535,958725.4500000001,397227371.2875,354.29617516629713,21269.25769324205,False,558.0,6.0,0.0,0.0,552.0,0.0,89.0,39.0,668.0,3.0,0.010752688172043012,0.0,0.161231884057971,0.07065217391304347,1.210144927536232,matched
2025,1,12266,15016,primary,876.0,681,248827.53000000003,82100472.6055,284.04969178082195,13037.773290430094,False,128.0,4.0,0.0,0.0,124.0,0.0,25.0,9.0,-14.0,3.0,0.03125,0.0,0.20161290322580644,0.07258064516129033,-0.11290322580645161,matched
2025,1,12266,15304,primary,2699.0,1237,565023.58,166324661.41680002,209.34552797332344,17799.00027577721,False,444.0,7.0,0.0,0.0,437.0,0.0,83.0,39.0,2421.0,3.0,0.015765765765765764,0.0,0.18993135011441648,0.08924485125858124,5.540045766590389,matched
2025,1,12478,10397,primary,6430.0,1727,1022742.4100000001,228914660.39830002,159.0579175738725,10301.614688836125,False,898.0,15.0,3.0,0.0,880.0,0.0,234.0,97.0,9783.0,3.0,0.01670378619153675,0.0033407572383073497,0.26590909090909093,0.11022727272727273,11.117045454545455,matched
2025,1,12478,10721,primary,1820.0,1046,350912.74,84818303.5808,192.8091978021978,9428.076748807034,False,1253.0,29.0,0.0,0.0,1224.0,0.0,250.0,113.0,9605.0,3.0,0.02314445331205108,0.0,0.2042483660130719,0.0923202614379085,7.847222222222222,matched
2025,1,12478,11278,primary,903.0,586,151241.83000000002,30866705.5877,167.48818383167222,6130.106491275168,False,615.0,43.0,0.0,0.0,572.0,0.0,161.0,69.0,6063.0,3.0,0.06991869918699187,0.0,0.28146853146853146,0.12062937062937062,10.59965034965035,matched
2025,1,12478,11292,primary,3059.0,1019,691412.17,210827814.7883,226.02555410264793,17832.95062135855,False,332.0,4.0,0.0,0.0,328.0,0.0,77.0,28.0,1278.0,3.0,0.012048192771084338,0.0,0.2347560975609756,0.08536585365853659,3.8963414634146343,matched
2025,1,12478,11298,primary,1639.0,977,416401.22000000003,152578229.8332,254.05809640024407,28546.75322834702,False,424.0,11.0,3.0,0.0,410.0,0.0,95.0,40.0,2686.0,3.0,0.025943396226415096,0.007075471698113208,0.23170731707317074,0.0975609756097561,6.5512195121951216,matched
2025,1,12478,11433,primary,802.0,657,191291.5,54965464.138,238.51807980049875,11644.61705217317,False,75.0,1.0,0.0,0.0,74.0,0.0,16.0,6.0,206.0,3.0,0.013333333333333334,0.0,0.21621621621621623,0.08108108108108109,2.7837837837837838,matched
2025,1,12478,11697,primary,11019.0,2175,1992418.95,516479383.6955,180.81667574190035,14177.040790573777,False,1054.0,13.0,2.0,0.0,1039.0,0.0,262.0,97.0,7943.0,3.0,0.012333965844402278,0.0018975332068311196,0.2521655437921078,0.0933589990375361,7.644850818094321,matched
2025,1,12478,12173,primary,1346.0,772,693113.08,482901638.0116,514.9428528974739,93601.79139364412,False,162.0,0.0,1.0,0.0,161.0,0.0,51.0,13.0,1144.0,3.0,0.0,0.006172839506172839,0.3167701863354037,0.08074534161490683,7.105590062111801,matched
2025,1,12478,12266,primary,661.0,250,122326.12,26975741.0294,185.06220877458395,6562.479684380014,False,71.0,0.0,0.0,0.0,71.0,0.0,22.0,7.0,762.0,3.0,0.0,0.0,0.30985915492957744,0.09859154929577464,10.732394366197184,matched
2025,1,12478,12889,primary,10755.0,3474,3191085.37,1707128518.1320999,296.70714737331474,70693.69418639528,False,985.0,3.0,3.0,0.0,979.0,0.0,200.0,61.0,-3126.0,3.0,0.003045685279187817,0.003045685279187817,0.20429009193054137,0.06230847803881512,-3.1930541368743617,matched
2025,1,12478,12892,primary,23255.0,5862,9708606.14,7545698112.6828,417.48467598365943,150182.92083732245,False,2325.0,15.0,7.0,0.0,2303.0,0.0,384.0,120.0,-9109.0,3.0,0.0064516129032258064,0.003010752688172043,0.16673903603994789,0.052105948762483714,-3.9552757273122015,matched
2025,1,12478,13204,primary,12873.0,2646,2082374.5199999998,460822336.1992,161.76295502213935,9630.333285263026,False,1226.0,10.0,2.0,0.0,1214.0,0.0,326.0,126.0,14001.0,3.0,0.008156606851549755,0.0016313213703099511,0.2685337726523888,0.10378912685337727,11.532948929159803,matched
2025,1,12478,13303,primary,12414.0,3208,2315316.8899999997,672754797.6605,186.508529885613,19407.80153756006,False,1364.0,12.0,5.0,0.0,1347.0,0.0,355.0,136.0,13378.0,3.0,0.008797653958944282,0.0036656891495601175,0.2635486265775798,0.10096510764662213,9.93170007423905,matched
2025,1,12478,13487,primary,939.0,712,230156.97,73063111.2619,245.10859424920127,17731.267186948244,False,121.0,0.0,0.0,0.0,121.0,0.0,19.0,8.0,1000.0,3.0,0.0,0.0,0.15702479338842976,0.06611570247933884,8.264462809917354,matched
2025,1,12478,13930,primary,2822.0,1649,473140.49,105124094.0187,167.66140680368534,9141.280598694178,False,460.0,8.0,0.0,0.0,452.0,0.0,99.0,44.0,4170.0,3.0,0.017391304347826087,0.0,0.21902654867256638,0.09734513274336283,9.225663716814159,matched
2025,1,12478,14107,primary,7018.0,2441,2107118.5100000002,983938434.7407,300.24487175833576,50055.13079597241,False,717.0,8.0,0.0,0.0,709.0,0.0,107.0,29.0,-5035.0,3.0,0.011157601115760111,0.0,0.15091678420310295,0.04090267983074753,-7.101551480959097,matched
2025,1,12478,14635,primary,3939.0,1084,685683.54,170493582.64560002,174.07553693830923,12981.175996531954,False,423.0,7.0,3.0,0.0,413.0,0.0,88.0,28.0,1243.0,3.0,0.016548463356973995,0.0070921985815602835,0.21307506053268765,0.06779661016949153,3.009685230024213,matched
2025,1,12478,14679,primary,5639.0,2101,1658741.74,786877624.668,294.1553005852101,53014.70997429783,False,521.0,5.0,4.0,0.0,512.0,0.0,106.0,27.0,-4037.0,3.0,0.009596928982725527,0.007677543186180422,0.20703125,0.052734375,-7.884765625,matched
2025,1,12478,14747,primary,5145.0,2080,1654424.36,791084834.1838001,321.55964237123425,50357.38166218503,False,543.0,2.0,1.0,0.0,540.0,0.0,118.0,40.0,2447.0,3.0,0.003683241252302026,0.001841620626151013,0.21851851851851853,0.07407407407407407,4.531481481481482,matched
2025,1,12478,14771,primary,15099.0,5310,5673706.96,4005353846.7692,375.7670680177495,124071.89996808404,False,1466.0,11.0,4.0,0.0,1451.0,0.0,275.0,93.0,-9491.0,3.0,0.007503410641200546,0.002728512960436562,0.18952446588559613,0.06409372846312887,-6.541006202618884,matched
2025,1,12478,14869,primary,5158.0,2140,2123940.23,1271660483.3135,411.7759267157813,76981.97495469567,False,552.0,3.0,0.0,0.0,549.0,0.0,111.0,31.0,-345.0,3.0,0.005434782608695652,0.0,0.20218579234972678,0.056466302367941715,-0.6284153005464481,matched
2025,1,12478,15304,primary,7286.0,1702,1007455.6000000001,192883186.7746,138.27279714521,7353.758298516899,False,681.0,6.0,1.0,0.0,674.0,0.0,176.0,79.0,7829.0,3.0,0.00881057268722467,0.0014684287812041115,0.26112759643916916,0.1172106824925816,11.61572700296736,matched
2025,1,12889,10397,primary,7993.0,3062,2773733.72,1464219440.0494,347.0203578130865,62764.59052380541,False,1189.0,19.0,3.0,0.0,1167.0,0.0,160.0,47.0,-1661.0,3.0,0.0159798149705635,0.002523128679562658,0.13710368466152528,0.04027420736932305,-1.4233076263924593,matched
2025,1,12889,10721,primary,5595.0,1736,1772239.47,882833362.2565,316.75415013404825,57456.50672075675,False,450.0,3.0,0.0,0.0,447.0,0.0,86.0,34.0,-704.0,3.0,0.006666666666666667,0.0,0.19239373601789708,0.07606263982102908,-1.574944071588367,matched
2025,1,12889,10821,primary,3488.0,1770,926272.32,326466962.4746,265.55972477064216,23075.212188284364,False,500.0,4.0,0.0,0.0,496.0,0.0,73.0,17.0,-2182.0,3.0,0.008,0.0,0.14717741935483872,0.034274193548387094,-4.399193548387097,matched
2025,1,12889,11278,primary,1369.0,875,457472.42,221143538.91039997,334.1653907962016,49870.04302601598,False,128.0,2.0,5.0,0.0,121.0,0.0,23.0,5.0,-92.0,3.0,0.015625,0.0390625,0.19008264462809918,0.04132231404958678,-0.7603305785123967,matched
2025,1,12889,11292,primary,12784.0,3348,1931385.98,400845681.2276,151.07837765957447,8530.586728312941,False,1937.0,8.0,0.0,0.0,1929.0,0.0,327.0,111.0,3599.0,3.0,0.004130098089829634,0.0,0.16951788491446346,0.05754276827371695,1.8657335406946605,matched
2025,1,12889,11298,primary,10798.0,2819,2274592.52,836339733.465,210.64942767179107,33080.026017823955,False,1484.0,41.0,6.0,0.0,1437.0,0.0,230.0,92.0,4714.0,3.0,0.027628032345013476,0.004043126684636119,0.16005567153792624,0.06402226861517049,3.2804453723034097,matched
2025,1,12889,11433,primary,6439.0,2268,1766046.76,713373586.3881999,274.2734523994409,35563.5726703142,False,744.0,3.0,1.0,0.0,740.0,0.0,104.0,35.0,-715.0,3.0,0.004032258064516129,0.0013440860215053765,0.14054054054054055,0.0472972972972973,-0.9662162162162162,matched
2025,1,12889,11618,primary,8792.0,2695,2613611.06,1364361457.6022003,297.27150363967246,66811.8025326117,False,837.0,8.0,4.0,0.0,825.0,0.0,128.0,43.0,-3221.0,3.0,0.009557945041816009,0.0047789725209080045,0.15515151515151515,0.052121212121212124,-3.9042424242424243,matched
2025,1,12889,11697,primary,3457.0,1355,880014.13,460678810.61029994,254.56006074631182,68458.88348854127,False,305.0,0.0,0.0,0.0,305.0,0.0,51.0,17.0,460.0,3.0,0.0,0.0,0.16721311475409836,0.05573770491803279,1.5081967213114753,matched
2025,1,12889,12173,primary,4417.0,1473,1770328.1899999997,906290267.9513,400.7987751867783,44542.65286861535,False,397.0,2.0,4.0,0.0,391.0,0.0,72.0,19.0,456.0,3.0,0.005037783375314861,0.010075566750629723,0.18414322250639387,0.04859335038363171,1.1662404092071612,matched
2025,1,12889,12266,primary,7117.0,2110,1483042.4000000001,499345727.7668,208.3802725867641,26740.051734870176,False,946.0,13.0,2.0,0.0,931.0,0.0,119.0,23.0,-3500.0,3.0,0.013742071881606765,0.0021141649048625794,0.12781954887218044,0.024704618689581095,-3.7593984962406015,matched
2025,1,12889,12478,primary,11156.0,3613,3424781.83,1896775905.6989,306.99012459662964,75780.00224013325,False,984.0,4.0,1.0,0.0,979.0,0.0,156.0,62.0,-1093.0,3.0,0.0040650406504065045,0.0010162601626016261,0.15934627170582227,0.06332992849846783,-1.1164453524004085,matched
2025,1,12889,12892,primary,15472.0,4197,1794369.07,288163512.0123,115.97525012926577,5174.5805516308155,False,2267.0,4.0,1.0,0.0,2262.0,0.0,401.0,116.0,5455.0,3.0,0.00176444640494045,0.0004411116012351125,0.17727674624226347,0.05128205128205128,2.41158267020336,matched
2025,1,12889,12953,primary,17.0,17,5322.77,3246003.3475,313.10411764705884,92907.1848948097,True,,,,,,,,,,,,,,,,fare_only
2025,1,12889,13204,primary,3255.0,1764,799407.77,283634700.5261,245.59378494623655,26821.849639437612,False,338.0,2.0,0.0,0.0,336.0,0.0,47.0,16.0,-1689.0,3.0,0.005917159763313609,0.0,0.13988095238095238,0.047619047619047616,-5.026785714285714,matched
2025,1,12889,13232,primary,4575.0,2034,933253.48,246113791.617,203.98983169398906,12183.512853326873,False,623.0,4.0,3.0,0.0,616.0,0.0,117.0,36.0,644.0,3.0,0.006420545746388443,0.004815409309791332,0.18993506493506493,0.05844155844155844,1.0454545454545454,matched
2025,1,12889,13303,primary,4473.0,1837,1294791.8800000001,718851450.0978,289.46833892242347,76917.10157477265,False,448.0,1.0,1.0,0.0,446.0,0.0,80.0,32.0,2597.0,3.0,0.002232142857142857,0.002232142857142857,0.17937219730941703,0.07174887892376682,5.822869955156951,matched
2025,1,12889,13487,primary,8222.0,1598,1833191.54,553627497.9766,222.96175383118464,17622.950268755747,False,587.0,2.0,0.0,0.0,585.0,0.0,98.0,26.0,-1389.0,3.0,0.0034071550255536627,0.0,0.1675213675213675,0.044444444444444446,-2.3743589743589744,matched
2025,1,12889,13796,primary,8597.0,2238,1069645.28,186051487.2792,124.42076073048739,6160.917509575991,False,1056.0,7.0,0.0,0.0,1049.0,0.0,173.0,36.0,-1151.0,3.0,0.006628787878787879,0.0,0.16491897044804577,0.034318398474737846,-1.0972354623450906,matched
2025,1,12889,13930,primary,10724.0,3767,2568771.6,945018805.0209999,239.5348377471093,30744.91948952048,False,1235.0,5.0,4.0,0.0,1226.0,0.0,179.0,57.0,730.0,3.0,0.004048582995951417,0.0032388663967611335,0.14600326264274063,0.0464926590538336,0.5954323001631321,matched
2025,1,12889,14100,primary,4511.0,1946,1235318.26,594350629.6966,273.84576812236753,56764.34314150155,False,395.0,8.0,1.0,0.0,386.0,0.0,42.0,9.0,-2022.0,3.0,0.020253164556962026,0.002531645569620253,0.10880829015544041,0.023316062176165803,-5.238341968911917,matched
2025,1,12889,14107,primary,9930.0,2986,1515434.3,305680404.5964,152.6117119838872,7493.190500936187,False,1726.0,13.0,2.0,0.0,1711.0,0.0,277.0,96.0,3505.0,3.0,0.007531865585168019,0.0011587485515643105,0.16189362945645822,0.056107539450613676,2.048509643483343,matched
2025,1,12889,14635,primary,247.0,147,37799.05,6577933.9525,153.03259109311742,3212.3376119097156,False,,,,,,,,,,,,,,,,fare_only
2025,1,12889,14679,primary,10606.0,2621,1087653.71,157151437.8769,102.55079294738827,4300.555106942418,False,1774.0,22.0,0.0,0.0,1752.0,0.0,476.0,157.0,18163.0,3.0,0.012401352874859075,0.0,0.271689497716895,0.08961187214611872,10.367009132420092,matched
2025,1,12889,14747,primary,12297.0,3446,2152439.2,526209242.765,175.0377490444824,12153.462652833496,False,1425.0,8.0,2.0,0.0,1415.0,0.0,227.0,73.0,831.0,3.0,0.005614035087719298,0.0014035087719298245,0.16042402826855123,0.051590106007067135,0.5872791519434629,matched
2025,1,12889,14771,primary,11913.0,4039,1823439.51,398055811.4191,153.06299924452279,9985.284233823299,False,1525.0,3.0,1.0,0.0,1521.0,0.0,372.0,154.0,10681.0,3.0,0.0019672131147540984,0.0006557377049180328,0.2445759368836292,0.1012491781722551,7.022353714661407,matched
2025,1,12889,14869,primary,5838.0,2089,1005313.12,235421341.1272,172.20163069544364,10672.28203214728,False,975.0,2.0,1.0,0.0,972.0,0.0,144.0,45.0,-1173.0,3.0,0.0020512820512820513,0.0010256410256410256,0.14814814814814814,0.046296296296296294,-1.2067901234567902,matched
2025,1,12889,15016,primary,3040.0,1532,808967.4,276674270.77919996,266.10769736842104,20197.96668390841,False,478.0,10.0,2.0,0.0,466.0,0.0,84.0,22.0,-570.0,3.0,0.02092050209205021,0.0041841004184100415,0.18025751072961374,0.04721030042918455,-1.2231759656652361,matched
2025,1,12889,15304,primary,3283.0,1692,721369.3,231556659.5146,219.72869326835212,22251.332885072836,False,307.0,1.0,1.0,0.0,305.0,0.0,56.0,11.0,-360.0,3.0,0.003257328990228013,0.003257328990228013,0.18360655737704917,0.036065573770491806,-1.180327868852459,matched
2025,1,12892,10397,primary,8687.0,3139,2746539.5,1597537527.4046,316.16662829515366,83938.45910097189,False,1233.0,15.0,2.0,0.0,1216.0,0.0,261.0,100.0,8781.0,3.0,0.012165450121654502,0.0016220600162206002,0.21463815789473684,0.08223684210526316,7.2212171052631575,matched
2025,1,12892,10721,primary,10208.0,4039,3344811.4,1927961447.915,327.6656935736677,81502.88995502445,False,968.0,4.0,2.0,0.0,962.0,0.0,123.0,51.0,-4723.0,3.0,0.004132231404958678,0.002066115702479339,0.12785862785862787,0.05301455301455302,-4.909563409563409,matched
2025,1,12892,10821,primary,2487.0,1435,696035.2,268410304.0906,279.8694008845999,29598.45181825789,False,315.0,3.0,0.0,0.0,312.0,0.0,15.0,5.0,-3934.0,3.0,0.009523809523809525,0.0,0.04807692307692308,0.016025641025641024,-12.60897435897436,matched
2025,1,12892,11278,primary,4032.0,1819,1399529.45,729120923.4959,347.1055183531746,60351.321503749175,False,360.0,7.0,5.0,0.0,348.0,0.0,85.0,32.0,2311.0,3.0,0.019444444444444445,0.013888888888888888,0.2442528735632184,0.09195402298850575,6.640804597701149,matched
2025,1,12892,11292,primary,9204.0,3396,1626658.78,406085210.8778,176.73389613211648,12885.643960330792,False,1861.0,6.0,2.0,0.0,1853.0,0.0,229.0,85.0,-4424.0,3.0,0.0032240730789897904,0.0010746910263299302,0.12358337830545062,0.045871559633027525,-2.387479762547221,matched
2025,1,12892,11298,primary,11571.0,3324,2476125.0,906599313.6395999,213.99403681617838,32557.542928713185,False,1669.0,38.0,10.0,0.0,1621.0,0.0,248.0,82.0,-917.0,3.0,0.022768124625524265,0.005991611743559017,0.15299198025909932,0.05058605798889575,-0.5657001850709439,matched
2025,1,12892,11433,primary,4830.0,2052,1554847.3599999999,779704877.674,321.9145672877847,57800.59266688315,False,615.0,2.0,2.0,0.0,611.0,0.0,103.0,31.0,-834.0,3.0,0.0032520325203252032,0.0032520325203252032,0.1685761047463175,0.05073649754500818,-1.364975450081833,matched
2025,1,12892,11618,primary,12935.0,4391,4482985.859999999,2831529498.9148,346.5779559335137,98788.20433530385,False,1034.0,7.0,5.0,0.0,1022.0,0.0,144.0,68.0,-2653.0,3.0,0.006769825918762089,0.004835589941972921,0.14090019569471623,0.06653620352250489,-2.595890410958904,matched
2025,1,12892,11697,primary,6595.0,1625,1987761.81,1240619056.0677,301.40436846095525,97270.50236146242,False,503.0,0.0,2.0,0.0,501.0,0.0,115.0,30.0,-370.0,3.0,0.0,0.003976143141153081,0.22954091816367264,0.059880239520958084,-0.7385229540918163,matched
2025,1,12892,12173,primary,13794.0,5219,3488417.24,1468194174.0328,252.89381180223288,42481.87915416669,False,1247.0,9.0,9.0,0.0,1229.0,0.0,151.0,43.0,-13080.0,3.0,0.007217321571772253,0.007217321571772253,0.12286411716842961,0.03498779495524817,-10.64279902359642,matched
2025,1,12892,12266,primary,9183.0,3057,1813205.41,569252779.6643,197.45240226505499,23002.397436546446,False,1337.0,25.0,2.0,0.0,1310.0,0.0,154.0,43.0,-3087.0,3.0,0.018698578908002993,0.0014958863126402393,0.11755725190839694,0.03282442748091603,-2.3564885496183208,matched
2025,1,12892,12478,primary,23694.0,6018,9952728.690000001,7683225195.3427,420.05270068371743,147824.53912112274,False,2328.0,18.0,12.0,0.0,2298.0,0.0,284.0,120.0,-11747.0,3.0,0.007731958762886598,0.005154639175257732,0.12358572671888599,0.05221932114882506,-5.1118363794604,matched
2025,1,12892,12889,primary,15065.0,3973,1651206.64,246803572.188,109.60548556256222,4369.217832504024,False,2276.0,8.0,0.0,0.0,2268.0,0.0,405.0,143.0,5445.0,3.0,0.0035149384885764497,0.0,0.17857142857142858,0.06305114638447971,2.4007936507936507,matched
2025,1,12892,13204,primary,8196.0,3536,2724787.42,1313341201.2905998,332.45332113225965,49716.51709763281,False,703.0,0.0,1.0,0.0,702.0,0.0,120.0,43.0,964.0,3.0,0.0,0.001422475106685633,0.17094017094017094,0.06125356125356125,1.3732193732193732,matched
2025,1,12892,13232,primary,2059.0,996,429839.49,115043205.6753,208.76128703254005,12292.064364006503,False,283.0,1.0,1.0,0.0,281.0,0.0,26.0,3.0,-3180.0,3.0,0.0035335689045936395,0.0035335689045936395,0.09252669039145907,0.010676156583629894,-11.316725978647687,matched
2025,1,12892,13303,primary,6569.0,2249,2654996.14,1754721528.1722,404.1705191048866,103767.75156750344,False,807.0,1.0,5.0,0.0,801.0,0.0,134.0,36.0,845.0,3.0,0.0012391573729863693,0.006195786864931847,0.16729088639200998,0.0449438202247191,1.0549313358302121,matched
2025,1,12892,13487,primary,5081.0,1396,1436846.1,576948479.3634,282.78805353276914,33581.09968869305,False,458.0,0.0,0.0,0.0,458.0,0.0,61.0,19.0,-970.0,3.0,0.0,0.0,0.1331877729257642,0.04148471615720524,-2.1179039301310043,matched
2025,1,12892,13796,primary,3224.0,805,544017.91,105367512.8637,168.7400465260546,4209.027735512718,False,553.0,3.0,0.0,0.0,550.0,0.0,47.0,11.0,-6153.0,3.0,0.0054249547920434,0.0,0.08545454545454545,0.02,-11.187272727272727,matched
2025,1,12892,13930,primary,12322.0,3712,3122735.8000000003,1182972912.3144,253.4276740788833,31779.357389834353,False,1536.0,3.0,2.0,0.0,1531.0,0.0,209.0,63.0,-4806.0,3.0,0.001953125,0.0013020833333333333,0.1365120836054866,0.041149575440888306,-3.139124755062051,matched
2025,1,12892,14100,primary,5066.0,1887,1697615.86,895384852.051,335.09985392814843,64452.038164013415,False,525.0,7.0,2.0,0.0,516.0,0.0,53.0,17.0,-2735.0,3.0,0.013333333333333334,0.0038095238095238095,0.10271317829457365,0.03294573643410853,-5.300387596899225,matched
2025,1,12892,14107,primary,9147.0,3559,1379522.2000000002,286747701.4668,150.81690171640977,8603.087068305951,False,1886.0,6.0,0.0,0.0,1880.0,0.0,246.0,68.0,-866.0,3.0,0.003181336161187699,0.0,0.13085106382978723,0.036170212765957444,-0.46063829787234045,matched
2025,1,12892,14635,primary,20.0,16,7131.0,3618530.2112,356.55,53798.608059999984,True,3.0,0.0,0.0,0.0,3.0,0.0,0.0,0.0,-13.0,1.0,0.0,0.0,0.0,0.0,-4.333333333333333,matched
2025,1,12892,14679,primary,192.0,136,38941.259999999995,9594505.3872,202.81906249999997,8835.810111621104,False,526.0,1.0,0.0,0.0,525.0,0.0,81.0,28.0,2266.0,3.0,0.0019011406844106464,0.0,0.15428571428571428,0.05333333333333334,4.316190476190476,matched
2025,1,12892,14747,primary,11718.0,3620,2059457.65,498902299.25689995,175.75163423792455,11687.08411210141,False,1793.0,20.0,0.0,0.0,1773.0,0.0,256.0,63.0,-7478.0,3.0,0.011154489682097044,0.0,0.14438804286520024,0.03553299492385787,-4.217710095882684,matched
2025,1,12892,14771,primary,19089.0,5315,2344465.89,357143571.3441,122.81763790664782,3625.2191619044042,False,2586.0,8.0,2.0,0.0,2576.0,0.0,596.0,250.0,11864.0,3.0,0.0030935808197989174,0.0007733952049497294,0.23136645962732919,0.09704968944099379,4.605590062111801,matched
2025,1,12892,14869,primary,8600.0,3222,1557894.85,404432394.3151,181.1505639534884,14211.49577411219,False,1191.0,0.0,0.0,0.0,1191.0,0.0,109.0,41.0,-5514.0,3.0,0.0,0.0,0.09151973131821999,0.03442485306465155,-4.629722921914357,matched
2025,1,12892,15016,primary,1213.0,719,354343.77999999997,124870242.28259999,292.12183017312447,17608.152315364394,False,187.0,5.0,0.0,0.0,182.0,0.0,27.0,7.0,-688.0,3.0,0.026737967914438502,0.0,0.14835164835164835,0.038461538461538464,-3.78021978021978,matched
2025,1,12892,15304,primary,2302.0,1219,860555.7,485508264.0234,373.8295829713293,71158.59494734998,False,208.0,0.0,0.0,0.0,208.0,0.0,34.0,17.0,135.0,3.0,0.0,0.0,0.16346153846153846,0.08173076923076923,0.6490384615384616,matched
2025,1,12953,10397,primary,14270.0,3765,2699460.85,770390153.6227,189.17034688156974,18201.275980026825,False,1683.0,34.0,2.0,0.0,1647.0,0.0,346.0,117.0,8346.0,3.0,0.020202020202020204,0.0011883541295306002,0.2100789313904068,0.07103825136612021,5.067395264116575,matched
2025,1,12953,10721,primary,5914.0,2144,1237987.28,313653607.3836,209.33163341224216,9216.048007714104,False,1716.0,39.0,1.0,0.0,1676.0,0.0,262.0,113.0,-2589.0,3.0,0.022727272727272728,0.0005827505827505828,0.15632458233890215,0.06742243436754176,-1.5447494033412887,matched
2025,1,12953,11278,primary,3719.0,1755,695352.02,150363916.292,186.97284753966122,5472.430510928891,False,1115.0,48.0,3.0,0.0,1064.0,0.0,271.0,106.0,8170.0,3.0,0.04304932735426009,0.0026905829596412557,0.25469924812030076,0.09962406015037593,7.678571428571429,matched
2025,1,12953,11292,primary,7976.0,3310,1973081.08,648375719.6182,247.3772668004012,20095.325335032125,False,1076.0,5.0,1.0,0.0,1070.0,0.0,225.0,77.0,1637.0,3.0,0.004646840148698885,0.0009293680297397769,0.2102803738317757,0.07196261682242991,1.5299065420560747,matched
2025,1,12953,11298,primary,11884.0,3867,2902195.9000000004,1108163714.068,244.21035846516327,33609.67796978061,False,1631.0,51.0,10.0,0.0,1570.0,0.0,375.0,134.0,4718.0,3.0,0.03126916002452483,0.0061312078479460455,0.23885350318471338,0.08535031847133757,3.005095541401274,matched
2025,1,12953,11433,primary,6665.0,2462,1095638.46,253866930.13779998,164.3868657164291,11066.520291076493,False,911.0,13.0,0.0,0.0,898.0,0.0,187.0,63.0,3285.0,3.0,0.014270032930845226,0.0,0.20824053452115812,0.07015590200445435,3.6581291759465477,matched
2025,1,12953,11697,primary,13153.0,3235,2209730.4,597524076.2276,168.00200714665854,17204.05487528407,False,1096.0,20.0,3.0,0.0,1073.0,0.0,230.0,86.0,4530.0,3.0,0.01824817518248175,0.002737226277372263,0.21435228331780057,0.08014911463187326,4.221808014911463,matched
2025,1,12953,12266,primary,8418.0,3516,1814131.65,579248814.7159001,215.50625445473983,22367.794931884426,False,1001.0,27.0,5.0,0.0,969.0,0.0,195.0,53.0,947.0,3.0,0.026973026973026972,0.004995004995004995,0.20123839009287925,0.054695562435500514,0.977296181630547,matched
2025,1,12953,12889,primary,4.0,3,1195.22,383504.3074,298.805,6591.648824999997,True,,,,,,,,,,,,,,,,fare_only
2025,1,12953,12892,primary,5.0,5,1259.8,337115.4978,251.95999999999998,3939.25796000001,True,,,,,,,,,,,,,,,,fare_only
2025,1,12953,13204,primary,16961.0,4232,2501626.64,565964778.4728,147.49287424090562,11614.449328552604,False,1459.0,24.0,2.0,0.0,1433.0,0.0,346.0,139.0,10720.0,3.0,0.01644962302947224,0.0013708019191226869,0.24145150034891835,0.09699930216329379,7.480809490579205,matched
2025,1,12953,13232,primary,3707.0,1309,563195.79,105349222.5195,151.92764769355276,5336.987039084939,False,577.0,13.0,1.0,0.0,563.0,0.0,92.0,32.0,222.0,3.0,0.022530329289428077,0.0017331022530329288,0.16341030195381884,0.056838365896980464,0.39431616341030196,matched
2025,1,12953,13303,primary,18947.0,4997,3752760.37,1261067858.0027,198.06620414841402,27327.432123196406,False,1648.0,17.0,2.0,0.0,1629.0,0.0,404.0,159.0,13091.0,3.0,0.010315533980582525,0.0012135922330097086,0.2480049109883364,0.09760589318600368,8.03621853898097,matched
2025,1,12953,13487,primary,3489.0,1591,941758.74,311688119.355,269.922252794497,16476.49144892319,False,581.0,4.0,0.0,0.0,577.0,0.0,98.0,28.0,-669.0,3.0,0.0068846815834767644,0.0,0.16984402079722705,0.04852686308492201,-1.1594454072790294,matched
2025,1,12953,13930,primary,19078.0,7503,3428859.3099999996,827028643.2127,179.728446902191,11047.546114911507,False,2755.0,39.0,3.0,0.0,2713.0,0.0,553.0,209.0,8324.0,3.0,0.014156079854809437,0.001088929219600726,0.20383339476594176,0.07703649096940655,3.0681901953556947,matched
2025,1,12953,14100,primary,11.0,9,2898.0,805086.5,263.45454545454544,3781.384297520679,True,176.0,3.0,0.0,0.0,173.0,0.0,43.0,9.0,605.0,3.0,0.017045454545454544,0.0,0.24855491329479767,0.05202312138728324,3.4971098265895955,matched
2025,1,12953,14635,primary,2602.0,1080,547284.94,169593213.4374,210.33241352805533,20938.29789379058,False,268.0,4.0,1.0,0.0,263.0,0.0,91.0,27.0,3660.0,3.0,0.014925373134328358,0.0037313432835820895,0.34600760456273766,0.10266159695817491,13.916349809885931,matched
2025,1,12953,14747,primary,1.0,1,183.94,33833.9236,183.94,0.0,True,,,,,,,,,,,,,,,,fare_only
2025,1,12953,14771,primary,1.0,1,184.71,34117.784100000004,184.71,0.0,True,,,,,,,,,,,,,,,,fare_only
2025,1,12953,14869,primary,73.0,67,27488.85,13397818.4537,376.5595890410959,41734.635540927,False,13.0,0.0,0.0,0.0,13.0,0.0,4.0,1.0,624.0,3.0,0.0,0.0,0.3076923076923077,0.07692307692307693,48.0,matched
2025,1,12953,15016,primary,4047.0,2270,789003.78,181514686.798,194.96016308376576,6842.199450331689,False,639.0,15.0,1.0,0.0,623.0,0.0,96.0,24.0,-1624.0,3.0,0.023474178403755867,0.001564945226917058,0.15409309791332262,0.038523274478330656,-2.606741573033708,matched
2025,1,12953,15304,primary,6676.0,1722,1192709.38,297836203.27459997,178.65628819652486,12694.903017768349,False,608.0,8.0,1.0,0.0,599.0,0.0,151.0,56.0,5416.0,3.0,0.013157894736842105,0.001644736842105263,0.25208681135225375,0.09348914858096828,9.041736227045075,matched
2025,1,13204,10397,primary,11199.0,3084,2055705.38,526873676.028,183.5615126350567,13351.664161369416,False,2093.0,28.0,0.0,0.0,2065.0,0.0,516.0,177.0,25093.0,3.0,0.013377926421404682,0.0,0.24987893462469735,0.08571428571428572,12.151573849878934,matched
2025,1,13204,10721,primary,17240.0,3581,3356767.33,949469346.4789001,194.70808178654292,17162.39087302,False,1373.0,20.0,4.0,0.0,1349.0,0.0,271.0,108.0,5940.0,3.0,0.014566642388929352,0.0029133284777858705,0.20088954781319496,0.08005930318754632,4.403261675315048,matched
2025,1,13204,10821,primary,9840.0,3060,1667708.35,402133692.9577,169.48255589430894,12142.908466810899,False,1275.0,34.0,4.0,0.0,1237.0,0.0,172.0,60.0,-2847.0,3.0,0.02666666666666667,0.003137254901960784,0.13904607922392886,0.04850444624090541,-2.301535974130962,matched
2025,1,13204,11278,primary,10126.0,3300,1711016.51,371374930.6645,168.97259628678648,8123.644941758208,False,1152.0,34.0,8.0,0.0,1110.0,0.0,333.0,123.0,17556.0,3.0,0.029513888888888888,0.006944444444444444,0.3,0.11081081081081082,15.816216216216215,matched
2025,1,13204,11292,primary,10336.0,3989,2506731.9499999997,804521093.1027,242.52437596749223,19018.72012492019,False,1242.0,9.0,3.0,0.0,1230.0,0.0,231.0,70.0,5443.0,3.0,0.007246376811594203,0.0024154589371980675,0.1878048780487805,0.056910569105691054,4.42520325203252,matched
2025,1,13204,11298,primary,10038.0,2886,2250636.23,748519314.1855,224.21161884837616,24297.720822713076,False,1243.0,40.0,4.0,0.0,1199.0,0.0,287.0,115.0,12780.0,3.0,0.032180209171359615,0.003218020917135961,0.23936613844870724,0.09591326105087573,10.658882402001668,matched
2025,1,13204,11433,primary,13885.0,3107,2935958.3800000004,935927827.4104,211.4482088584804,22695.332133694938,False,1074.0,9.0,0.0,0.0,1065.0,0.0,270.0,90.0,15085.0,3.0,0.008379888268156424,0.0,0.2535211267605634,0.08450704225352113,14.164319248826292,matched
2025,1,13204,11618,primary,21262.0,3493,3640392.44,856520463.7464,171.21589878656758,10969.212689115524,False,1817.0,18.0,4.0,0.0,1795.0,0.0,374.0,141.0,10929.0,3.0,0.009906439185470555,0.002201430930104568,0.20835654596100278,0.07855153203342619,6.08857938718663,matched
2025,1,13204,11697,primary,819.0,346,71458.45,10041406.4025,87.2508547008547,4647.857831992319,False,277.0,0.0,0.0,0.0,277.0,0.0,49.0,18.0,569.0,3.0,0.0,0.0,0.17689530685920576,0.06498194945848375,2.0541516245487363,matched
2025,1,13204,12266,primary,7139.0,2455,1371029.27,386375864.78429997,192.04780361395154,17239.487994167335,False,857.0,12.0,2.0,0.0,843.0,0.0,161.0,59.0,6060.0,3.0,0.014002333722287048,0.002333722287047841,0.19098457888493475,0.06998813760379596,7.1886120996441285,matched
2025,1,13204,12478,primary,12657.0,2637,2146586.39,509266345.4635,169.59677569724263,11472.87785130096,False,1222.0,11.0,1.0,0.0,1210.0,0.0,274.0,110.0,11227.0,3.0,0.00900163666121113,0.0008183306055646482,0.22644628099173553,0.09090909090909091,9.278512396694214,matched
2025,1,13204,12889,primary,3245.0,1819,788696.49,279904081.7453,243.0497657935285,27183.847324690905,False,335.0,3.0,3.0,0.0,329.0,0.0,69.0,31.0,1425.0,3.0,0.008955223880597015,0.008955223880597015,0.20972644376899696,0.09422492401215805,4.331306990881459,matched
2025,1,13204,12892,primary,8157.0,3513,2677427.84,1282183411.1652,328.23683216868943,49448.69174982757,False,703.0,0.0,1.0,0.0,702.0,0.0,161.0,45.0,6725.0,3.0,0.0,0.001422475106685633,0.22934472934472935,0.0641025641025641,9.579772079772079,matched
2025,1,13204,12953,primary,17312.0,4383,2641626.5100000002,613639535.5003,152.5893316774492,12162.402483708836,False,1461.0,21.0,2.0,0.0,1438.0,0.0,308.0,109.0,7560.0,3.0,0.014373716632443531,0.0013689253935660506,0.2141863699582754,0.07579972183588317,5.257301808066759,matched
2025,1,13204,13232,primary,5957.0,2363,1274900.6500000001,343225700.6865,214.01723182810142,11813.831243520697,False,675.0,7.0,4.0,0.0,664.0,0.0,116.0,38.0,1793.0,3.0,0.01037037037037037,0.005925925925925926,0.1746987951807229,0.0572289156626506,2.700301204819277,matched
2025,1,13204,13303,primary,1250.0,669,246043.67,61178336.8851,196.834936,10198.677477955905,False,967.0,12.0,1.0,0.0,954.0,0.0,188.0,60.0,4981.0,3.0,0.012409513960703205,0.001034126163391934,0.1970649895178197,0.06289308176100629,5.221174004192872,matched
2025,1,13204,13487,primary,11895.0,2056,2735329.79,850554068.7120999,229.9562664985288,18625.29151420723,False,588.0,5.0,1.0,0.0,582.0,0.0,98.0,35.0,2282.0,3.0,0.008503401360544218,0.0017006802721088435,0.16838487972508592,0.06013745704467354,3.9209621993127146,matched
2025,1,13204,13796,primary,10.0,10,3297.86,1239516.8898,329.786,15192.883184000006,True,,,,,,,,,,,,,,,,fare_only
2025,1,13204,13930,primary,14084.0,4191,3139060.52,969280800.6186,222.8813206475433,19145.331321246515,False,1291.0,4.0,2.0,0.0,1285.0,0.0,256.0,100.0,11932.0,3.0,0.003098373353989156,0.001549186676994578,0.1992217898832685,0.07782101167315175,9.285603112840468,matched
2025,1,13204,14100,primary,16989.0,3636,2953097.29,775618041.8106999,173.82407969862854,15439.320920356462,False,1373.0,20.0,2.0,0.0,1351.0,0.0,265.0,104.0,10951.0,3.0,0.014566642388929352,0.0014566642388929353,0.19615099925980756,0.076980014803849,8.105847520355292,matched
2025,1,13204,14107,primary,4241.0,2369,1369156.9300000002,608102006.6194999,322.83822919122855,39161.9447897668,False,456.0,3.0,1.0,0.0,452.0,0.0,90.0,31.0,3236.0,3.0,0.006578947368421052,0.0021929824561403508,0.19911504424778761,0.06858407079646017,7.15929203539823,matched
2025,1,13204,14679,primary,2096.0,1082,651871.99,277544357.0685,311.0076288167939,35690.45570921527,False,180.0,0.0,0.0,0.0,180.0,0.0,44.0,9.0,1390.0,3.0,0.0,0.0,0.24444444444444444,0.05,7.722222222222222,matched
2025,1,13204,14747,primary,4446.0,1710,1454764.1300000001,641249520.5651,327.2074066576698,37165.97442402129,False,475.0,3.0,2.0,0.0,470.0,0.0,110.0,28.0,2358.0,3.0,0.00631578947368421,0.004210526315789474,0.23404255319148937,0.059574468085106386,5.017021276595744,matched
2025,1,13204,14771,primary,3535.0,1835,1312699.13,730982001.9002999,371.343459688826,68888.19389974201,False,344.0,0.0,0.0,0.0,344.0,0.0,57.0,20.0,-75.0,3.0,0.0,0.0,0.16569767441860464,0.05813953488372093,-0.2180232558139535,matched
2025,1,13204,14869,primary,3930.0,1383,1492517.26,697371356.9031999,379.7753842239186,33218.839955692034,False,372.0,0.0,0.0,0.0,372.0,0.0,62.0,22.0,824.0,3.0,0.0,0.0,0.16666666666666666,0.05913978494623656,2.21505376344086,matched
2025,1,13204,15016,primary,5229.0,2110,1145673.56,339375641.3434,219.09993497800727,16897.808154786362,False,592.0,10.0,3.0,0.0,579.0,0.0,119.0,49.0,3543.0,3.0,0.016891891891891893,0.005067567567567568,0.20552677029360966,0.0846286701208981,6.119170984455959,matched
2025,1,13232,10397,primary,4910.0,2120,814232.52,202586527.9942,165.83147046843177,13759.908737145259,False,818.0,20.0,1.0,0.0,797.0,0.0,143.0,46.0,285.0,3.0,0.02444987775061125,0.0012224938875305623,0.1794228356336261,0.05771643663739021,0.3575909661229611,matched
2025,1,13232,10721,primary,1580.0,720,230762.31,41192242.0351,146.05209493670887,4739.824827320099,False,220.0,1.0,1.0,0.0,218.0,0.0,35.0,10.0,-80.0,3.0,0.004545454545454545,0.004545454545454545,0.16055045871559634,0.045871559633027525,-0.3669724770642202,matched
2025,1,13232,10821,primary,2210.0,1220,375980.57999999996,85202735.5852,170.12695927601808,9610.091747948572,False,392.0,7.0,1.0,0.0,384.0,0.0,62.0,19.0,448.0,3.0,0.017857142857142856,0.002551020408163265,0.16145833333333334,0.049479166666666664,1.1666666666666667,matched
2025,1,13232,11278,primary,2430.0,919,424948.69,90284008.4057,174.87600411522635,6572.296108847717,False,515.0,19.0,1.0,0.0,495.0,0.0,131.0,49.0,4120.0,3.0,0.036893203883495145,0.001941747572815534,0.26464646464646463,0.09898989898989899,8.323232323232324,matched
2025,1,13232,11292,primary,3729.0,1707,566861.08,116272410.2872,152.01423437919013,8072.259911943995,False,622.0,3.0,0.0,0.0,619.0,0.0,112.0,28.0,-883.0,3.0,0.00482315112540193,0.0,0.18093699515347333,0.045234248788368334,-1.4264943457189014,matched
2025,1,13232,11298,primary,735.0,286,64787.75,7370282.4777,88.14659863945579,2257.7723560497916,False,74.0,3.0,0.0,0.0,71.0,0.0,20.0,8.0,663.0,3.0,0.04054054054054054,0.0,0.28169014084507044,0.11267605633802817,9.338028169014084,matched
2025,1,13232,11433,primary,761.0,490,152741.5,38487298.805,200.71156373193168,10289.505247357629,False,506.0,6.0,0.0,0.0,500.0,0.0,101.0,33.0,2318.0,3.0,0.011857707509881422,0.0,0.202,0.066,4.636,matched
2025,1,13232,11697,primary,2385.0,1316,531822.05,150126420.8261,222.9861844863732,13223.249924896765,False,295.0,2.0,0.0,0.0,293.0,0.0,55.0,10.0,451.0,3.0,0.006779661016949152,0.0,0.18771331058020477,0.034129692832764506,1.5392491467576792,matched
2025,1,13232,12266,primary,386.0,193,39057.7,5036004.6306,101.18575129533679,2808.0878555236377,False,45.0,1.0,0.0,0.0,44.0,0.0,19.0,3.0,646.0,3.0,0.022222222222222223,0.0,0.4318181818181818,0.06818181818181818,14.681818181818182,matched
2025,1,13232,12889,primary,4539.0,2039,902094.35,228360748.9805,198.74297202026878,10812.037192951633,False,613.0,4.0,2.0,0.0,607.0,0.0,104.0,32.0,-708.0,3.0,0.0065252854812398045,0.0032626427406199023,0.171334431630972,0.05271828665568369,-1.1663920922570017,matched
2025,1,13232,12892,primary,2016.0,974,418362.28,111087418.28299999,207.52097222222224,12037.93214101906,False,276.0,1.0,1.0,0.0,274.0,0.0,40.0,10.0,-2226.0,3.0,0.0036231884057971015,0.0036231884057971015,0.145985401459854,0.0364963503649635,-8.124087591240876,matched
2025,1,13232,12953,primary,3860.0,1344,578296.96,106547650.1492,149.8178652849741,5157.625414821232,False,577.0,10.0,2.0,0.0,565.0,0.0,111.0,32.0,1301.0,3.0,0.01733102253032929,0.0034662045060658577,0.19646017699115045,0.05663716814159292,2.302654867256637,matched
2025,1,13232,13204,primary,5916.0,2321,1240045.46,326322589.6828,209.60876605814738,11223.494076435469,False,682.0,7.0,3.0,0.0,672.0,0.0,113.0,35.0,-64.0,3.0,0.010263929618768328,0.004398826979472141,0.16815476190476192,0.052083333333333336,-0.09523809523809523,matched
2025,1,13232,13303,primary,1921.0,967,319978.85,75554012.2135,166.56889640812076,11585.366108828934,False,209.0,2.0,0.0,0.0,207.0,0.0,53.0,14.0,1742.0,3.0,0.009569377990430622,0.0,0.2560386473429952,0.06763285024154589,8.415458937198068,matched
2025,1,13232,13487,primary,2106.0,1076,386954.24,90336456.10820001,183.73895536562202,9134.7997513304,False,629.0,3.0,0.0,0.0,626.0,0.0,105.0,35.0,1233.0,3.0,0.0047694753577106515,0.0,0.16773162939297126,0.05591054313099041,1.9696485623003195,matched
2025,1,13232,13796,primary,691.0,486,156574.47,41280370.3283,226.59112879884225,8396.504240115108,False,98.0,0.0,0.0,0.0,98.0,0.0,20.0,6.0,-420.0,3.0,0.0,0.0,0.20408163265306123,0.061224489795918366,-4.285714285714286,matched
2025,1,13232,14100,primary,1274.0,742,276759.42,75564474.88,217.23659340659339,12121.03711618163,False,277.0,5.0,0.0,0.0,272.0,0.0,45.0,11.0,-249.0,3.0,0.018050541516245487,0.0,0.16544117647058823,0.04044117647058824,-0.9154411764705882,matched
2025,1,13232,14107,primary,5361.0,2211,1164586.5499999998,309838438.5117,217.23308151464275,10604.684492574794,False,690.0,6.0,2.0,0.0,682.0,0.0,118.0,26.0,-2942.0,3.0,0.008695652173913044,0.002898550724637681,0.17302052785923755,0.03812316715542522,-4.313782991202346,matched
2025,1,13232,14635,primary,2975.0,1546,735549.89,226085245.6237,247.2436605042017,14865.612886264556,False,370.0,2.0,5.0,0.0,363.0,0.0,62.0,19.0,-144.0,3.0,0.005405405405405406,0.013513513513513514,0.17079889807162535,0.05234159779614325,-0.39669421487603307,matched
2025,1,13232,14679,primary,1246.0,744,338683.74,105874002.5264,271.8168057784912,11086.733668127592,False,208.0,0.0,1.0,0.0,207.0,0.0,38.0,6.0,-1497.0,3.0,0.0,0.004807692307692308,0.18357487922705315,0.028985507246376812,-7.231884057971015,matched
2025,1,13232,14747,primary,521.0,339,93327.73,21415146.1489,179.13191938579655,9015.682806296762,False,90.0,0.0,0.0,0.0,90.0,0.0,29.0,4.0,402.0,3.0,0.0,0.0,0.32222222222222224,0.044444444444444446,4.466666666666667,matched
2025,1,13232,14771,primary,507.0,316,100780.71,23688043.5327,198.77852071005918,7209.0790587584415,False,62.0,0.0,0.0,0.0,62.0,0.0,21.0,10.0,1466.0,3.0,0.0,0.0,0.3387096774193548,0.16129032258064516,23.64516129032258,matched
2025,1,13232,14869,primary,632.0,455,167742.06,51630929.0884,265.4146518987342,11249.570608739581,False,172.0,0.0,0.0,0.0,172.0,0.0,31.0,8.0,222.0,3.0,0.0,0.0,0.18023255813953487,0.046511627906976744,1.2906976744186047,matched
2025,1,13232,15016,primary,1073.0,599,219849.08,56207006.511,204.8919664492078,10402.326363234664,False,369.0,8.0,0.0,0.0,361.0,0.0,47.0,14.0,-1515.0,3.0,0.02168021680216802,0.0,0.13019390581717452,0.038781163434903045,-4.196675900277008,matched
2025,1,13232,15304,primary,4026.0,1809,732977.08,175866320.05900002,182.06087431693987,10536.480879265386,False,475.0,3.0,1.0,0.0,471.0,0.0,86.0,27.0,954.0,3.0,0.00631578947368421,0.002105263157894737,0.18259023354564755,0.05732484076433121,2.0254777070063694,matched
2025,1,13303,10397,primary,9573.0,3141,1848037.42,501902251.84000003,193.04684216024233,15161.857695083942,False,1634.0,32.0,1.0,0.0,1601.0,0.0,455.0,179.0,28709.0,3.0,0.019583843329253364,0.0006119951040391676,0.28419737663960026,0.11180512179887571,17.931917551530294,matched
2025,1,13303,10721,primary,9982.0,3397,2165223.16,757051751.3166,216.91275896613905,28790.54517167082,False,1069.0,17.0,2.0,0.0,1050.0,0.0,287.0,110.0,14394.0,3.0,0.015902712815715623,0.0018709073900841909,0.2733333333333333,0.10476190476190476,13.708571428571428,matched
2025,1,13303,10821,primary,3815.0,1880,691547.72,180027433.4496,181.2706998689384,14330.299935106515,False,606.0,17.0,0.0,0.0,589.0,0.0,119.0,34.0,3194.0,3.0,0.028052805280528052,0.0,0.20203735144312393,0.057724957555178265,5.422750424448218,matched
2025,1,13303,11278,primary,7324.0,2053,1648556.78,547512186.449,225.08967504096123,24090.534755902045,False,1074.0,31.0,7.0,0.0,1036.0,0.0,235.0,72.0,4630.0,3.0,0.028864059590316574,0.006517690875232775,0.22683397683397682,0.0694980694980695,4.469111969111969,matched
2025,1,13303,11292,primary,6284.0,2939,1505590.04,525674295.71940005,239.59103119032463,26248.9537692422,False,805.0,3.0,2.0,0.0,800.0,0.0,178.0,77.0,10798.0,3.0,0.0037267080745341614,0.002484472049689441,0.2225,0.09625,13.4975,matched
2025,1,13303,11298,primary,5460.0,2381,1508789.16,639849103.3606,276.335010989011,40827.44217067755,False,1189.0,25.0,5.0,0.0,1159.0,0.0,268.0,90.0,9067.0,3.0,0.021026072329688814,0.004205214465937763,0.23123382226056946,0.07765314926660914,7.823123382226057,matched
2025,1,13303,11433,primary,4590.0,2090,1165031.17,431579657.74109995,253.81942701525054,29601.767694290415,False,515.0,2.0,1.0,0.0,512.0,0.0,158.0,65.0,9647.0,3.0,0.003883495145631068,0.001941747572815534,0.30859375,0.126953125,18.841796875,matched
2025,1,13303,11618,primary,13303.0,3577,2819670.46,905506398.0716001,211.95748778471022,23141.857550119654,False,1249.0,12.0,3.0,0.0,1234.0,0.0,322.0,126.0,13045.0,3.0,0.009607686148919135,0.0024019215372297837,0.26094003241491087,0.10210696920583469,10.57131280388979,matched
2025,1,13303,12266,primary,5435.0,2373,1115649.91,361750636.14169997,205.27137258509657,24423.118268916383,False,936.0,20.0,3.0,0.0,913.0,0.0,254.0,85.0,13369.0,3.0,0.021367521367521368,0.003205128205128205,0.2782037239868565,0.09309967141292443,14.642935377875137,matched
2025,1,13303,12478,primary,12716.0,3465,2629361.62,835795098.6934,206.77584303240013,22971.581714443433,False,1365.0,16.0,3.0,0.0,1346.0,0.0,357.0,169.0,17911.0,3.0,0.011721611721611722,0.002197802197802198,0.2652303120356612,0.12555720653789004,13.306835066864785,matched
2025,1,13303,12889,primary,4368.0,1776,1236289.1500000001,668717436.4587001,283.03323031135534,72986.84174343412,False,453.0,1.0,0.0,0.0,452.0,0.0,125.0,46.0,5593.0,3.0,0.002207505518763797,0.0,0.27654867256637167,0.10176991150442478,12.373893805309734,matched
2025,1,13303,12892,primary,6419.0,2172,2672328.36,1787485767.7022002,416.31536999532636,105149.46218410911,False,803.0,1.0,3.0,0.0,799.0,0.0,147.0,40.0,-1053.0,3.0,0.0012453300124533001,0.0037359900373599006,0.18397997496871088,0.05006257822277847,-1.3178973717146434,matched
2025,1,13303,12953,primary,19097.0,4963,4019035.99,1439856819.4561,210.45378802953346,31106.219360819698,False,1646.0,18.0,14.0,0.0,1614.0,0.0,433.0,167.0,16860.0,3.0,0.010935601458080195,0.00850546780072904,0.26827757125154894,0.10346964064436183,10.446096654275093,matched
2025,1,13303,13204,primary,1312.0,654,255849.40000000002,60653213.996199995,195.00716463414636,8201.789579918011,False,968.0,12.0,1.0,0.0,955.0,0.0,231.0,83.0,11347.0,3.0,0.012396694214876033,0.0010330578512396695,0.2418848167539267,0.08691099476439791,11.881675392670157,matched
2025,1,13303,13232,primary,1870.0,922,332515.34,83816301.2164,177.8156898395722,13203.131899497377,False,209.0,3.0,1.0,0.0,205.0,0.0,54.0,25.0,3341.0,3.0,0.014354066985645933,0.004784688995215311,0.2634146341463415,0.12195121951219512,16.297560975609755,matched
2025,1,13303,13487,primary,4490.0,1514,1081303.17,365126787.5637,240.82475946547882,23323.432458616997,False,304.0,1.0,0.0,0.0,303.0,0.0,93.0,43.0,5864.0,3.0,0.003289473684210526,0.0,0.3069306930693069,0.1419141914191419,19.353135313531354,matched
2025,1,13303,13930,primary,9182.0,3281,2416461.04,923329590.6675999,263.17371378784577,31298.25359912435,False,1206.0,6.0,5.0,0.0,1195.0,0.0,224.0,86.0,1941.0,3.0,0.004975124378109453,0.0041459369817578775,0.18744769874476988,0.07196652719665272,1.6242677824267782,matched
2025,1,13303,14100,primary,6886.0,2086,1461771.73,497512706.8869,212.28169183851293,27186.36813255737,False,833.0,19.0,2.0,0.0,812.0,0.0,153.0,64.0,3191.0,3.0,0.022809123649459785,0.0024009603841536613,0.18842364532019704,0.07881773399014778,3.9298029556650245,matched
2025,1,13303,14107,primary,3621.0,1506,1214077.0899999999,682028513.8475,335.28779066556194,75935.7328483086,False,497.0,1.0,0.0,0.0,496.0,0.0,89.0,24.0,2772.0,3.0,0.002012072434607646,0.0,0.17943548387096775,0.04838709677419355,5.588709677419355,matched
2025,1,13303,14679,primary,1685.0,937,565741.3300000001,296730869.10069996,335.75153115727005,63372.315320029404,False,186.0,1.0,3.0,0.0,182.0,0.0,55.0,13.0,1818.0,3.0,0.005376344086021506,0.016129032258064516,0.3021978021978022,0.07142857142857142,9.989010989010989,matched
2025,1,13303,14747,primary,2115.0,1063,649433.7,314018662.2316,307.0608510638298,54185.8144681173,False,280.0,0.0,3.0,0.0,277.0,0.0,82.0,32.0,3287.0,3.0,0.0,0.010714285714285714,0.296028880866426,0.11552346570397112,11.866425992779783,matched
2025,1,13303,14771,primary,4177.0,1948,1332860.6,807361590.1062,319.0951879339239,91465.68983947267,False,432.0,0.0,2.0,0.0,430.0,0.0,107.0,50.0,4732.0,3.0,0.0,0.004629629629629629,0.24883720930232558,0.11627906976744186,11.004651162790697,matched
2025,1,13303,14869,primary,2459.0,1394,893490.51,458212777.49729997,363.35522976819846,54314.08212303583,False,240.0,1.0,1.0,0.0,238.0,0.0,59.0,19.0,2318.0,3.0,0.004166666666666667,0.004166666666666667,0.24789915966386555,0.07983193277310924,9.739495798319327,matched
2025,1,13303,15016,primary,1422.0,1115,409595.66000000003,145074871.2536,288.04195499296765,19053.54190616394,False,290.0,5.0,1.0,0.0,284.0,0.0,56.0,20.0,1452.0,3.0,0.017241379310344827,0.0034482758620689655,0.19718309859154928,0.07042253521126761,5.112676056338028,matched
2025,1,13303,15304,primary,1690.0,772,427524.05,122669244.5001,252.97281065088757,8590.108846597293,False,853.0,8.0,0.0,0.0,845.0,0.0,194.0,74.0,6906.0,3.0,0.009378663540445486,0.0,0.22958579881656804,0.08757396449704143,8.172781065088758,matched
2025,1,13487,10397,primary,3957.0,1612,1120394.26,434425080.0046,283.14234521101844,29616.886951538152,False,853.0,8.0,1.0,0.0,844.0,0.0,160.0,59.0,5028.0,3.0,0.009378663540445486,0.0011723329425556857,0.1895734597156398,0.06990521327014218,5.957345971563981,matched
2025,1,13487,10721,primary,3052.0,1018,990874.8099999999,395052086.7181,324.6640923984272,24033.622493114686,False,384.0,0.0,0.0,0.0,384.0,0.0,72.0,21.0,-889.0,3.0,0.0,0.0,0.1875,0.0546875,-2.3151041666666665,matched
2025,1,13487,10821,primary,1199.0,778,290004.39999999997,83237191.0296,241.87189324437028,10920.164931111212,False,260.0,2.0,0.0,0.0,258.0,0.0,47.0,16.0,65.0,3.0,0.007692307692307693,0.0,0.1821705426356589,0.06201550387596899,0.25193798449612403,matched
2025,1,13487,11278,primary,2817.0,1261,713125.51,221009319.4279,253.15069577564785,14370.28768052406,False,594.0,22.0,4.0,0.0,568.0,0.0,162.0,61.0,6384.0,3.0,0.037037037037037035,0.006734006734006734,0.2852112676056338,0.1073943661971831,11.23943661971831,matched
2025,1,13487,11292,primary,8510.0,2699,1331989.52,272344544.0704,156.52050763807287,7504.214833302816,False,1261.0,2.0,1.0,0.0,1258.0,0.0,220.0,69.0,-816.0,3.0,0.0015860428231562252,0.0007930214115781126,0.17488076311605724,0.054848966613672494,-0.6486486486486487,matched
2025,1,13487,11298,primary,5156.0,2049,1402651.92,485368920.5094,272.04265321955,20129.51331441119,False,793.0,16.0,1.0,0.0,776.0,0.0,140.0,49.0,378.0,3.0,0.0201765447667087,0.0012610340479192938,0.18041237113402062,0.06314432989690721,0.48711340206185566,matched
2025,1,13487,11433,primary,2663.0,1023,647218.37,215468326.02190003,243.04107022155463,21842.914273394636,False,538.0,3.0,0.0,0.0,535.0,0.0,87.0,33.0,770.0,3.0,0.0055762081784386614,0.0,0.16261682242990655,0.0616822429906542,1.439252336448598,matched
2025,1,13487,11618,primary,2566.0,1399,623833.76,180875529.9722,243.115261106781,11384.264428127455,False,513.0,7.0,2.0,0.0,504.0,0.0,90.0,37.0,917.0,3.0,0.01364522417153996,0.003898635477582846,0.17857142857142858,0.07341269841269842,1.8194444444444444,matched
2025,1,13487,11697,primary,4362.0,1251,1042903.3,344747621.9318,239.088331040807,21871.071182450687,False,262.0,4.0,1.0,0.0,257.0,0.0,52.0,21.0,-50.0,3.0,0.015267175572519083,0.003816793893129771,0.20233463035019456,0.08171206225680934,-0.19455252918287938,matched
2025,1,13487,12173,primary,610.0,376,472950.38,475614638.2644,775.3284918032787,178561.85810034839,False,90.0,0.0,0.0,0.0,90.0,0.0,18.0,9.0,40.0,3.0,0.0,0.0,0.2,0.1,0.4444444444444444,matched
2025,1,13487,12266,primary,2753.0,1386,741498.79,241172261.5933,269.3420958953869,15058.272208792827,False,403.0,7.0,1.0,0.0,395.0,0.0,53.0,17.0,-2647.0,3.0,0.017369727047146403,0.0024813895781637717,0.1341772151898734,0.043037974683544304,-6.70126582278481,matched
2025,1,13487,12478,primary,879.0,653,201603.9,59669385.5176,229.35597269624571,15279.097763075479,False,122.0,1.0,1.0,0.0,120.0,0.0,40.0,14.0,1693.0,3.0,0.00819672131147541,0.00819672131147541,0.3333333333333333,0.11666666666666667,14.108333333333333,matched
2025,1,13487,12889,primary,8377.0,1604,1844170.2,553150928.2204,220.14685448251163,17567.46562731474,False,582.0,1.0,0.0,0.0,581.0,0.0,111.0,30.0,-1997.0,3.0,0.001718213058419244,0.0,0.19104991394148021,0.05163511187607573,-3.4371772805507743,matched
2025,1,13487,12892,primary,5160.0,1445,1416792.69,556398961.3539,274.572226744186,32439.3483770765,False,459.0,0.0,1.0,0.0,458.0,0.0,74.0,22.0,-3099.0,3.0,0.0,0.002178649237472767,0.1615720524017467,0.048034934497816595,-6.7663755458515285,matched
2025,1,13487,12953,primary,3640.0,1671,987268.0399999999,328724928.3874,271.2274835164835,16744.698445590373,False,581.0,5.0,4.0,0.0,572.0,0.0,131.0,38.0,1841.0,3.0,0.008605851979345954,0.0068846815834767644,0.229020979020979,0.06643356643356643,3.2185314685314683,matched
2025,1,13487,13204,primary,12296.0,2131,2819366.3400000003,885938764.4806001,229.29134189980485,19476.453568222074,False,589.0,4.0,0.0,0.0,585.0,0.0,125.0,47.0,2767.0,3.0,0.006791171477079796,0.0,0.21367521367521367,0.08034188034188035,4.72991452991453,matched
2025,1,13487,13232,primary,2130.0,1079,390056.72,90508263.17500001,183.12522065727697,8957.295894904375,False,630.0,4.0,1.0,0.0,625.0,0.0,100.0,29.0,-125.0,3.0,0.006349206349206349,0.0015873015873015873,0.16,0.0464,-0.2,matched
2025,1,13487,13303,primary,4495.0,1599,1077430.95,369305394.63750005,239.69542825361512,24705.255097564106,False,303.0,1.0,1.0,0.0,301.0,0.0,71.0,27.0,3415.0,3.0,0.0033003300330033004,0.0033003300330033004,0.23588039867109634,0.08970099667774087,11.345514950166113,matched
2025,1,13487,13930,primary,5113.0,2343,1106339.32,287451173.2146,216.37772736162725,9400.34920050692,False,1409.0,10.0,2.0,0.0,1397.0,0.0,250.0,123.0,8489.0,3.0,0.007097232079488999,0.0014194464158978,0.17895490336435219,0.08804581245526127,6.076592698639943,matched
2025,1,13487,14100,primary,1914.0,1047,526166.3,194559390.6232,274.90402298850574,26078.452451527162,False,383.0,8.0,1.0,0.0,374.0,0.0,74.0,24.0,1514.0,3.0,0.020887728459530026,0.0026109660574412533,0.19786096256684493,0.06417112299465241,4.048128342245989,matched
2025,1,13487,14107,primary,13729.0,3582,3141202.79,1019753208.2751,228.80055284434408,21927.61842282059,False,888.0,5.0,0.0,0.0,883.0,0.0,176.0,52.0,1498.0,3.0,0.00563063063063063,0.0,0.19932049830124576,0.05889014722536806,1.696489241223103,matched
2025,1,13487,14635,primary,10145.0,1902,2542283.0,946861305.3142,250.59467718087728,30535.11262954832,False,423.0,2.0,1.0,0.0,420.0,0.0,95.0,36.0,2431.0,3.0,0.004728132387706856,0.002364066193853428,0.2261904761904762,0.08571428571428572,5.788095238095238,matched
2025,1,13487,14679,primary,3628.0,1072,995163.45,349003256.5925,274.3008406835722,20956.19780593604,False,284.0,0.0,2.0,0.0,282.0,0.0,60.0,13.0,-336.0,3.0,0.0,0.007042253521126761,0.2127659574468085,0.04609929078014184,-1.1914893617021276,matched
2025,1,13487,14747,primary,2919.0,1211,771709.39,257158577.6993,264.37457690990067,18204.259753563703,False,537.0,1.0,0.0,0.0,536.0,0.0,72.0,25.0,-2925.0,3.0,0.00186219739292365,0.0,0.13432835820895522,0.04664179104477612,-5.457089552238806,matched
2025,1,13487,14771,primary,3401.0,1260,992655.9199999999,376792674.2026,291.8717788885622,25599.654515712362,False,414.0,0.0,2.0,0.0,412.0,0.0,94.0,39.0,-612.0,3.0,0.0,0.004830917874396135,0.22815533980582525,0.09466019417475728,-1.4854368932038835,matched
2025,1,13487,14869,primary,1660.0,653,665230.2000000001,297901565.25079995,400.74108433734943,18865.357571595232,False,383.0,1.0,0.0,0.0,382.0,0.0,55.0,8.0,-1665.0,3.0,0.0026109660574412533,0.0,0.14397905759162305,0.020942408376963352,-4.358638743455497,matched
2025,1,13487,15016,primary,1766.0,1247,410308.75,112524622.7231,232.33791053227634,9736.32223951861,False,460.0,8.0,1.0,0.0,451.0,0.0,76.0,28.0,715.0,3.0,0.017391304347826087,0.002173913043478261,0.16851441241685144,0.06208425720620843,1.5853658536585367,matched
2025,1,13487,15304,primary,5899.0,1262,1244236.4000000001,356045321.3332,210.92327513137823,15868.266622736795,False,307.0,1.0,0.0,0.0,306.0,0.0,53.0,18.0,523.0,3.0,0.003257328990228013,0.0,0.17320261437908496,0.058823529411764705,1.7091503267973855,matched
2025,1,13796,10397,primary,1.0,1,389.0,151321.0,389.0,0.0,True,,,,,,,,,,,,,,,,fare_only
2025,1,13796,10821,primary,26.0,20,7715.84,2588625.7362,296.76307692307694,11494.204490532546,True,4.0,0.0,0.0,0.0,4.0,0.0,0.0,0.0,-42.0,3.0,0.0,0.0,0.0,0.0,-10.5,matched
2025,1,13796,11278,primary,85.0,73,25035.74,8711048.0074,294.53811764705887,15730.214987044965,False,,,,,,,,,,,,,,,,fare_only
2025,1,13796,11292,primary,1772.0,949,360312.9,88921457.3352,203.33685101580136,8835.53435035477,False,388.0,0.0,0.0,0.0,388.0,0.0,60.0,14.0,35.0,3.0,0.0,0.0,0.15463917525773196,0.03608247422680412,0.09020618556701031,matched
2025,1,13796,11697,primary,3.0,2,897.42,268693.8732,299.14,79.88479999999981,True,,,,,,,,,,,,,,,,fare_only
2025,1,13796,12173,primary,1965.0,1051,512832.46,175804880.88279998,260.98344020356234,21355.7767042973,False,242.0,1.0,1.0,0.0,240.0,0.0,25.0,5.0,-2766.0,3.0,0.004132231404958678,0.004132231404958678,0.10416666666666667,0.020833333333333332,-11.525,matched
2025,1,13796,12889,primary,8458.0,2262,1003942.75,165473512.6307,118.69741664696146,5475.065233418507,False,1057.0,4.0,0.0,0.0,1053.0,0.0,157.0,43.0,1127.0,3.0,0.003784295175023652,0.0,0.14909781576448244,0.04083570750237417,1.070275403608737,matched
2025,1,13796,12892,primary,3286.0,797,557145.17,108590362.7221,169.5511777236762,4298.765363829032,False,567.0,8.0,0.0,0.0,559.0,0.0,57.0,10.0,-3861.0,3.0,0.014109347442680775,0.0,0.10196779964221825,0.017889087656529516,-6.906976744186046,matched
2025,1,13796,13232,primary,640.0,441,145927.03,38170482.1739,228.010984375,7652.369401062257,False,95.0,1.0,0.0,0.0,94.0,0.0,11.0,1.0,-614.0,3.0,0.010526315789473684,0.0,0.11702127659574468,0.010638297872340425,-6.531914893617022,matched
2025,1,13796,14107,primary,3881.0,1492,681068.13,142111518.7123,175.487794382891,5821.276669446001,False,496.0,1.0,0.0,0.0,495.0,0.0,53.0,14.0,-431.0,3.0,0.0020161290322580645,0.0,0.10707070707070707,0.028282828282828285,-0.8707070707070707,matched
2025,1,13796,14635,primary,6.0,5,2061.85,736769.1281000001,343.64166666666665,4705.25961388892,True,,,,,,,,,,,,,,,,fare_only
2025,1,13796,14679,primary,5006.0,1455,744574.86,154184513.1068,148.73648821414304,8677.39976385593,False,757.0,10.0,2.0,0.0,745.0,0.0,115.0,31.0,593.0,3.0,0.013210039630118891,0.002642007926023778,0.15436241610738255,0.04161073825503356,0.7959731543624161,matched
2025,1,13796,14747,primary,3244.0,1674,562176.28,126599766.6234,173.29725030826143,8993.885052673468,False,345.0,1.0,0.0,0.0,344.0,0.0,44.0,12.0,-1258.0,3.0,0.002898550724637681,0.0,0.12790697674418605,0.03488372093023256,-3.6569767441860463,matched
2025,1,13796,14869,primary,2136.0,1241,371331.34,84636959.45719999,173.8442602996255,9402.217850576428,False,463.0,0.0,0.0,0.0,463.0,0.0,45.0,14.0,-3238.0,3.0,0.0,0.0,0.09719222462203024,0.03023758099352052,-6.993520518358531,matched
2025,1,13796,15016,primary,10.0,10,1766.33,316202.0723,176.63299999999998,420.9905410000065,True,4.0,0.0,0.0,0.0,4.0,0.0,0.0,0.0,-42.0,3.0,0.0,0.0,0.0,0.0,-10.5,matched
2025,1,13930,10397,primary,8917.0,3551,1837472.93,525757793.82229996,206.06402713917237,16498.90345489351,False,1299.0,27.0,1.0,0.0,1271.0,0.0,278.0,107.0,8266.0,3.0,0.020785219399538105,0.0007698229407236335,0.2187254130605822,0.08418568056648308,6.503540519276161,matched
2025,1,13930,10721,primary,9725.0,4268,1752527.1400000001,401810550.9806,180.20844627249357,8842.196198542224,False,1523.0,16.0,0.0,0.0,1507.0,0.0,298.0,120.0,1898.0,3.0,0.010505581089954037,0.0,0.19774386197743862,0.07962840079628401,1.2594558725945588,matched
2025,1,13930,10821,primary,2104.0,1429,434684.81,111629998.8205,206.59924429657795,10372.83534567416,False,576.0,11.0,1.0,0.0,564.0,0.0,104.0,38.0,3185.0,3.0,0.019097222222222224,0.001736111111111111,0.18439716312056736,0.0673758865248227,5.647163120567376,matched
2025,1,13930,11278,primary,6621.0,2649,1412395.37,366194479.3657,213.32055127624227,9802.374326731282,False,1626.0,52.0,9.0,0.0,1565.0,0.0,461.0,181.0,22574.0,3.0,0.03198031980319803,0.005535055350553505,0.29456869009584663,0.11565495207667732,14.424281150159745,matched
2025,1,13930,11292,primary,9771.0,3675,1883800.9500000002,478988878.39769995,192.79510285538842,11851.528040463774,False,1416.0,7.0,1.0,0.0,1408.0,0.0,261.0,77.0,6388.0,3.0,0.0049435028248587575,0.0007062146892655367,0.18536931818181818,0.0546875,4.536931818181818,matched
2025,1,13930,11298,primary,10717.0,3551,2405745.06,749352749.245,224.47933750116638,19530.903422552597,False,1499.0,32.0,13.0,0.0,1454.0,0.0,328.0,106.0,5667.0,3.0,0.02134756504336224,0.00867244829886591,0.22558459422283356,0.07290233837689133,3.8975240715268225,matched
2025,1,13930,11433,primary,2566.0,1612,591700.42,158711141.43539998,230.59252533125488,8678.662255664785,False,1308.0,16.0,1.0,0.0,1291.0,0.0,274.0,115.0,10146.0,3.0,0.012232415902140673,0.0007645259938837921,0.21223857474825716,0.08907823392718822,7.859024012393493,matched
2025,1,13930,11618,primary,10343.0,3268,1932890.32,474993547.64559996,186.87907957072417,11000.365825470122,False,1503.0,6.0,1.0,0.0,1496.0,0.0,343.0,139.0,11912.0,3.0,0.003992015968063872,0.0006653359946773121,0.22927807486631016,0.0929144385026738,7.962566844919786,matched
2025,1,13930,11697,primary,9005.0,3143,1862816.2000000002,600885844.2506,206.86465297057194,23935.03803327489,False,813.0,6.0,1.0,0.0,806.0,0.0,157.0,59.0,1610.0,3.0,0.007380073800738007,0.0012300123001230013,0.19478908188585609,0.07320099255583126,1.9975186104218363,matched
2025,1,13930,12173,primary,1012.0,685,774791.44,725525632.0846001,765.6041897233201,130772.78602651751,False,139.0,0.0,0.0,0.0,139.0,0.0,14.0,4.0,-1214.0,3.0,0.0,0.0,0.10071942446043165,0.02877697841726619,-8.733812949640289,matched
2025,1,13930,12266,primary,8198.0,3063,1719544.64,511820712.6976,209.7517248109295,18436.601435497825,False,1308.0,22.0,2.0,0.0,1284.0,0.0,273.0,90.0,6032.0,3.0,0.016819571865443424,0.0015290519877675841,0.21261682242990654,0.07009345794392523,4.697819314641745,matched
2025,1,13930,12478,primary,2811.0,1622,464023.19999999995,103952933.278,165.07406616862326,9731.318697055744,False,461.0,6.0,2.0,0.0,453.0,0.0,119.0,64.0,5984.0,3.0,0.013015184381778741,0.004338394793926247,0.26269315673289184,0.141280353200883,13.20971302428256,matched
2025,1,13930,12889,primary,10284.0,3603,2396923.06,863962906.4266,233.0730318942046,29687.357216575787,False,1236.0,5.0,1.0,0.0,1230.0,0.0,262.0,80.0,2936.0,3.0,0.0040453074433656954,0.0008090614886731392,0.21300813008130082,0.06504065040650407,2.3869918699186994,matched
2025,1,13930,12892,primary,12303.0,3756,3035486.56,1129211698.3458002,246.72734780134928,30909.05877512468,False,1535.0,1.0,2.0,0.0,1532.0,0.0,282.0,89.0,-4810.0,3.0,0.0006514657980456026,0.0013029315960912053,0.18407310704960836,0.058093994778067884,-3.1396866840731072,matched
2025,1,13930,12953,primary,19274.0,7478,3418182.79,807930935.7115,177.34682940749195,10466.278695120116,False,2757.0,35.0,11.0,0.0,2711.0,0.0,618.0,268.0,18190.0,3.0,0.012694958287994197,0.003989844033369605,0.2279601623017337,0.09885651051272593,6.709701217263002,matched
2025,1,13930,13204,primary,14403.0,4246,3106631.23,929160419.7722999,215.6933437478303,17987.970699310208,False,1290.0,8.0,0.0,0.0,1282.0,0.0,274.0,125.0,6543.0,3.0,0.006201550387596899,0.0,0.21372854914196568,0.09750390015600624,5.103744149765991,matched
2025,1,13930,13303,primary,9335.0,3319,2347020.96,857115105.2106,251.42163470808785,28604.526915185255,False,1204.0,9.0,1.0,0.0,1194.0,0.0,269.0,90.0,2879.0,3.0,0.007475083056478406,0.0008305647840531562,0.22529313232830822,0.07537688442211055,2.4112227805695143,matched
2025,1,13930,13487,primary,5103.0,2334,1104656.5999999999,287008925.8846,216.47199686458944,9383.050329796584,False,1410.0,8.0,5.0,0.0,1397.0,0.0,255.0,107.0,6042.0,3.0,0.005673758865248227,0.0035460992907801418,0.18253400143163923,0.07659269863994274,4.3249821045096635,matched
2025,1,13930,13796,primary,1.0,1,224.95,50602.502499999995,224.95,0.0,True,,,,,,,,,,,,,,,,fare_only
2025,1,13930,14100,primary,5206.0,2062,1392354.85,459622421.1591,267.4519496734537,16756.512080159577,False,942.0,11.0,2.0,0.0,929.0,0.0,201.0,72.0,6723.0,3.0,0.01167728237791932,0.0021231422505307855,0.2163616792249731,0.077502691065662,7.23681377825619,matched
2025,1,13930,14107,primary,12336.0,4067,3187924.99,1147442024.5259,258.4245290207523,26232.491118001242,False,1393.0,5.0,3.0,0.0,1385.0,0.0,228.0,74.0,-3705.0,3.0,0.003589375448671931,0.0021536252692031586,0.16462093862815885,0.053429602888086646,-2.675090252707581,matched
2025,1,13930,14635,primary,9695.0,3649,2319110.75,849802363.1899,239.20688499226407,30433.739528656704,False,891.0,4.0,4.0,0.0,883.0,0.0,159.0,66.0,1148.0,3.0,0.004489337822671156,0.004489337822671156,0.18006795016987542,0.07474518686296716,1.3001132502831256,matched
2025,1,13930,14679,primary,4000.0,1978,1328752.52,527295462.72440004,332.18813,21474.9119682031,False,586.0,1.0,4.0,0.0,581.0,0.0,120.0,43.0,2260.0,3.0,0.0017064846416382253,0.006825938566552901,0.20654044750430292,0.07401032702237521,3.8898450946643717,matched
2025,1,13930,14747,primary,5488.0,2588,1260433.23,379870887.0283,229.6707780612245,16469.789795914294,False,874.0,6.0,1.0,0.0,867.0,0.0,230.0,60.0,5077.0,3.0,0.006864988558352402,0.0011441647597254005,0.26528258362168394,0.06920415224913495,5.855824682814302,matched
2025,1,13930,14771,primary,9766.0,3369,2691085.64,1080653913.6364,275.55658816301457,34723.2783354001,False,1031.0,1.0,3.0,0.0,1027.0,0.0,239.0,75.0,118.0,3.0,0.0009699321047526673,0.002909796314258002,0.23271665043816941,0.0730282375851996,0.11489776046738072,matched
2025,1,13930,14869,primary,3568.0,2244,1223140.34,506496517.8634,342.8083912556054,24437.70897650387,False,808.0,0.0,3.0,0.0,805.0,0.0,206.0,84.0,9340.0,3.0,0.0,0.0037128712871287127,0.25590062111801243,0.10434782608695652,11.602484472049689,matched
2025,1,13930,15016,primary,1508.0,1214,361667.54,101429954.12799999,239.83258620689654,9741.573383762465,False,541.0,14.0,0.0,0.0,527.0,0.0,104.0,38.0,2941.0,3.0,0.025878003696857672,0.0,0.19734345351043645,0.07210626185958255,5.580645161290323,matched
2025,1,13930,15304,primary,8840.0,3152,1624932.13,447716078.46930003,183.81585180995475,16858.34783484003,False,867.0,5.0,3.0,0.0,859.0,0.0,178.0,68.0,2180.0,3.0,0.0057670126874279125,0.0034602076124567475,0.20721769499417927,0.07916181606519208,2.5378346915017462,matched
2025,1,14100,10397,primary,8590.0,3214,1514623.85,419467256.4721,176.32408032596044,17741.862523991214,False,1299.0,35.0,2.0,0.0,1262.0,0.0,301.0,113.0,10208.0,3.0,0.026943802925327175,0.001539645881447267,0.23851030110935023,0.089540412044374,8.088748019017432,matched
2025,1,14100,10721,primary,6855.0,2964,1114991.02,229974241.8262,162.65368636032093,7092.172452887775,False,1215.0,24.0,1.0,0.0,1190.0,0.0,234.0,92.0,5467.0,3.0,0.019753086419753086,0.0008230452674897119,0.19663865546218487,0.0773109243697479,4.594117647058823,matched
2025,1,14100,11278,primary,34.0,32,7083.5,1645428.75,208.33823529411765,4990.142949826986,False,306.0,12.0,1.0,0.0,293.0,0.0,67.0,18.0,2965.0,3.0,0.0392156862745098,0.0032679738562091504,0.22866894197952217,0.06143344709897611,10.119453924914676,matched
2025,1,14100,11292,primary,4491.0,2709,1118947.75,375431778.5575,249.1533622801158,21519.079142558345,False,623.0,12.0,0.0,0.0,611.0,0.0,117.0,31.0,-157.0,3.0,0.019261637239165328,0.0,0.19148936170212766,0.05073649754500818,-0.2569558101472995,matched
2025,1,14100,11298,primary,5233.0,2047,1523308.09,578506954.1291,291.0965201605198,25812.58742551731,False,764.0,20.0,3.0,0.0,741.0,0.0,170.0,52.0,6411.0,3.0,0.02617801047120419,0.003926701570680628,0.22941970310391363,0.07017543859649122,8.651821862348179,matched
2025,1,14100,11433,primary,2739.0,1660,533654.4400000001,149889766.226,194.83550200803214,16763.393760417937,False,608.0,18.0,0.0,0.0,590.0,0.0,111.0,47.0,894.0,3.0,0.029605263157894735,0.0,0.188135593220339,0.07966101694915254,1.5152542372881357,matched
2025,1,14100,11697,primary,7563.0,2134,1135191.51,297734236.3735,150.09804442681477,16837.79064823179,False,634.0,12.0,1.0,0.0,621.0,0.0,175.0,77.0,8361.0,3.0,0.01892744479495268,0.0015772870662460567,0.28180354267310787,0.12399355877616747,13.46376811594203,matched
2025,1,14100,12266,primary,2708.0,1767,797607.23,288820507.3875,294.53738183161005,19902.275529297316,False,332.0,8.0,4.0,0.0,320.0,0.0,64.0,21.0,1508.0,3.0,0.024096385542168676,0.012048192771084338,0.2,0.065625,4.7125,matched
2025,1,14100,12889,primary,4462.0,1882,1168221.48,534900316.18740004,261.8156611385029,51331.60848162252,False,393.0,9.0,0.0,0.0,384.0,0.0,94.0,35.0,1887.0,3.0,0.022900763358778626,0.0,0.24479166666666666,0.09114583333333333,4.9140625,matched
2025,1,14100,12892,primary,4908.0,1815,1614447.1099999999,832868344.9545,328.9419539527302,61493.267733855275,False,523.0,7.0,2.0,0.0,514.0,0.0,100.0,28.0,-1039.0,3.0,0.01338432122370937,0.0038240917782026767,0.19455252918287938,0.054474708171206226,-2.0214007782101167,matched
2025,1,14100,12953,primary,12.0,11,2353.16,567808.093,196.09666666666666,8863.438405555557,True,177.0,7.0,0.0,0.0,170.0,0.0,34.0,13.0,1011.0,3.0,0.03954802259887006,0.0,0.2,0.07647058823529412,5.947058823529412,matched
2025,1,14100,13204,primary,16670.0,3482,2764675.6799999997,672141350.9219999,165.84737132573483,12815.066396269438,False,1369.0,21.0,1.0,0.0,1347.0,0.0,333.0,139.0,15650.0,3.0,0.015339663988312637,0.0007304601899196494,0.24721603563474387,0.10319227913882702,11.618411284335561,matched
2025,1,14100,13232,primary,1165.0,658,254336.09,69551935.97289999,218.31424034334765,12040.125058070975,False,278.0,4.0,0.0,0.0,274.0,0.0,51.0,18.0,1492.0,3.0,0.014388489208633094,0.0,0.18613138686131386,0.06569343065693431,5.445255474452555,matched
2025,1,14100,13303,primary,6920.0,2061,1382153.97,441094274.2651,199.73323265895954,23848.582919737783,False,834.0,17.0,0.0,0.0,817.0,0.0,192.0,68.0,5932.0,3.0,0.02038369304556355,0.0,0.2350061199510404,0.0832313341493268,7.260709914320685,matched
2025,1,14100,13487,primary,1790.0,995,491091.21,178366160.7495,274.3526312849162,24376.533567098697,False,383.0,7.0,0.0,0.0,376.0,0.0,68.0,24.0,-140.0,3.0,0.018276762402088774,0.0,0.18085106382978725,0.06382978723404255,-0.3723404255319149,matched
2025,1,14100,13930,primary,5097.0,1917,1333163.3399999999,422033570.6326,261.55843437316065,14387.572034237077,False,942.0,11.0,2.0,0.0,929.0,0.0,151.0,59.0,3116.0,3.0,0.01167728237791932,0.0021231422505307855,0.16254036598493002,0.06350914962325081,3.3541442411194833,matched
2025,1,14100,14107,primary,3729.0,1337,1228101.21,500762347.07449996,329.33794851166533,25825.157953447575,False,544.0,7.0,1.0,0.0,536.0,0.0,89.0,23.0,603.0,3.0,0.012867647058823529,0.001838235294117647,0.166044776119403,0.04291044776119403,1.125,matched
2025,1,14100,14635,primary,4162.0,1581,848510.49,253125021.1209,203.87085295530994,19254.79668021913,False,400.0,9.0,2.0,0.0,389.0,0.0,114.0,46.0,5242.0,3.0,0.0225,0.005,0.2930591259640103,0.11825192802056556,13.475578406169666,matched
2025,1,14100,14679,primary,2087.0,1075,694196.62,304020234.6094,332.62895064686154,35031.30874758115,False,221.0,3.0,3.0,0.0,215.0,0.0,61.0,17.0,2122.0,3.0,0.013574660633484163,0.013574660633484163,0.2837209302325581,0.07906976744186046,9.869767441860466,matched
2025,1,14100,14747,primary,1256.0,680,404446.65,177603802.7223,322.0116640127389,37712.78977024059,False,146.0,4.0,0.0,0.0,142.0,0.0,32.0,10.0,-200.0,3.0,0.0273972602739726,0.0,0.22535211267605634,0.07042253521126761,-1.408450704225352,matched
2025,1,14100,14771,primary,3405.0,1575,1154276.9300000002,575564269.9168999,338.9946930983848,54117.62592687344,False,352.0,4.0,1.0,0.0,347.0,0.0,86.0,31.0,1608.0,3.0,0.011363636363636364,0.002840909090909091,0.2478386167146974,0.0893371757925072,4.63400576368876,matched
2025,1,14100,14869,primary,1174.0,693,495916.0,249926848.3146,422.41567291311753,34449.878591327404,False,141.0,1.0,0.0,0.0,140.0,0.0,33.0,4.0,-74.0,3.0,0.0070921985815602835,0.0,0.2357142857142857,0.02857142857142857,-0.5285714285714286,matched
2025,1,14100,15016,primary,1038.0,718,318348.63999999996,114108750.3508,306.6942581888246,15869.99071346708,False,274.0,14.0,1.0,0.0,259.0,0.0,57.0,24.0,3821.0,3.0,0.051094890510948905,0.0036496350364963502,0.22007722007722008,0.09266409266409266,14.752895752895753,matched
2025,1,14100,15304,primary,8224.0,2593,1492795.81,403908526.4537,181.51700024319067,16164.96948527432,False,702.0,13.0,0.0,0.0,689.0,0.0,181.0,74.0,8347.0,3.0,0.018518518518518517,0.0,0.262699564586357,0.10740203193033382,12.11465892597968,matched
2025,1,14107,10397,primary,5571.0,2840,1830567.05,855153227.7380999,328.5885927122599,45530.38537303299,False,888.0,12.0,1.0,0.0,875.0,0.0,120.0,40.0,-1775.0,3.0,0.013513513513513514,0.0011261261261261261,0.13714285714285715,0.045714285714285714,-2.0285714285714285,matched
2025,1,14107,10721,primary,5857.0,2438,1607390.69,672426507.7695,274.43925046952364,39490.42369715034,False,594.0,2.0,0.0,0.0,592.0,0.0,115.0,41.0,1002.0,3.0,0.003367003367003367,0.0,0.19425675675675674,0.06925675675675676,1.6925675675675675,matched
2025,1,14107,10821,primary,1878.0,1047,564831.91,198371785.9317,300.7624653887114,15171.218397169985,False,323.0,5.0,2.0,0.0,316.0,0.0,36.0,8.0,-1551.0,3.0,0.015479876160990712,0.006191950464396285,0.11392405063291139,0.02531645569620253,-4.908227848101266,matched
2025,1,14107,11278,primary,2328.0,1106,826422.28,379749786.91539997,354.9923883161512,37103.164940086295,False,268.0,6.0,2.0,0.0,260.0,0.0,41.0,9.0,-2173.0,3.0,0.022388059701492536,0.007462686567164179,0.1576923076923077,0.03461538461538462,-8.357692307692307,matched
2025,1,14107,11292,primary,17011.0,4759,2814272.86,623366602.9156,165.43841396743284,9275.043471025147,False,2541.0,7.0,1.0,0.0,2533.0,0.0,408.0,115.0,3331.0,3.0,0.0027548209366391185,0.0003935458480913026,0.1610738255033557,0.045400710619818395,1.3150414528227399,matched
2025,1,14107,11298,primary,8545.0,2511,1939372.74,647781311.9402,226.95994616734933,24297.411266398507,False,1311.0,30.0,3.0,0.0,1278.0,0.0,206.0,70.0,3820.0,3.0,0.02288329519450801,0.002288329519450801,0.16118935837245696,0.054773082942097026,2.9890453834115807,matched
2025,1,14107,11433,primary,5815.0,2725,1764679.49,799178492.5282999,303.4702476354256,45339.771401692764,False,537.0,2.0,1.0,0.0,534.0,0.0,80.0,27.0,3207.0,3.0,0.0037243947858473,0.00186219739292365,0.149812734082397,0.05056179775280899,6.00561797752809,matched
2025,1,14107,11618,primary,6559.0,2488,2038284.27,961850624.7148999,310.7614377191645,50073.254229202954,False,631.0,1.0,3.0,0.0,627.0,0.0,127.0,38.0,2208.0,3.0,0.001584786053882726,0.004754358161648178,0.2025518341307815,0.06060606060606061,3.521531100478469,matched
2025,1,14107,11697,primary,1455.0,600,403738.56999999995,175654160.3249,277.4835532646048,43727.386482013506,False,105.0,0.0,0.0,0.0,105.0,0.0,16.0,6.0,826.0,3.0,0.0,0.0,0.1523809523809524,0.05714285714285714,7.866666666666666,matched
2025,1,14107,12173,primary,2204.0,1365,869466.71,496006542.6849,394.4948774954628,69422.1322309741,False,345.0,0.0,1.0,0.0,344.0,0.0,34.0,14.0,-2014.0,3.0,0.0,0.002898550724637681,0.09883720930232558,0.040697674418604654,-5.854651162790698,matched
2025,1,14107,12266,primary,4309.0,2116,994449.2499999999,315510725.9829,230.78423067997213,19959.972353533245,False,827.0,11.0,1.0,0.0,815.0,0.0,108.0,33.0,-623.0,3.0,0.013301088270858524,0.0012091898428053204,0.1325153374233129,0.04049079754601227,-0.7644171779141105,matched
2025,1,14107,12478,primary,7147.0,2498,2226844.58,1076538682.559,311.5775262347838,53547.49643392525,False,716.0,7.0,4.0,0.0,705.0,0.0,117.0,36.0,-1169.0,3.0,0.009776536312849162,0.00558659217877095,0.16595744680851063,0.05106382978723404,-1.6581560283687944,matched
2025,1,14107,12889,primary,9934.0,2867,1465133.4900000002,284445126.6405,147.4867616267365,6881.1488674774955,False,1723.0,11.0,0.0,0.0,1712.0,0.0,319.0,106.0,6545.0,3.0,0.006384213580963436,0.0,0.1863317757009346,0.06191588785046729,3.823014018691589,matched
2025,1,14107,12892,primary,9172.0,3456,1380986.97,286740917.14750004,150.56552224160487,8592.661666005075,False,1883.0,4.0,3.0,0.0,1876.0,0.0,241.0,55.0,-3536.0,3.0,0.002124269782262347,0.0015932023366967605,0.12846481876332622,0.02931769722814499,-1.884861407249467,matched
2025,1,14107,12953,primary,1.0,1,179.01,32044.580099999996,179.01,0.0,True,,,,,,,,,,,,,,,,fare_only
2025,1,14107,13204,primary,4287.0,2436,1396888.3,625072083.3862,325.84285047818986,39632.84765910126,False,446.0,4.0,1.0,0.0,441.0,0.0,83.0,16.0,658.0,3.0,0.008968609865470852,0.002242152466367713,0.18820861678004536,0.036281179138321996,1.492063492063492,matched
2025,1,14107,13232,primary,5444.0,2207,1197453.43,323994905.16330004,219.95838170462895,11132.436909229029,False,686.0,4.0,2.0,0.0,680.0,0.0,117.0,30.0,11.0,3.0,0.0058309037900874635,0.0029154518950437317,0.17205882352941176,0.04411764705882353,0.016176470588235296,matched
2025,1,14107,13303,primary,3673.0,1487,1185484.54,636385887.97,322.7564769942826,69088.77601644768,False,498.0,1.0,1.0,0.0,496.0,0.0,73.0,17.0,-2309.0,3.0,0.002008032128514056,0.002008032128514056,0.14717741935483872,0.034274193548387094,-4.655241935483871,matched
2025,1,14107,13487,primary,13590.0,3642,3160974.22,1057516751.3874,232.5956011773363,23715.088475381766,False,888.0,4.0,1.0,0.0,883.0,0.0,111.0,39.0,578.0,3.0,0.0045045045045045045,0.0011261261261261261,0.12570781426953567,0.044167610419026046,0.6545866364665912,matched
2025,1,14107,13796,primary,3806.0,1442,681907.86,145787148.94,179.166542301629,6203.9084328682875,False,498.0,0.0,1.0,0.0,497.0,0.0,75.0,23.0,-714.0,3.0,0.0,0.002008032128514056,0.15090543259557343,0.04627766599597585,-1.4366197183098592,matched
2025,1,14107,13930,primary,12136.0,4001,3229755.92,1210907944.8453999,266.1301845748187,28952.900933106997,False,1394.0,4.0,4.0,0.0,1386.0,0.0,194.0,58.0,-3737.0,3.0,0.0028694404591104736,0.0028694404591104736,0.13997113997113997,0.04184704184704185,-2.696248196248196,matched
2025,1,14107,14100,primary,3907.0,1448,1325072.3299999998,566115754.5555,339.1533990273867,29872.78471432328,False,542.0,6.0,2.0,0.0,534.0,0.0,68.0,16.0,-3467.0,3.0,0.01107011070110701,0.0036900369003690036,0.12734082397003746,0.0299625468164794,-6.492509363295881,matched
2025,1,14107,14635,primary,11.0,11,3053.29,878806.2957,277.5718181818182,2845.3671785124025,True,,,,,,,,,,,,,,,,fare_only
2025,1,14107,14679,primary,6709.0,2622,1159304.31,261437567.3413,172.79837680727383,9108.908085798688,False,1327.0,10.0,1.0,0.0,1316.0,0.0,211.0,67.0,1916.0,3.0,0.007535795026375283,0.0007535795026375283,0.16033434650455927,0.050911854103343465,1.4559270516717324,matched
2025,1,14107,14747,primary,14013.0,4627,2857903.6799999997,808362476.066,203.94659815885248,16092.395822759892,False,1855.0,8.0,1.0,0.0,1846.0,0.0,325.0,79.0,965.0,3.0,0.00431266846361186,0.0005390835579514825,0.176056338028169,0.04279523293607801,0.5227518959913326,matched
2025,1,14107,14771,primary,8421.0,3539,1369723.68,291564533.5792,162.65570359814748,8166.626846426341,False,1243.0,0.0,1.0,0.0,1242.0,0.0,245.0,101.0,5520.0,3.0,0.0,0.0008045052292839903,0.1972624798711755,0.08132045088566828,4.444444444444445,matched
2025,1,14107,14869,primary,8683.0,3766,1651392.03,440515549.7521,190.18680525164115,14562.083997279471,False,1555.0,0.0,0.0,0.0,1555.0,0.0,231.0,87.0,2703.0,3.0,0.0,0.0,0.14855305466237942,0.05594855305466238,1.7382636655948553,matched
2025,1,14107,15016,primary,3262.0,1925,975473.34,345478286.758,299.04148988350704,16484.14648153256,False,566.0,10.0,3.0,0.0,553.0,0.0,69.0,16.0,-1519.0,3.0,0.0176678445229682,0.00530035335689046,0.12477396021699819,0.028933092224231464,-2.7468354430379747,matched
2025,1,14107,15304,primary,2589.0,1417,907029.9099999999,414425118.5571,350.33986481266896,37333.481076343276,False,347.0,1.0,0.0,0.0,346.0,0.0,58.0,13.0,133.0,3.0,0.002881844380403458,0.0,0.1676300578034682,0.03757225433526012,0.38439306358381503,matched
2025,1,14635,10397,primary,2322.0,1009,535778.86,158253134.54639998,230.74024978466838,14912.741843520715,False,848.0,14.0,0.0,0.0,834.0,0.0,142.0,57.0,4248.0,3.0,0.01650943396226415,0.0,0.17026378896882494,0.0683453237410072,5.093525179856115,matched
2025,1,14635,10721,primary,10470.0,2224,2202369.56,678678199.6378001,210.35048328557784,20573.89668752194,False,860.0,19.0,2.0,0.0,839.0,0.0,227.0,88.0,9745.0,3.0,0.022093023255813953,0.002325581395348837,0.27056019070321813,0.10488676996424315,11.615017878426698,matched
2025,1,14635,10821,primary,2092.0,1072,554635.73,175506068.7477,265.12224187380497,13604.11117915182,False,375.0,7.0,2.0,0.0,366.0,0.0,67.0,31.0,2148.0,3.0,0.018666666666666668,0.005333333333333333,0.1830601092896175,0.08469945355191257,5.868852459016393,matched
2025,1,14635,11278,primary,1723.0,1328,430353.23,140054823.3619,249.76972141613464,18900.532207931676,False,269.0,11.0,3.0,0.0,255.0,0.0,85.0,32.0,7008.0,3.0,0.040892193308550186,0.011152416356877323,0.3333333333333333,0.12549019607843137,27.48235294117647,matched
2025,1,14635,11292,primary,2438.0,1360,782169.59,322865594.8933,320.82427809680064,29502.29730610315,False,367.0,1.0,0.0,0.0,366.0,0.0,63.0,16.0,1089.0,3.0,0.0027247956403269754,0.0,0.1721311475409836,0.04371584699453552,2.9754098360655736,matched
2025,1,14635,11298,primary,1500.0,656,484366.44999999995,196705015.1711,322.91096666666664,26865.18438713225,False,401.0,12.0,1.0,0.0,388.0,0.0,94.0,38.0,6701.0,3.0,0.029925187032418952,0.0024937655860349127,0.2422680412371134,0.0979381443298969,17.27061855670103,matched
2025,1,14635,11433,primary,8291.0,2235,1882372.8699999999,697334686.8429,227.0380979375226,32561.130241093313,False,659.0,9.0,1.0,0.0,649.0,0.0,117.0,59.0,3192.0,3.0,0.013657056145675266,0.0015174506828528073,0.1802773497688752,0.09090909090909091,4.918335901386749,matched
2025,1,14635,11618,primary,7166.0,2079,1592645.9000000001,485847453.17819995,222.25033491487582,18403.763396929404,False,647.0,5.0,1.0,0.0,641.0,0.0,126.0,48.0,2075.0,3.0,0.0077279752704791345,0.0015455950540958269,0.19656786271450857,0.0748829953198128,3.2371294851794072,matched
2025,1,14635,12266,primary,1113.0,570,268077.78,83540889.78999999,240.86053908355797,17045.400883087626,False,225.0,2.0,3.0,0.0,220.0,0.0,33.0,18.0,857.0,3.0,0.008888888888888889,0.013333333333333334,0.15,0.08181818181818182,3.8954545454545455,matched
2025,1,14635,12478,primary,4008.0,1116,743673.3,194582249.07160002,185.54723053892218,14120.690576561617,False,422.0,9.0,0.0,0.0,413.0,0.0,93.0,42.0,4155.0,3.0,0.02132701421800948,0.0,0.22518159806295399,0.1016949152542373,10.060532687651332,matched
2025,1,14635,12889,primary,269.0,156,42283.54,7469994.0368,157.1878810408922,3061.464614469118,False,,,,,,,,,,,,,,,,fare_only
2025,1,14635,12892,primary,23.0,22,7587.43,3668609.4275,329.8882608695652,50678.493057844986,True,2.0,0.0,0.0,0.0,2.0,0.0,0.0,0.0,-29.0,1.0,0.0,0.0,0.0,0.0,-14.5,matched
2025,1,14635,12953,primary,2730.0,1114,620712.76,204771511.349,227.36731135531136,23311.98534207522,False,268.0,4.0,0.0,0.0,264.0,0.0,88.0,40.0,5674.0,3.0,0.014925373134328358,0.0,0.3333333333333333,0.15151515151515152,21.492424242424242,matched
2025,1,14635,13232,primary,2930.0,1539,745103.55,239975250.3117,254.3015529010239,17233.535998168685,False,368.0,5.0,0.0,0.0,363.0,0.0,69.0,19.0,1453.0,3.0,0.01358695652173913,0.0,0.19008264462809918,0.05234159779614325,4.002754820936639,matched
2025,1,14635,13487,primary,9749.0,1920,2472644.88,920424393.3432001,253.63061647348445,30083.695569678435,False,424.0,3.0,0.0,0.0,421.0,0.0,89.0,40.0,5814.0,3.0,0.007075471698113208,0.0,0.21140142517814728,0.09501187648456057,13.809976247030878,matched
2025,1,14635,13930,primary,9725.0,3709,2451236.12,948467716.251,252.05512802056558,33997.02644892191,False,889.0,8.0,1.0,0.0,880.0,0.0,156.0,61.0,7910.0,3.0,0.008998875140607425,0.0011248593925759281,0.17727272727272728,0.06931818181818182,8.988636363636363,matched
2025,1,14635,14100,primary,4345.0,1693,931471.8500000001,304199402.7341,214.37787111622558,24053.498395030547,False,401.0,8.0,0.0,0.0,393.0,0.0,105.0,44.0,7836.0,3.0,0.0199501246882793,0.0,0.26717557251908397,0.11195928753180662,19.938931297709924,matched
2025,1,14635,14107,primary,41.0,40,15619.25,10557324.9671,380.9573170731707,112367.25347328972,False,,,,,,,,,,,,,,,,fare_only
2025,1,14635,14679,primary,9.0,9,3157.17,1211486.2701,350.7966666666667,11551.284222222224,True,,,,,,,,,,,,,,,,fare_only
2025,1,14635,14747,primary,227.0,138,81275.4,47459072.1362,358.04140969162995,80877.15130814494,False,26.0,0.0,0.0,0.0,26.0,0.0,9.0,3.0,362.0,3.0,0.0,0.0,0.34615384615384615,0.11538461538461539,13.923076923076923,matched
2025,1,14635,14771,primary,21.0,19,10873.0,7198081.0,517.7619047619048,74688.3718820861,True,3.0,0.0,0.0,0.0,3.0,0.0,0.0,0.0,-33.0,1.0,0.0,0.0,0.0,0.0,-11.0,matched
2025,1,14635,14869,primary,1.0,1,626.79,392865.7041,626.79,0.0,True,,,,,,,,,,,,,,,,fare_only
2025,1,14635,15016,primary,1751.0,983,528190.74,192009500.9346,301.6509080525414,18663.783317336478,False,302.0,7.0,1.0,0.0,294.0,0.0,61.0,22.0,2312.0,3.0,0.023178807947019868,0.0033112582781456954,0.20748299319727892,0.07482993197278912,7.863945578231292,matched
2025,1,14679,10397,primary,2876.0,1367,1057549.24,537031299.4484,367.7153129346314,51513.99503408151,False,519.0,5.0,1.0,0.0,513.0,0.0,86.0,24.0,2345.0,3.0,0.009633911368015413,0.0019267822736030828,0.16764132553606237,0.04678362573099415,4.571150097465887,matched
2025,1,14679,10721,primary,4308.0,1939,1306549.73,625148810.9911,303.28452414113275,53131.96329185806,False,342.0,5.0,3.0,0.0,334.0,0.0,76.0,22.0,1559.0,3.0,0.014619883040935672,0.008771929824561403,0.2275449101796407,0.0658682634730539,4.667664670658683,matched
2025,1,14679,10821,primary,1283.0,783,420032.13,161188316.1293,327.38279812938424,18454.420970892228,False,197.0,4.0,0.0,0.0,193.0,0.0,30.0,9.0,-263.0,3.0,0.02030456852791878,0.0,0.15544041450777202,0.046632124352331605,-1.3626943005181347,matched
2025,1,14679,11278,primary,226.0,182,64298.740000000005,23765948.5564,284.50769911504426,24214.433553113005,False,15.0,0.0,0.0,0.0,15.0,0.0,7.0,1.0,322.0,1.0,0.0,0.0,0.4666666666666667,0.06666666666666667,21.466666666666665,matched
2025,1,14679,11292,primary,7844.0,2735,1423800.17,338860301.5267,181.51455507394186,10252.4027479535,False,1269.0,8.0,2.0,0.0,1259.0,0.0,201.0,60.0,1387.0,3.0,0.006304176516942475,0.0015760441292356187,0.1596505162827641,0.04765687053216839,1.101667990468626,matched
2025,1,14679,11298,primary,4063.0,1601,1118176.3399999999,435810962.7046,275.20953482648287,31523.054964120325,False,782.0,25.0,3.0,0.0,754.0,0.0,143.0,60.0,6897.0,3.0,0.0319693094629156,0.0038363171355498722,0.1896551724137931,0.07957559681697612,9.147214854111406,matched
2025,1,14679,11433,primary,1584.0,673,688381.86,348740843.9084,434.5845075757576,31300.97995973227,False,236.0,0.0,1.0,0.0,235.0,0.0,41.0,11.0,386.0,3.0,0.0,0.00423728813559322,0.17446808510638298,0.04680851063829787,1.6425531914893616,matched
2025,1,14679,11618,primary,3536.0,1736,1158884.6,592564136.6594,327.7388574660634,60167.5966969412,False,322.0,2.0,0.0,0.0,320.0,0.0,60.0,17.0,433.0,3.0,0.006211180124223602,0.0,0.1875,0.053125,1.353125,matched
2025,1,14679,11697,primary,944.0,476,274298.2,127980546.90239999,290.57012711864405,51141.61447032282,False,86.0,0.0,1.0,0.0,85.0,0.0,16.0,5.0,914.0,3.0,0.0,0.011627906976744186,0.18823529411764706,0.058823529411764705,10.75294117647059,matched
2025,1,14679,12173,primary,3381.0,1898,976714.2,409404903.3976,288.88322981366457,37636.36518684724,False,365.0,0.0,12.0,0.0,353.0,0.0,63.0,10.0,-2058.0,3.0,0.0,0.03287671232876712,0.17847025495750707,0.028328611898016998,-5.830028328611898,matched
2025,1,14679,12266,primary,1853.0,812,641408.49,260389425.2291,346.14597409606046,20706.129878341468,False,393.0,6.0,2.0,0.0,385.0,0.0,41.0,12.0,-1152.0,3.0,0.015267175572519083,0.005089058524173028,0.10649350649350649,0.03116883116883117,-2.9922077922077923,matched
2025,1,14679,12478,primary,5703.0,2122,1705342.93,815047600.2027,299.02558828686654,53499.28587210264,False,521.0,3.0,3.0,0.0,515.0,0.0,111.0,28.0,1939.0,3.0,0.005758157389635317,0.005758157389635317,0.21553398058252426,0.05436893203883495,3.7650485436893204,matched
2025,1,14679,12889,primary,10546.0,2598,1055771.56,146800641.46280003,100.11109046083824,3897.800048706591,False,1770.0,23.0,0.0,0.0,1747.0,0.0,388.0,150.0,15436.0,3.0,0.012994350282485875,0.0,0.2220950200343446,0.08586147681740126,8.83571837435604,matched
2025,1,14679,12892,primary,194.0,131,39407.74,9714537.4058,203.13268041237112,8812.049229928802,False,526.0,0.0,0.0,0.0,526.0,0.0,74.0,25.0,178.0,3.0,0.0,0.0,0.14068441064638784,0.04752851711026616,0.33840304182509506,matched
2025,1,14679,12953,primary,2.0,2,294.59000000000003,43406.7041,147.29500000000002,7.535024999997404,True,,,,,,,,,,,,,,,,fare_only
2025,1,14679,13204,primary,2099.0,1110,665900.6,293590769.659,317.2465936160076,39226.3328357048,False,179.0,0.0,0.0,0.0,179.0,0.0,44.0,8.0,1193.0,3.0,0.0,0.0,0.24581005586592178,0.0446927374301676,6.664804469273743,matched
2025,1,14679,13232,primary,1265.0,744,344725.93,107505195.0803,272.5106166007905,10722.307776853006,False,202.0,0.0,0.0,0.0,202.0,0.0,37.0,7.0,-396.0,3.0,0.0,0.0,0.18316831683168316,0.034653465346534656,-1.9603960396039604,matched
2025,1,14679,13303,primary,1711.0,921,552972.3200000001,274062870.385,323.18662770309766,55727.417341345266,False,186.0,1.0,0.0,0.0,185.0,0.0,29.0,13.0,3644.0,3.0,0.005376344086021506,0.0,0.15675675675675677,0.07027027027027027,19.697297297297297,matched
2025,1,14679,13487,primary,3541.0,1044,976204.6599999999,345062097.83919996,275.68615080485733,21444.787553243586,False,284.0,0.0,0.0,0.0,284.0,0.0,31.0,10.0,-234.0,3.0,0.0,0.0,0.10915492957746478,0.035211267605633804,-0.823943661971831,matched
2025,1,14679,13796,primary,5129.0,1463,773250.44,162348930.6378,150.76046792747124,8924.416548698966,False,745.0,8.0,0.0,0.0,737.0,0.0,113.0,26.0,-1370.0,3.0,0.010738255033557046,0.0,0.15332428765264586,0.035278154681139755,-1.858887381275441,matched
2025,1,14679,13930,primary,3953.0,1936,1336879.9000000001,541130102.5842,338.1937515810777,22515.98122688185,False,586.0,1.0,1.0,0.0,584.0,0.0,107.0,34.0,1633.0,3.0,0.0017064846416382253,0.0017064846416382253,0.1832191780821918,0.05821917808219178,2.796232876712329,matched
2025,1,14679,14100,primary,2035.0,1018,703864.2999999999,334336788.1072,345.87926289926287,44660.79746540266,False,220.0,3.0,4.0,0.0,213.0,0.0,35.0,7.0,-130.0,3.0,0.013636363636363636,0.01818181818181818,0.1643192488262911,0.03286384976525822,-0.6103286384976526,matched
2025,1,14679,14107,primary,6639.0,2631,1151069.75,259943577.4921,173.3799894562434,9093.405087166633,False,1328.0,13.0,1.0,0.0,1314.0,0.0,221.0,72.0,7304.0,3.0,0.009789156626506024,0.0007530120481927711,0.16818873668188736,0.0547945205479452,5.558599695585997,matched
2025,1,14679,14747,primary,8456.0,2208,1643961.1,414864612.101,194.41356433301797,11264.933186515023,False,1006.0,10.0,2.0,0.0,994.0,0.0,184.0,59.0,2129.0,3.0,0.009940357852882704,0.0019880715705765406,0.1851106639839034,0.059356136820925554,2.141851106639839,matched
2025,1,14679,14771,primary,13005.0,4303,1523784.69,255244555.8493,117.1691418685121,5898.0400868606885,False,1518.0,15.0,2.0,0.0,1501.0,0.0,399.0,149.0,15139.0,3.0,0.009881422924901186,0.0013175230566534915,0.26582278481012656,0.09926715522984676,10.085942704863424,matched
2025,1,14679,14869,primary,4995.0,1986,1060562.3800000001,289439720.8156,212.32480080080083,12864.069018073416,False,639.0,0.0,0.0,0.0,639.0,0.0,103.0,31.0,1304.0,3.0,0.0,0.0,0.16118935837245696,0.048513302034428794,2.0406885758998436,matched
2025,1,14679,15016,primary,825.0,584,243599.29,84317118.9315,295.27186666666665,15017.093157000403,False,136.0,2.0,1.0,0.0,133.0,0.0,18.0,3.0,-436.0,3.0,0.014705882352941176,0.007352941176470588,0.13533834586466165,0.022556390977443608,-3.2781954887218046,matched
2025,1,14679,15304,primary,834.0,461,216682.37,80878906.0667,259.8109952038369,29475.352366755367,False,69.0,1.0,1.0,0.0,67.0,0.0,14.0,7.0,647.0,3.0,0.014492753623188406,0.014492753623188406,0.208955223880597,0.1044776119402985,9.656716417910447,matched
2025,1,14747,10397,primary,3514.0,1427,1173041.93,532042399.1913,333.8195589072282,39970.99019323173,False,623.0,8.0,1.0,0.0,614.0,0.0,91.0,29.0,162.0,3.0,0.012841091492776886,0.0016051364365971107,0.1482084690553746,0.04723127035830619,0.26384364820846906,matched
2025,1,14747,10721,primary,4352.0,1778,1070727.01,406129382.0093,246.03102251838234,32788.906457019715,False,487.0,7.0,1.0,0.0,479.0,0.0,81.0,21.0,-720.0,3.0,0.014373716632443531,0.002053388090349076,0.16910229645093947,0.04384133611691023,-1.5031315240083507,matched
2025,1,14747,10821,primary,739.0,354,221132.50999999998,86206228.7563,299.2320838971583,27112.702261963204,False,83.0,0.0,0.0,0.0,83.0,0.0,14.0,3.0,3.0,3.0,0.0,0.0,0.1686746987951807,0.03614457831325301,0.03614457831325301,matched
2025,1,14747,11278,primary,1776.0,1018,675004.55,358291150.6765,380.0701295045045,57287.20942672872,False,203.0,6.0,4.0,0.0,193.0,0.0,53.0,19.0,1939.0,3.0,0.029556650246305417,0.019704433497536946,0.27461139896373055,0.09844559585492228,10.046632124352332,matched
2025,1,14747,11292,primary,7781.0,3119,1348798.55,284400306.9773,173.34514201259478,6502.073098723566,False,1331.0,3.0,2.0,0.0,1326.0,0.0,215.0,62.0,1304.0,3.0,0.002253944402704733,0.0015026296018031556,0.16214177978883862,0.04675716440422323,0.9834087481146304,matched
2025,1,14747,11298,primary,6509.0,2626,1386956.54,408784645.2852,213.08289138116456,17398.668846517765,False,1186.0,21.0,7.0,0.0,1158.0,0.0,203.0,62.0,1522.0,3.0,0.01770657672849916,0.005902192242833052,0.17530224525043178,0.0535405872193437,1.31433506044905,matched
2025,1,14747,11433,primary,1848.0,855,523360.22,183049333.3152,283.20358225108225,18848.400543011623,False,371.0,1.0,0.0,0.0,370.0,0.0,32.0,4.0,-4207.0,3.0,0.0026954177897574125,0.0,0.08648648648648649,0.010810810810810811,-11.37027027027027,matched
2025,1,14747,11618,primary,3847.0,1887,1128556.26,487142225.1804,293.3600883805563,40568.97868582529,False,347.0,0.0,2.0,0.0,345.0,0.0,51.0,13.0,-1802.0,3.0,0.0,0.005763688760806916,0.14782608695652175,0.03768115942028986,-5.223188405797101,matched
2025,1,14747,11697,primary,2050.0,1033,657669.07,324829966.5823,320.81418048780483,55531.90383320647,False,247.0,1.0,0.0,0.0,246.0,0.0,45.0,7.0,-1515.0,3.0,0.004048582995951417,0.0,0.18292682926829268,0.028455284552845527,-6.158536585365853,matched
2025,1,14747,12173,primary,5134.0,2726,1694828.02,799295237.4174,330.1184300740164,46708.467512572344,False,791.0,7.0,5.0,0.0,779.0,0.0,227.0,43.0,7880.0,3.0,0.008849557522123894,0.006321112515802781,0.2913992297817715,0.055198973042362,10.11553273427471,matched
2025,1,14747,12266,primary,3190.0,1631,947866.15,360508651.2453,297.136724137931,24721.88354641608,False,392.0,6.0,1.0,0.0,385.0,0.0,65.0,14.0,-51.0,3.0,0.015306122448979591,0.002551020408163265,0.16883116883116883,0.03636363636363636,-0.13246753246753246,matched
2025,1,14747,12478,primary,5080.0,2060,1636513.84,789120816.7686,322.14839370078744,51559.15589438827,False,542.0,1.0,1.0,0.0,540.0,0.0,112.0,34.0,420.0,3.0,0.0018450184501845018,0.0018450184501845018,0.2074074074074074,0.06296296296296296,0.7777777777777778,matched
2025,1,14747,12889,primary,12221.0,3555,2088339.33,504866323.13809997,170.88121512151216,12110.986076561276,False,1430.0,7.0,0.0,0.0,1423.0,0.0,284.0,78.0,4967.0,3.0,0.0048951048951048955,0.0,0.19957835558678846,0.054813773717498245,3.4905130007027405,matched
2025,1,14747,12892,primary,11682.0,3633,1998675.28,468567153.4794,171.090162643383,10838.338876296086,False,1788.0,15.0,3.0,0.0,1770.0,0.0,272.0,70.0,-3066.0,3.0,0.008389261744966443,0.0016778523489932886,0.1536723163841808,0.03954802259887006,-1.7322033898305085,matched
2025,1,14747,13204,primary,4440.0,1728,1444315.23,641188882.8657,325.29622297297294,38594.27787485572,False,474.0,1.0,0.0,0.0,473.0,0.0,101.0,23.0,1129.0,3.0,0.002109704641350211,0.0,0.2135306553911205,0.048625792811839326,2.386892177589852,matched
2025,1,14747,13232,primary,531.0,330,94581.36,20734497.285,178.1193220338983,7321.524604060141,False,90.0,0.0,0.0,0.0,90.0,0.0,7.0,3.0,-610.0,3.0,0.0,0.0,0.07777777777777778,0.03333333333333333,-6.777777777777778,matched
2025,1,14747,13303,primary,2159.0,1063,663471.17,333699085.2309,307.304849467346,60125.6031533701,False,279.0,0.0,0.0,0.0,279.0,0.0,51.0,14.0,-1368.0,3.0,0.0,0.0,0.1827956989247312,0.05017921146953405,-4.903225806451613,matched
2025,1,14747,13487,primary,2868.0,1182,737733.66,234597963.1186,257.229309623431,15631.535240876226,False,537.0,0.0,0.0,0.0,537.0,0.0,45.0,13.0,-5510.0,3.0,0.0,0.0,0.08379888268156424,0.024208566108007448,-10.260707635009311,matched
2025,1,14747,13796,primary,3196.0,1648,554465.62,124603543.7802,173.48736545682104,8889.47563517432,False,342.0,1.0,0.0,0.0,341.0,0.0,78.0,12.0,697.0,3.0,0.0029239766081871343,0.0,0.2287390029325513,0.03519061583577713,2.0439882697947214,matched
2025,1,14747,13930,primary,5522.0,2542,1258436.7400000002,382020076.59720004,227.89509960159367,17245.293443063223,False,873.0,5.0,2.0,0.0,866.0,0.0,162.0,62.0,3522.0,3.0,0.0057273768613974796,0.002290950744558992,0.18706697459584296,0.07159353348729793,4.066974595842956,matched
2025,1,14747,14100,primary,1302.0,675,434638.81,195580623.3489,333.8239708141321,38777.08903592234,False,146.0,0.0,0.0,0.0,146.0,0.0,15.0,3.0,-923.0,3.0,0.0,0.0,0.10273972602739725,0.02054794520547945,-6.321917808219178,matched
2025,1,14747,14107,primary,14039.0,4638,2790494.51,773102179.0761,198.7673274449747,15559.729544378213,False,1853.0,9.0,1.0,0.0,1843.0,0.0,323.0,86.0,3277.0,3.0,0.004856988667026443,0.0005396654074473826,0.17525773195876287,0.04666304937601736,1.7780792186652197,matched
2025,1,14747,14635,primary,245.0,146,76429.07999999999,35172260.63199999,311.9554285714285,46244.05806236736,False,26.0,0.0,0.0,0.0,26.0,0.0,5.0,1.0,-125.0,3.0,0.0,0.0,0.19230769230769232,0.038461538461538464,-4.8076923076923075,matched
2025,1,14747,14679,primary,8357.0,2245,1619715.97,411096032.69229996,193.815480435563,11627.37870020295,False,1005.0,9.0,3.0,0.0,993.0,0.0,197.0,39.0,1394.0,3.0,0.008955223880597015,0.0029850746268656717,0.19838872104733132,0.03927492447129909,1.403826787512588,matched
2025,1,14747,14771,primary,9549.0,4216,1871486.8,462565916.83299994,195.98772646350403,10030.105120383443,False,1567.0,15.0,1.0,0.0,1551.0,0.0,352.0,150.0,9988.0,3.0,0.009572431397574984,0.0006381620931716656,0.22695035460992907,0.09671179883945841,6.439716312056738,matched
2025,1,14747,14869,primary,5185.0,1890,1014018.0900000001,262327643.9875,195.5676162005786,12346.874318599075,False,906.0,4.0,0.0,0.0,902.0,0.0,123.0,29.0,-3326.0,3.0,0.004415011037527594,0.0,0.13636363636363635,0.03215077605321508,-3.6873614190687363,matched
2025,1,14747,15016,primary,1015.0,525,254579.83000000002,76298750.2353,250.81756650246308,12261.73083161503,False,124.0,1.0,0.0,0.0,123.0,0.0,15.0,3.0,-702.0,3.0,0.008064516129032258,0.0,0.12195121951219512,0.024390243902439025,-5.7073170731707314,matched
2025,1,14747,15304,primary,2059.0,920,615988.69,272799919.5615,299.16886352598345,42989.45275830048,False,268.0,1.0,0.0,0.0,267.0,0.0,48.0,12.0,-885.0,3.0,0.0037313432835820895,0.0,0.1797752808988764,0.0449438202247191,-3.3146067415730336,matched
2025,1,14771,10397,primary,4644.0,2339,1711709.77,908043320.0729,368.585221791559,59675.364955786325,False,661.0,7.0,2.0,0.0,652.0,0.0,97.0,36.0,22.0,3.0,0.01059001512859304,0.0030257186081694403,0.14877300613496933,0.05521472392638037,0.03374233128834356,matched
2025,1,14771,10721,primary,10174.0,4129,3345785.41,1996753650.0769,328.85643896206017,88113.87601858498,False,901.0,4.0,4.0,0.0,893.0,0.0,133.0,55.0,-1844.0,3.0,0.004439511653718091,0.004439511653718091,0.14893617021276595,0.06159014557670773,-2.06494960806271,matched
2025,1,14771,10821,primary,768.0,533,265151.02,124050414.9906,345.24872395833336,42327.296457486285,False,92.0,1.0,0.0,0.0,91.0,0.0,8.0,3.0,-957.0,3.0,0.010869565217391304,0.0,0.08791208791208792,0.03296703296703297,-10.516483516483516,matched
2025,1,14771,11278,primary,2238.0,1334,862346.11,507516122.62810004,385.31997765862377,78300.68757323455,False,227.0,0.0,5.0,0.0,222.0,0.0,58.0,16.0,1774.0,3.0,0.0,0.022026431718061675,0.26126126126126126,0.07207207207207207,7.990990990990991,matched
2025,1,14771,11292,primary,7274.0,2714,1501809.4899999998,421727569.6797,206.46267390706623,15350.559070015486,False,1386.0,5.0,0.0,0.0,1381.0,0.0,240.0,81.0,2297.0,3.0,0.0036075036075036075,0.0,0.17378711078928313,0.05865314989138305,1.6632874728457638,matched
2025,1,14771,11298,primary,6648.0,2454,1712206.21,605945233.5933,257.55207731648613,24813.924099520504,False,957.0,26.0,6.0,0.0,925.0,0.0,175.0,74.0,8116.0,3.0,0.027168234064785787,0.006269592476489028,0.1891891891891892,0.08,8.774054054054053,matched
2025,1,14771,11433,primary,2164.0,1062,1088399.22,645242694.0974001,502.9571256931608,45205.43012916914,False,378.0,3.0,2.0,0.0,373.0,0.0,48.0,16.0,-1140.0,3.0,0.007936507936507936,0.005291005291005291,0.128686327077748,0.04289544235924933,-3.0563002680965146,matched
2025,1,14771,11618,primary,12158.0,4434,5243257.39,3927826186.3271003,431.25986099687447,137080.08991156978,False,959.0,0.0,3.0,0.0,956.0,0.0,154.0,61.0,-2511.0,3.0,0.0,0.0031282586027111575,0.16108786610878661,0.06380753138075314,-2.6265690376569037,matched
2025,1,14771,11697,primary,3679.0,1606,1164409.35,758566687.8349,316.5015901060071,106015.02501375317,False,346.0,1.0,3.0,0.0,342.0,0.0,42.0,7.0,-2537.0,3.0,0.002890173410404624,0.008670520231213872,0.12280701754385964,0.02046783625730994,-7.418128654970761,matched
2025,1,14771,12173,primary,5831.0,2872,1748286.78,815673763.03,299.826235637112,49989.97066857695,False,577.0,2.0,3.0,0.0,572.0,0.0,76.0,30.0,-2658.0,3.0,0.0034662045060658577,0.005199306759098787,0.13286713286713286,0.05244755244755245,-4.646853146853147,matched
2025,1,14771,12266,primary,3884.0,1639,1438930.0299999998,679875261.6433,370.4763208032955,37792.41973108254,False,751.0,11.0,1.0,0.0,739.0,0.0,106.0,30.0,-1074.0,3.0,0.014647137150466045,0.0013315579227696406,0.14343707713125844,0.04059539918809202,-1.4533152909336942,matched
2025,1,14771,12478,primary,15382.0,5314,5785689.89,4089542850.1024995,376.1337855935509,124388.8577237332,False,1468.0,8.0,6.0,0.0,1454.0,0.0,225.0,72.0,-3668.0,3.0,0.005449591280653951,0.004087193460490463,0.15474552957359008,0.04951856946354883,-2.5226960110041263,matched
2025,1,14771,12889,primary,11396.0,3933,1632022.62,327253418.0552,143.21012811512813,8207.375356108536,False,1523.0,6.0,0.0,0.0,1517.0,0.0,335.0,132.0,12188.0,3.0,0.003939592908732764,0.0,0.2208305866842452,0.08701384311140409,8.034278180619644,matched
2025,1,14771,12892,primary,18861.0,5378,2329574.3600000003,362197702.2722,123.5127702666879,3948.1214954855786,False,2582.0,4.0,2.0,0.0,2576.0,0.0,470.0,211.0,14563.0,3.0,0.001549186676994578,0.000774593338497289,0.18245341614906832,0.08190993788819875,5.65333850931677,matched
2025,1,14771,12953,primary,3.0,3,809.1,278557.01,269.7,20114.246666666673,True,,,,,,,,,,,,,,,,fare_only
2025,1,14771,13204,primary,3645.0,1895,1330531.9800000002,741776901.5184,365.0293497942387,70258.89656476237,False,345.0,0.0,1.0,0.0,344.0,0.0,35.0,12.0,-3775.0,3.0,0.0,0.002898550724637681,0.10174418604651163,0.03488372093023256,-10.973837209302326,matched
2025,1,14771,13232,primary,432.0,293,92284.38,23101162.1608,213.62125,7840.873957696749,False,62.0,1.0,0.0,0.0,61.0,0.0,8.0,2.0,-506.0,3.0,0.016129032258064516,0.0,0.13114754098360656,0.03278688524590164,-8.295081967213115,matched
2025,1,14771,13303,primary,4176.0,1938,1325042.37,811099346.3177,317.2994181034483,93549.84994116041,False,431.0,0.0,2.0,0.0,429.0,0.0,48.0,19.0,-2450.0,3.0,0.0,0.004640371229698376,0.11188811188811189,0.04428904428904429,-5.7109557109557105,matched
2025,1,14771,13487,primary,3435.0,1270,1011272.11,389805857.4983,294.40236098981075,26807.84882420741,False,415.0,0.0,0.0,0.0,415.0,0.0,46.0,18.0,-2445.0,3.0,0.0,0.0,0.1108433734939759,0.043373493975903614,-5.891566265060241,matched
2025,1,14771,13930,primary,9980.0,3431,2816645.0999999996,1146864140.696,282.2289679358717,35263.05622057816,False,1032.0,3.0,3.0,0.0,1026.0,0.0,166.0,60.0,-2632.0,3.0,0.0029069767441860465,0.0029069767441860465,0.1617933723196881,0.05847953216374269,-2.5653021442495128,matched
2025,1,14771,14100,primary,3462.0,1633,1201245.49,621491793.1425,346.9802108607741,59122.871093803056,False,354.0,4.0,0.0,0.0,350.0,0.0,42.0,16.0,-1520.0,3.0,0.011299435028248588,0.0,0.12,0.045714285714285714,-4.3428571428571425,matched
2025,1,14771,14107,primary,8339.0,3467,1339078.96,281403725.575,160.58028060918576,7959.4736083875,False,1241.0,3.0,0.0,0.0,1238.0,0.0,244.0,97.0,9538.0,3.0,0.0024174053182917004,0.0,0.19709208400646203,0.07835218093699516,7.704361873990307,matched
2025,1,14771,14635,primary,21.0,18,7035.83,3280652.8271,335.0395238095238,43970.080680725616,True,3.0,0.0,2.0,0.0,1.0,0.0,0.0,0.0,-17.0,1.0,0.0,0.6666666666666666,0.0,0.0,-17.0,matched
2025,1,14771,14679,primary,12768.0,4263,1484451.76,249425318.75520003,116.26345238095239,6018.000645725178,False,1515.0,13.0,5.0,0.0,1497.0,0.0,306.0,106.0,11051.0,3.0,0.008580858085808581,0.0033003300330033004,0.20440881763527055,0.07080828323313293,7.382097528390114,matched
2025,1,14771,14747,primary,9466.0,4158,1872258.28,466068247.2942,197.78769068244242,10116.058074362809,False,1561.0,13.0,3.0,0.0,1545.0,0.0,283.0,105.0,2781.0,3.0,0.008327994875080076,0.0019218449711723255,0.1831715210355987,0.06796116504854369,1.8,matched
2025,1,14771,14869,primary,4700.0,2371,964612.27,274804184.8717,205.23665319148935,16346.891691373341,False,902.0,3.0,0.0,0.0,899.0,0.0,178.0,79.0,4890.0,3.0,0.0033259423503325942,0.0,0.19799777530589543,0.0878754171301446,5.439377085650723,matched
2025,1,14771,15016,primary,971.0,708,269177.42,97515925.646,277.2167044284243,23579.246516018713,False,175.0,3.0,1.0,0.0,171.0,0.0,42.0,16.0,1453.0,3.0,0.017142857142857144,0.005714285714285714,0.24561403508771928,0.0935672514619883,8.497076023391813,matched
2025,1,14771,15304,primary,1501.0,804,545055.11,282564700.60830003,363.12798800799465,56389.03075318044,False,168.0,0.0,0.0,0.0,168.0,0.0,17.0,6.0,-731.0,3.0,0.0,0.0,0.10119047619047619,0.03571428571428571,-4.351190476190476,matched
2025,1,14869,10397,primary,2581.0,999,1335295.12,789474208.4376,517.3557225881442,38222.25368522946,False,729.0,8.0,1.0,0.0,720.0,0.0,103.0,36.0,-2263.0,3.0,0.010973936899862825,0.0013717421124828531,0.14305555555555555,0.05,-3.1430555555555557,matched
2025,1,14869,10721,primary,3508.0,1507,1437792.3,798650526.7332,409.8609749144812,59679.46776814872,False,328.0,2.0,1.0,0.0,325.0,0.0,53.0,20.0,532.0,3.0,0.006097560975609756,0.003048780487804878,0.16307692307692306,0.06153846153846154,1.636923076923077,matched
2025,1,14869,10821,primary,1490.0,976,510033.62,201621765.88419998,342.30444295302016,18144.289733414495,False,214.0,1.0,1.0,0.0,212.0,0.0,39.0,9.0,-494.0,3.0,0.004672897196261682,0.004672897196261682,0.18396226415094338,0.04245283018867924,-2.330188679245283,matched
2025,1,14869,11278,primary,917.0,659,501204.23,326554126.8567,546.5694983642312,57373.1540758661,False,90.0,0.0,1.0,0.0,89.0,0.0,26.0,7.0,729.0,3.0,0.0,0.011111111111111112,0.29213483146067415,0.07865168539325842,8.191011235955056,matched
2025,1,14869,11292,primary,7593.0,3228,1228669.87,266096851.26250002,161.81612932964575,8860.562185584215,False,1935.0,3.0,0.0,0.0,1932.0,0.0,426.0,116.0,8701.0,3.0,0.0015503875968992248,0.0,0.2204968944099379,0.060041407867494824,4.503623188405797,matched
2025,1,14869,11298,primary,4767.0,2247,1276562.73,460019037.5859,267.79163624921335,24788.38165396209,False,984.0,23.0,3.0,0.0,958.0,0.0,205.0,76.0,8286.0,3.0,0.023373983739837397,0.003048780487804878,0.2139874739039666,0.07933194154488518,8.649269311064717,matched
2025,1,14869,11433,primary,1228.0,603,572270.09,294735695.4243,466.0179885993485,22840.015591964097,False,350.0,0.0,1.0,0.0,349.0,0.0,39.0,7.0,-1724.0,3.0,0.0,0.002857142857142857,0.11174785100286533,0.02005730659025788,-4.939828080229226,matched
2025,1,14869,11618,primary,4004.0,2152,1546885.05,828289182.6877002,386.3349275724276,57610.75397929046,False,416.0,1.0,1.0,0.0,414.0,0.0,95.0,27.0,2290.0,3.0,0.002403846153846154,0.002403846153846154,0.22946859903381642,0.06521739130434782,5.531400966183575,matched
2025,1,14869,11697,primary,974.0,570,357609.83,182140294.37730002,367.1558829568789,52198.91323366595,False,90.0,0.0,0.0,0.0,90.0,0.0,14.0,1.0,-286.0,3.0,0.0,0.0,0.15555555555555556,0.011111111111111112,-3.1777777777777776,matched
2025,1,14869,12173,primary,2038.0,1228,858990.9099999999,503907516.9323,421.48719823356225,69604.43815912757,False,253.0,2.0,3.0,0.0,248.0,0.0,53.0,28.0,4849.0,3.0,0.007905138339920948,0.011857707509881422,0.21370967741935484,0.11290322580645161,19.552419354838708,matched
2025,1,14869,12266,primary,2736.0,1546,988077.22,419060051.0644,361.13933479532164,22743.60420584405,False,560.0,8.0,1.0,0.0,551.0,0.0,88.0,27.0,-801.0,3.0,0.014285714285714285,0.0017857142857142857,0.15970961887477314,0.04900181488203267,-1.453720508166969,matched
2025,1,14869,12478,primary,5127.0,2106,2173684.34,1318876055.9176002,423.96807879851764,77492.35076523822,False,554.0,3.0,2.0,0.0,549.0,0.0,108.0,44.0,2636.0,3.0,0.005415162454873646,0.0036101083032490976,0.19672131147540983,0.08014571948998178,4.801457194899818,matched
2025,1,14869,12889,primary,5852.0,2108,1009495.24,238625189.374,172.50431305536569,11018.95189083023,False,977.0,1.0,0.0,0.0,976.0,0.0,232.0,84.0,5366.0,3.0,0.0010235414534288639,0.0,0.23770491803278687,0.0860655737704918,5.497950819672131,matched
2025,1,14869,12892,primary,9027.0,3282,1697115.73,460527729.10389996,188.00440124072227,15671.042699572245,False,1191.0,0.0,0.0,0.0,1191.0,0.0,147.0,45.0,-6283.0,3.0,0.0,0.0,0.12342569269521411,0.037783375314861464,-5.275398824517213,matched
2025,1,14869,12953,primary,103.0,93,48924.880000000005,34400524.411,474.99883495145633,108361.78068796298,False,13.0,0.0,0.0,0.0,13.0,0.0,1.0,0.0,-159.0,3.0,0.0,0.0,0.07692307692307693,0.0,-12.23076923076923,matched
2025,1,14869,13204,primary,3925.0,1432,1496778.4700000002,702038476.4549,381.3448331210192,33439.42435506126,False,372.0,0.0,1.0,0.0,371.0,0.0,61.0,25.0,1316.0,3.0,0.0,0.002688172043010753,0.16442048517520216,0.0673854447439353,3.547169811320755,matched
2025,1,14869,13232,primary,609.0,436,167913.66,53885572.9928,275.72029556650244,12460.376072162224,False,172.0,0.0,0.0,0.0,172.0,0.0,27.0,5.0,-631.0,3.0,0.0,0.0,0.1569767441860465,0.029069767441860465,-3.6686046511627906,matched
2025,1,14869,13303,primary,2348.0,1268,849212.88,432047568.8398,361.67499148211243,53197.831217759725,False,240.0,1.0,1.0,0.0,238.0,0.0,48.0,14.0,102.0,3.0,0.004166666666666667,0.004166666666666667,0.20168067226890757,0.058823529411764705,0.42857142857142855,matched
2025,1,14869,13487,primary,1672.0,637,669347.72,298187949.1096,400.3275837320574,18079.900529568375,False,381.0,1.0,0.0,0.0,380.0,0.0,43.0,8.0,-1901.0,3.0,0.0026246719160104987,0.0,0.11315789473684211,0.021052631578947368,-5.002631578947368,matched
2025,1,14869,13796,primary,2159.0,1223,382969.81999999995,88158955.64739999,177.3829643353404,9368.519557586042,False,463.0,0.0,1.0,0.0,462.0,0.0,62.0,15.0,-1524.0,3.0,0.0,0.0021598272138228943,0.1341991341991342,0.032467532467532464,-3.2987012987012987,matched
2025,1,14869,13930,primary,3624.0,2287,1282119.74,552436570.5518,353.78580022075056,27273.95484466871,False,809.0,1.0,4.0,0.0,804.0,0.0,164.0,65.0,8092.0,3.0,0.0012360939431396785,0.004944375772558714,0.20398009950248755,0.08084577114427861,10.064676616915422,matched
2025,1,14869,14100,primary,1230.0,727,537753.88,286948603.6828,437.19827642276425,42149.21480255772,False,142.0,0.0,0.0,0.0,142.0,0.0,23.0,4.0,-581.0,3.0,0.0,0.0,0.1619718309859155,0.028169014084507043,-4.091549295774648,matched
2025,1,14869,14107,primary,8628.0,3800,1646393.1600000001,442490361.96639997,190.8197913769124,14873.199194578621,False,1557.0,3.0,0.0,0.0,1554.0,0.0,253.0,76.0,-1669.0,3.0,0.0019267822736030828,0.0,0.1628056628056628,0.0489060489060489,-1.074002574002574,matched
2025,1,14869,14635,primary,1.0,1,122.1,14908.409999999998,122.1,0.0,True,,,,,,,,,,,,,,,,fare_only
2025,1,14869,14679,primary,5009.0,1994,1091913.58,309133178.5952,217.99033339988023,14195.762277329442,False,638.0,0.0,0.0,0.0,638.0,0.0,118.0,36.0,737.0,3.0,0.0,0.0,0.18495297805642633,0.05642633228840126,1.1551724137931034,matched
2025,1,14869,14747,primary,5235.0,1923,1028943.37,268713769.4021,196.5507870105062,12698.021058138977,False,906.0,4.0,4.0,0.0,898.0,0.0,152.0,29.0,-1940.0,3.0,0.004415011037527594,0.004415011037527594,0.16926503340757237,0.03229398663697105,-2.1603563474387526,matched
2025,1,14869,14771,primary,4797.0,2402,1010930.27,300050789.1989,210.7421867834063,18137.405339495643,False,901.0,4.0,2.0,0.0,895.0,0.0,203.0,99.0,4820.0,3.0,0.004439511653718091,0.0022197558268590455,0.22681564245810057,0.1106145251396648,5.385474860335195,matched
2025,1,14869,15016,primary,909.0,416,319985.9,132292804.99460001,352.01969196919697,21618.7756238875,False,211.0,2.0,2.0,0.0,207.0,0.0,33.0,16.0,319.0,3.0,0.009478672985781991,0.009478672985781991,0.15942028985507245,0.07729468599033816,1.541062801932367,matched
2025,1,14869,15304,primary,820.0,500,276099.71,122587073.0047,336.7069634146342,36124.851281632786,False,94.0,0.0,0.0,0.0,94.0,0.0,9.0,3.0,-527.0,3.0,0.0,0.0,0.09574468085106383,0.031914893617021274,-5.6063829787234045,matched
2025,1,15016,10397,primary,2943.0,1490,711683.24,200262854.82920003,241.8223717295277,9569.12192057266,False,793.0,18.0,2.0,0.0,773.0,0.0,107.0,43.0,-1849.0,3.0,0.02269861286254729,0.0025220680958385876,0.1384217335058215,0.055627425614489,-2.391979301423027,matched
2025,1,15016,10721,primary,1231.0,888,375215.79000000004,134547933.4481,304.80567831031686,16393.20070220031,False,309.0,10.0,0.0,0.0,299.0,0.0,49.0,20.0,307.0,3.0,0.032362459546925564,0.0,0.16387959866220736,0.06688963210702341,1.0267558528428093,matched
2025,1,15016,10821,primary,894.0,605,229745.14,71635513.8846,256.985615212528,14087.60373558347,False,250.0,8.0,0.0,0.0,242.0,0.0,34.0,16.0,-49.0,3.0,0.032,0.0,0.14049586776859505,0.06611570247933884,-0.2024793388429752,matched
2025,1,15016,11278,primary,2453.0,1212,509109.24,129217558.18280001,207.5455523848349,9602.201281197114,False,507.0,36.0,4.0,0.0,467.0,0.0,144.0,65.0,5779.0,3.0,0.07100591715976332,0.007889546351084813,0.3083511777301927,0.139186295503212,12.37473233404711,matched
2025,1,15016,11292,primary,3985.0,2065,781719.13,198349682.4599,196.16540276035133,11293.208150057355,False,817.0,17.0,0.0,0.0,800.0,0.0,152.0,52.0,1017.0,3.0,0.0208078335373317,0.0,0.19,0.065,1.27125,matched
2025,1,15016,11298,primary,1617.0,1072,436477.05,145451238.4821,269.93014842300556,17089.006550627324,False,531.0,28.0,0.0,0.0,503.0,0.0,106.0,41.0,5257.0,3.0,0.05273069679849341,0.0,0.21073558648111332,0.08151093439363817,10.451292246520875,matched
2025,1,15016,11433,primary,1147.0,767,294386.69999999995,87452244.7146,256.65797733217084,10371.011106458085,False,366.0,3.0,0.0,0.0,363.0,0.0,49.0,20.0,583.0,3.0,0.00819672131147541,0.0,0.1349862258953168,0.05509641873278237,1.606060606060606,matched
2025,1,15016,11618,primary,1050.0,759,269486.8,80435035.00500001,256.65409523809524,10733.470640371903,False,257.0,10.0,1.0,0.0,246.0,0.0,45.0,17.0,11.0,3.0,0.038910505836575876,0.0038910505836575876,0.18292682926829268,0.06910569105691057,0.044715447154471545,matched
2025,1,15016,11697,primary,2008.0,1113,487722.87,161811844.8215,242.88987549800797,21588.096439078123,False,271.0,7.0,1.0,0.0,263.0,0.0,45.0,10.0,-355.0,3.0,0.025830258302583026,0.0036900369003690036,0.17110266159695817,0.03802281368821293,-1.349809885931559,matched
2025,1,15016,12266,primary,825.0,642,237024.95,78714356.5495,287.3029696969697,12868.34487542334,False,129.0,5.0,0.0,0.0,124.0,0.0,32.0,6.0,545.0,3.0,0.03875968992248062,0.0,0.25806451612903225,0.04838709677419355,4.395161290322581,matched
2025,1,15016,12889,primary,3035.0,1567,792428.31,265586658.8559,261.0966425041186,19336.50335739278,False,478.0,13.0,0.0,0.0,465.0,0.0,74.0,30.0,-1883.0,3.0,0.027196652719665274,0.0,0.15913978494623657,0.06451612903225806,-4.049462365591398,matched
2025,1,15016,12892,primary,1176.0,706,338506.33999999997,117329249.6462,287.8455272108843,16914.72257200099,False,183.0,5.0,1.0,0.0,177.0,0.0,25.0,6.0,-857.0,3.0,0.0273224043715847,0.00546448087431694,0.14124293785310735,0.03389830508474576,-4.84180790960452,matched
2025,1,15016,12953,primary,3906.0,2176,750210.3700000001,166047871.9375,192.06614695340505,5621.571112931801,False,639.0,17.0,4.0,0.0,618.0,0.0,98.0,34.0,-647.0,3.0,0.026604068857589983,0.006259780907668232,0.15857605177993528,0.05501618122977346,-1.0469255663430421,matched
2025,1,15016,13204,primary,5122.0,2083,1107234.52,321961427.5748,216.17229988285825,16128.073970462203,False,605.0,10.0,0.0,0.0,595.0,0.0,103.0,44.0,267.0,3.0,0.01652892561983471,0.0,0.173109243697479,0.07394957983193277,0.44873949579831934,matched
2025,1,15016,13232,primary,1111.0,611,229228.39,59270141.9945,206.32618361836185,10777.968594796163,False,381.0,12.0,2.0,0.0,367.0,0.0,42.0,15.0,-1134.0,3.0,0.031496062992125984,0.005249343832020997,0.11444141689373297,0.04087193460490463,-3.0899182561307903,matched
2025,1,15016,13303,primary,1431.0,1129,396133.84,134802598.914,276.8230887491265,17570.65392533035,False,291.0,7.0,3.0,0.0,281.0,0.0,53.0,20.0,1209.0,3.0,0.024054982817869417,0.010309278350515464,0.18861209964412812,0.0711743772241993,4.302491103202847,matched
2025,1,15016,13487,primary,1723.0,1238,403087.05,112100486.9923,233.9448926291352,10331.010075365732,False,461.0,6.0,0.0,0.0,455.0,0.0,77.0,30.0,1982.0,3.0,0.013015184381778741,0.0,0.16923076923076924,0.06593406593406594,4.356043956043956,matched
2025,1,15016,13796,primary,14.0,14,3943.54,1335011.9698,281.68142857142857,16013.570640816339,True,4.0,0.0,0.0,0.0,4.0,0.0,1.0,0.0,-27.0,3.0,0.0,0.0,0.25,0.0,-6.75,matched
2025,1,15016,13930,primary,1491.0,1211,348859.0,95544497.17400001,233.97652582159625,9335.801711873748,False,542.0,16.0,1.0,0.0,525.0,0.0,110.0,42.0,4230.0,3.0,0.02952029520295203,0.0018450184501845018,0.20952380952380953,0.08,8.057142857142857,matched
2025,1,15016,14100,primary,986.0,698,295728.25,103886063.6085,299.92723123732253,15404.775240711228,False,274.0,15.0,1.0,0.0,258.0,0.0,46.0,13.0,725.0,3.0,0.05474452554744526,0.0036496350364963502,0.17829457364341086,0.050387596899224806,2.810077519379845,matched
2025,1,15016,14107,primary,3204.0,1915,955599.02,336320834.6232,298.2518789013733,16014.866239665731,False,555.0,11.0,0.0,0.0,544.0,0.0,93.0,36.0,3022.0,3.0,0.01981981981981982,0.0,0.17095588235294118,0.0661764705882353,5.555147058823529,matched
2025,1,15016,14635,primary,1730.0,988,509489.88,180745096.5404,294.50282080924853,17745.022951811843,False,302.0,4.0,3.0,0.0,295.0,0.0,62.0,19.0,1548.0,3.0,0.013245033112582781,0.009933774834437087,0.21016949152542372,0.06440677966101695,5.247457627118644,matched
2025,1,15016,14679,primary,801.0,587,236882.91,81562956.6935,295.73397003745316,14367.831816698235,False,136.0,2.0,1.0,0.0,133.0,0.0,28.0,9.0,-58.0,3.0,0.014705882352941176,0.007352941176470588,0.21052631578947367,0.06766917293233082,-0.43609022556390975,matched
2025,1,15016,14747,primary,1024.0,530,258583.30000000002,77361583.8062,252.52275390625002,11780.680445345679,False,124.0,1.0,0.0,0.0,123.0,0.0,22.0,8.0,364.0,3.0,0.008064516129032258,0.0,0.17886178861788618,0.06504065040650407,2.959349593495935,matched
2025,1,15016,14771,primary,926.0,670,250523.41999999998,88286841.12799999,270.54365010799137,22148.294431601098,False,174.0,2.0,0.0,0.0,172.0,0.0,40.0,19.0,1978.0,3.0,0.011494252873563218,0.0,0.23255813953488372,0.11046511627906977,11.5,matched
2025,1,15016,14869,primary,856.0,403,301525.78,123309357.5178,352.2497429906542,19973.106317457306,False,211.0,3.0,0.0,0.0,208.0,0.0,17.0,8.0,-2648.0,3.0,0.014218009478672985,0.0,0.08173076923076923,0.038461538461538464,-12.73076923076923,matched
2025,1,15016,15304,primary,1879.0,991,474747.07,141464781.4431,252.65943054816393,11450.482747467096,False,291.0,8.0,0.0,0.0,283.0,0.0,46.0,16.0,271.0,3.0,0.027491408934707903,0.0,0.1625441696113074,0.05653710247349823,0.9575971731448764,matched
2025,1,15304,10397,primary,7444.0,2400,1372395.81,336991395.9987,184.3626826974745,11280.604882365194,False,1544.0,32.0,1.0,0.0,1511.0,0.0,384.0,144.0,23315.0,3.0,0.02072538860103627,0.0006476683937823834,0.2541363335539378,0.09530112508272667,15.43017868960953,matched
2025,1,15304,10721,primary,9695.0,2197,1681490.6500000001,418805659.2941,173.43895306859207,13117.037788909085,False,816.0,18.0,0.0,0.0,798.0,0.0,192.0,75.0,6653.0,3.0,0.022058823529411766,0.0,0.24060150375939848,0.09398496240601503,8.337092731829573,matched
2025,1,15304,10821,primary,4458.0,1713,891471.57,236263466.4483,199.97119111709284,13009.159880748142,False,694.0,16.0,4.0,0.0,674.0,0.0,111.0,42.0,1712.0,3.0,0.023054755043227664,0.005763688760806916,0.16468842729970326,0.06231454005934718,2.540059347181009,matched
2025,1,15304,11278,primary,3705.0,1498,834446.11,229037187.4469,225.2216221322537,11093.6250933201,False,547.0,17.0,3.0,0.0,527.0,0.0,159.0,62.0,11914.0,3.0,0.031078610603290677,0.005484460694698354,0.301707779886148,0.11764705882352941,22.607210626185957,matched
2025,1,15304,11292,primary,6315.0,2819,1427727.0,451273901.9072,226.08503562945367,20346.19037894965,False,859.0,4.0,2.0,0.0,853.0,0.0,167.0,56.0,5862.0,3.0,0.004656577415599534,0.002328288707799767,0.19577960140679954,0.06565064478311841,6.872215709261431,matched
2025,1,15304,11298,primary,4513.0,1646,1028398.51,328810518.9543,227.87469754043875,20931.646252384686,False,735.0,23.0,1.0,0.0,711.0,0.0,155.0,63.0,13047.0,3.0,0.031292517006802724,0.0013605442176870747,0.2180028129395218,0.08860759493670886,18.350210970464136,matched
2025,1,15304,11433,primary,7937.0,2141,1541356.62,439949045.3362,194.1988937885851,17716.932694782343,False,698.0,3.0,2.0,0.0,693.0,0.0,154.0,62.0,6343.0,3.0,0.004297994269340974,0.0028653295128939827,0.2222222222222222,0.08946608946608947,9.152958152958153,matched
2025,1,15304,11618,primary,8294.0,1939,1580109.59,389550944.32329994,190.51236918254162,10672.838529581073,False,767.0,5.0,3.0,0.0,759.0,0.0,146.0,67.0,4257.0,3.0,0.00651890482398957,0.003911342894393742,0.19235836627140976,0.08827404479578392,5.608695652173913,matched
2025,1,15304,11697,primary,2795.0,911,292659.2,45402666.2528,104.70812164579607,5280.454790139049,False,270.0,1.0,1.0,0.0,268.0,0.0,47.0,23.0,2366.0,3.0,0.003703703703703704,0.003703703703703704,0.17537313432835822,0.08582089552238806,8.828358208955224,matched
2025,1,15304,12266,primary,2594.0,1210,541123.73,159446374.17369998,208.6059097918273,17950.950719777516,False,440.0,8.0,2.0,0.0,430.0,0.0,61.0,30.0,32.0,3.0,0.01818181818181818,0.004545454545454545,0.14186046511627906,0.06976744186046512,0.07441860465116279,matched
2025,1,15304,12478,primary,7330.0,1706,1043345.72,210099456.6676,142.33911596180081,8402.530592124345,False,680.0,5.0,1.0,0.0,674.0,0.0,157.0,68.0,7845.0,3.0,0.007352941176470588,0.0014705882352941176,0.23293768545994065,0.10089020771513353,11.63946587537092,matched
2025,1,15304,12889,primary,3372.0,1731,738201.21,232676005.5423,218.92088078291815,21076.02208009611,False,312.0,0.0,0.0,0.0,312.0,0.0,58.0,22.0,1646.0,3.0,0.0,0.0,0.1858974358974359,0.07051282051282051,5.2756410256410255,matched
2025,1,15304,12892,primary,2296.0,1169,846925.2,464062508.6516,368.8698606271777,66052.84327785517,False,208.0,0.0,2.0,0.0,206.0,0.0,35.0,16.0,283.0,3.0,0.0,0.009615384615384616,0.16990291262135923,0.07766990291262135,1.3737864077669903,matched
2025,1,15304,12953,primary,6650.0,1704,1212354.69,307453642.5647,182.3089759398496,12997.067752620482,False,607.0,7.0,4.0,0.0,596.0,0.0,147.0,56.0,8023.0,3.0,0.011532125205930808,0.006589785831960461,0.24664429530201343,0.09395973154362416,13.461409395973154,matched
2025,1,15304,13232,primary,3987.0,1792,738785.02,180351929.5668,185.29847504389267,10899.471275527525,False,479.0,4.0,1.0,0.0,474.0,0.0,85.0,35.0,2660.0,3.0,0.008350730688935281,0.0020876826722338203,0.17932489451476794,0.07383966244725738,5.6118143459915615,matched
2025,1,15304,13303,primary,1688.0,802,424315.2,120483415.0722,251.37156398104267,8188.767551700876,False,853.0,9.0,1.0,0.0,843.0,0.0,159.0,55.0,8777.0,3.0,0.010550996483001172,0.0011723329425556857,0.18861209964412812,0.06524317912218268,10.411625148279953,matched
2025,1,15304,13487,primary,5767.0,1238,1230757.29,354175527.61310005,213.41378359632392,15868.728570390493,False,307.0,1.0,0.0,0.0,306.0,0.0,61.0,24.0,3298.0,3.0,0.003257328990228013,0.0,0.19934640522875818,0.0784313725490196,10.777777777777779,matched
2025,1,15304,13930,primary,8508.0,3163,1605320.3,450736427.6422,188.6836271744241,17376.44224981962,False,870.0,5.0,2.0,0.0,863.0,0.0,169.0,66.0,4698.0,3.0,0.005747126436781609,0.0022988505747126436,0.19582850521436848,0.07647740440324449,5.443800695249131,matched
2025,1,15304,14100,primary,8366.0,2674,1577291.94,451659461.092,188.5359717905809,18441.6916551099,False,702.0,11.0,3.0,0.0,688.0,0.0,178.0,76.0,9651.0,3.0,0.01566951566951567,0.004273504273504274,0.25872093023255816,0.11046511627906977,14.027616279069768,matched
2025,1,15304,14107,primary,2465.0,1348,879142.1900000001,410388957.0035,356.64997565922926,39287.18715578031,False,332.0,1.0,1.0,0.0,330.0,0.0,60.0,17.0,2541.0,3.0,0.0030120481927710845,0.0030120481927710845,0.18181818181818182,0.051515151515151514,7.7,matched
2025,1,15304,14679,primary,797.0,454,202459.16,76525950.4864,254.0265495608532,31488.01586525883,False,69.0,1.0,0.0,0.0,68.0,0.0,7.0,1.0,-816.0,3.0,0.014492753623188406,0.0,0.10294117647058823,0.014705882352941176,-12.0,matched
2025,1,15304,14747,primary,2043.0,930,622000.77,270921361.0563,304.454610866373,39916.964594892605,False,268.0,2.0,1.0,0.0,265.0,0.0,65.0,17.0,1117.0,3.0,0.007462686567164179,0.0037313432835820895,0.24528301886792453,0.06415094339622641,4.215094339622642,matched
2025,1,15304,14771,primary,1508.0,814,555825.59,297927745.8581,368.58460875331565,61710.20439845437,False,168.0,0.0,0.0,0.0,168.0,0.0,29.0,8.0,333.0,3.0,0.0,0.0,0.17261904761904762,0.047619047619047616,1.9821428571428572,matched
2025,1,15304,14869,primary,993.0,641,367347.79,189453717.8867,369.9373514602215,53935.59857939009,False,95.0,0.0,0.0,0.0,95.0,0.0,15.0,4.0,-553.0,3.0,0.0,0.0,0.15789473684210525,0.042105263157894736,-5.821052631578947,matched
2025,1,15304,15016,primary,1965.0,1008,492642.73,146618495.7159,250.70876844783714,11760.123965811523,False,303.0,9.0,2.0,0.0,292.0,0.0,47.0,12.0,369.0,3.0,0.0297029702970297,0.006600660066006601,0.16095890410958905,0.0410958904109589,1.2636986301369864,matched
2025,2,10397,10721,primary,11951.0,3152,2717098.63,890824849.7461,227.35324491674336,22850.27691881534,False,1362.0,10.0,2.0,0.0,1350.0,0.0,386.0,143.0,16689.0,3.0,0.007342143906020558,0.0014684287812041115,0.2859259259259259,0.10592592592592592,12.362222222222222,matched
2025,2,10397,10821,primary,10125.0,3177,1564158.51,342320687.7903,154.48479111111112,9943.89996131192,False,1455.0,28.0,2.0,0.0,1425.0,0.0,487.0,206.0,33300.0,3.0,0.019243986254295534,0.0013745704467353953,0.34175438596491226,0.14456140350877192,23.36842105263158,matched
2025,2,10397,11278,primary,10238.0,3717,2124592.41,567138141.9597,207.52025883961713,12330.745761654034,False,1738.0,42.0,11.0,0.0,1685.0,0.0,581.0,225.0,35585.0,3.0,0.024165707710011506,0.006329113924050633,0.34480712166172106,0.13353115727002968,21.118694362017806,matched
2025,2,10397,11292,primary,9423.0,3133,2040710.0900000003,590718227.4111,216.56692030139024,15787.745727669222,False,1442.0,8.0,8.0,0.0,1426.0,0.0,522.0,205.0,31437.0,3.0,0.005547850208044383,0.005547850208044383,0.36605890603085556,0.14375876577840113,22.045582047685834,matched
2025,2,10397,11298,primary,12496.0,4087,2551105.61,802751993.5969,204.15377800896286,22561.951441704565,False,1686.0,44.0,16.0,0.0,1626.0,0.0,611.0,279.0,46359.0,3.0,0.02609727164887307,0.009489916963226572,0.3757687576875769,0.17158671586715868,28.511070110701105,matched
2025,2,10397,11433,primary,10261.0,2439,1614646.7,431183706.2882,157.35763570802067,17260.18117848575,False,1290.0,9.0,1.0,0.0,1280.0,0.0,334.0,115.0,18155.0,3.0,0.0069767441860465115,0.0007751937984496124,0.2609375,0.08984375,14.18359375,matched
2025,2,10397,11618,primary,12656.0,3795,2382766.89,593780274.0347,188.27172013274338,11470.658421227294,False,1434.0,44.0,8.0,0.0,1382.0,0.0,689.0,393.0,69790.0,3.0,0.030683403068340307,0.005578800557880056,0.49855282199710566,0.28437047756874095,50.499276410998554,matched
2025,2,10397,11697,primary,13935.0,2797,1965368.6199999999,420410643.0626,141.03829350556154,10277.603644665916,False,1588.0,19.0,3.0,0.0,1566.0,0.0,546.0,211.0,33029.0,3.0,0.011964735516372796,0.001889168765743073,0.3486590038314176,0.13473818646232438,21.091315453384418,matched
2025,2,10397,12173,primary,690.0,481,555223.3799999999,574362342.5622,804.6715652173912,184912.8642497242,False,91.0,0.0,0.0,0.0,91.0,0.0,13.0,4.0,-109.0,3.0,0.0,0.0,0.14285714285714285,0.04395604395604396,-1.1978021978021978,matched
2025,2,10397,12266,primary,9088.0,3198,1486798.6300000001,381541697.92990005,163.60020136443663,15217.99545263331,False,1129.0,19.0,7.0,0.0,1103.0,0.0,393.0,169.0,28166.0,3.0,0.01682905225863596,0.006200177147918512,0.3563009972801451,0.15321849501359927,25.53581142339075,matched
2025,2,10397,12478,primary,8552.0,2467,1556967.79,387894587.2333,182.05890902712815,12211.731758129237,False,1081.0,13.0,2.0,0.0,1066.0,0.0,335.0,153.0,21797.0,3.0,0.012025901942645698,0.0018501387604070306,0.3142589118198874,0.14352720450281425,20.44746716697936,matched
2025,2,10397,12889,primary,8909.0,3282,2651563.19,1280525379.4163,297.627476708946,55151.792327115996,False,1294.0,15.0,4.0,0.0,1275.0,0.0,397.0,131.0,19931.0,3.0,0.011591962905718702,0.0030911901081916537,0.31137254901960787,0.1027450980392157,15.632156862745099,matched
2025,2,10397,12892,primary,11616.0,3734,3264739.1199999996,1711284873.0888,281.05536501377406,68329.23795131306,False,1412.0,20.0,4.0,0.0,1388.0,0.0,403.0,126.0,19109.0,3.0,0.014164305949008499,0.0028328611898017,0.2903458213256484,0.09077809798270893,13.767291066282421,matched
2025,2,10397,12953,primary,17894.0,4827,3883855.5900000003,1187322688.4075,217.04792612048732,19243.315482649952,False,1782.0,25.0,9.0,0.0,1748.0,0.0,579.0,251.0,35032.0,3.0,0.014029180695847363,0.005050505050505051,0.33123569794050345,0.14359267734553777,20.041189931350115,matched
2025,2,10397,13204,primary,12798.0,3435,2085549.22,505345720.8344,162.95899515549306,12930.670073126868,False,2120.0,20.0,13.0,0.0,2087.0,0.0,764.0,333.0,53264.0,3.0,0.009433962264150943,0.006132075471698114,0.36607570675610923,0.1595591758505031,25.521801629132728,matched
2025,2,10397,13232,primary,6829.0,2679,1130908.03,275904133.6571,165.6037531117294,12977.232312916647,False,938.0,9.0,4.0,0.0,925.0,0.0,236.0,95.0,12477.0,3.0,0.009594882729211088,0.0042643923240938165,0.25513513513513514,0.10270270270270271,13.488648648648649,matched
2025,2,10397,13303,primary,11391.0,3104,2000674.37,498104015.6557,175.63641207971207,12879.707450536534,False,1606.0,21.0,5.0,0.0,1580.0,0.0,467.0,169.0,26123.0,3.0,0.013075965130759652,0.00311332503113325,0.2955696202531646,0.1069620253164557,16.53354430379747,matched
2025,2,10397,13487,primary,5448.0,1855,1356953.29,465161980.5963,249.0736582232012,23344.4678080014,False,876.0,1.0,2.0,0.0,873.0,0.0,212.0,70.0,8248.0,3.0,0.001141552511415525,0.00228310502283105,0.24284077892325315,0.08018327605956473,9.447880870561283,matched
2025,2,10397,13796,primary,1.0,1,356.33,126971.06889999998,356.33,0.0,True,,,,,,,,,,,,,,,,fare_only
2025,2,10397,13930,primary,12392.0,4506,2421813.1399999997,691758867.7218,195.4335974822466,17628.7292883977,False,1625.0,21.0,4.0,0.0,1600.0,0.0,433.0,167.0,27420.0,3.0,0.012923076923076923,0.0024615384615384616,0.270625,0.104375,17.1375,matched
2025,2,10397,14100,primary,11501.0,4053,2216399.3000000003,628392215.711,192.71361620728635,17499.512359681925,False,1471.0,26.0,1.0,0.0,1444.0,0.0,510.0,221.0,39300.0,3.0,0.017675050985723997,0.0006798096532970768,0.35318559556786705,0.1530470914127424,27.21606648199446,matched
2025,2,10397,14107,primary,6274.0,2990,1765396.6300000001,705159556.4783,281.38295027095955,33217.57161786585,False,997.0,8.0,2.0,0.0,987.0,0.0,293.0,100.0,17374.0,3.0,0.00802407221664995,0.0020060180541624875,0.2968591691995947,0.10131712259371833,17.602836879432623,matched
2025,2,10397,14635,primary,2405.0,895,570456.88,167668388.4504,237.1962079002079,13454.544592023303,False,734.0,8.0,2.0,0.0,724.0,0.0,193.0,67.0,10042.0,3.0,0.010899182561307902,0.0027247956403269754,0.26657458563535913,0.0925414364640884,13.870165745856353,matched
2025,2,10397,14679,primary,3750.0,1380,1163412.07,498981628.66789997,310.2432186666667,36810.91291612017,False,650.0,4.0,0.0,0.0,646.0,0.0,207.0,53.0,9106.0,3.0,0.006153846153846154,0.0,0.3204334365325077,0.08204334365325078,14.095975232198143,matched
2025,2,10397,14747,primary,6118.0,1903,2089877.7099999997,926057413.8907,341.59491827394567,34678.94873172759,False,863.0,7.0,1.0,0.0,855.0,0.0,209.0,49.0,2794.0,3.0,0.008111239860950173,0.0011587485515643105,0.24444444444444444,0.05730994152046784,3.2678362573099413,matched
2025,2,10397,14771,primary,6521.0,2924,2230619.96,1128872001.7788,342.0671614783009,56103.38348792499,False,885.0,7.0,3.0,0.0,875.0,0.0,261.0,84.0,12961.0,3.0,0.007909604519774011,0.003389830508474576,0.29828571428571427,0.096,14.81257142857143,matched
2025,2,10397,14869,primary,2350.0,963,1052438.79,554520120.7164999,447.8462936170213,35399.70610902866,False,733.0,2.0,0.0,0.0,731.0,0.0,180.0,50.0,6441.0,3.0,0.002728512960436562,0.0,0.24623803009575923,0.06839945280437756,8.811217510259917,matched
2025,2,10397,15016,primary,3751.0,1658,787508.66,199586299.8996,209.94632364702747,9131.365473847793,False,892.0,10.0,0.0,0.0,882.0,0.0,206.0,80.0,8379.0,3.0,0.011210762331838564,0.0,0.23356009070294784,0.09070294784580499,9.5,matched
2025,2,10397,15304,primary,8947.0,2710,1553224.35,399259165.3531,173.60281099809993,14486.98469681495,False,1603.0,22.0,5.0,0.0,1576.0,0.0,512.0,223.0,34292.0,3.0,0.01372426699937617,0.0031191515907673115,0.3248730964467005,0.141497461928934,21.758883248730964,matched
2025,2,10721,10397,primary,11925.0,3139,2685104.4699999997,871763992.9199,225.1659932914046,22404.174242445246,False,1359.0,9.0,4.0,0.0,1346.0,0.0,323.0,118.0,10971.0,3.0,0.006622516556291391,0.0029433406916850625,0.2399702823179792,0.08766716196136701,8.150817236255572,matched
2025,2,10721,10821,primary,7068.0,2383,1095174.38,223335724.2944,154.94827108092812,7589.183302387184,False,1053.0,6.0,2.0,0.0,1045.0,0.0,252.0,99.0,10622.0,3.0,0.005698005698005698,0.001899335232668566,0.24114832535885167,0.09473684210526316,10.164593301435406,matched
2025,2,10721,11278,primary,14357.0,4522,2702922.48,617002905.7604,188.2651305983144,7531.994989627368,False,2314.0,35.0,8.0,0.0,2271.0,0.0,591.0,213.0,24683.0,3.0,0.01512532411408816,0.003457216940363008,0.26023778071334214,0.09379128137384413,10.868780273007486,matched
2025,2,10721,11292,primary,9769.0,3642,2309376.9499999997,701114051.5321,236.39850035827615,15885.024443661612,False,1037.0,1.0,2.0,0.0,1034.0,0.0,290.0,93.0,7318.0,3.0,0.0009643201542912247,0.0019286403085824494,0.2804642166344294,0.08994197292069632,7.077369439071567,matched
2025,2,10721,11298,primary,9636.0,3386,2388515.59,810503015.3715001,247.87417911996678,22670.36884443825,False,1053.0,20.0,13.0,0.0,1020.0,0.0,286.0,127.0,11467.0,3.0,0.01899335232668566,0.012345679012345678,0.2803921568627451,0.12450980392156863,11.242156862745098,matched
2025,2,10721,11433,primary,5988.0,1968,1266760.07,367367610.59909993,211.54977788911157,16597.327847662746,False,740.0,6.0,1.0,0.0,733.0,0.0,174.0,69.0,6124.0,3.0,0.008108108108108109,0.0013513513513513514,0.2373806275579809,0.0941336971350614,8.354706684856753,matched
2025,2,10721,11618,primary,4032.0,1610,830588.11,201707012.6213,205.99903521825397,7590.938317844004,False,844.0,39.0,1.0,0.0,804.0,0.0,281.0,161.0,24618.0,3.0,0.0462085308056872,0.001184834123222749,0.34950248756218905,0.20024875621890548,30.619402985074625,matched
2025,2,10721,11697,primary,9564.0,2532,1625051.38,384238248.764,169.91336051861146,11304.925530404947,False,843.0,4.0,3.0,0.0,836.0,0.0,220.0,79.0,7865.0,3.0,0.004744958481613286,0.0035587188612099642,0.2631578947368421,0.09449760765550239,9.407894736842104,matched
2025,2,10721,12173,primary,1153.0,780,540305.01,318772758.7547,468.60798785776234,56879.02444850988,False,89.0,1.0,0.0,0.0,88.0,0.0,26.0,13.0,1990.0,3.0,0.011235955056179775,0.0,0.29545454545454547,0.14772727272727273,22.613636363636363,matched
2025,2,10721,12266,primary,5427.0,1965,1481303.81,506730279.41670007,272.95076653768194,18869.959278056253,False,553.0,2.0,6.0,0.0,545.0,0.0,129.0,39.0,2672.0,3.0,0.003616636528028933,0.0108499095840868,0.23669724770642203,0.07155963302752294,4.902752293577982,matched
2025,2,10721,12478,primary,3387.0,1332,622886.27,141090589.5485,183.90501033362858,7835.454274424163,False,1315.0,23.0,0.0,0.0,1292.0,0.0,350.0,160.0,14116.0,3.0,0.01749049429657795,0.0,0.2708978328173375,0.1238390092879257,10.925696594427244,matched
2025,2,10721,12889,primary,6399.0,2014,2056627.1300000001,949680576.4697,321.39820753242697,45113.971452592654,False,489.0,0.0,2.0,0.0,487.0,0.0,99.0,25.0,-429.0,3.0,0.0,0.00408997955010225,0.2032854209445585,0.0513347022587269,-0.8809034907597536,matched
2025,2,10721,12892,primary,13781.0,5424,4845661.4399999995,2871515381.3972,351.61900007256367,84731.78660287507,False,1193.0,1.0,0.0,0.0,1192.0,0.0,203.0,66.0,1490.0,3.0,0.0008382229673093043,0.0,0.17030201342281878,0.05536912751677853,1.25,matched
2025,2,10721,12953,primary,6848.0,2912,1545183.5299999998,413704261.8653,225.64011828271026,9498.958438610432,False,1746.0,42.0,2.0,0.0,1702.0,0.0,389.0,189.0,13883.0,3.0,0.024054982817869417,0.001145475372279496,0.22855464159811986,0.11104582843713279,8.156874265569918,matched
2025,2,10721,13204,primary,14577.0,3457,2938587.17,810379628.5537001,201.5906681758935,14954.234579151554,False,1189.0,6.0,12.0,0.0,1171.0,0.0,279.0,101.0,6810.0,3.0,0.005046257359125316,0.010092514718250631,0.23825789923142612,0.08625106746370624,5.815542271562767,matched
2025,2,10721,13232,primary,2843.0,1019,415041.49,76512889.4551,145.98715793176223,5600.479038422822,False,348.0,0.0,0.0,0.0,348.0,0.0,93.0,35.0,3969.0,3.0,0.0,0.0,0.2672413793103448,0.10057471264367816,11.405172413793103,matched
2025,2,10721,13303,primary,8966.0,3099,1747448.41,502286914.7893,194.89721280392592,18036.369636588002,False,1057.0,8.0,3.0,0.0,1046.0,0.0,224.0,89.0,5398.0,3.0,0.007568590350047304,0.002838221381267739,0.21414913957934992,0.08508604206500955,5.160611854684513,matched
2025,2,10721,13487,primary,5327.0,1327,1600455.42,623226108.4728,300.44216632250794,26728.33020187737,False,461.0,0.0,0.0,0.0,461.0,0.0,85.0,26.0,2380.0,3.0,0.0,0.0,0.1843817787418655,0.05639913232104121,5.162689804772234,matched
2025,2,10721,13930,primary,15898.0,5597,2977038.86,721998508.4248,187.2587029815071,10348.601885498523,False,1858.0,16.0,1.0,0.0,1841.0,0.0,456.0,190.0,21361.0,3.0,0.008611410118406888,0.0005382131324004305,0.24769147202607278,0.10320478001086367,11.602933188484519,matched
2025,2,10721,14100,primary,8783.0,3516,1682227.94,391496966.7274,191.53227143345097,7889.7903120101255,False,1317.0,22.0,0.0,0.0,1295.0,0.0,346.0,148.0,19361.0,3.0,0.016704631738800303,0.0,0.2671814671814672,0.11428571428571428,14.95057915057915,matched
2025,2,10721,14107,primary,6120.0,2851,1783238.54,766136445.4738,291.3788464052288,40284.06157242737,False,549.0,2.0,2.0,0.0,545.0,0.0,131.0,34.0,3985.0,3.0,0.0036429872495446266,0.0036429872495446266,0.24036697247706423,0.062385321100917435,7.3119266055045875,matched
2025,2,10721,14635,primary,6831.0,2011,1417944.2,416897405.99979997,207.57490850534327,17942.873432750377,False,606.0,2.0,0.0,0.0,604.0,0.0,133.0,47.0,2115.0,3.0,0.0033003300330033004,0.0,0.22019867549668873,0.07781456953642384,3.501655629139073,matched
2025,2,10721,14679,primary,5834.0,2561,1801105.78,850865074.039,308.725707919095,50534.3532861375,False,453.0,0.0,0.0,0.0,453.0,0.0,76.0,11.0,-2113.0,3.0,0.0,0.0,0.16777041942604856,0.024282560706401765,-4.664459161147903,matched
2025,2,10721,14747,primary,7680.0,2870,2254819.16,930956053.1252,293.59624479166666,35019.48112824217,False,677.0,3.0,1.0,0.0,673.0,0.0,163.0,32.0,2898.0,3.0,0.004431314623338257,0.0014771048744460858,0.24219910846953938,0.0475482912332838,4.306092124814264,matched
2025,2,10721,14771,primary,15487.0,6028,5410987.6899999995,3080639950.0221,349.3890159488603,76845.11433470676,False,1239.0,1.0,0.0,0.0,1238.0,0.0,210.0,57.0,-5861.0,3.0,0.0008071025020177562,0.0,0.16962843295638125,0.04604200323101777,-4.734248788368336,matched
2025,2,10721,14869,primary,2873.0,1226,1076818.42,516480801.8282,374.8062721893491,39290.81239233387,False,292.0,0.0,0.0,0.0,292.0,0.0,52.0,20.0,1535.0,3.0,0.0,0.0,0.1780821917808219,0.0684931506849315,5.256849315068493,matched
2025,2,10721,15016,primary,2304.0,1406,675860.89,226911890.63270003,293.3424001736111,12436.299903049949,False,434.0,3.0,1.0,0.0,430.0,0.0,87.0,33.0,2475.0,3.0,0.0069124423963133645,0.002304147465437788,0.20232558139534884,0.07674418604651163,5.755813953488372,matched
2025,2,10721,15304,primary,9339.0,2339,1753035.74,446412317.4216,187.7112902880394,12565.34069441611,False,792.0,4.0,5.0,0.0,783.0,0.0,194.0,80.0,6941.0,3.0,0.005050505050505051,0.006313131313131313,0.24776500638569604,0.10217113665389528,8.864623243933588,matched
2025,2,10821,10397,primary,9921.0,3127,1534654.66,336495869.79819995,154.687497228102,9989.313711657713,False,1440.0,28.0,8.0,0.0,1404.0,0.0,399.0,163.0,24476.0,3.0,0.019444444444444445,0.005555555555555556,0.2841880341880342,0.11609686609686609,17.433048433048434,matched
2025,2,10821,10721,primary,7069.0,2377,1125105.28,234897467.8734,159.16045833922763,7897.184301699668,False,1086.0,9.0,0.0,0.0,1077.0,0.0,323.0,137.0,15001.0,3.0,0.008287292817679558,0.0,0.2999071494893222,0.12720519962859797,13.928505106778088,matched
2025,2,10821,11292,primary,4581.0,2538,1126656.62,342442095.3154,245.9411962453613,14265.62288470738,False,774.0,3.0,4.0,0.0,767.0,0.0,224.0,91.0,11026.0,3.0,0.003875968992248062,0.00516795865633075,0.2920469361147327,0.11864406779661017,14.3754889178618,matched
2025,2,10821,11298,primary,3595.0,1568,642426.43,179357001.6795,178.69998052851184,17956.99892837236,False,407.0,11.0,2.0,0.0,394.0,0.0,128.0,62.0,12822.0,3.0,0.02702702702702703,0.004914004914004914,0.3248730964467005,0.15736040609137056,32.54314720812183,matched
2025,2,10821,11433,primary,3200.0,1444,542643.1699999999,122844485.6085,169.57599062499997,9632.885156206175,False,589.0,5.0,1.0,0.0,583.0,0.0,128.0,53.0,7063.0,3.0,0.008488964346349746,0.001697792869269949,0.2195540308747856,0.09090909090909091,12.11492281303602,matched
2025,2,10821,11697,primary,6295.0,1973,954923.94,209495658.2416,151.69562192216043,10268.129829220052,False,835.0,4.0,2.0,0.0,829.0,0.0,188.0,75.0,6819.0,3.0,0.004790419161676647,0.0023952095808383233,0.22677925211097708,0.09047044632086852,8.225572979493366,matched
2025,2,10821,12266,primary,2896.0,1394,516378.76,133813732.4582,178.30758287292818,14412.805219502792,False,288.0,3.0,1.0,0.0,284.0,0.0,64.0,21.0,2341.0,3.0,0.010416666666666666,0.003472222222222222,0.22535211267605634,0.07394366197183098,8.242957746478874,matched
2025,2,10821,12889,primary,4004.0,1856,1007250.6,316548214.5036,251.56108891108892,15775.014176136945,False,538.0,3.0,2.0,0.0,533.0,0.0,118.0,40.0,3474.0,3.0,0.0055762081784386614,0.0037174721189591076,0.22138836772983114,0.075046904315197,6.51782363977486,matched
2025,2,10821,12892,primary,5142.0,2406,1158026.69,383018698.8123,225.20939128743677,23769.00289046963,False,466.0,1.0,2.0,0.0,463.0,0.0,107.0,31.0,2022.0,3.0,0.002145922746781116,0.004291845493562232,0.23110151187904968,0.06695464362850972,4.367170626349892,matched
2025,2,10821,13204,primary,11088.0,3071,1821696.02,429265919.6014,164.2943740981241,11721.817478215748,False,1298.0,16.0,9.0,0.0,1273.0,0.0,343.0,145.0,15340.0,3.0,0.012326656394453005,0.006933744221879815,0.2694422623723488,0.11390416339355852,12.050274941084053,matched
2025,2,10821,13232,primary,3982.0,1817,695906.85,151280427.5577,174.76314665996986,7448.909259033742,False,524.0,2.0,1.0,0.0,521.0,0.0,123.0,44.0,6634.0,3.0,0.003816793893129771,0.0019083969465648854,0.236084452975048,0.08445297504798464,12.73320537428023,matched
2025,2,10821,13303,primary,5254.0,2211,845525.5700000001,193740514.1073,160.92987628473546,10976.434855656556,False,715.0,6.0,2.0,0.0,707.0,0.0,198.0,72.0,10131.0,3.0,0.008391608391608392,0.002797202797202797,0.28005657708628007,0.10183875530410184,14.32956152758133,matched
2025,2,10821,13487,primary,3150.0,1430,597143.37,147919191.3803,189.5693238095238,11021.944924463402,False,352.0,3.0,0.0,0.0,349.0,0.0,60.0,27.0,2451.0,3.0,0.008522727272727272,0.0,0.17191977077363896,0.07736389684813753,7.022922636103152,matched
2025,2,10821,13796,primary,75.0,69,26138.43,10175330.4829,348.5124,14210.18015157331,False,,,,,,,,,,,,,,,,fare_only
2025,2,10821,13930,primary,3694.0,2306,724149.9400000001,177530632.3012,196.03409312398486,9629.820121145625,False,682.0,8.0,2.0,0.0,672.0,0.0,147.0,56.0,6901.0,3.0,0.011730205278592375,0.002932551319648094,0.21875,0.08333333333333333,10.269345238095237,matched
2025,2,10821,14107,primary,2215.0,1187,617182.62,198485236.1626,278.63775169300226,11970.59076379388,False,330.0,1.0,0.0,0.0,329.0,0.0,79.0,23.0,2771.0,3.0,0.0030303030303030303,0.0,0.24012158054711247,0.06990881458966565,8.422492401215806,matched
2025,2,10821,14635,primary,2096.0,1081,462587.98,126357328.97719999,220.70037213740457,11576.330937456936,False,391.0,0.0,0.0,0.0,391.0,0.0,103.0,37.0,4623.0,3.0,0.0,0.0,0.26342710997442453,0.09462915601023018,11.823529411764707,matched
2025,2,10821,14679,primary,1731.0,992,516289.48,177129109.1344,298.2608203350664,13368.102425901321,False,233.0,0.0,0.0,0.0,233.0,0.0,70.0,21.0,3093.0,3.0,0.0,0.0,0.30042918454935624,0.09012875536480687,13.274678111587983,matched
2025,2,10821,14747,primary,1800.0,860,572393.61,228457827.7543,317.99645,25799.273206453057,False,180.0,1.0,0.0,0.0,179.0,0.0,75.0,22.0,3555.0,3.0,0.005555555555555556,0.0,0.41899441340782123,0.12290502793296089,19.860335195530727,matched
2025,2,10821,14771,primary,1887.0,1166,663327.59,309030806.69729996,351.5249549549549,40198.519079052014,False,232.0,1.0,0.0,0.0,231.0,0.0,42.0,10.0,657.0,3.0,0.004310344827586207,0.0,0.18181818181818182,0.04329004329004329,2.844155844155844,matched
2025,2,10821,14869,primary,1314.0,809,390778.57999999996,133231507.87820001,297.39617960426176,12949.353968814044,False,187.0,0.0,0.0,0.0,187.0,0.0,42.0,12.0,1668.0,3.0,0.0,0.0,0.22459893048128343,0.06417112299465241,8.919786096256685,matched
2025,2,10821,15016,primary,1720.0,971,388876.87,106797637.5175,226.0912034883721,10974.417424656269,False,374.0,3.0,2.0,0.0,369.0,0.0,85.0,28.0,3406.0,3.0,0.008021390374331552,0.0053475935828877,0.23035230352303523,0.07588075880758807,9.230352303523036,matched
2025,2,10821,15304,primary,5688.0,2205,1003787.09,239984606.3105,176.4745235583685,11048.129017002255,False,796.0,6.0,4.0,0.0,786.0,0.0,192.0,76.0,9758.0,3.0,0.007537688442211055,0.005025125628140704,0.24427480916030533,0.09669211195928754,12.414758269720101,matched
2025,2,11278,10397,primary,10068.0,3641,2055875.9500000002,538225445.8987,204.1990415176798,11761.774675154003,False,1739.0,35.0,5.0,0.0,1699.0,0.0,454.0,180.0,25326.0,3.0,0.020126509488211614,0.002875215641173088,0.2672160094173043,0.10594467333725721,14.90641553855209,matched
2025,2,11278,10721,primary,14426.0,4525,2771399.57,646837118.6939,192.11143560238457,7931.482647536999,False,2313.0,40.0,2.0,0.0,2271.0,0.0,600.0,273.0,26120.0,3.0,0.01729355814958928,0.0008646779074794639,0.26420079260237783,0.1202113606340819,11.50154117129018,matched
2025,2,11278,11292,primary,2878.0,1313,571839.54,161758015.8576,198.69337734537874,16725.95078365955,False,352.0,1.0,3.0,0.0,348.0,0.0,95.0,49.0,5633.0,3.0,0.002840909090909091,0.008522727272727272,0.27298850574712646,0.14080459770114942,16.186781609195403,matched
2025,2,11278,11298,primary,5273.0,1891,1555499.4100000001,596419651.7164999,294.99325052152477,26087.203598764638,False,884.0,34.0,5.0,0.0,845.0,0.0,212.0,98.0,13260.0,3.0,0.038461538461538464,0.005656108597285068,0.25088757396449707,0.11597633136094675,15.692307692307692,matched
2025,2,11278,11433,primary,3788.0,1416,829073.28,221594049.839,218.86834213305175,10595.606002795292,False,689.0,22.0,0.0,0.0,667.0,0.0,183.0,81.0,11075.0,3.0,0.03193033381712627,0.0,0.27436281859070466,0.12143928035982009,16.604197901049474,matched
2025,2,11278,11618,primary,1143.0,833,217780.79,51914341.2711,190.53437445319335,9116.023342543951,False,125.0,4.0,0.0,0.0,121.0,0.0,20.0,9.0,311.0,3.0,0.032,0.0,0.1652892561983471,0.0743801652892562,2.5702479338842976,matched
2025,2,11278,11697,primary,5583.0,1772,898953.6900000001,183744421.9337,161.016243954863,6985.182747722676,False,557.0,1.0,0.0,0.0,556.0,0.0,127.0,51.0,6076.0,3.0,0.0017953321364452424,0.0,0.22841726618705036,0.09172661870503597,10.928057553956835,matched
2025,2,11278,12266,primary,3517.0,1224,1007557.2899999999,353514241.9913,286.48202729599086,18443.897337289003,False,601.0,6.0,4.0,0.0,591.0,0.0,127.0,51.0,5751.0,3.0,0.009983361064891847,0.0066555740432612314,0.21489001692047377,0.08629441624365482,9.730964467005077,matched
2025,2,11278,12478,primary,1464.0,848,239374.90000000002,50115611.1546,163.50744535519127,7497.290145796189,False,702.0,31.0,0.0,0.0,671.0,0.0,163.0,68.0,7533.0,3.0,0.04415954415954416,0.0,0.2429210134128167,0.10134128166915052,11.226527570789866,matched
2025,2,11278,12889,primary,1851.0,1195,536117.97,222870280.2567,289.6369367909238,36515.782640373654,False,182.0,0.0,0.0,0.0,182.0,0.0,70.0,19.0,2303.0,3.0,0.0,0.0,0.38461538461538464,0.1043956043956044,12.653846153846153,matched
2025,2,11278,12892,primary,4369.0,2124,1542324.92,809628890.1378,353.01554589150834,60692.198801081046,False,364.0,3.0,2.0,0.0,359.0,0.0,98.0,36.0,3231.0,3.0,0.008241758241758242,0.005494505494505495,0.27298050139275765,0.10027855153203342,9.0,matched
2025,2,11278,12953,primary,4899.0,1978,980109.6,229427282.08020002,200.0631965707287,6806.169119114464,False,1169.0,52.0,2.0,0.0,1115.0,0.0,346.0,140.0,20440.0,3.0,0.04448246364414029,0.001710863986313088,0.31031390134529147,0.12556053811659193,18.331838565022423,matched
2025,2,11278,13204,primary,11076.0,3542,1808723.8800000001,383436737.73219997,163.3011809317443,7951.425798912365,False,1161.0,14.0,9.0,0.0,1138.0,0.0,321.0,141.0,20570.0,3.0,0.012058570198105082,0.007751937984496124,0.2820738137082601,0.12390158172231985,18.075571177504393,matched
2025,2,11278,13232,primary,3558.0,1223,655351.92,144727467.3138,184.19109612141654,6750.275105037974,False,525.0,7.0,0.0,0.0,518.0,0.0,122.0,62.0,6984.0,3.0,0.013333333333333334,0.0,0.23552123552123552,0.11969111969111969,13.482625482625483,matched
2025,2,11278,13303,primary,7679.0,1990,1556452.49,469633654.1605,202.6894764943352,20075.154808451036,False,990.0,20.0,4.0,0.0,966.0,0.0,254.0,103.0,14685.0,3.0,0.020202020202020204,0.00404040404040404,0.2629399585921325,0.10662525879917184,15.201863354037267,matched
2025,2,11278,13487,primary,3584.0,1702,931818.5900000001,291213691.1627,259.9940262276786,13656.92640479951,False,588.0,10.0,2.0,0.0,576.0,0.0,135.0,72.0,10539.0,3.0,0.017006802721088437,0.003401360544217687,0.234375,0.125,18.296875,matched
2025,2,11278,13796,primary,71.0,69,21201.55,6925705.5507000005,298.6133802816901,8375.197718151176,False,,,,,,,,,,,,,,,,fare_only
2025,2,11278,13930,primary,10139.0,2820,2164852.86,555302986.5636,213.5173942203373,9179.331790704731,False,1670.0,29.0,2.0,0.0,1639.0,0.0,405.0,164.0,21844.0,3.0,0.017365269461077845,0.0011976047904191617,0.2471018913971934,0.10006101281269067,13.32763880414887,matched
2025,2,11278,14100,primary,57.0,53,11652.25,2752210.6677,204.42543859649123,6494.637733579562,False,287.0,14.0,0.0,0.0,273.0,0.0,105.0,48.0,7575.0,3.0,0.04878048780487805,0.0,0.38461538461538464,0.17582417582417584,27.747252747252748,matched
2025,2,11278,14107,primary,2480.0,1198,859469.46,394481370.62780005,346.56026612903224,38961.050742106614,False,273.0,0.0,1.0,0.0,272.0,0.0,46.0,12.0,323.0,3.0,0.0,0.003663003663003663,0.16911764705882354,0.04411764705882353,1.1875,matched
2025,2,11278,14635,primary,1343.0,909,313000.27999999997,93530237.314,233.06052122114667,15325.561366221256,False,185.0,3.0,0.0,0.0,182.0,0.0,35.0,10.0,948.0,3.0,0.016216216216216217,0.0,0.19230769230769232,0.054945054945054944,5.208791208791209,matched
2025,2,11278,14679,primary,854.0,428,245188.08000000002,97353014.7802,287.1054800936768,31566.947726643062,False,91.0,0.0,0.0,0.0,91.0,0.0,33.0,5.0,811.0,3.0,0.0,0.0,0.3626373626373626,0.054945054945054944,8.912087912087912,matched
2025,2,11278,14747,primary,2532.0,1400,929802.1599999999,456054511.9734,367.22044233807264,45265.46267429093,False,273.0,0.0,0.0,0.0,273.0,0.0,46.0,19.0,2436.0,3.0,0.0,0.0,0.1684981684981685,0.0695970695970696,8.923076923076923,matched
2025,2,11278,14771,primary,3005.0,1614,1100913.46,575680175.6164,366.3605524126456,57354.04733853013,False,272.0,0.0,1.0,0.0,271.0,0.0,54.0,17.0,941.0,3.0,0.0,0.003676470588235294,0.1992619926199262,0.06273062730627306,3.4723247232472323,matched
2025,2,11278,14869,primary,977.0,679,435436.1,238712073.2044,445.6868986693961,45694.890713104396,False,91.0,2.0,0.0,0.0,89.0,0.0,22.0,7.0,965.0,3.0,0.02197802197802198,0.0,0.24719101123595505,0.07865168539325842,10.842696629213483,matched
2025,2,11278,15016,primary,3693.0,1835,746269.0399999999,180796382.0776,202.0766422962361,8121.538105812222,False,600.0,17.0,2.0,0.0,581.0,0.0,158.0,62.0,9173.0,3.0,0.028333333333333332,0.0033333333333333335,0.2719449225473322,0.10671256454388985,15.78829604130809,matched
2025,2,11278,15304,primary,4567.0,1733,929712.28,241937722.2608,203.5717714035472,11533.730353748484,False,527.0,9.0,3.0,0.0,515.0,0.0,132.0,55.0,8601.0,3.0,0.017077798861480076,0.0056925996204933585,0.2563106796116505,0.10679611650485436,16.700970873786407,matched
2025,2,11292,10397,primary,9472.0,3170,2055660.31,597141118.7673,217.02494826858108,15942.941969148502,False,1424.0,9.0,10.0,0.0,1405.0,0.0,443.0,159.0,25606.0,3.0,0.006320224719101123,0.007022471910112359,0.31530249110320285,0.11316725978647686,18.22491103202847,matched
2025,2,11292,10721,primary,9840.0,3710,2419081.06,768074721.0574,245.84157113821138,17618.295991494946,False,1002.0,0.0,2.0,0.0,1000.0,0.0,300.0,111.0,11716.0,3.0,0.0,0.001996007984031936,0.3,0.111,11.716,matched
2025,2,11292,10821,primary,4594.0,2518,1127465.8,339324237.1706,245.4213757074445,13630.829227580653,False,822.0,3.0,7.0,0.0,812.0,0.0,233.0,68.0,8681.0,3.0,0.0036496350364963502,0.00851581508515815,0.2869458128078818,0.08374384236453201,10.69088669950739,matched
2025,2,11292,11278,primary,2904.0,1363,604527.79,182589127.2263,208.17072658402205,19539.992404189703,False,352.0,1.0,3.0,0.0,348.0,0.0,82.0,27.0,2478.0,3.0,0.002840909090909091,0.008522727272727272,0.23563218390804597,0.07758620689655173,7.120689655172414,matched
2025,2,11292,11298,primary,9976.0,3004,1809106.08,444751317.71239996,181.34583801122696,11695.815916559157,False,1583.0,32.0,5.0,0.0,1546.0,0.0,520.0,228.0,36127.0,3.0,0.02021478205938092,0.003158559696778269,0.33635187580853815,0.14747736093143596,23.36804657179819,matched
2025,2,11292,11433,primary,5884.0,2362,1241716.26,350432958.1814,211.03267505098572,15022.137012116706,False,774.0,0.0,3.0,0.0,771.0,0.0,213.0,86.0,11495.0,3.0,0.0,0.003875968992248062,0.27626459143968873,0.11154345006485085,14.909208819714657,matched
2025,2,11292,11618,primary,5016.0,1826,1486426.78,584797941.355,296.3370773524721,28770.848020604884,False,705.0,7.0,4.0,0.0,694.0,0.0,264.0,147.0,21474.0,3.0,0.009929078014184398,0.005673758865248227,0.3804034582132565,0.21181556195965417,30.94236311239193,matched
2025,2,11292,11697,primary,2484.0,1351,727154.0499999999,280560965.2535,292.73512479871175,27253.395200829837,False,366.0,2.0,1.0,0.0,363.0,0.0,112.0,42.0,5492.0,3.0,0.00546448087431694,0.00273224043715847,0.3085399449035813,0.11570247933884298,15.129476584022038,matched
2025,2,11292,12173,primary,881.0,507,552767.62,447326306.8204,627.4320317820658,114077.40737850528,False,182.0,1.0,2.0,0.0,179.0,0.0,43.0,16.0,1331.0,3.0,0.005494505494505495,0.01098901098901099,0.24022346368715083,0.0893854748603352,7.435754189944134,matched
2025,2,11292,12266,primary,7016.0,2106,1490230.21,411329942.4619,212.40453392246295,13511.728801265097,False,1118.0,6.0,4.0,0.0,1108.0,0.0,306.0,129.0,17488.0,3.0,0.005366726296958855,0.0035778175313059034,0.27617328519855594,0.1164259927797834,15.783393501805055,matched
2025,2,11292,12478,primary,3669.0,1327,869108.49,262609720.3735,236.8788470973017,15463.696718403728,False,358.0,3.0,2.0,0.0,353.0,0.0,99.0,34.0,5329.0,3.0,0.008379888268156424,0.00558659217877095,0.2804532577903683,0.09631728045325778,15.096317280453258,matched
2025,2,11292,12889,primary,12852.0,3642,1955255.84,401263403.8456,152.13630874572053,8076.408161724779,False,1896.0,13.0,2.0,0.0,1881.0,0.0,546.0,219.0,29293.0,3.0,0.006856540084388186,0.0010548523206751054,0.2902711323763955,0.11642743221690591,15.573099415204679,matched
2025,2,11292,12892,primary,11176.0,3973,1941192.8599999999,470841571.6434,173.6929903364352,11960.449084669202,False,1994.0,5.0,0.0,0.0,1989.0,0.0,509.0,203.0,22065.0,3.0,0.0025075225677031092,0.0,0.2559074912016088,0.102061337355455,11.093514328808446,matched
2025,2,11292,12953,primary,9557.0,4106,2585454.49,944752479.7773,270.529924662551,25668.06229770281,False,1131.0,11.0,13.0,0.0,1107.0,0.0,344.0,135.0,17873.0,3.0,0.009725906277630416,0.011494252873563218,0.3107497741644083,0.12195121951219512,16.145438121047878,matched
2025,2,11292,13204,primary,9304.0,3411,2173396.43,639961360.3183,233.59806857265693,14215.407569603638,False,1133.0,5.0,7.0,0.0,1121.0,0.0,332.0,117.0,14782.0,3.0,0.00441306266548985,0.00617828773168579,0.296164139161463,0.10437109723461195,13.186440677966102,matched
2025,2,11292,13232,primary,4996.0,2083,762796.82,144346381.7774,152.68150920736588,5580.747013855202,False,654.0,8.0,0.0,0.0,646.0,0.0,218.0,81.0,10607.0,3.0,0.012232415902140673,0.0,0.33746130030959753,0.12538699690402477,16.41950464396285,matched
2025,2,11292,13303,primary,4792.0,2481,1069887.48,348676415.2206,223.26533388981636,22914.780837618062,False,632.0,2.0,2.0,0.0,628.0,0.0,191.0,56.0,7120.0,3.0,0.0031645569620253164,0.0031645569620253164,0.304140127388535,0.08917197452229299,11.337579617834395,matched
2025,2,11292,13487,primary,11210.0,3448,1751902.92,360601211.587,156.28036752899197,7744.262210016575,False,1476.0,4.0,1.0,0.0,1471.0,0.0,451.0,203.0,26809.0,3.0,0.0027100271002710027,0.0006775067750677507,0.30659415363698167,0.1380013596193066,18.225016995241333,matched
2025,2,11292,13796,primary,2178.0,1176,500284.32,138075854.1618,229.69895316804408,10634.099895047388,False,463.0,3.0,0.0,0.0,460.0,0.0,173.0,72.0,11010.0,3.0,0.0064794816414686825,0.0,0.3760869565217391,0.1565217391304348,23.934782608695652,matched
2025,2,11292,13930,primary,12600.0,4179,2447073.21,618703418.4051,194.21215952380953,11385.082998265025,False,1612.0,6.0,5.0,0.0,1601.0,0.0,515.0,205.0,33607.0,3.0,0.0037220843672456576,0.003101736972704715,0.3216739537788882,0.12804497189256714,20.991255465334167,matched
2025,2,11292,14100,primary,6852.0,3588,1700488.55,565349457.5525,248.17404407472273,20918.32124872134,False,781.0,7.0,2.0,0.0,772.0,0.0,268.0,103.0,15424.0,3.0,0.008962868117797696,0.002560819462227913,0.3471502590673575,0.133419689119171,19.979274611398964,matched
2025,2,11292,14107,primary,15178.0,4776,2429145.19,499618121.67270005,160.04382593227038,7303.230446707617,False,2206.0,27.0,1.0,0.0,2178.0,0.0,694.0,252.0,33524.0,3.0,0.012239347234814143,0.00045330915684496827,0.3186409550045914,0.11570247933884298,15.392102846648301,matched
2025,2,11292,14635,primary,1735.0,953,534520.0,206504531.9706,308.0806916426513,24109.072434449597,False,239.0,0.0,0.0,0.0,239.0,0.0,71.0,17.0,3417.0,3.0,0.0,0.0,0.29707112970711297,0.07112970711297072,14.297071129707113,matched
2025,2,11292,14679,primary,8732.0,2745,1527396.03,347103889.8693,174.9193804397618,9153.999383365572,False,1350.0,8.0,0.0,0.0,1342.0,0.0,378.0,122.0,15302.0,3.0,0.005925925925925926,0.0,0.2816691505216095,0.09090909090909091,11.402384500745157,matched
2025,2,11292,14747,primary,11048.0,3829,2172292.34,514461825.26820004,196.6231299782766,7905.404249598607,False,1689.0,11.0,1.0,0.0,1677.0,0.0,532.0,197.0,29153.0,3.0,0.006512729425695678,0.0005920663114268798,0.31723315444245676,0.1174716756112105,17.384019081693502,matched
2025,2,11292,14771,primary,9429.0,3326,1964114.56,547755406.0386001,208.3057121645986,14701.360042946537,False,1422.0,7.0,0.0,0.0,1415.0,0.0,404.0,158.0,17783.0,3.0,0.004922644163150493,0.0,0.2855123674911661,0.111660777385159,12.567491166077739,matched
2025,2,11292,14869,primary,7725.0,3259,1208946.78,248271308.8148,156.4979650485437,7647.06768838971,False,1943.0,6.0,2.0,0.0,1935.0,0.0,533.0,214.0,27856.0,3.0,0.003088008234688626,0.001029336078229542,0.27545219638242896,0.11059431524547804,14.395865633074935,matched
2025,2,11292,15016,primary,4835.0,2366,963263.1,240894211.2862,199.22711478800414,10131.558033392197,False,967.0,6.0,1.0,0.0,960.0,0.0,258.0,114.0,13747.0,3.0,0.0062047569803516025,0.001034126163391934,0.26875,0.11875,14.319791666666667,matched
2025,2,11292,15304,primary,6071.0,2672,1356772.3399999999,404429883.48899996,223.48416076428921,16671.513051539965,False,769.0,1.0,1.0,0.0,767.0,0.0,254.0,89.0,12489.0,3.0,0.0013003901170351106,0.0013003901170351106,0.33116036505867014,0.11603650586701435,16.282920469361148,matched
2025,2,11298,10397,primary,12510.0,4089,2496255.65,754278275.8625,199.54081934452438,20477.488262837862,False,1686.0,42.0,10.0,0.0,1634.0,0.0,548.0,251.0,40869.0,3.0,0.02491103202846975,0.005931198102016607,0.3353733170134639,0.1536107711138311,25.011627906976745,matched
2025,2,11298,10721,primary,9566.0,3405,2422473.83,835431175.0745,253.23790821660046,23203.948322793585,False,1052.0,20.0,5.0,0.0,1027.0,0.0,353.0,143.0,19583.0,3.0,0.019011406844106463,0.004752851711026616,0.34371957156767285,0.13924050632911392,19.06815968841285,matched
2025,2,11298,10821,primary,3672.0,1621,656705.7,179075806.379,178.84142156862742,16783.667058491134,False,404.0,11.0,2.0,0.0,391.0,0.0,161.0,61.0,8523.0,3.0,0.027227722772277228,0.0049504950495049506,0.4117647058823529,0.15601023017902813,21.797953964194374,matched
2025,2,11298,11278,primary,5274.0,1831,1514535.5999999999,556665498.0575999,287.1701934015927,23082.29368449046,False,883.0,34.0,7.0,0.0,842.0,0.0,256.0,99.0,13157.0,3.0,0.03850509626274066,0.007927519818799546,0.30403800475059384,0.11757719714964371,15.625890736342043,matched
2025,2,11298,11292,primary,10037.0,2965,1787733.07,419690760.2143,178.11428414865,10089.664660992486,False,1582.0,35.0,10.0,0.0,1537.0,0.0,612.0,268.0,42015.0,3.0,0.022123893805309734,0.006321112515802781,0.39817826935588807,0.17436564736499674,27.335718932986335,matched
2025,2,11298,11433,primary,7516.0,2900,1619571.38,539258967.4724001,215.48315327301754,25315.143634814733,False,1036.0,20.0,0.0,0.0,1016.0,0.0,281.0,117.0,15897.0,3.0,0.019305019305019305,0.0,0.2765748031496063,0.11515748031496063,15.646653543307087,matched
2025,2,11298,11618,primary,7857.0,3019,1897140.14,679589121.5067999,241.45858979254166,28192.482965963463,False,782.0,29.0,13.0,0.0,740.0,0.0,304.0,169.0,28036.0,3.0,0.0370843989769821,0.016624040920716114,0.41081081081081083,0.22837837837837838,37.88648648648649,matched
2025,2,11298,11697,primary,5872.0,1984,1154926.01,339665888.08570004,196.68358480926432,19160.575655558547,False,745.0,23.0,2.0,0.0,720.0,0.0,228.0,92.0,11269.0,3.0,0.03087248322147651,0.0026845637583892616,0.31666666666666665,0.12777777777777777,15.651388888888889,matched
2025,2,11298,12173,primary,907.0,645,552763.5,423213050.51100004,609.441565600882,95188.53105179378,False,125.0,0.0,1.0,0.0,124.0,0.0,51.0,30.0,5117.0,3.0,0.0,0.008,0.4112903225806452,0.24193548387096775,41.266129032258064,matched
2025,2,11298,12266,primary,3732.0,2051,792709.61,188148904.6083,212.40879153269023,5297.538668770052,False,1457.0,57.0,6.0,0.0,1394.0,0.0,503.0,242.0,38508.0,3.0,0.03912148249828414,0.004118050789293068,0.36083213773314204,0.17360114777618366,27.62410329985653,matched
2025,2,11298,12478,primary,2889.0,1520,661503.5,232650085.6494,228.97317410868814,28100.910200897684,False,562.0,5.0,3.0,0.0,554.0,0.0,145.0,72.0,6809.0,3.0,0.008896797153024912,0.005338078291814947,0.26173285198555957,0.1299638989169675,12.290613718411553,matched
2025,2,11298,12889,primary,10968.0,2774,1991913.35,604254803.8225,181.61135576221736,22109.839512047758,False,1525.0,49.0,2.0,0.0,1474.0,0.0,512.0,204.0,27535.0,3.0,0.032131147540983604,0.0013114754098360656,0.3473541383989145,0.1383989145183175,18.68046132971506,matched
2025,2,11298,12892,primary,14497.0,3564,2789034.9,916884805.4774,192.38703869766158,26233.747688623247,False,1707.0,23.0,0.0,0.0,1684.0,0.0,537.0,193.0,22934.0,3.0,0.013473930872876391,0.0,0.3188836104513064,0.11460807600950118,13.618764845605702,matched
2025,2,11298,12953,primary,15245.0,4441,3797628.04,1545899281.474,249.10646375860938,39349.66151256551,False,1749.0,48.0,13.0,0.0,1688.0,0.0,585.0,260.0,33027.0,3.0,0.0274442538593482,0.007432818753573471,0.346563981042654,0.15402843601895735,19.56575829383886,matched
2025,2,11298,13204,primary,11333.0,2910,2211672.4,622582045.2268,195.15330450895613,16850.51335705869,False,1222.0,24.0,6.0,0.0,1192.0,0.0,498.0,212.0,33993.0,3.0,0.019639934533551555,0.004909983633387889,0.41778523489932884,0.17785234899328858,28.517617449664428,matched
2025,2,11298,13232,primary,1007.0,384,102001.01,12827330.6901,101.29196623634557,2478.101121258047,False,72.0,1.0,0.0,0.0,71.0,0.0,21.0,13.0,2116.0,3.0,0.013888888888888888,0.0,0.29577464788732394,0.18309859154929578,29.802816901408452,matched
2025,2,11298,13303,primary,6363.0,2205,1491943.0,508430721.9132,234.47163287757348,24927.30010104266,False,1166.0,17.0,4.0,0.0,1145.0,0.0,383.0,166.0,21015.0,3.0,0.014579759862778732,0.003430531732418525,0.33449781659388644,0.14497816593886462,18.353711790393014,matched
2025,2,11298,13487,primary,6493.0,2330,1501852.3699999999,453405362.9881,231.30330663791773,16328.652968597955,False,816.0,19.0,4.0,0.0,793.0,0.0,238.0,103.0,15274.0,3.0,0.023284313725490197,0.004901960784313725,0.30012610340479196,0.12988650693568726,19.261034047919292,matched
2025,2,11298,13930,primary,13496.0,3845,2867852.6,811640166.202,212.49648784825135,14984.555500557493,False,1710.0,34.0,4.0,0.0,1672.0,0.0,543.0,233.0,33062.0,3.0,0.019883040935672516,0.0023391812865497076,0.32476076555023925,0.13935406698564592,19.773923444976077,matched
2025,2,11298,14100,primary,6863.0,2491,1957368.45,746008963.8057,285.2059522074894,27357.69068957487,False,846.0,28.0,2.0,0.0,816.0,0.0,259.0,104.0,14865.0,3.0,0.03309692671394799,0.002364066193853428,0.3174019607843137,0.12745098039215685,18.216911764705884,matched
2025,2,11298,14107,primary,8209.0,2338,1740132.25,532781242.65569997,211.97859057132416,19967.165415153228,False,1379.0,26.0,0.0,0.0,1353.0,0.0,464.0,183.0,25659.0,3.0,0.01885424220449601,0.0,0.3429416112342942,0.1352549889135255,18.964523281596453,matched
2025,2,11298,14635,primary,1596.0,618,467698.16,171555520.39479998,293.0439598997494,21616.16513193822,False,356.0,11.0,2.0,0.0,343.0,0.0,156.0,65.0,11279.0,3.0,0.03089887640449438,0.0056179775280898875,0.45481049562682213,0.18950437317784258,32.883381924198254,matched
2025,2,11298,14679,primary,5184.0,1741,1241611.92,408092126.0878,239.5084722222222,21357.166673553256,False,917.0,29.0,2.0,0.0,886.0,0.0,353.0,133.0,21241.0,3.0,0.03162486368593239,0.0021810250817884407,0.3984198645598194,0.15011286681715574,23.974040632054177,matched
2025,2,11298,14747,primary,9803.0,3474,2365253.22,736804649.3468,241.27850861981028,16945.820658675497,False,1387.0,24.0,0.0,0.0,1363.0,0.0,453.0,152.0,20585.0,3.0,0.017303532804614274,0.0,0.33235509904622157,0.11151870873074102,15.102714600146735,matched
2025,2,11298,14771,primary,7918.0,2820,1985433.7,679217123.9454,250.74939378630967,22906.1413573491,False,1073.0,21.0,1.0,0.0,1051.0,0.0,370.0,139.0,19801.0,3.0,0.0195712954333644,0.0009319664492078285,0.3520456707897241,0.13225499524262607,18.840152235965746,matched
2025,2,11298,14869,primary,4927.0,2060,1160542.46,346806565.71860003,235.5474852851634,14906.374609081133,False,954.0,19.0,2.0,0.0,933.0,0.0,292.0,116.0,17507.0,3.0,0.019916142557651992,0.0020964360587002098,0.3129689174705252,0.12433011789924973,18.764201500535904,matched
2025,2,11298,15016,primary,2192.0,1399,537814.2,159756014.2222,245.35319343065692,12683.203822922449,False,613.0,21.0,1.0,0.0,591.0,0.0,193.0,71.0,9703.0,3.0,0.03425774877650897,0.0016313213703099511,0.32656514382402707,0.12013536379018612,16.41793570219966,matched
2025,2,11298,15304,primary,5281.0,1918,1071813.2,303184846.76259995,202.95648551410716,16219.164280055127,False,742.0,25.0,1.0,0.0,716.0,0.0,261.0,122.0,17641.0,3.0,0.03369272237196765,0.0013477088948787063,0.3645251396648045,0.17039106145251395,24.63826815642458,matched
2025,2,11433,10397,primary,9959.0,2294,1569064.02,420844374.5148,157.5523667034843,17434.94574299797,False,1294.0,13.0,3.0,0.0,1278.0,0.0,291.0,103.0,10299.0,3.0,0.010046367851622875,0.00231839258114374,0.22769953051643194,0.08059467918622848,8.05868544600939,matched
2025,2,11433,10721,primary,6003.0,2011,1283747.7,377722975.6166,213.85102448775612,17190.10741092777,False,739.0,6.0,1.0,0.0,732.0,0.0,191.0,80.0,8250.0,3.0,0.008119079837618403,0.0013531799729364006,0.2609289617486339,0.1092896174863388,11.270491803278688,matched
2025,2,11433,10821,primary,3142.0,1467,542738.43,122657325.5869,172.73661043921072,9200.04100369228,False,587.0,2.0,0.0,0.0,585.0,0.0,101.0,33.0,2557.0,3.0,0.0034071550255536627,0.0,0.17264957264957265,0.05641025641025641,4.3709401709401705,matched
2025,2,11433,11278,primary,3811.0,1402,826249.8,219507761.2168,216.8065599580163,10593.383472264766,False,688.0,17.0,3.0,0.0,668.0,0.0,192.0,74.0,10410.0,3.0,0.024709302325581394,0.00436046511627907,0.2874251497005988,0.11077844311377245,15.583832335329342,matched
2025,2,11433,11292,primary,5745.0,2321,1203251.89,337637500.4407,209.44332288946907,14904.164721682522,False,772.0,0.0,6.0,0.0,766.0,0.0,217.0,83.0,11261.0,3.0,0.0,0.007772020725388601,0.283289817232376,0.10835509138381201,14.701044386422977,matched
2025,2,11433,11298,primary,7430.0,2856,1625554.6300000001,562668727.3305,218.78258815612384,27863.482932695784,False,1036.0,21.0,9.0,0.0,1006.0,0.0,313.0,108.0,18077.0,3.0,0.02027027027027027,0.008687258687258687,0.3111332007952286,0.1073558648111332,17.969184890656063,matched
2025,2,11433,11618,primary,4203.0,2296,779470.61,197797474.8243,185.4557720675708,12667.178454144567,False,645.0,22.0,1.0,0.0,622.0,0.0,227.0,131.0,22196.0,3.0,0.034108527131782945,0.0015503875968992248,0.364951768488746,0.21061093247588425,35.68488745980707,matched
2025,2,11433,11697,primary,7545.0,1948,1294683.1,344426834.1808,171.59484426772698,16204.889232636448,False,701.0,1.0,2.0,0.0,698.0,0.0,140.0,40.0,2479.0,3.0,0.0014265335235378032,0.0028530670470756064,0.20057306590257878,0.05730659025787966,3.5515759312320916,matched
2025,2,11433,12173,primary,447.0,299,337339.44,323173082.7032,754.6743624161074,153448.89463846362,False,91.0,0.0,2.0,0.0,89.0,0.0,9.0,5.0,38.0,3.0,0.0,0.02197802197802198,0.10112359550561797,0.056179775280898875,0.42696629213483145,matched
2025,2,11433,12266,primary,5218.0,2289,1047006.8700000001,300411424.4839,200.65290724415487,17310.550424261608,False,529.0,5.0,2.0,0.0,522.0,0.0,138.0,45.0,6088.0,3.0,0.00945179584120983,0.003780718336483932,0.26436781609195403,0.08620689655172414,11.662835249042146,matched
2025,2,11433,12478,primary,1646.0,1123,355595.72,99699606.0396,216.03628189550423,13899.16697013683,False,228.0,2.0,0.0,0.0,226.0,0.0,63.0,29.0,4745.0,3.0,0.008771929824561403,0.0,0.27876106194690264,0.12831858407079647,20.995575221238937,matched
2025,2,11433,12889,primary,7702.0,2318,1810570.35,674741875.9195,235.07794728641912,32344.418933244167,False,857.0,2.0,2.0,0.0,853.0,0.0,140.0,44.0,560.0,3.0,0.002333722287047841,0.002333722287047841,0.16412661195779601,0.05158264947245018,0.6565064478311841,matched
2025,2,11433,12892,primary,6116.0,2012,1832186.92,847545620.0204,299.57274689339437,48834.58985838003,False,710.0,3.0,2.0,0.0,705.0,0.0,124.0,49.0,1490.0,3.0,0.004225352112676056,0.0028169014084507044,0.17588652482269504,0.06950354609929078,2.1134751773049647,matched
2025,2,11433,12953,primary,8892.0,3150,1665595.47,433825670.59989995,187.31393049932524,13701.80347417105,False,885.0,10.0,0.0,0.0,875.0,0.0,228.0,97.0,11224.0,3.0,0.011299435028248588,0.0,0.26057142857142856,0.11085714285714286,12.827428571428571,matched
2025,2,11433,13204,primary,12034.0,2429,2106573.15,541895566.1573,175.05178244972578,14387.251237249991,False,957.0,3.0,6.0,0.0,948.0,0.0,209.0,73.0,6819.0,3.0,0.003134796238244514,0.006269592476489028,0.22046413502109705,0.0770042194092827,7.193037974683544,matched
2025,2,11433,13232,primary,950.0,622,167670.71,37247233.389299996,176.4954842105263,8056.958147291854,False,508.0,2.0,0.0,0.0,506.0,0.0,84.0,28.0,2733.0,3.0,0.003937007874015748,0.0,0.16600790513833993,0.05533596837944664,5.401185770750988,matched
2025,2,11433,13303,primary,3784.0,1586,757879.9,218390535.93099996,200.28538583509516,17599.96504831835,False,429.0,1.0,2.0,0.0,426.0,0.0,86.0,27.0,3708.0,3.0,0.002331002331002331,0.004662004662004662,0.20187793427230047,0.06338028169014084,8.704225352112676,matched
2025,2,11433,13487,primary,3850.0,1114,816424.12,242015825.6888,212.05821298701298,17892.56773041698,False,540.0,1.0,0.0,0.0,539.0,0.0,118.0,34.0,3444.0,3.0,0.001851851851851852,0.0,0.2189239332096475,0.06307977736549165,6.3896103896103895,matched
2025,2,11433,13930,primary,3603.0,2193,725897.49,171637364.9323,201.47029975020817,7047.066343068625,False,1589.0,17.0,1.0,0.0,1571.0,0.0,315.0,108.0,10415.0,3.0,0.010698552548772814,0.0006293266205160479,0.2005092297899427,0.06874602164226608,6.6295353278166775,matched
2025,2,11433,14100,primary,3642.0,2064,845665.24,255071041.6354,232.1980340472268,16120.053664284402,False,712.0,9.0,0.0,0.0,703.0,0.0,147.0,59.0,4309.0,3.0,0.012640449438202247,0.0,0.20910384068278806,0.08392603129445235,6.129445234708393,matched
2025,2,11433,14107,primary,5756.0,2462,1472102.78,558199112.5628,255.7510041695622,31568.337098157725,False,634.0,2.0,1.0,0.0,631.0,0.0,125.0,38.0,3529.0,3.0,0.0031545741324921135,0.0015772870662460567,0.19809825673534073,0.060221870047543584,5.5927099841521395,matched
2025,2,11433,14635,primary,4590.0,1290,933143.78,290065554.16459996,203.29929847494554,21864.50507937713,False,437.0,2.0,2.0,0.0,433.0,0.0,84.0,34.0,2253.0,3.0,0.004576659038901602,0.004576659038901602,0.19399538106235567,0.07852193995381063,5.203233256351039,matched
2025,2,11433,14679,primary,2329.0,767,821886.9,364897008.19140005,352.89261485616146,32142.20306327846,False,335.0,1.0,1.0,0.0,333.0,0.0,72.0,20.0,1617.0,3.0,0.0029850746268656717,0.0029850746268656717,0.21621621621621623,0.06006006006006006,4.8558558558558556,matched
2025,2,11433,14747,primary,3494.0,1427,1079386.06,414061831.9836,308.92560389238696,23071.50588582593,False,562.0,1.0,0.0,0.0,561.0,0.0,84.0,21.0,-846.0,3.0,0.0017793594306049821,0.0,0.1497326203208556,0.0374331550802139,-1.5080213903743316,matched
2025,2,11433,14771,primary,3894.0,1691,1506173.53,727164776.9241,386.7934078068824,37130.658579064824,False,501.0,3.0,3.0,0.0,495.0,0.0,68.0,21.0,-619.0,3.0,0.005988023952095809,0.005988023952095809,0.13737373737373737,0.04242424242424243,-1.2505050505050506,matched
2025,2,11433,14869,primary,1457.0,716,559539.96,249161909.45659998,384.03566231983524,23526.843049818737,False,395.0,0.0,1.0,0.0,394.0,0.0,62.0,12.0,128.0,3.0,0.0,0.002531645569620253,0.15736040609137056,0.030456852791878174,0.3248730964467005,matched
2025,2,11433,15016,primary,1771.0,1058,401705.88,110562625.129,226.8243252399774,10980.214541540743,False,460.0,2.0,1.0,0.0,457.0,0.0,80.0,27.0,1722.0,3.0,0.004347826086956522,0.002173913043478261,0.175054704595186,0.05908096280087528,3.7680525164113785,matched
2025,2,11433,15304,primary,6562.0,1709,1160475.5999999999,297076700.41120005,176.84785126485826,13997.117358412514,False,590.0,3.0,0.0,0.0,587.0,0.0,119.0,43.0,4831.0,3.0,0.005084745762711864,0.0,0.20272572402044292,0.07325383304940375,8.229982964224872,matched
2025,2,11618,10397,primary,12234.0,3646,2256742.16,556116565.41,184.46478339055093,11429.386275729601,False,1434.0,37.0,7.0,0.0,1390.0,0.0,543.0,265.0,48344.0,3.0,0.02580195258019526,0.0048814504881450485,0.3906474820143885,0.1906474820143885,34.77985611510791,matched
2025,2,11618,10721,primary,4352.0,1665,887076.7300000001,212296738.6969,203.83196920955885,7233.948065492608,False,845.0,31.0,0.0,0.0,814.0,0.0,267.0,150.0,19552.0,3.0,0.036686390532544376,0.0,0.32800982800982803,0.18427518427518427,24.01965601965602,matched
2025,2,11618,11278,primary,1231.0,850,243674.94999999998,59712297.4035,197.94878147847277,9323.42646155339,False,125.0,10.0,0.0,0.0,115.0,0.0,23.0,10.0,-217.0,3.0,0.08,0.0,0.2,0.08695652173913043,-1.8869565217391304,matched
2025,2,11618,11292,primary,5016.0,1900,1502418.21,608003525.2393,299.52516148325356,31497.501649455604,False,708.0,8.0,4.0,0.0,696.0,0.0,197.0,94.0,9803.0,3.0,0.011299435028248588,0.005649717514124294,0.28304597701149425,0.13505747126436782,14.084770114942529,matched
2025,2,11618,11298,primary,7781.0,3005,1847765.35,658064486.2294999,237.47144968513047,28180.56418031711,False,780.0,27.0,7.0,0.0,746.0,0.0,230.0,109.0,13017.0,3.0,0.03461538461538462,0.008974358974358974,0.30831099195710454,0.14611260053619302,17.449061662198392,matched
2025,2,11618,11433,primary,4124.0,2244,763737.3099999999,193510446.7179,185.19333414161008,12626.42770869437,False,644.0,21.0,0.0,0.0,623.0,0.0,177.0,94.0,14482.0,3.0,0.03260869565217391,0.0,0.2841091492776886,0.1508828250401284,23.245585874799357,matched
2025,2,11618,11697,primary,12558.0,3478,2314357.04,645592634.1504,184.29344163083294,17444.80093058232,False,1053.0,25.0,3.0,0.0,1025.0,0.0,301.0,144.0,16490.0,3.0,0.023741690408357077,0.002849002849002849,0.29365853658536584,0.1404878048780488,16.08780487804878,matched
2025,2,11618,12173,primary,188.0,161,138939.11,137189938.8425,739.0378191489361,183556.81911492487,False,17.0,0.0,0.0,0.0,17.0,0.0,5.0,2.0,282.0,1.0,0.0,0.0,0.29411764705882354,0.11764705882352941,16.58823529411765,matched
2025,2,11618,12266,primary,6518.0,2445,1602043.94,553421206.206,245.7876557226143,24495.026362193843,False,787.0,7.0,5.0,0.0,775.0,0.0,231.0,105.0,11338.0,3.0,0.008894536213468869,0.0063532401524777635,0.29806451612903223,0.13548387096774195,14.629677419354838,matched
2025,2,11618,12889,primary,8258.0,2715,2511843.91,1254431699.5057,304.17097481230326,59385.043451762234,False,714.0,7.0,0.0,0.0,707.0,0.0,188.0,92.0,7689.0,3.0,0.00980392156862745,0.0,0.26591230551626593,0.13012729844413012,10.875530410183876,matched
2025,2,11618,12892,primary,18067.0,5080,5791028.660000001,3403251600.7036004,320.53072784634975,85628.43689238548,False,1337.0,22.0,2.0,0.0,1313.0,0.0,400.0,159.0,18897.0,3.0,0.016454749439042633,0.0014958863126402393,0.30464584920030463,0.1210967250571211,14.392231530845391,matched
2025,2,11618,13204,primary,18633.0,3933,3450862.24,899804401.54,185.2016443943541,13991.254232470113,False,1515.0,31.0,7.0,0.0,1477.0,0.0,436.0,203.0,23065.0,3.0,0.02046204620462046,0.0046204620462046205,0.29519295870006773,0.13744075829383887,15.616113744075829,matched
2025,2,11618,13303,primary,9584.0,3238,2016630.8,623902070.831,210.41640233722873,20823.233832695376,False,899.0,22.0,4.0,0.0,873.0,0.0,248.0,122.0,17542.0,3.0,0.024471635150166853,0.004449388209121246,0.284077892325315,0.13974799541809851,20.09392898052692,matched
2025,2,11618,13487,primary,3970.0,1960,920796.53,271459585.4287,231.93867254408062,14582.181505618202,False,490.0,11.0,0.0,0.0,479.0,0.0,166.0,95.0,15334.0,3.0,0.022448979591836733,0.0,0.3465553235908142,0.19832985386221294,32.012526096033405,matched
2025,2,11618,13930,primary,12104.0,4215,2672492.77,761352337.0570999,220.7941812623926,14150.816587515379,False,1488.0,48.0,2.0,0.0,1438.0,0.0,430.0,197.0,24679.0,3.0,0.03225806451612903,0.0013440860215053765,0.29902642559109877,0.13699582753824757,17.16203059805285,matched
2025,2,11618,14107,primary,6304.0,2592,1988083.7899999998,934483180.5081,315.36862151015225,48779.17769814738,False,604.0,11.0,1.0,0.0,592.0,0.0,166.0,79.0,6911.0,3.0,0.018211920529801324,0.0016556291390728477,0.28040540540540543,0.13344594594594594,11.673986486486486,matched
2025,2,11618,14635,primary,5485.0,2102,1221943.91,392413211.2525,222.77919963536917,21912.402002440547,False,499.0,6.0,1.0,0.0,492.0,0.0,113.0,48.0,4542.0,3.0,0.012024048096192385,0.002004008016032064,0.22967479674796748,0.0975609756097561,9.231707317073171,matched
2025,2,11618,14679,primary,4169.0,1959,1408783.96,695268180.966,337.918915807148,52581.77802741653,False,391.0,6.0,0.0,0.0,385.0,0.0,104.0,55.0,6074.0,3.0,0.015345268542199489,0.0,0.2701298701298701,0.14285714285714285,15.776623376623377,matched
2025,2,11618,14747,primary,5201.0,2491,1709777.1099999999,770624067.6352999,328.74007114016536,40098.40777928737,False,431.0,5.0,0.0,0.0,426.0,0.0,151.0,74.0,12171.0,3.0,0.01160092807424594,0.0,0.3544600938967136,0.17370892018779344,28.570422535211268,matched
2025,2,11618,14771,primary,16174.0,4984,5961983.8100000005,3580204479.8605003,368.615296772598,85478.30149523466,False,1202.0,28.0,3.0,0.0,1171.0,0.0,311.0,160.0,14399.0,3.0,0.02329450915141431,0.0024958402662229617,0.2655849701110162,0.13663535439795046,12.296327924850555,matched
2025,2,11618,14869,primary,2618.0,1348,808552.0900000001,324604453.3125,308.8434262796028,28605.2160089252,False,273.0,2.0,0.0,0.0,271.0,0.0,100.0,40.0,7216.0,3.0,0.007326007326007326,0.0,0.36900369003690037,0.14760147601476015,26.627306273062732,matched
2025,2,11618,15016,primary,1116.0,913,283263.9,84480544.2334,253.8206989247312,11274.46519288067,False,192.0,15.0,1.0,0.0,176.0,0.0,48.0,27.0,1787.0,3.0,0.078125,0.005208333333333333,0.2727272727272727,0.1534090909090909,10.153409090909092,matched
2025,2,11618,15304,primary,7623.0,2259,1483940.9100000001,395516932.7625,194.66626131444315,13989.728952019861,False,645.0,11.0,2.0,0.0,632.0,0.0,196.0,90.0,10452.0,3.0,0.017054263565891473,0.0031007751937984496,0.310126582278481,0.14240506329113925,16.537974683544302,matched
2025,2,11697,10397,primary,13560.0,2630,1946368.72,420630040.5108,143.53751622418878,10416.895928137648,False,1587.0,19.0,11.0,0.0,1557.0,0.0,431.0,184.0,24650.0,3.0,0.011972274732199117,0.006931316950220542,0.27681438664097624,0.11817597944765575,15.831727681438664,matched
2025,2,11697,10721,primary,9816.0,2542,1756776.2,464008553.523,178.9706805215974,15240.130550616763,False,840.0,4.0,1.0,0.0,835.0,0.0,243.0,99.0,10304.0,3.0,0.004761904761904762,0.0011904761904761906,0.29101796407185626,0.118562874251497,12.340119760479041,matched
2025,2,11697,10821,primary,6270.0,1961,991599.44,228811338.7718,158.14983094098883,11481.667460067118,False,836.0,5.0,0.0,0.0,831.0,0.0,197.0,77.0,9345.0,3.0,0.005980861244019139,0.0,0.23706377858002406,0.09265944645006016,11.245487364620939,matched
2025,2,11697,11278,primary,5637.0,1788,941969.6699999999,205129543.0387,167.10478445981903,8465.833664300724,False,558.0,1.0,5.0,0.0,552.0,0.0,149.0,65.0,7655.0,3.0,0.0017921146953405018,0.008960573476702509,0.26992753623188404,0.11775362318840579,13.867753623188406,matched
2025,2,11697,11292,primary,2476.0,1366,744133.35,294646767.2737,300.5385096930533,28677.721830291106,False,366.0,2.0,3.0,0.0,361.0,0.0,72.0,24.0,1376.0,3.0,0.00546448087431694,0.00819672131147541,0.1994459833795014,0.0664819944598338,3.811634349030471,matched
2025,2,11697,11298,primary,5768.0,1928,1127857.8,335829213.1424,195.5370665742025,19988.073408038566,False,744.0,24.0,4.0,0.0,716.0,0.0,206.0,94.0,9066.0,3.0,0.03225806451612903,0.005376344086021506,0.2877094972067039,0.13128491620111732,12.662011173184357,matched
2025,2,11697,11433,primary,7606.0,1895,1337689.7500000002,368646844.9137,175.87296213515648,17536.600862919142,False,704.0,4.0,1.0,0.0,699.0,0.0,146.0,59.0,5292.0,3.0,0.005681818181818182,0.0014204545454545455,0.2088698140200286,0.0844062947067239,7.570815450643777,matched
2025,2,11697,11618,primary,12711.0,3604,2380702.67,682154827.2587,187.2946794115333,18587.198796858524,False,1051.0,19.0,15.0,0.0,1017.0,0.0,357.0,207.0,29258.0,3.0,0.01807802093244529,0.014272121788772598,0.35103244837758113,0.20353982300884957,28.768928220255653,matched
2025,2,11697,12266,primary,4971.0,1600,789145.65,207788126.2299,158.74987929993966,16598.541448868953,False,657.0,1.0,3.0,0.0,653.0,0.0,127.0,57.0,2922.0,3.0,0.0015220700152207,0.0045662100456621,0.19448698315467075,0.08728943338437979,4.474732006125574,matched
2025,2,11697,12478,primary,10975.0,2477,2202478.21,637300380.7215,200.68138587699318,17795.353182216022,False,966.0,11.0,2.0,0.0,953.0,0.0,253.0,115.0,12244.0,3.0,0.011387163561076604,0.002070393374741201,0.2654774396642183,0.12067156348373557,12.84784889821616,matched
2025,2,11697,12889,primary,2526.0,1117,553147.89,269160076.17329997,218.9817458432304,58602.84462058622,False,232.0,0.0,0.0,0.0,232.0,0.0,45.0,16.0,150.0,3.0,0.0,0.0,0.1939655172413793,0.06896551724137931,0.646551724137931,matched
2025,2,11697,12892,primary,6709.0,1791,2105518.39,1298655726.2315,313.8349068415561,95076.8457970885,False,500.0,1.0,0.0,0.0,499.0,0.0,82.0,36.0,-728.0,3.0,0.002,0.0,0.16432865731462926,0.07214428857715431,-1.4589178356713426,matched
2025,2,11697,12953,primary,12943.0,3688,2473096.7399999998,717851431.961,191.0760055628525,18952.482848743544,False,947.0,14.0,6.0,0.0,927.0,0.0,244.0,113.0,10602.0,3.0,0.014783526927138331,0.006335797254487857,0.2632146709816613,0.12189859762675297,11.436893203883495,matched
2025,2,11697,13204,primary,790.0,291,58794.04,6403336.0558,74.42283544303798,2566.730242846337,False,272.0,0.0,1.0,0.0,271.0,0.0,47.0,22.0,924.0,3.0,0.0,0.003676470588235294,0.17343173431734318,0.08118081180811808,3.4095940959409594,matched
2025,2,11697,13232,primary,2465.0,1238,496277.32,125614859.3202,201.3295415821501,10425.790664090047,False,296.0,2.0,1.0,0.0,293.0,0.0,60.0,24.0,1413.0,3.0,0.006756756756756757,0.0033783783783783786,0.20477815699658702,0.08191126279863481,4.822525597269625,matched
2025,2,11697,13487,primary,2206.0,881,527679.8300000001,177005475.13729998,239.20209882139622,23020.55861087145,False,175.0,0.0,1.0,0.0,174.0,0.0,30.0,16.0,1351.0,3.0,0.0,0.005714285714285714,0.1724137931034483,0.09195402298850575,7.764367816091954,matched
2025,2,11697,13930,primary,7826.0,2586,1513692.1600000001,442835645.30859995,193.41836953743933,19174.51772805969,False,689.0,3.0,3.0,0.0,683.0,0.0,146.0,49.0,4167.0,3.0,0.0043541364296081275,0.0043541364296081275,0.21376281112737922,0.07174231332357248,6.101024890190336,matched
2025,2,11697,14100,primary,7967.0,2193,1359859.74,365481871.0088,170.68654951675663,16740.56786261406,False,664.0,5.0,1.0,0.0,658.0,0.0,145.0,69.0,11406.0,3.0,0.007530120481927711,0.0015060240963855422,0.22036474164133737,0.10486322188449848,17.33434650455927,matched
2025,2,11697,14107,primary,477.0,217,93582.72,22410240.5372,196.1901886792453,8491.046212333371,False,29.0,0.0,0.0,0.0,29.0,0.0,3.0,1.0,215.0,1.0,0.0,0.0,0.10344827586206896,0.034482758620689655,7.413793103448276,matched
2025,2,11697,14679,primary,383.0,215,109464.59000000001,53638543.940699995,285.80832898172326,58362.016684413946,False,40.0,0.0,0.0,0.0,40.0,0.0,5.0,2.0,-511.0,2.0,0.0,0.0,0.125,0.05,-12.775,matched
2025,2,11697,14747,primary,2227.0,929,673172.27,298539000.48109996,302.27762460709476,42682.57106157795,False,216.0,1.0,0.0,0.0,215.0,0.0,62.0,9.0,1385.0,3.0,0.004629629629629629,0.0,0.28837209302325584,0.04186046511627907,6.441860465116279,matched
2025,2,11697,14771,primary,3148.0,1396,945158.26,575134142.4607999,300.2408703939009,92553.68609225385,False,289.0,1.0,0.0,0.0,288.0,0.0,48.0,17.0,-719.0,3.0,0.0034602076124567475,0.0,0.16666666666666666,0.059027777777777776,-2.4965277777777777,matched
2025,2,11697,14869,primary,825.0,402,257471.46,114477049.0784,312.08661818181815,41362.002240805756,False,91.0,0.0,0.0,0.0,91.0,0.0,10.0,4.0,-224.0,3.0,0.0,0.0,0.10989010989010989,0.04395604395604396,-2.4615384615384617,matched
2025,2,11697,15016,primary,1481.0,753,318214.32,92187551.3504,214.8644969615125,16080.075325894832,False,204.0,1.0,0.0,0.0,203.0,0.0,38.0,14.0,604.0,3.0,0.004901960784313725,0.0,0.18719211822660098,0.06896551724137931,2.9753694581280787,matched
2025,2,11697,15304,primary,2653.0,759,250999.8,34777728.2146,94.60980022615907,4157.816539688698,False,270.0,1.0,1.0,0.0,268.0,0.0,48.0,20.0,1564.0,3.0,0.003703703703703704,0.003703703703703704,0.1791044776119403,0.07462686567164178,5.835820895522388,matched
2025,2,12173,10397,primary,546.0,370,452786.36,481273576.5306,829.2790476190476,193749.69804927625,False,91.0,1.0,0.0,0.0,90.0,0.0,26.0,6.0,742.0,3.0,0.01098901098901099,0.0,0.28888888888888886,0.06666666666666667,8.244444444444444,matched
2025,2,12173,10721,primary,1112.0,741,528137.98,311544582.1466,474.94422661870504,54593.97274058894,False,89.0,0.0,1.0,0.0,88.0,0.0,23.0,7.0,257.0,3.0,0.0,0.011235955056179775,0.26136363636363635,0.07954545454545454,2.9204545454545454,matched
2025,2,12173,11292,primary,864.0,506,525288.72,419528192.9012,607.9730555555556,115933.80179853394,False,182.0,0.0,0.0,0.0,182.0,0.0,26.0,2.0,-390.0,3.0,0.0,0.0,0.14285714285714285,0.01098901098901099,-2.142857142857143,matched
2025,2,12173,11298,primary,799.0,545,477474.95999999996,347340369.5434,597.5906883604505,77604.22968976403,False,125.0,0.0,1.0,0.0,124.0,0.0,21.0,13.0,1427.0,3.0,0.0,0.008,0.1693548387096774,0.10483870967741936,11.508064516129032,matched
2025,2,12173,11433,primary,377.0,235,296072.86,292280188.3778,785.3391511936339,158521.431867184,False,91.0,0.0,0.0,0.0,91.0,0.0,19.0,3.0,54.0,3.0,0.0,0.0,0.2087912087912088,0.03296703296703297,0.5934065934065934,matched
2025,2,12173,11618,primary,130.0,114,96224.75,93692120.7199,740.1903846153846,172826.81544523675,False,17.0,0.0,0.0,0.0,17.0,0.0,4.0,3.0,376.0,1.0,0.0,0.0,0.23529411764705882,0.17647058823529413,22.11764705882353,matched
2025,2,12173,12266,primary,670.0,363,410787.72000000003,296530918.63619995,613.1160000000001,66672.23119504453,False,100.0,1.0,0.0,0.0,99.0,0.0,14.0,3.0,-576.0,3.0,0.01,0.0,0.1414141414141414,0.030303030303030304,-5.818181818181818,matched
2025,2,12173,12478,primary,1997.0,1194,1157184.15,890427701.2301,579.4612669003504,110107.31478923134,False,182.0,1.0,0.0,0.0,181.0,0.0,38.0,8.0,-402.0,3.0,0.005494505494505495,0.0,0.20994475138121546,0.04419889502762431,-2.2209944751381214,matched
2025,2,12173,12889,primary,5005.0,1662,1976345.9900000002,978980141.4901,394.87432367632374,39674.696371315775,False,539.0,0.0,0.0,0.0,539.0,0.0,66.0,13.0,-1048.0,3.0,0.0,0.0,0.12244897959183673,0.02411873840445269,-1.9443413729128014,matched
2025,2,12173,12892,primary,16577.0,5362,5060403.7299999995,2218078166.4144998,305.2665578814019,40616.88714889261,False,1400.0,4.0,1.0,0.0,1395.0,0.0,236.0,63.0,4763.0,3.0,0.002857142857142857,0.0007142857142857143,0.16917562724014337,0.04516129032258064,3.414336917562724,matched
2025,2,12173,13487,primary,302.0,192,238742.53999999998,232576137.47039998,790.5382119205298,145168.99599150475,False,91.0,2.0,0.0,0.0,89.0,0.0,12.0,1.0,-640.0,3.0,0.02197802197802198,0.0,0.1348314606741573,0.011235955056179775,-7.191011235955056,matched
2025,2,12173,13796,primary,1992.0,981,653789.03,271969994.7559,328.20734437751,28811.060962074203,False,188.0,0.0,1.0,0.0,187.0,0.0,30.0,7.0,135.0,3.0,0.0,0.005319148936170213,0.16042780748663102,0.0374331550802139,0.7219251336898396,matched
2025,2,12173,13930,primary,826.0,556,586813.99,503972346.7225,710.4285593220338,105427.27508085436,False,97.0,0.0,0.0,0.0,97.0,0.0,7.0,2.0,-795.0,3.0,0.0,0.0,0.07216494845360824,0.020618556701030927,-8.195876288659793,matched
2025,2,12173,14107,primary,2403.0,1335,987117.79,525072460.3501,410.7855971702039,49762.25114757306,False,372.0,1.0,0.0,0.0,371.0,0.0,48.0,14.0,-1008.0,3.0,0.002688172043010753,0.0,0.1293800539083558,0.03773584905660377,-2.7169811320754715,matched
2025,2,12173,14679,primary,3688.0,1965,1264550.78,581968294.7778001,342.88253253796097,40232.08264873811,False,379.0,0.0,2.0,0.0,377.0,0.0,88.0,16.0,2007.0,3.0,0.0,0.005277044854881266,0.23342175066312998,0.042440318302387266,5.323607427055703,matched
2025,2,12173,14747,primary,5313.0,2714,1963249.31,964766696.7241,369.51803312629403,45042.47565525051,False,730.0,5.0,0.0,0.0,725.0,0.0,176.0,23.0,3610.0,3.0,0.00684931506849315,0.0,0.24275862068965517,0.031724137931034485,4.979310344827586,matched
2025,2,12173,14771,primary,7499.0,2607,2534894.62,1169523401.4214,338.0310201360181,41692.27724836592,False,621.0,5.0,0.0,0.0,616.0,0.0,104.0,28.0,844.0,3.0,0.008051529790660225,0.0,0.16883116883116883,0.045454545454545456,1.37012987012987,matched
2025,2,12173,14869,primary,1680.0,999,780354.85,473610644.4947,464.4969345238095,66153.69573149574,False,195.0,1.0,1.0,0.0,193.0,0.0,29.0,10.0,531.0,3.0,0.005128205128205128,0.005128205128205128,0.15025906735751296,0.05181347150259067,2.7512953367875648,matched
2025,2,12173,15016,primary,4.0,4,1400.78,519088.29699999996,350.195,7135.536224999989,True,,,,,,,,,,,,,,,,fare_only
2025,2,12266,10397,primary,9076.0,3225,1514322.44,392942172.9704,166.84910092551783,15456.01976036399,False,1128.0,19.0,5.0,0.0,1104.0,0.0,332.0,136.0,26716.0,3.0,0.016843971631205674,0.004432624113475178,0.3007246376811594,0.12318840579710146,24.19927536231884,matched
2025,2,12266,10721,primary,5575.0,2058,1568642.7699999998,561540395.6795,281.37090044843046,21555.151031870817,False,553.0,7.0,1.0,0.0,545.0,0.0,151.0,75.0,6057.0,3.0,0.012658227848101266,0.0018083182640144665,0.27706422018348625,0.13761467889908258,11.113761467889908,matched
2025,2,12266,10821,primary,3087.0,1478,558726.3699999999,147635117.3761,180.99331713637832,15066.206121876443,False,288.0,1.0,1.0,0.0,286.0,0.0,81.0,39.0,4232.0,3.0,0.003472222222222222,0.003472222222222222,0.28321678321678323,0.13636363636363635,14.797202797202797,matched
2025,2,12266,11278,primary,3561.0,1253,1026362.7500000001,360183504.5119,288.2231816905364,18074.12725028119,False,601.0,6.0,2.0,0.0,593.0,0.0,162.0,67.0,6647.0,3.0,0.009983361064891847,0.0033277870216306157,0.27318718381112983,0.11298482293423272,11.209106239460372,matched
2025,2,12266,11292,primary,6993.0,2098,1509165.43,428272892.0529,215.8108723008723,14668.752203386102,False,1119.0,6.0,5.0,0.0,1108.0,0.0,290.0,137.0,17042.0,3.0,0.005361930294906166,0.004468275245755138,0.26173285198555957,0.12364620938628158,15.38086642599278,matched
2025,2,12266,11298,primary,3720.0,2030,807810.0499999999,197323666.0183,217.1532392473118,5888.46692587826,False,1456.0,57.0,3.0,0.0,1396.0,0.0,453.0,241.0,40608.0,3.0,0.03914835164835165,0.0020604395604395605,0.32449856733524357,0.17263610315186245,29.088825214899714,matched
2025,2,12266,11433,primary,5230.0,2308,1060917.6400000001,313123318.1674,202.8523212237094,18721.55110252778,False,530.0,4.0,2.0,0.0,524.0,0.0,95.0,51.0,6350.0,3.0,0.007547169811320755,0.0037735849056603774,0.18129770992366412,0.09732824427480916,12.118320610687023,matched
2025,2,12266,11618,primary,6537.0,2463,1623129.1,571273267.5234001,248.29877619703228,25738.45776099276,False,790.0,5.0,7.0,0.0,778.0,0.0,280.0,174.0,24845.0,3.0,0.006329113924050633,0.008860759493670886,0.35989717223650386,0.2236503856041131,31.934447300771208,matched
2025,2,12266,11697,primary,5242.0,1738,850315.3200000001,225177887.581,162.21200305227015,16643.749770653936,False,657.0,0.0,1.0,0.0,656.0,0.0,152.0,70.0,6876.0,3.0,0.0,0.0015220700152207,0.23170731707317074,0.10670731707317073,10.481707317073171,matched
2025,2,12266,12173,primary,697.0,383,439283.5,327877739.0358,630.2489239598278,73199.11886297411,False,100.0,1.0,2.0,0.0,97.0,0.0,31.0,4.0,1173.0,3.0,0.01,0.02,0.31958762886597936,0.041237113402061855,12.092783505154639,matched
2025,2,12266,12478,primary,731.0,299,154298.39,39566340.8121,211.0785088919289,9572.18430434294,False,72.0,1.0,0.0,0.0,71.0,0.0,27.0,13.0,1613.0,3.0,0.013888888888888888,0.0,0.38028169014084506,0.18309859154929578,22.718309859154928,matched
2025,2,12266,12889,primary,7140.0,2160,1476104.24,479712308.3892,206.73728851540616,24446.291350911146,False,922.0,8.0,4.0,0.0,910.0,0.0,214.0,87.0,8359.0,3.0,0.008676789587852495,0.004338394793926247,0.23516483516483516,0.0956043956043956,9.185714285714285,matched
2025,2,12266,12892,primary,11257.0,3326,2129614.81,639763243.5490999,189.18138136270764,21042.88638383404,False,1341.0,8.0,0.0,0.0,1333.0,0.0,289.0,119.0,13739.0,3.0,0.005965697240865026,0.0,0.21680420105026257,0.08927231807951988,10.306826706676668,matched
2025,2,12266,12953,primary,10888.0,3802,2677355.12,949009989.3712,245.8996252755327,26694.468096406228,False,1093.0,12.0,13.0,0.0,1068.0,0.0,295.0,147.0,15179.0,3.0,0.010978956999085087,0.011893870082342177,0.2762172284644195,0.13764044943820225,14.212546816479401,matched
2025,2,12266,13204,primary,7820.0,2171,1345140.28,327984796.132,172.01282352941178,12353.378328140214,False,876.0,9.0,4.0,0.0,863.0,0.0,246.0,126.0,13466.0,3.0,0.010273972602739725,0.0045662100456621,0.2850521436848204,0.14600231749710313,15.603707995365006,matched
2025,2,12266,13232,primary,433.0,201,44176.5,5824379.1724,102.02424942263279,3042.274636907765,False,34.0,0.0,0.0,0.0,34.0,0.0,17.0,7.0,1241.0,3.0,0.0,0.0,0.5,0.20588235294117646,36.5,matched
2025,2,12266,13303,primary,6550.0,2376,1168694.0,329599310.3682,178.4265648854962,18484.466342887008,False,967.0,15.0,7.0,0.0,945.0,0.0,236.0,111.0,15479.0,3.0,0.015511892450879007,0.007238883143743537,0.24973544973544973,0.11746031746031746,16.37989417989418,matched
2025,2,12266,13487,primary,3164.0,1513,816634.74,262550864.3446,258.1020037926675,16364.033370384306,False,498.0,5.0,1.0,0.0,492.0,0.0,166.0,86.0,13726.0,3.0,0.010040160642570281,0.002008032128514056,0.33739837398373984,0.17479674796747968,27.898373983739837,matched
2025,2,12266,13930,primary,10453.0,3524,2185968.95,618018841.7205,209.12359609681434,15390.907293649921,False,1445.0,17.0,1.0,0.0,1427.0,0.0,358.0,153.0,17856.0,3.0,0.011764705882352941,0.0006920415224913495,0.2508759635599159,0.10721793973370708,12.512964260686756,matched
2025,2,12266,14100,primary,4417.0,2726,1170233.05,404483080.2683,264.9384310618067,21381.791266612447,False,439.0,8.0,0.0,0.0,431.0,0.0,114.0,53.0,7807.0,3.0,0.018223234624145785,0.0,0.26450116009280744,0.12296983758700696,18.11368909512761,matched
2025,2,12266,14107,primary,4203.0,1982,921928.67,286637287.3927,219.35014751368072,20083.772931503336,False,840.0,10.0,1.0,0.0,829.0,0.0,206.0,84.0,10117.0,3.0,0.011904761904761904,0.0011904761904761906,0.24849215922798554,0.10132689987937274,12.203860072376356,matched
2025,2,12266,14635,primary,1033.0,507,235338.55000000002,68754123.5695,227.82047434656343,14655.550316038294,False,182.0,1.0,0.0,0.0,181.0,0.0,42.0,15.0,1002.0,3.0,0.005494505494505495,0.0,0.23204419889502761,0.08287292817679558,5.535911602209945,matched
2025,2,12266,14679,primary,2305.0,897,753944.1799999999,297593939.82379997,327.0907505422993,22119.6408332328,False,427.0,4.0,0.0,0.0,423.0,0.0,122.0,49.0,6008.0,3.0,0.00936768149882904,0.0,0.28841607565011823,0.11583924349881797,14.203309692671395,matched
2025,2,12266,14747,primary,4710.0,2077,1443229.48,556243277.4896,306.41814861995755,24206.278597506564,False,566.0,12.0,1.0,0.0,553.0,0.0,165.0,73.0,8724.0,3.0,0.02120141342756184,0.0017667844522968198,0.298372513562387,0.13200723327305605,15.775768535262205,matched
2025,2,12266,14771,primary,4795.0,1738,1729592.76,779109791.4060001,360.70756204379563,32373.848512575685,False,890.0,8.0,0.0,0.0,882.0,0.0,211.0,73.0,5916.0,3.0,0.008988764044943821,0.0,0.23922902494331066,0.08276643990929705,6.707482993197279,matched
2025,2,12266,14869,primary,2265.0,1321,754510.11,295444057.1185,333.1170463576159,19471.910740989028,False,475.0,2.0,1.0,0.0,472.0,0.0,103.0,42.0,3180.0,3.0,0.004210526315789474,0.002105263157894737,0.21822033898305085,0.08898305084745763,6.737288135593221,matched
2025,2,12266,15016,primary,1114.0,858,313878.08999999997,104773791.25710002,281.757710951526,14664.469569894936,False,197.0,1.0,1.0,0.0,195.0,0.0,69.0,35.0,5053.0,3.0,0.005076142131979695,0.005076142131979695,0.35384615384615387,0.1794871794871795,25.912820512820513,matched
2025,2,12266,15304,primary,3609.0,1411,628700.25,170205013.1887,174.2034497090607,16814.425271751483,False,488.0,5.0,0.0,0.0,483.0,0.0,123.0,60.0,6986.0,3.0,0.010245901639344262,0.0,0.2546583850931677,0.12422360248447205,14.46376811594203,matched
2025,2,12478,10397,primary,8565.0,2441,1526121.82,371470542.43520004,178.1811815528313,11622.224559724771,False,1086.0,14.0,9.0,0.0,1063.0,0.0,295.0,118.0,15226.0,3.0,0.01289134438305709,0.008287292817679558,0.277516462841016,0.11100658513640639,14.323612417685794,matched
2025,2,12478,10721,primary,3390.0,1420,627083.31,144208919.1713,184.98032743362833,8321.782642872131,False,1315.0,19.0,0.0,0.0,1296.0,0.0,350.0,160.0,12331.0,3.0,0.014448669201520912,0.0,0.2700617283950617,0.12345679012345678,9.51466049382716,matched
2025,2,12478,11278,primary,1529.0,836,244607.96,49358244.2792,159.97904512753433,6688.094445916213,False,701.0,28.0,1.0,0.0,672.0,0.0,236.0,103.0,11830.0,3.0,0.039942938659058486,0.0014265335235378032,0.35119047619047616,0.15327380952380953,17.604166666666668,matched
2025,2,12478,11292,primary,3861.0,1383,911913.0299999999,276156833.7701,236.18571095571093,15741.001411492733,False,358.0,2.0,0.0,0.0,356.0,0.0,121.0,45.0,5125.0,3.0,0.00558659217877095,0.0,0.3398876404494382,0.12640449438202248,14.396067415730338,matched
2025,2,12478,11298,primary,3061.0,1610,702696.71,251100521.12190002,229.5644266579549,29332.359939993083,False,564.0,6.0,8.0,0.0,550.0,0.0,172.0,85.0,12366.0,3.0,0.010638297872340425,0.014184397163120567,0.31272727272727274,0.15454545454545454,22.483636363636364,matched
2025,2,12478,11433,primary,1673.0,1148,370466.19,107725836.28209999,221.43824865511058,15355.91869848688,False,229.0,2.0,0.0,0.0,227.0,0.0,83.0,49.0,7883.0,3.0,0.008733624454148471,0.0,0.3656387665198238,0.21585903083700442,34.72687224669603,matched
2025,2,12478,11697,primary,10576.0,2469,2030344.28,542145399.6988,191.97657715582451,14406.850829849936,False,967.0,10.0,3.0,0.0,954.0,0.0,229.0,88.0,5035.0,3.0,0.010341261633919338,0.0031023784901758012,0.240041928721174,0.09224318658280922,5.277777777777778,matched
2025,2,12478,12173,primary,2122.0,1268,1215174.04,921562033.6652,572.6550612629595,106355.54634488304,False,182.0,0.0,0.0,0.0,182.0,0.0,32.0,8.0,-317.0,3.0,0.0,0.0,0.17582417582417584,0.04395604395604396,-1.7417582417582418,matched
2025,2,12478,12266,primary,748.0,293,145584.76,32814356.9078,194.63203208556152,5987.833192929444,False,72.0,0.0,0.0,0.0,72.0,0.0,21.0,5.0,615.0,3.0,0.0,0.0,0.2916666666666667,0.06944444444444445,8.541666666666666,matched
2025,2,12478,12889,primary,12652.0,4267,4015510.33,2166172547.0081005,317.38146775213403,70480.87137992763,False,1040.0,4.0,2.0,0.0,1034.0,0.0,185.0,70.0,-781.0,3.0,0.0038461538461538464,0.0019230769230769232,0.17891682785299806,0.06769825918762089,-0.7553191489361702,matched
2025,2,12478,12892,primary,29716.0,7720,12648479.6,9634044533.926,425.64543007134205,143029.91636947787,False,2599.0,7.0,6.0,0.0,2586.0,0.0,516.0,199.0,6211.0,3.0,0.0026933435936898806,0.002308580223162755,0.19953596287703015,0.07695282289249807,2.4017788089713843,matched
2025,2,12478,13204,primary,14560.0,3227,2578143.7,625827599.4216,177.07030906593408,11628.770442734141,False,1331.0,11.0,7.0,0.0,1313.0,0.0,369.0,130.0,14188.0,3.0,0.008264462809917356,0.005259203606311044,0.28103579588728106,0.09900990099009901,10.805788271134805,matched
2025,2,12478,13303,primary,12484.0,3688,2311511.26,685489166.4518,185.1579029157321,20625.968358226404,False,1366.0,24.0,4.0,0.0,1338.0,0.0,365.0,130.0,14988.0,3.0,0.017569546120058566,0.0029282576866764276,0.27279521674140506,0.09715994020926756,11.201793721973095,matched
2025,2,12478,13487,primary,2137.0,938,453424.05,133308889.6029,212.17784277023864,17361.88713792942,False,237.0,0.0,0.0,0.0,237.0,0.0,45.0,27.0,2072.0,3.0,0.0,0.0,0.189873417721519,0.11392405063291139,8.742616033755274,matched
2025,2,12478,13930,primary,4249.0,2249,830938.15,210368269.6383,195.56087314662275,11266.01070686293,False,447.0,14.0,0.0,0.0,433.0,0.0,129.0,53.0,6794.0,3.0,0.03131991051454139,0.0,0.2979214780600462,0.12240184757505773,15.690531177829099,matched
2025,2,12478,14107,primary,7445.0,2744,2394373.58,1161606379.2512,321.6082713230356,52593.153967206425,False,684.0,2.0,1.0,0.0,681.0,0.0,139.0,39.0,1330.0,3.0,0.0029239766081871343,0.0014619883040935672,0.20411160058737152,0.05726872246696035,1.9530102790014685,matched
2025,2,12478,14635,primary,3230.0,1151,633136.15,169764407.4815,196.0173839009288,14135.825295787603,False,322.0,3.0,2.0,0.0,317.0,0.0,63.0,15.0,-565.0,3.0,0.009316770186335404,0.006211180124223602,0.19873817034700317,0.0473186119873817,-1.7823343848580442,matched
2025,2,12478,14679,primary,7668.0,2730,2554469.08,1322482997.9818,333.13368283776737,61489.73730649408,False,632.0,4.0,1.0,0.0,627.0,0.0,121.0,35.0,-1608.0,3.0,0.006329113924050633,0.0015822784810126582,0.19298245614035087,0.05582137161084529,-2.5645933014354068,matched
2025,2,12478,14747,primary,8634.0,2990,3042416.6,1572152704.7189999,352.3762566597174,57919.542739357785,False,777.0,7.0,0.0,0.0,770.0,0.0,222.0,62.0,6970.0,3.0,0.009009009009009009,0.0,0.2883116883116883,0.08051948051948052,9.051948051948052,matched
2025,2,12478,14771,primary,21526.0,6904,8636489.33,6137797252.8231,401.2119915451082,124163.06646732893,False,1790.0,9.0,1.0,0.0,1780.0,0.0,376.0,154.0,690.0,3.0,0.005027932960893855,0.0005586592178770949,0.21123595505617979,0.08651685393258426,0.38764044943820225,matched
2025,2,12478,14869,primary,3720.0,1734,1412716.1300000001,748272618.4653,379.76240053763445,56929.072488780395,False,468.0,0.0,3.0,0.0,465.0,0.0,112.0,31.0,475.0,3.0,0.0,0.00641025641025641,0.24086021505376345,0.06666666666666667,1.021505376344086,matched
2025,2,12478,15304,primary,7151.0,2182,1130012.25,252312281.8571,158.0215704097329,10312.67955948319,False,670.0,8.0,6.0,0.0,656.0,0.0,186.0,48.0,4665.0,3.0,0.011940298507462687,0.008955223880597015,0.28353658536585363,0.07317073170731707,7.111280487804878,matched
2025,2,12889,10397,primary,8799.0,3238,2664214.08,1299110131.7858,302.7860075008524,55963.5626065511,False,1295.0,18.0,8.0,0.0,1269.0,0.0,271.0,81.0,10515.0,3.0,0.013899613899613899,0.006177606177606178,0.21355397951142632,0.06382978723404255,8.286052009456265,matched
2025,2,12889,10721,primary,6500.0,2076,2181111.9899999998,1083185224.0127,335.55569076923075,54046.25900972285,False,489.0,1.0,4.0,0.0,484.0,0.0,99.0,37.0,996.0,3.0,0.002044989775051125,0.0081799591002045,0.20454545454545456,0.07644628099173553,2.0578512396694215,matched
2025,2,12889,10821,primary,3947.0,1861,1018428.99,332193966.8483,258.02609323536865,17586.19541954843,False,542.0,2.0,4.0,0.0,536.0,0.0,125.0,30.0,2958.0,3.0,0.0036900369003690036,0.007380073800738007,0.2332089552238806,0.055970149253731345,5.518656716417911,matched
2025,2,12889,11278,primary,1743.0,1118,523070.32,223426564.7974,300.09771658060816,38126.42349644979,False,182.0,0.0,4.0,0.0,178.0,0.0,49.0,8.0,2363.0,3.0,0.0,0.02197802197802198,0.2752808988764045,0.0449438202247191,13.275280898876405,matched
2025,2,12889,11292,primary,12985.0,3621,2014460.85,425335955.1629,155.13753176742395,8688.291956241286,False,1909.0,14.0,8.0,0.0,1887.0,0.0,604.0,238.0,29807.0,3.0,0.007333682556312206,0.0041906757464641176,0.320084790673026,0.12612612612612611,15.795972443031266,matched
2025,2,12889,11298,primary,11036.0,2872,2121114.23,694774028.9517,192.19954965567234,26014.573140400666,False,1527.0,49.0,11.0,0.0,1467.0,0.0,346.0,147.0,16666.0,3.0,0.032089063523248196,0.007203667321545514,0.23585548738922973,0.10020449897750511,11.360599863667348,matched
2025,2,12889,11433,primary,7758.0,2403,1861697.89,708878394.7465,239.97137019850476,33787.600049952925,False,857.0,2.0,1.0,0.0,854.0,0.0,161.0,39.0,3369.0,3.0,0.002333722287047841,0.0011668611435239206,0.1885245901639344,0.04566744730679157,3.9449648711943794,matched
2025,2,12889,11618,primary,8177.0,2777,2546031.54,1281896305.5633998,311.36499205087443,59820.37609759376,False,712.0,8.0,6.0,0.0,698.0,0.0,200.0,97.0,10563.0,3.0,0.011235955056179775,0.008426966292134831,0.28653295128939826,0.13896848137535817,15.133237822349571,matched
2025,2,12889,11697,primary,2684.0,1160,614843.6699999999,296700513.41569996,229.0773733233979,58067.712551260025,False,229.0,0.0,2.0,0.0,227.0,0.0,48.0,15.0,1580.0,3.0,0.0,0.008733624454148471,0.21145374449339208,0.06607929515418502,6.960352422907489,matched
2025,2,12889,12173,primary,5010.0,1645,2016639.4100000001,1029531892.2525,402.5228363273453,43470.75391013888,False,539.0,2.0,16.0,0.0,521.0,0.0,101.0,22.0,2026.0,3.0,0.0037105751391465678,0.029684601113172542,0.19385796545105566,0.04222648752399232,3.888675623800384,matched
2025,2,12889,12266,primary,6993.0,2107,1480062.6400000001,487133309.033,211.6491691691692,24864.762041852257,False,921.0,10.0,4.0,0.0,907.0,0.0,180.0,71.0,4109.0,3.0,0.010857763300760043,0.004343105320304018,0.19845644983461963,0.0782800441014333,4.530319735391401,matched
2025,2,12889,12478,primary,12704.0,4344,4188564.63,2353876723.5549,329.7043946788413,76581.27815235715,False,1042.0,5.0,18.0,0.0,1019.0,0.0,273.0,115.0,9499.0,3.0,0.0047984644913627635,0.01727447216890595,0.267909715407262,0.11285574092247301,9.321884200196271,matched
2025,2,12889,12892,primary,16528.0,4090,1730962.13,251681935.1013,104.72907369312681,4259.430943158171,False,2252.0,4.0,0.0,0.0,2248.0,0.0,450.0,131.0,12804.0,3.0,0.0017761989342806395,0.0,0.2001779359430605,0.05827402135231317,5.695729537366548,matched
2025,2,12889,12953,primary,12.0,12,4270.44,2196649.6688,355.86999999999995,56410.682166666724,True,,,,,,,,,,,,,,,,fare_only
2025,2,12889,13204,primary,4086.0,1872,893224.19,273561405.5401,218.60601811062162,19162.31573277402,False,393.0,2.0,1.0,0.0,390.0,0.0,119.0,29.0,4259.0,3.0,0.005089058524173028,0.002544529262086514,0.30512820512820515,0.07435897435897436,10.92051282051282,matched
2025,2,12889,13232,primary,5417.0,2217,1081040.32,264532348.4318,199.56439357577997,9007.78891268836,False,747.0,2.0,3.0,0.0,742.0,0.0,128.0,34.0,801.0,3.0,0.002677376171352075,0.004016064257028112,0.1725067385444744,0.04582210242587601,1.0795148247978437,matched
2025,2,12889,13303,primary,4502.0,1869,1278896.09,638912516.7751,284.07287649933363,61220.085683040714,False,465.0,5.0,3.0,0.0,457.0,0.0,96.0,38.0,6115.0,3.0,0.010752688172043012,0.0064516129032258064,0.2100656455142232,0.08315098468271334,13.38074398249453,matched
2025,2,12889,13487,primary,8927.0,1567,1666010.05,454304664.6603,186.62597177103171,16061.825932423533,False,674.0,3.0,2.0,0.0,669.0,0.0,103.0,29.0,-1205.0,3.0,0.004451038575667656,0.002967359050445104,0.15396113602391628,0.043348281016442454,-1.8011958146487295,matched
2025,2,12889,13796,primary,9369.0,2169,1177613.0999999999,201601009.6106,125.69250720461093,5719.272767062206,False,1140.0,4.0,0.0,0.0,1136.0,0.0,262.0,84.0,9845.0,3.0,0.0035087719298245615,0.0,0.2306338028169014,0.07394366197183098,8.66637323943662,matched
2025,2,12889,13930,primary,11607.0,4084,2594971.84,888986247.4642,223.5695563022314,26607.180544379684,False,1372.0,6.0,7.0,0.0,1359.0,0.0,261.0,92.0,3751.0,3.0,0.004373177842565598,0.00510204081632653,0.19205298013245034,0.06769683590875644,2.760117733627667,matched
2025,2,12889,14100,primary,6291.0,2218,1735060.2,773380212.9576,275.8003814973772,46868.53407672618,False,553.0,11.0,0.0,0.0,542.0,0.0,121.0,41.0,3796.0,3.0,0.019891500904159132,0.0,0.22324723247232472,0.07564575645756458,7.003690036900369,matched
2025,2,12889,14107,primary,9026.0,2533,1358015.76,271395820.3438,150.45598936405938,7431.222645802682,False,1711.0,14.0,2.0,0.0,1695.0,0.0,362.0,124.0,10586.0,3.0,0.008182349503214495,0.0011689070718877848,0.2135693215339233,0.07315634218289085,6.24542772861357,matched
2025,2,12889,14635,primary,272.0,143,41930.73,6829662.2011,154.1570955882353,1344.6420897261523,False,,,,,,,,,,,,,,,,fare_only
2025,2,12889,14679,primary,11564.0,2322,1094691.91,145660073.6581,94.66377637495675,3634.763359597522,False,1909.0,13.0,1.0,0.0,1895.0,0.0,604.0,189.0,24951.0,3.0,0.006809848088004191,0.0005238344683080147,0.3187335092348285,0.09973614775725594,13.166754617414249,matched
2025,2,12889,14747,primary,14172.0,3571,2475798.9,575679806.6192,174.69650719729043,10102.05943171791,False,1599.0,8.0,0.0,0.0,1591.0,0.0,356.0,78.0,7968.0,3.0,0.0050031269543464665,0.0,0.22375864236329351,0.04902576995600252,5.008170961659334,matched
2025,2,12889,14771,primary,11940.0,3575,1781570.64,357811019.375,149.21027135678392,7703.716979842615,False,1514.0,5.0,0.0,0.0,1509.0,0.0,367.0,84.0,6957.0,3.0,0.0033025099075297227,0.0,0.24320742213386348,0.055666003976143144,4.610337972166998,matched
2025,2,12889,14869,primary,5948.0,1978,912771.54,201068375.3014,153.45856422326833,10254.83613132792,False,969.0,2.0,1.0,0.0,966.0,0.0,186.0,67.0,4045.0,3.0,0.0020639834881320948,0.0010319917440660474,0.19254658385093168,0.06935817805383022,4.187370600414079,matched
2025,2,12889,15016,primary,3267.0,1491,860086.89,285317059.9641,263.26504132231406,18024.56361416266,False,507.0,3.0,1.0,0.0,503.0,0.0,111.0,31.0,2321.0,3.0,0.005917159763313609,0.0019723865877712033,0.220675944333996,0.061630218687872766,4.614314115308151,matched
2025,2,12889,15304,primary,3291.0,1641,759762.98,240070891.27080002,230.8608264965056,19650.982001383156,False,305.0,0.0,2.0,0.0,303.0,0.0,73.0,18.0,1861.0,3.0,0.0,0.006557377049180328,0.24092409240924093,0.0594059405940594,6.141914191419142,matched
2025,2,12892,10397,primary,11493.0,3682,3241731.66,1704685396.5842,282.0613991125033,68765.16392737336,False,1413.0,21.0,9.0,0.0,1383.0,0.0,366.0,122.0,15993.0,3.0,0.014861995753715499,0.006369426751592357,0.2646420824295011,0.08821402747650037,11.563991323210413,matched
2025,2,12892,10721,primary,14000.0,5467,5069366.79,3070372291.0131,362.09762785714287,88197.6144011658,False,1193.0,1.0,5.0,0.0,1187.0,0.0,230.0,73.0,1789.0,3.0,0.0008382229673093043,0.004191114836546521,0.1937657961246841,0.061499578770008424,1.5071609098567817,matched
2025,2,12892,10821,primary,5230.0,2444,1210741.01,403507517.7943,231.49923709369025,23560.59228704703,False,473.0,1.0,1.0,0.0,471.0,0.0,52.0,9.0,-3410.0,3.0,0.0021141649048625794,0.0021141649048625794,0.11040339702760085,0.01910828025477707,-7.2399150743099785,matched
2025,2,12892,11278,primary,4382.0,2144,1523652.54,788200332.6006,347.7071063441351,58972.04857218356,False,364.0,3.0,6.0,0.0,355.0,0.0,95.0,43.0,4565.0,3.0,0.008241758241758242,0.016483516483516484,0.2676056338028169,0.12112676056338029,12.859154929577464,matched
2025,2,12892,11292,primary,11174.0,3909,1930598.74,460400786.4498,172.77597458385537,11351.325184887846,False,1997.0,7.0,8.0,0.0,1982.0,0.0,448.0,176.0,16339.0,3.0,0.0035052578868302454,0.00400600901352028,0.2260343087790111,0.08879919273461151,8.243693239152371,matched
2025,2,12892,11298,primary,14470.0,3621,2817977.77,943393578.8169,194.74621769177608,27270.426162397678,False,1707.0,23.0,13.0,0.0,1671.0,0.0,423.0,177.0,29388.0,3.0,0.013473930872876391,0.007615700058582308,0.25314183123877915,0.1059245960502693,17.587073608617594,matched
2025,2,12892,11433,primary,6174.0,2036,1856360.41,863404607.7609,300.6738597343699,49440.48562165901,False,710.0,4.0,2.0,0.0,704.0,0.0,131.0,32.0,2566.0,3.0,0.005633802816901409,0.0028169014084507044,0.18607954545454544,0.045454545454545456,3.6448863636363638,matched
2025,2,12892,11618,primary,18025.0,5073,5796783.140000001,3444747186.6814,321.59684549237176,87684.88293226264,False,1339.0,19.0,12.0,0.0,1308.0,0.0,353.0,197.0,21363.0,3.0,0.014189693801344288,0.008961911874533234,0.2698776758409786,0.15061162079510704,16.33256880733945,matched
2025,2,12892,11697,primary,6635.0,1721,2076649.4,1289580472.3428,312.9840844009043,96401.2451035588,False,499.0,1.0,1.0,0.0,497.0,0.0,95.0,35.0,204.0,3.0,0.002004008016032064,0.002004008016032064,0.19114688128772636,0.07042253521126761,0.4104627766599598,matched
2025,2,12892,12173,primary,17040.0,5534,5234140.92,2302832604.155,307.1678943661972,40790.64313043721,False,1401.0,3.0,1.0,0.0,1397.0,0.0,285.0,68.0,4360.0,3.0,0.0021413276231263384,0.0007137758743754461,0.2040085898353615,0.048675733715103794,3.120973514674302,matched
2025,2,12892,12266,primary,11356.0,3325,2118195.1599999997,612899791.651,186.5265199013737,19179.307853493017,False,1337.0,7.0,10.0,0.0,1320.0,0.0,231.0,91.0,5438.0,3.0,0.005235602094240838,0.0074794315632011965,0.175,0.06893939393939394,4.11969696969697,matched
2025,2,12892,12478,primary,30462.0,7901,13010631.06,9879491252.9038,427.11020484538113,141898.69199985292,False,2596.0,7.0,8.0,0.0,2581.0,0.0,600.0,242.0,17838.0,3.0,0.002696456086286595,0.0030816640986132513,0.2324680356450988,0.09376210771018985,6.9112746997287875,matched
2025,2,12892,12889,primary,16755.0,4019,1689534.3,229122536.8208,100.83761862130707,3506.650040571949,False,2224.0,5.0,0.0,0.0,2219.0,0.0,520.0,178.0,20910.0,3.0,0.0022482014388489208,0.0,0.23433979269941416,0.08021631365479946,9.423163587201442,matched
2025,2,12892,12953,primary,6.0,6,1789.4699999999998,597830.3903,298.24499999999995,10688.31835833336,True,,,,,,,,,,,,,,,,fare_only
2025,2,12892,13204,primary,10006.0,3843,2854282.46,1217735259.9302,285.257091744953,40328.8972988177,False,783.0,1.0,5.0,0.0,777.0,0.0,165.0,47.0,5290.0,3.0,0.001277139208173691,0.006385696040868455,0.21235521235521235,0.06048906048906049,6.808236808236808,matched
2025,2,12892,13232,primary,3063.0,1393,647685.0,169740368.8164,211.45445641527914,10703.391842334284,False,361.0,1.0,3.0,0.0,357.0,0.0,41.0,14.0,-1485.0,3.0,0.002770083102493075,0.008310249307479225,0.11484593837535013,0.0392156862745098,-4.159663865546219,matched
2025,2,12892,13303,primary,7221.0,2388,2655246.45,1524921920.9273,367.71173660157876,75966.85191699525,False,819.0,0.0,5.0,0.0,814.0,0.0,181.0,53.0,5772.0,3.0,0.0,0.006105006105006105,0.22235872235872237,0.06511056511056511,7.090909090909091,matched
2025,2,12892,13487,primary,7125.0,1495,1678349.58,599924213.3870001,235.5578357894737,28712.395596354792,False,606.0,3.0,1.0,0.0,602.0,0.0,105.0,30.0,-243.0,3.0,0.0049504950495049506,0.0016501650165016502,0.1744186046511628,0.04983388704318937,-0.40365448504983387,matched
2025,2,12892,13796,primary,3861.0,1038,656393.67,127397878.1689,170.00613053613054,4093.999021960688,False,577.0,6.0,0.0,0.0,571.0,0.0,65.0,22.0,-3196.0,3.0,0.010398613518197574,0.0,0.1138353765323993,0.03852889667250438,-5.5971978984238175,matched
2025,2,12892,13930,primary,17491.0,4690,4094243.16,1526288732.6728,234.07713452632782,32469.271381052124,False,1861.0,18.0,5.0,0.0,1838.0,0.0,319.0,106.0,3098.0,3.0,0.00967221923696937,0.0026867275658248252,0.1735582154515778,0.05767138193688792,1.6855277475516866,matched
2025,2,12892,14100,primary,8054.0,2721,2438565.8400000003,1254488986.2236,302.776985348895,64085.84214224038,False,689.0,7.0,2.0,0.0,680.0,0.0,163.0,55.0,7060.0,3.0,0.010159651669085631,0.002902757619738752,0.23970588235294119,0.08088235294117647,10.382352941176471,matched
2025,2,12892,14107,primary,10051.0,3608,1440193.5,282540921.2326,143.2885782509203,7579.110756281287,False,1949.0,0.0,0.0,0.0,1949.0,0.0,305.0,86.0,3739.0,3.0,0.0,0.0,0.15649050795279631,0.044125192406362236,1.918419702411493,matched
2025,2,12892,14679,primary,249.0,155,48858.75,11464458.6349,196.21987951807228,7539.761431712395,False,637.0,0.0,0.0,0.0,637.0,0.0,68.0,15.0,-558.0,3.0,0.0,0.0,0.10675039246467818,0.023547880690737835,-0.8759811616954474,matched
2025,2,12892,14747,primary,14724.0,3875,2774657.24,676198239.7752,188.44452866069005,10413.560444745235,False,1877.0,12.0,0.0,0.0,1865.0,0.0,321.0,90.0,-1680.0,3.0,0.006393180607352157,0.0,0.17211796246648794,0.04825737265415549,-0.900804289544236,matched
2025,2,12892,14771,primary,21578.0,5719,2924855.98,479417270.6476,135.54805728056354,3844.597494353562,False,2777.0,3.0,2.0,0.0,2772.0,0.0,553.0,134.0,6757.0,3.0,0.0010803024846957148,0.0007202016564638099,0.1994949494949495,0.048340548340548344,2.4375901875901875,matched
2025,2,12892,14869,primary,7567.0,2418,1312795.33,301850767.9375,173.4895374653099,9791.795077201157,False,990.0,1.0,0.0,0.0,989.0,0.0,104.0,33.0,-4255.0,3.0,0.00101010101010101,0.0,0.1051567239635996,0.033367037411526794,-4.3023255813953485,matched
2025,2,12892,15016,primary,1805.0,1014,478753.11,155516495.2013,265.23718005540167,15807.961419471729,False,263.0,2.0,0.0,0.0,261.0,0.0,42.0,14.0,324.0,3.0,0.0076045627376425855,0.0,0.16091954022988506,0.05363984674329502,1.2413793103448276,matched
2025,2,12892,15304,primary,2805.0,1172,951777.8200000001,491039530.3196,339.3147308377897,59924.16952189723,False,263.0,0.0,3.0,0.0,260.0,0.0,41.0,13.0,-211.0,3.0,0.0,0.011406844106463879,0.1576923076923077,0.05,-0.8115384615384615,matched
2025,2,12953,10397,primary,17250.0,4589,3752457.43,1156663162.3717,217.533764057971,19731.99844385506,False,1783.0,27.0,9.0,0.0,1747.0,0.0,490.0,223.0,29658.0,3.0,0.01514301738642737,0.005047672462142457,0.28048082427017745,0.1276473955352032,16.976531196336577,matched
2025,2,12953,10721,primary,6755.0,2872,1524312.24,405301924.9076,225.65688230940043,9079.256426815911,False,1746.0,35.0,2.0,0.0,1709.0,0.0,418.0,192.0,16988.0,3.0,0.02004581901489118,0.001145475372279496,0.2445874780573435,0.11234640140433001,9.94031597425395,matched
2025,2,12953,11278,primary,4836.0,1957,965971.24,224691202.0242,199.74591397849463,6563.7704328908585,False,1170.0,46.0,0.0,0.0,1124.0,0.0,323.0,116.0,12696.0,3.0,0.039316239316239315,0.0,0.2873665480427046,0.10320284697508897,11.295373665480428,matched
2025,2,12953,11292,primary,9270.0,3975,2504964.0300000003,906435963.3877,270.22265695792885,24761.372989973985,False,1131.0,16.0,10.0,0.0,1105.0,0.0,347.0,155.0,16009.0,3.0,0.014146772767462422,0.008841732979664015,0.31402714932126696,0.14027149321266968,14.487782805429864,matched
2025,2,12953,11298,primary,14854.0,4382,3690382.68,1516019186.4796,248.44369732058706,40337.07209724943,False,1750.0,48.0,16.0,0.0,1686.0,0.0,570.0,276.0,36287.0,3.0,0.027428571428571427,0.009142857142857144,0.33807829181494664,0.16370106761565836,21.522538552787662,matched
2025,2,12953,11433,primary,8692.0,3129,1648633.72,433585617.65540004,189.6725402669121,13907.624483813954,False,886.0,16.0,1.0,0.0,869.0,0.0,211.0,92.0,11464.0,3.0,0.01805869074492099,0.001128668171557562,0.2428078250863061,0.10586881472957423,13.1921749136939,matched
2025,2,12953,11697,primary,12582.0,3661,2333659.27,649055104.3213,185.47601891591162,17184.650565529133,False,946.0,22.0,4.0,0.0,920.0,0.0,251.0,111.0,10931.0,3.0,0.023255813953488372,0.004228329809725159,0.2728260869565217,0.12065217391304348,11.881521739130434,matched
2025,2,12953,12266,primary,10668.0,3699,2589119.65,908447776.1673001,242.69962973378327,26253.224200959652,False,1095.0,11.0,7.0,0.0,1077.0,0.0,275.0,129.0,13083.0,3.0,0.01004566210045662,0.006392694063926941,0.255338904363974,0.11977715877437325,12.147632311977716,matched
2025,2,12953,12889,primary,22.0,21,7267.38,2916532.6218000003,330.3354545454545,23448.152097520695,True,,,,,,,,,,,,,,,,fare_only
2025,2,12953,12892,primary,10.0,10,3172.2799999999997,1082093.4427999998,317.22799999999995,7575.740296000018,True,,,,,,,,,,,,,,,,fare_only
2025,2,12953,13204,primary,16218.0,4584,2847933.93,713940056.7123,175.60327598964116,13184.950598239393,False,1263.0,11.0,12.0,0.0,1240.0,0.0,414.0,189.0,21365.0,3.0,0.00870942201108472,0.009501187648456057,0.3338709677419355,0.15241935483870966,17.22983870967742,matched
2025,2,12953,13232,primary,4972.0,1915,871589.8,192183174.0286,175.29963797264682,7923.129048259929,False,580.0,10.0,1.0,0.0,569.0,0.0,163.0,72.0,11605.0,3.0,0.017241379310344827,0.0017241379310344827,0.28646748681898065,0.1265377855887522,20.395430579964852,matched
2025,2,12953,13303,primary,17387.0,4775,3712052.9999999995,1269715074.9814,213.4958877322137,27446.19683886657,False,1490.0,24.0,7.0,0.0,1459.0,0.0,380.0,177.0,22089.0,3.0,0.016107382550335572,0.004697986577181208,0.2604523646333105,0.12131596984235778,15.139821795750514,matched
2025,2,12953,13487,primary,4491.0,2024,1398400.3599999999,534635298.9878,311.378392340236,22089.43287530454,False,572.0,7.0,2.0,0.0,563.0,0.0,123.0,51.0,5151.0,3.0,0.012237762237762238,0.0034965034965034965,0.21847246891651864,0.0905861456483126,9.149200710479574,matched
2025,2,12953,13796,primary,1.0,1,234.0,54756.0,234.0,0.0,True,,,,,,,,,,,,,,,,fare_only
2025,2,12953,13930,primary,27515.0,7344,5796515.56,1590913398.2002,210.66747446847174,13439.073394795596,False,2923.0,65.0,6.0,0.0,2852.0,0.0,799.0,365.0,53641.0,3.0,0.02223742730071844,0.0020526855969893944,0.28015427769985973,0.1279803646563815,18.80820476858345,matched
2025,2,12953,14100,primary,12.0,12,3077.0,834287.0,256.4166666666667,3774.409722222219,True,95.0,0.0,0.0,0.0,95.0,0.0,20.0,6.0,-93.0,3.0,0.0,0.0,0.21052631578947367,0.06315789473684211,-0.9789473684210527,matched
2025,2,12953,14107,primary,7.0,7,2141.95,670670.7725000001,305.99285714285713,2178.4817346938944,True,,,,,,,,,,,,,,,,fare_only
2025,2,12953,14635,primary,2018.0,962,478348.53,160073540.9787,237.04089692765115,23134.477890721784,False,216.0,5.0,0.0,0.0,211.0,0.0,59.0,22.0,2473.0,3.0,0.023148148148148147,0.0,0.2796208530805687,0.10426540284360189,11.72037914691943,matched
2025,2,12953,14679,primary,4.0,4,965.85,293415.6497,241.4625,15049.77351875,True,,,,,,,,,,,,,,,,fare_only
2025,2,12953,14747,primary,2.0,2,377.02,71252.9204,188.51,90.44010000000708,True,,,,,,,,,,,,,,,,fare_only
2025,2,12953,14771,primary,10.0,10,5677.85,5352050.7059,567.7850000000001,212825.26436499995,True,,,,,,,,,,,,,,,,fare_only
2025,2,12953,14869,primary,15.0,15,4738.59,1673188.0483,315.906,11749.26905066667,True,3.0,0.0,0.0,0.0,3.0,0.0,0.0,0.0,-12.0,1.0,0.0,0.0,0.0,0.0,-4.0,matched
2025,2,12953,15016,primary,5792.0,3142,1176346.78,283255339.0368,203.09854627071823,7655.562518743027,False,665.0,22.0,0.0,0.0,643.0,0.0,172.0,67.0,8058.0,3.0,0.03308270676691729,0.0,0.26749611197511663,0.104199066874028,12.531881804043547,matched
2025,2,12953,15304,primary,8272.0,2667,1513079.08,382441717.57519996,182.91574951644102,12775.111651275736,False,669.0,6.0,5.0,0.0,658.0,0.0,213.0,93.0,14408.0,3.0,0.008968609865470852,0.007473841554559043,0.32370820668693007,0.1413373860182371,21.896656534954406,matched
2025,2,13204,10397,primary,12247.0,3215,2053299.58,505723394.901,167.65735118804605,13184.667765385198,False,2130.0,22.0,8.0,0.0,2100.0,0.0,598.0,279.0,39868.0,3.0,0.010328638497652582,0.003755868544600939,0.28476190476190477,0.13285714285714287,18.984761904761903,matched
2025,2,13204,10721,primary,14911.0,3445,3066044.28,869558501.7718,205.62298169136878,16035.76788414151,False,1192.0,4.0,1.0,0.0,1187.0,0.0,318.0,123.0,11571.0,3.0,0.003355704697986577,0.0008389261744966443,0.2679022746419545,0.10362257792754845,9.74810446503791,matched
2025,2,13204,10821,primary,10943.0,3031,1830323.19,436066310.5187,167.2597267659691,11873.065326316646,False,1285.0,15.0,3.0,0.0,1267.0,0.0,331.0,111.0,14190.0,3.0,0.011673151750972763,0.0023346303501945525,0.2612470402525651,0.08760852407261246,11.199684293606946,matched
2025,2,13204,11278,primary,10795.0,3508,1792472.07,390123284.6023,166.04650949513663,8567.81417427307,False,1161.0,12.0,11.0,0.0,1138.0,0.0,409.0,189.0,29073.0,3.0,0.0103359173126615,0.009474590869939707,0.359402460456942,0.16608084358523725,25.547451669595784,matched
2025,2,13204,11292,primary,9323.0,3321,2187559.13,647941277.3543,234.6411165933712,14442.771691202019,False,1129.0,3.0,5.0,0.0,1121.0,0.0,292.0,104.0,7351.0,3.0,0.002657218777679362,0.0044286979627989375,0.2604817127564674,0.0927743086529884,6.557537912578056,matched
2025,2,13204,11298,primary,11227.0,2866,2226372.79,640389023.6661,198.30522757637837,17715.12076915415,False,1223.0,22.0,3.0,0.0,1198.0,0.0,370.0,166.0,27065.0,3.0,0.017988552739165987,0.0024529844644317253,0.3088480801335559,0.13856427378964942,22.591819699499165,matched
2025,2,13204,11433,primary,12032.0,2389,2149672.4299999997,563607937.8875,178.6629346742021,14921.970824092161,False,957.0,3.0,0.0,0.0,954.0,0.0,217.0,80.0,10289.0,3.0,0.003134796238244514,0.0,0.22746331236897274,0.08385744234800839,10.785115303983229,matched
2025,2,13204,11618,primary,18709.0,3997,3529440.42,943561512.1026,188.64933561387568,14844.990206897302,False,1517.0,26.0,16.0,0.0,1475.0,0.0,579.0,352.0,53641.0,3.0,0.017139090309822018,0.01054713249835201,0.3925423728813559,0.23864406779661018,36.36677966101695,matched
2025,2,13204,11697,primary,697.0,284,54071.17,6944827.1389,77.57700143472023,3945.6928353414605,False,273.0,0.0,0.0,0.0,273.0,0.0,73.0,30.0,3484.0,3.0,0.0,0.0,0.2673992673992674,0.10989010989010989,12.761904761904763,matched
2025,2,13204,12173,primary,39.0,38,20555.73,13997148.8619,527.0699999999999,81098.46796923084,False,,,,,,,,,,,,,,,,fare_only
2025,2,13204,12266,primary,7569.0,2141,1312010.71,318946133.0927,173.34003302946226,12091.710039145433,False,878.0,7.0,4.0,0.0,867.0,0.0,233.0,116.0,12738.0,3.0,0.007972665148063782,0.004555808656036446,0.2687427912341407,0.13379469434832755,14.69204152249135,matched
2025,2,13204,12478,primary,14095.0,3193,2605902.5,685214974.1798,184.88134090102872,14432.935489354888,False,1335.0,11.0,2.0,0.0,1322.0,0.0,409.0,168.0,19905.0,3.0,0.008239700374531835,0.00149812734082397,0.3093797276853253,0.12708018154311648,15.056732223903177,matched
2025,2,13204,12889,primary,4043.0,1902,860351.46,253579819.222,212.80026218154833,17436.755618531322,False,384.0,1.0,2.0,0.0,381.0,0.0,101.0,40.0,3959.0,3.0,0.0026041666666666665,0.005208333333333333,0.2650918635170604,0.10498687664041995,10.391076115485564,matched
2025,2,13204,12892,primary,10001.0,3867,2718649.27,1093593576.9591,271.83774322567746,35452.664211595285,False,783.0,1.0,0.0,0.0,782.0,0.0,164.0,65.0,5802.0,3.0,0.001277139208173691,0.0,0.20971867007672634,0.08312020460358056,7.419437340153452,matched
2025,2,13204,12953,primary,16641.0,4710,2953722.68,761702350.8886,177.4967057268193,14267.550361036472,False,1263.0,15.0,6.0,0.0,1242.0,0.0,363.0,175.0,19610.0,3.0,0.011876484560570071,0.004750593824228029,0.2922705314009662,0.14090177133655393,15.789049919484702,matched
2025,2,13204,13232,primary,6456.0,2386,1178586.6400000001,259905459.7782,182.55679058240398,6930.989057698396,False,694.0,7.0,0.0,0.0,687.0,0.0,182.0,71.0,8085.0,3.0,0.010086455331412104,0.0,0.264919941775837,0.10334788937409024,11.768558951965066,matched
2025,2,13204,13303,primary,1660.0,648,243434.66,44116356.056,146.64738554216868,5070.6624196706325,False,943.0,10.0,0.0,0.0,933.0,0.0,207.0,102.0,13037.0,3.0,0.010604453870625663,0.0,0.22186495176848875,0.10932475884244373,13.97320471596999,matched
2025,2,13204,13487,primary,9047.0,1474,1761226.79,477112610.4807,194.6752282524594,14838.662886382634,False,529.0,1.0,0.0,0.0,528.0,0.0,117.0,51.0,6079.0,3.0,0.001890359168241966,0.0,0.2215909090909091,0.09659090909090909,11.513257575757576,matched
2025,2,13204,13796,primary,30.0,30,9118.04,3031516.9396,303.9346666666667,8674.283051555525,False,,,,,,,,,,,,,,,,fare_only
2025,2,13204,13930,primary,15675.0,4649,2901728.36,728934553.5998,185.11823668261562,12234.24027206775,False,1460.0,9.0,2.0,0.0,1449.0,0.0,361.0,167.0,19596.0,3.0,0.0061643835616438354,0.0013698630136986301,0.24913733609385783,0.11525189786059352,13.523809523809524,matched
2025,2,13204,14100,primary,18064.0,3955,3013763.88,729569927.375,166.83812444641273,12553.100869766182,False,1463.0,18.0,3.0,0.0,1442.0,0.0,410.0,195.0,28475.0,3.0,0.012303485987696514,0.002050580997949419,0.2843273231622746,0.13522884882108183,19.746879334257976,matched
2025,2,13204,14107,primary,4523.0,2387,1187862.52,447581362.42579997,262.6271324342251,29983.735368584486,False,488.0,1.0,0.0,0.0,487.0,0.0,120.0,40.0,4840.0,3.0,0.0020491803278688526,0.0,0.2464065708418891,0.08213552361396304,9.938398357289527,matched
2025,2,13204,14679,primary,2524.0,1255,685721.42,256022461.8622,271.68043581616485,27624.947554722894,False,248.0,1.0,0.0,0.0,247.0,0.0,52.0,18.0,1539.0,3.0,0.004032258064516129,0.0,0.21052631578947367,0.0728744939271255,6.230769230769231,matched
2025,2,13204,14747,primary,5008.0,1884,1754663.83,811504603.7957001,350.3721705271566,39280.99623264902,False,475.0,1.0,1.0,0.0,473.0,0.0,103.0,30.0,2523.0,3.0,0.002105263157894737,0.002105263157894737,0.21775898520084566,0.06342494714587738,5.334038054968287,matched
2025,2,13204,14771,primary,4476.0,1998,1334326.05,624349263.0223,298.10680294906166,50620.551868889685,False,398.0,1.0,0.0,0.0,397.0,0.0,89.0,21.0,267.0,3.0,0.002512562814070352,0.0,0.22418136020151133,0.05289672544080604,0.672544080604534,matched
2025,2,13204,14869,primary,3623.0,1162,1140110.26,445386847.85040003,314.6867954733646,23905.383285866817,False,373.0,0.0,2.0,0.0,371.0,0.0,75.0,23.0,1608.0,3.0,0.0,0.005361930294906166,0.20215633423180593,0.06199460916442048,4.334231805929919,matched
2025,2,13204,15016,primary,5378.0,1968,1087335.14,284008988.981,202.18206396429898,11931.819664352923,False,633.0,3.0,2.0,0.0,628.0,0.0,165.0,72.0,7089.0,3.0,0.004739336492890996,0.00315955766192733,0.2627388535031847,0.11464968152866242,11.288216560509554,matched
2025,2,13232,10397,primary,6659.0,2655,1073386.3800000001,253371204.3218,161.19332932872805,12066.148081316824,False,958.0,12.0,8.0,0.0,938.0,0.0,212.0,66.0,6150.0,3.0,0.012526096033402923,0.008350730688935281,0.2260127931769723,0.07036247334754797,6.556503198294243,matched
2025,2,13232,10721,primary,2788.0,1016,421463.67,80314597.2303,151.17061334289812,5954.690005255092,False,352.0,0.0,0.0,0.0,352.0,0.0,108.0,42.0,4797.0,3.0,0.0,0.0,0.3068181818181818,0.11931818181818182,13.627840909090908,matched
2025,2,13232,10821,primary,3960.0,1826,690680.2,150707754.28980002,174.41419191919192,7637.203366720743,False,496.0,2.0,1.0,0.0,493.0,0.0,108.0,34.0,3608.0,3.0,0.004032258064516129,0.0020161290322580645,0.21906693711967545,0.06896551724137931,7.318458417849898,matched
2025,2,13232,11278,primary,3519.0,1239,642243.28,140005269.1712,182.5073259448707,6476.602879322862,False,525.0,4.0,4.0,0.0,517.0,0.0,125.0,37.0,3869.0,3.0,0.007619047619047619,0.007619047619047619,0.24177949709864605,0.07156673114119923,7.483558994197292,matched
2025,2,13232,11292,primary,5008.0,2094,763783.83,144118296.4809,152.51274560702873,5517.477539406533,False,704.0,9.0,1.0,0.0,694.0,0.0,208.0,79.0,9556.0,3.0,0.01278409090909091,0.0014204545454545455,0.29971181556195964,0.1138328530259366,13.769452449567723,matched
2025,2,13232,11298,primary,988.0,375,98456.74,12034581.963,99.65257085020244,2250.1160976417377,False,71.0,1.0,0.0,0.0,70.0,0.0,23.0,14.0,2746.0,3.0,0.014084507042253521,0.0,0.32857142857142857,0.2,39.22857142857143,matched
2025,2,13232,11433,primary,929.0,615,159865.62,35000874.901200004,172.08355220667383,8063.112094593889,False,509.0,1.0,0.0,0.0,508.0,0.0,92.0,31.0,2913.0,3.0,0.0019646365422396855,0.0,0.18110236220472442,0.0610236220472441,5.734251968503937,matched
2025,2,13232,11697,primary,2494.0,1290,476058.13,114237132.6865,190.88136728147555,9369.08818229253,False,296.0,1.0,2.0,0.0,293.0,0.0,66.0,19.0,2460.0,3.0,0.0033783783783783786,0.006756756756756757,0.22525597269624573,0.06484641638225255,8.395904436860068,matched
2025,2,13232,12266,primary,386.0,183,39103.05,4929366.9721,101.30323834196892,2508.0346581659887,False,34.0,0.0,0.0,0.0,34.0,0.0,14.0,3.0,622.0,3.0,0.0,0.0,0.4117647058823529,0.08823529411764706,18.294117647058822,matched
2025,2,13232,12889,primary,5264.0,2164,1035449.31,246299176.1581,196.70389627659574,8096.934362497603,False,734.0,4.0,6.0,0.0,724.0,0.0,131.0,35.0,533.0,3.0,0.005449591280653951,0.008174386920980926,0.18093922651933703,0.04834254143646409,0.7361878453038674,matched
2025,2,13232,12892,primary,3036.0,1387,622130.86,157157041.8994,204.91793807641633,9773.145208989583,False,361.0,2.0,1.0,0.0,358.0,0.0,74.0,17.0,1024.0,3.0,0.00554016620498615,0.002770083102493075,0.20670391061452514,0.04748603351955307,2.8603351955307263,matched
2025,2,13232,12953,primary,5012.0,1972,879923.11,194863444.1791,175.56327015163606,8056.91650149686,False,580.0,6.0,4.0,0.0,570.0,0.0,159.0,59.0,7977.0,3.0,0.010344827586206896,0.006896551724137931,0.2789473684210526,0.10350877192982456,13.994736842105263,matched
2025,2,13232,13204,primary,6188.0,2268,1129992.25,245762957.45369998,182.61025371687137,6369.551710262058,False,681.0,7.0,2.0,0.0,672.0,0.0,160.0,47.0,5735.0,3.0,0.010279001468428781,0.002936857562408223,0.23809523809523808,0.06994047619047619,8.53422619047619,matched
2025,2,13232,13303,primary,1312.0,766,233779.24000000002,52834181.2972,178.18539634146342,8519.919787647792,False,158.0,0.0,0.0,0.0,158.0,0.0,36.0,12.0,2070.0,3.0,0.0,0.0,0.22784810126582278,0.0759493670886076,13.10126582278481,matched
2025,2,13232,13487,primary,2903.0,1462,481653.61,104767162.7779,165.9158146744747,8561.216563502683,False,693.0,1.0,0.0,0.0,692.0,0.0,132.0,52.0,4222.0,3.0,0.001443001443001443,0.0,0.1907514450867052,0.07514450867052024,6.101156069364162,matched
2025,2,13232,13796,primary,710.0,461,159412.8,40351247.023,224.5250704225352,6421.235037671104,False,96.0,0.0,0.0,0.0,96.0,0.0,24.0,11.0,1269.0,3.0,0.0,0.0,0.25,0.11458333333333333,13.21875,matched
2025,2,13232,14100,primary,2699.0,1428,487581.15,111636242.4243,180.65251945164877,8726.742956527498,False,396.0,0.0,1.0,0.0,395.0,0.0,111.0,34.0,4943.0,3.0,0.0,0.0025252525252525255,0.2810126582278481,0.08607594936708861,12.51392405063291,matched
2025,2,13232,14107,primary,5552.0,2130,1086378.2,255936093.4316,195.6733069164265,7809.956497781888,False,755.0,9.0,1.0,0.0,745.0,0.0,166.0,39.0,3821.0,3.0,0.011920529801324504,0.0013245033112582781,0.22281879194630871,0.052348993288590606,5.128859060402685,matched
2025,2,13232,14635,primary,2134.0,1076,426925.07,103380710.9261,200.05860824742268,8421.122584801546,False,288.0,1.0,0.0,0.0,287.0,0.0,62.0,17.0,2177.0,3.0,0.003472222222222222,0.0,0.21602787456445993,0.059233449477351915,7.585365853658536,matched
2025,2,13232,14679,primary,1885.0,1041,445329.43,117942835.6023,236.24903448275862,6755.537261561149,False,263.0,0.0,1.0,0.0,262.0,0.0,66.0,19.0,2129.0,3.0,0.0,0.0038022813688212928,0.25190839694656486,0.07251908396946564,8.125954198473282,matched
2025,2,13232,14747,primary,540.0,413,127889.91,35685081.2345,236.83316666666667,9993.53493423148,False,139.0,0.0,2.0,0.0,137.0,0.0,44.0,10.0,1433.0,3.0,0.0,0.014388489208633094,0.32116788321167883,0.072992700729927,10.459854014598541,matched
2025,2,13232,14771,primary,752.0,467,167144.1,42950232.241,222.26609042553193,7712.455580193942,False,91.0,0.0,0.0,0.0,91.0,0.0,27.0,2.0,398.0,3.0,0.0,0.0,0.2967032967032967,0.02197802197802198,4.373626373626373,matched
2025,2,13232,14869,primary,531.0,374,143504.17,45668211.4719,270.25267419962336,12967.656818460702,False,162.0,0.0,0.0,0.0,162.0,0.0,31.0,13.0,988.0,3.0,0.0,0.0,0.19135802469135801,0.08024691358024691,6.098765432098766,matched
2025,2,13232,15016,primary,1624.0,800,316454.46,80121978.0468,194.8611206896552,11365.33702214306,False,491.0,4.0,1.0,0.0,486.0,0.0,78.0,23.0,400.0,3.0,0.008146639511201629,0.002036659877800407,0.16049382716049382,0.047325102880658436,0.823045267489712,matched
2025,2,13232,15304,primary,4230.0,1868,742487.54,162149594.45340002,175.5289692671395,7522.81840744822,False,450.0,5.0,2.0,0.0,443.0,0.0,116.0,37.0,5809.0,3.0,0.011111111111111112,0.0044444444444444444,0.2618510158013544,0.0835214446952596,13.112866817155757,matched
2025,2,13303,10397,primary,11201.0,3018,2002637.98,501978227.2654,178.7909990179448,12849.261865005006,False,1609.0,21.0,9.0,0.0,1579.0,0.0,467.0,173.0,27927.0,3.0,0.01305158483530143,0.005593536357986327,0.29575680810639643,0.10956301456618113,17.686510449651678,matched
2025,2,13303,10721,primary,9087.0,3109,1891777.5300000003,583234819.2143,208.18504787058438,20842.41483116035,False,1055.0,9.0,2.0,0.0,1044.0,0.0,276.0,116.0,10589.0,3.0,0.008530805687203791,0.0018957345971563982,0.26436781609195403,0.1111111111111111,10.14272030651341,matched
2025,2,13303,10821,primary,5042.0,2179,853761.54,204145494.6302,169.32993653312178,11816.363991983275,False,717.0,7.0,5.0,0.0,705.0,0.0,188.0,70.0,10298.0,3.0,0.009762900976290097,0.00697350069735007,0.26666666666666666,0.09929078014184398,14.60709219858156,matched
2025,2,13303,11278,primary,7575.0,1930,1567779.01,479812472.06229997,206.96752607260726,20506.02362165526,False,990.0,19.0,10.0,0.0,961.0,0.0,264.0,88.0,10750.0,3.0,0.01919191919191919,0.010101010101010102,0.27471383975026015,0.09157127991675339,11.186264308012486,matched
2025,2,13303,11292,primary,4588.0,2361,1050598.85,348640512.6533,228.9884154315606,23553.955261024435,False,634.0,3.0,8.0,0.0,623.0,0.0,135.0,47.0,4324.0,3.0,0.00473186119873817,0.012618296529968454,0.21669341894060995,0.0754414125200642,6.940609951845907,matched
2025,2,13303,11298,primary,6190.0,2180,1496777.75,529268318.19810003,241.80577544426495,27033.734037419687,False,1162.0,19.0,8.0,0.0,1135.0,0.0,384.0,174.0,23291.0,3.0,0.016351118760757316,0.0068846815834767644,0.3383259911894273,0.15330396475770924,20.52070484581498,matched
2025,2,13303,11433,primary,3713.0,1530,783717.78,240137102.9542,211.07400484783196,20122.448817438162,False,429.0,2.0,0.0,0.0,427.0,0.0,99.0,38.0,4200.0,3.0,0.004662004662004662,0.0,0.23185011709601874,0.08899297423887588,9.836065573770492,matched
2025,2,13303,11618,primary,9583.0,3265,2046545.58,638883238.4032,213.56001043514559,21060.51789443795,False,898.0,16.0,6.0,0.0,876.0,0.0,329.0,177.0,25390.0,3.0,0.017817371937639197,0.0066815144766146995,0.3755707762557078,0.20205479452054795,28.984018264840184,matched
2025,2,13303,12266,primary,6275.0,2326,1128081.42,313464086.0414,179.77393147410356,17635.769584878184,False,967.0,13.0,2.0,0.0,952.0,0.0,272.0,121.0,15760.0,3.0,0.01344364012409514,0.002068252326783868,0.2857142857142857,0.12710084033613445,16.554621848739497,matched
2025,2,13303,12478,primary,12697.0,3844,2495926.82,786117038.592,196.57610616681106,23271.439161935014,False,1364.0,22.0,2.0,0.0,1340.0,0.0,403.0,155.0,20452.0,3.0,0.016129032258064516,0.001466275659824047,0.30074626865671644,0.11567164179104478,15.26268656716418,matched
2025,2,13303,12889,primary,4380.0,1812,1246692.63,649378076.7579,284.6330205479452,67243.87848998587,False,467.0,5.0,1.0,0.0,461.0,0.0,127.0,48.0,5503.0,3.0,0.010706638115631691,0.0021413276231263384,0.2754880694143167,0.10412147505422993,11.937093275488069,matched
2025,2,13303,12892,primary,7094.0,2194,2630790.36,1531827189.1276002,370.8472455596278,78405.10719999697,False,819.0,0.0,1.0,0.0,818.0,0.0,205.0,83.0,9495.0,3.0,0.0,0.001221001221001221,0.2506112469437653,0.10146699266503667,11.60757946210269,matched
2025,2,13303,12953,primary,17628.0,4721,3849184.1,1365354936.7508,218.35625709099162,29774.308135956577,False,1471.0,24.0,13.0,0.0,1434.0,0.0,427.0,203.0,28879.0,3.0,0.016315431679129844,0.008837525492861998,0.297768479776848,0.14156206415620642,20.138772663877266,matched
2025,2,13303,13204,primary,1703.0,645,248420.07,44112458.7593,145.87203170874926,4624.144704151666,False,944.0,10.0,2.0,0.0,932.0,0.0,291.0,143.0,20452.0,3.0,0.01059322033898305,0.00211864406779661,0.31223175965665234,0.15343347639484978,21.94420600858369,matched
2025,2,13303,13232,primary,1235.0,708,223820.63,52615409.8789,181.23127935222672,9758.79413650091,False,158.0,0.0,0.0,0.0,158.0,0.0,23.0,7.0,322.0,3.0,0.0,0.0,0.14556962025316456,0.04430379746835443,2.037974683544304,matched
2025,2,13303,13487,primary,2805.0,1187,629692.02,195022728.4722,224.48913368983958,19131.44827486448,False,286.0,0.0,1.0,0.0,285.0,0.0,66.0,24.0,1447.0,3.0,0.0,0.0034965034965034965,0.23157894736842105,0.08421052631578947,5.077192982456141,matched
2025,2,13303,13930,primary,8799.0,2745,2025123.26,701895819.7132,230.15379702238891,26799.183087378267,False,1087.0,11.0,5.0,0.0,1071.0,0.0,283.0,100.0,9809.0,3.0,0.010119595216191352,0.004599816007359705,0.2642390289449113,0.09337068160597572,9.158730158730158,matched
2025,2,13303,14100,primary,6778.0,2130,1454124.26,475863034.51,214.53588964296253,24181.350359912278,False,825.0,10.0,1.0,0.0,814.0,0.0,202.0,76.0,10008.0,3.0,0.012121212121212121,0.0012121212121212121,0.24815724815724816,0.09336609336609336,12.294840294840295,matched
2025,2,13303,14107,primary,3237.0,1233,1026805.57,509958556.1467,317.2090114303367,56918.9299832674,False,487.0,1.0,1.0,0.0,485.0,0.0,103.0,38.0,4331.0,3.0,0.002053388090349076,0.002053388090349076,0.21237113402061855,0.07835051546391752,8.929896907216495,matched
2025,2,13303,14679,primary,1387.0,793,431710.28,212635798.7742,311.25470800288394,56426.77839290317,False,124.0,0.0,0.0,0.0,124.0,0.0,38.0,10.0,1453.0,3.0,0.0,0.0,0.3064516129032258,0.08064516129032258,11.71774193548387,matched
2025,2,13303,14747,primary,2593.0,1179,745825.47,323931922.6567,287.630339375241,42194.3268823376,False,273.0,0.0,1.0,0.0,272.0,0.0,78.0,17.0,1779.0,3.0,0.0,0.003663003663003663,0.2867647058823529,0.0625,6.540441176470588,matched
2025,2,13303,14771,primary,4345.0,2019,1369961.45,771639910.7481,315.2960759493671,78180.9991625305,False,455.0,0.0,4.0,0.0,451.0,0.0,90.0,28.0,1437.0,3.0,0.0,0.008791208791208791,0.19955654101995565,0.06208425720620843,3.186252771618625,matched
2025,2,13303,14869,primary,1412.0,827,403723.67,169536446.4167,285.9232790368272,38316.18333251988,False,185.0,1.0,0.0,0.0,184.0,0.0,48.0,14.0,1998.0,3.0,0.005405405405405406,0.0,0.2608695652173913,0.07608695652173914,10.858695652173912,matched
2025,2,13303,15016,primary,1525.0,1015,390465.25,120816479.1635,256.0427868852459,13666.012046987365,False,278.0,2.0,1.0,0.0,275.0,0.0,92.0,36.0,5338.0,3.0,0.007194244604316547,0.0035971223021582736,0.33454545454545453,0.13090909090909092,19.41090909090909,matched
2025,2,13303,15304,primary,1531.0,669,370883.37,102304120.51190001,242.24909862834747,8137.138101342993,False,791.0,11.0,0.0,0.0,780.0,0.0,240.0,101.0,15168.0,3.0,0.01390644753476612,0.0,0.3076923076923077,0.1294871794871795,19.446153846153845,matched
2025,2,13487,10397,primary,5395.0,1733,1336873.09,467140245.41709995,247.79853382761817,25183.513216219188,False,883.0,3.0,8.0,0.0,872.0,0.0,168.0,51.0,4821.0,3.0,0.0033975084937712344,0.009060022650056626,0.1926605504587156,0.058486238532110095,5.5286697247706424,matched
2025,2,13487,10721,primary,5400.0,1349,1630030.0399999998,639789780.218,301.8574148148148,27361.690050576115,False,459.0,0.0,1.0,0.0,458.0,0.0,107.0,34.0,2628.0,3.0,0.0,0.002178649237472767,0.2336244541484716,0.07423580786026202,5.737991266375546,matched
2025,2,13487,10821,primary,3280.0,1423,616228.16,150781794.5368,187.87443902439026,10673.254471270666,False,352.0,2.0,2.0,0.0,348.0,0.0,70.0,21.0,1952.0,3.0,0.005681818181818182,0.005681818181818182,0.20114942528735633,0.0603448275862069,5.609195402298851,matched
2025,2,13487,11278,primary,3647.0,1716,929339.23,284557619.0505,254.82293117630928,13090.395504460037,False,588.0,13.0,3.0,0.0,572.0,0.0,152.0,65.0,7405.0,3.0,0.022108843537414966,0.00510204081632653,0.26573426573426573,0.11363636363636363,12.945804195804195,matched
2025,2,13487,11292,primary,11087.0,3425,1717392.29,350892341.59070003,154.90144222963832,7654.532244578226,False,1458.0,5.0,5.0,0.0,1448.0,0.0,419.0,145.0,20209.0,3.0,0.003429355281207133,0.003429355281207133,0.2893646408839779,0.10013812154696132,13.956491712707182,matched
2025,2,13487,11298,primary,6564.0,2319,1517640.62,465787877.8664,231.20667580743452,17504.453846109995,False,816.0,19.0,5.0,0.0,792.0,0.0,243.0,100.0,12914.0,3.0,0.023284313725490197,0.006127450980392157,0.3068181818181818,0.12626262626262627,16.305555555555557,matched
2025,2,13487,11433,primary,3865.0,1100,818075.45,242271177.7947,211.66247089262612,17882.356189159895,False,541.0,1.0,0.0,0.0,540.0,0.0,82.0,35.0,1431.0,3.0,0.0018484288354898336,0.0,0.15185185185185185,0.06481481481481481,2.65,matched
2025,2,13487,11618,primary,4016.0,2016,924785.4199999999,272564680.6948,230.27525398406374,14842.998810642675,False,488.0,14.0,2.0,0.0,472.0,0.0,170.0,103.0,14261.0,3.0,0.028688524590163935,0.004098360655737705,0.3601694915254237,0.21822033898305085,30.213983050847457,matched
2025,2,13487,11697,primary,2108.0,841,465052.08999999997,144675932.1345,220.6129459203036,19961.774455979998,False,175.0,1.0,1.0,0.0,173.0,0.0,33.0,13.0,797.0,3.0,0.005714285714285714,0.005714285714285714,0.1907514450867052,0.07514450867052024,4.606936416184971,matched
2025,2,13487,12173,primary,316.0,212,247534.82,238186998.0424,783.3380379746835,140137.84118096065,False,91.0,1.0,1.0,0.0,89.0,0.0,6.0,3.0,-901.0,3.0,0.01098901098901099,0.01098901098901099,0.06741573033707865,0.033707865168539325,-10.123595505617978,matched
2025,2,13487,12266,primary,3110.0,1467,805653.76,262037246.80719998,259.0526559485531,17148.0709016919,False,498.0,5.0,4.0,0.0,489.0,0.0,149.0,71.0,9483.0,3.0,0.010040160642570281,0.008032128514056224,0.3047034764826176,0.14519427402862986,19.392638036809817,matched
2025,2,13487,12478,primary,2090.0,870,413738.82999999996,111910340.73210001,197.96116267942583,14356.995645777373,False,237.0,0.0,3.0,0.0,234.0,0.0,62.0,28.0,3149.0,3.0,0.0,0.012658227848101266,0.26495726495726496,0.11965811965811966,13.457264957264957,matched
2025,2,13487,12889,primary,8661.0,1501,1561358.04,412377297.1724,180.27456875649463,15114.207347525036,False,673.0,2.0,1.0,0.0,670.0,0.0,99.0,24.0,-1714.0,3.0,0.0029717682020802376,0.0014858841010401188,0.14776119402985075,0.03582089552238806,-2.5582089552238805,matched
2025,2,13487,12892,primary,6894.0,1416,1563802.54,544800710.5504,226.83529736002322,27571.090278088253,False,606.0,3.0,0.0,0.0,603.0,0.0,93.0,26.0,-569.0,3.0,0.0049504950495049506,0.0,0.15422885572139303,0.04311774461028192,-0.9436152570480929,matched
2025,2,13487,12953,primary,4612.0,2092,1433820.0,549191389.1816,310.88898525585427,22426.83095014117,False,572.0,7.0,2.0,0.0,563.0,0.0,128.0,43.0,2087.0,3.0,0.012237762237762238,0.0034965034965034965,0.22735346358792186,0.0763765541740675,3.7069271758436946,matched
2025,2,13487,13204,primary,8782.0,1387,1617035.7500000002,412119375.74189997,184.13069346390347,13023.623518387234,False,528.0,1.0,3.0,0.0,524.0,0.0,119.0,30.0,4745.0,3.0,0.001893939393939394,0.005681818181818182,0.22709923664122136,0.05725190839694656,9.055343511450381,matched
2025,2,13487,13232,primary,2917.0,1445,477418.89,102277271.7635,163.6677716832362,8275.346547040095,False,710.0,3.0,0.0,0.0,707.0,0.0,97.0,26.0,377.0,3.0,0.004225352112676056,0.0,0.1371994342291372,0.036775106082036775,0.5332390381895332,matched
2025,2,13487,13303,primary,2720.0,1215,568414.6,164515436.9028,208.97595588235293,16812.666371439227,False,286.0,0.0,0.0,0.0,286.0,0.0,53.0,11.0,377.0,3.0,0.0,0.0,0.1853146853146853,0.038461538461538464,1.3181818181818181,matched
2025,2,13487,13796,primary,153.0,35,13818.02,1341130.5204,90.31385620915033,608.966333495664,False,,,,,,,,,,,,,,,,fare_only
2025,2,13487,13930,primary,7580.0,3073,1479183.3,357575375.769,195.14291556728233,9092.774927251441,False,1616.0,13.0,1.0,0.0,1602.0,0.0,382.0,154.0,17971.0,3.0,0.008044554455445545,0.0006188118811881188,0.23845193508114856,0.09612983770287141,11.21785268414482,matched
2025,2,13487,14100,primary,3337.0,1691,863312.03,294239774.3823,258.7090290680252,21244.5781595008,False,510.0,4.0,1.0,0.0,505.0,0.0,96.0,40.0,2237.0,3.0,0.00784313725490196,0.00196078431372549,0.1900990099009901,0.07920792079207921,4.42970297029703,matched
2025,2,13487,14107,primary,8948.0,2684,1792753.27,509980526.2403,200.35239941886456,16852.716476283465,False,840.0,1.0,0.0,0.0,839.0,0.0,149.0,61.0,3233.0,3.0,0.0011904761904761906,0.0,0.17759237187127533,0.07270560190703218,3.8533969010727054,matched
2025,2,13487,14635,primary,5020.0,1007,959471.9500000001,283514760.8299,191.1298705179283,19946.416585819883,False,328.0,2.0,1.0,0.0,325.0,0.0,63.0,18.0,1583.0,3.0,0.006097560975609756,0.003048780487804878,0.19384615384615383,0.055384615384615386,4.8707692307692305,matched
2025,2,13487,14679,primary,3712.0,1092,944297.0399999999,335164500.5786,254.39036637931034,25577.70220961792,False,339.0,0.0,0.0,0.0,339.0,0.0,70.0,13.0,444.0,3.0,0.0,0.0,0.20648967551622419,0.038348082595870206,1.3097345132743363,matched
2025,2,13487,14747,primary,6000.0,1621,1435856.2200000002,448666968.7826,239.30937000000003,17508.853560636424,False,683.0,3.0,1.0,0.0,679.0,0.0,89.0,16.0,-3345.0,3.0,0.004392386530014641,0.0014641288433382138,0.13107511045655376,0.023564064801178203,-4.926362297496318,matched
2025,2,13487,14771,primary,5414.0,1694,1333087.25,484136879.1379,246.2296361285556,28794.106140152042,False,507.0,1.0,0.0,0.0,506.0,0.0,87.0,16.0,-1674.0,3.0,0.0019723865877712033,0.0,0.17193675889328064,0.03162055335968379,-3.308300395256917,matched
2025,2,13487,14869,primary,2212.0,746,664866.35,262648615.43410003,300.57249095840865,28394.2497559561,False,441.0,0.0,0.0,0.0,441.0,0.0,48.0,13.0,-1481.0,3.0,0.0,0.0,0.10884353741496598,0.02947845804988662,-3.3582766439909295,matched
2025,2,13487,15016,primary,2512.0,1537,577342.56,159736120.89740002,229.833821656051,10765.634525442714,False,440.0,1.0,0.0,0.0,439.0,0.0,77.0,31.0,2837.0,3.0,0.0022727272727272726,0.0,0.17539863325740318,0.07061503416856492,6.462414578587699,matched
2025,2,13487,15304,primary,4404.0,990,835464.4299999999,220696232.5835,189.70581970935513,14124.379666744062,False,357.0,1.0,1.0,0.0,355.0,0.0,66.0,12.0,846.0,3.0,0.0028011204481792717,0.0028011204481792717,0.18591549295774648,0.03380281690140845,2.3830985915492957,matched
2025,2,13796,10821,primary,28.0,28,9259.88,3494717.1541999998,330.71,15442.222835714289,True,,,,,,,,,,,,,,,,fare_only
2025,2,13796,11278,primary,80.0,74,22605.73,6756160.0833,282.571625,4605.277786109378,False,,,,,,,,,,,,,,,,fare_only
2025,2,13796,11292,primary,2264.0,1204,510024.26,138141913.622,225.27573321554772,10267.59032366734,False,462.0,0.0,2.0,0.0,460.0,0.0,132.0,44.0,5790.0,3.0,0.0,0.004329004329004329,0.28695652173913044,0.09565217391304348,12.58695652173913,matched
2025,2,13796,12173,primary,1959.0,943,643892.71,269687330.3679,328.6843848902501,29632.38950803157,False,188.0,0.0,0.0,0.0,188.0,0.0,23.0,10.0,2264.0,3.0,0.0,0.0,0.12234042553191489,0.05319148936170213,12.042553191489361,matched
2025,2,13796,12889,primary,9251.0,2161,1117671.62,182495282.4454,120.81630310236733,5130.50797044277,False,1129.0,5.0,0.0,0.0,1124.0,0.0,181.0,52.0,2625.0,3.0,0.0044286979627989375,0.0,0.1610320284697509,0.046263345195729534,2.3354092526690393,matched
2025,2,13796,12892,primary,3950.0,1053,664607.19,127309570.7909,168.25498481012656,3920.531172847881,False,585.0,4.0,0.0,0.0,581.0,0.0,80.0,27.0,-1134.0,3.0,0.006837606837606838,0.0,0.13769363166953527,0.04647160068846816,-1.9518072289156627,matched
2025,2,13796,13204,primary,7.0,7,2128.62,688482.9373999999,304.0885714285714,5884.846069387757,True,,,,,,,,,,,,,,,,fare_only
2025,2,13796,13232,primary,710.0,470,163230.85,42266116.8267,229.90260563380284,6674.533932224753,False,95.0,0.0,1.0,0.0,94.0,0.0,5.0,1.0,-450.0,3.0,0.0,0.010526315789473684,0.05319148936170213,0.010638297872340425,-4.787234042553192,matched
2025,2,13796,13303,primary,3.0,3,804.45,218777.0025,268.15000000000003,1021.2449999999808,True,,,,,,,,,,,,,,,,fare_only
2025,2,13796,13487,primary,179.0,40,17388.14,1909913.4498,97.1404469273743,1233.6411115321007,False,,,,,,,,,,,,,,,,fare_only
2025,2,13796,14107,primary,4360.0,1562,701300.21,132404152.5819,160.84867201834862,4495.629614039219,False,552.0,0.0,1.0,0.0,551.0,0.0,114.0,32.0,3432.0,3.0,0.0,0.0018115942028985507,0.20689655172413793,0.05807622504537205,6.228675136116152,matched
2025,2,13796,14679,primary,6865.0,1815,978814.86,198123347.85660002,142.5804603058995,8530.731910203267,False,874.0,8.0,0.0,0.0,866.0,0.0,168.0,38.0,5142.0,3.0,0.009153318077803204,0.0,0.19399538106235567,0.04387990762124711,5.937644341801386,matched
2025,2,13796,14747,primary,5255.0,2419,884442.1,180444166.37260002,168.3048715509039,6011.085126144302,False,493.0,0.0,0.0,0.0,493.0,0.0,120.0,27.0,3310.0,3.0,0.0,0.0,0.2434077079107505,0.05476673427991886,6.713995943204869,matched
2025,2,13796,14869,primary,2138.0,1130,365295.6,84138135.884,170.85855940130963,10161.017732630007,False,468.0,0.0,1.0,0.0,467.0,0.0,49.0,21.0,-1119.0,3.0,0.0,0.002136752136752137,0.10492505353319058,0.044967880085653104,-2.3961456102783725,matched
2025,2,13796,15016,primary,17.0,15,4706.02,1411246.6199999999,276.824705882353,6382.589271972291,True,,,,,,,,,,,,,,,,fare_only
2025,2,13796,15304,primary,6.0,6,1770.71,536168.3341,295.11833333333334,2266.5583472222206,True,,,,,,,,,,,,,,,,fare_only
2025,2,13930,10397,primary,12618.0,4655,2440800.13,687875589.1499,193.4379560944682,17097.178694530645,False,1623.0,20.0,9.0,0.0,1594.0,0.0,435.0,155.0,23369.0,3.0,0.012322858903265557,0.005545286506469501,0.2728983688833124,0.0972396486825596,14.66060225846926,matched
2025,2,13930,10721,primary,16127.0,5710,3049485.25,752431454.0619,189.0919110807962,10900.878050889842,False,1858.0,14.0,4.0,0.0,1840.0,0.0,510.0,216.0,24872.0,3.0,0.007534983853606028,0.002152852529601722,0.27717391304347827,0.11739130434782609,13.517391304347827,matched
2025,2,13930,10821,primary,3860.0,2336,762610.61,189076215.3021,197.56751554404144,9950.552268620224,False,679.0,9.0,5.0,0.0,665.0,0.0,160.0,55.0,6474.0,3.0,0.013254786450662739,0.007363770250368188,0.24060150375939848,0.08270676691729323,9.735338345864662,matched
2025,2,13930,11278,primary,10395.0,2902,2230267.92,577523089.4592,214.55198845598844,9525.221013333212,False,1670.0,26.0,8.0,0.0,1636.0,0.0,460.0,182.0,29690.0,3.0,0.015568862275449102,0.004790419161676647,0.28117359413202936,0.11124694376528117,18.1479217603912,matched
2025,2,13930,11292,primary,12345.0,4168,2384918.46,599238242.1932,193.18902065613608,11218.969668777623,False,1613.0,4.0,4.0,0.0,1605.0,0.0,424.0,180.0,18965.0,3.0,0.0024798512089274642,0.0024798512089274642,0.2641744548286604,0.11214953271028037,11.81619937694704,matched
2025,2,13930,11298,primary,13538.0,3903,2899325.05,840748285.2452999,214.1619921701876,16237.483866772876,False,1706.0,35.0,7.0,0.0,1664.0,0.0,525.0,235.0,31075.0,3.0,0.020515826494724502,0.004103165298944901,0.3155048076923077,0.14122596153846154,18.674879807692307,matched
2025,2,13930,11433,primary,3610.0,2223,731753.85,174588027.6481,202.7018975069252,7274.275275651547,False,1592.0,18.0,0.0,0.0,1574.0,0.0,323.0,120.0,13669.0,3.0,0.011306532663316583,0.0,0.20520965692503176,0.07623888182973317,8.684243964421855,matched
2025,2,13930,11618,primary,12404.0,4345,2731770.89,779532836.2023001,220.23306110931958,14342.677430528034,False,1488.0,47.0,7.0,0.0,1434.0,0.0,582.0,324.0,50633.0,3.0,0.031586021505376344,0.004704301075268817,0.40585774058577406,0.22594142259414227,35.30892608089261,matched
2025,2,13930,11697,primary,7681.0,2570,1413710.78,388542723.83280003,184.05295925009764,16709.42211301084,False,688.0,3.0,2.0,0.0,683.0,0.0,122.0,32.0,1490.0,3.0,0.00436046511627907,0.0029069767441860465,0.17862371888726208,0.04685212298682284,2.1815519765739384,matched
2025,2,13930,12173,primary,880.0,603,643352.6900000001,578246414.9003,731.0826022727273,122616.42740447819,False,97.0,0.0,0.0,0.0,97.0,0.0,9.0,0.0,-1354.0,3.0,0.0,0.0,0.09278350515463918,0.0,-13.958762886597938,matched
2025,2,13930,12266,primary,10155.0,3415,2128536.9899999998,602733628.8493,209.60482422451992,15419.203072866709,False,1447.0,10.0,8.0,0.0,1429.0,0.0,391.0,147.0,15137.0,3.0,0.006910850034554251,0.0055286800276434,0.2736179146256123,0.10286913925822254,10.592722183344996,matched
2025,2,13930,12478,primary,4141.0,2271,831660.55,220594408.5077,200.83567978749096,12935.835932386224,False,443.0,7.0,2.0,0.0,434.0,0.0,107.0,47.0,8008.0,3.0,0.01580135440180587,0.004514672686230248,0.2465437788018433,0.10829493087557604,18.451612903225808,matched
2025,2,13930,12889,primary,11492.0,3954,2469438.28,822180498.8889999,214.88324747650537,25368.915927584778,False,1371.0,4.0,1.0,0.0,1366.0,0.0,278.0,95.0,2811.0,3.0,0.0029175784099197666,0.0007293946024799417,0.20351390922401172,0.06954612005856516,2.0578330893118593,matched
2025,2,13930,12892,primary,17293.0,4636,4036775.17,1498415721.1907,233.4340582894813,32157.226094685095,False,1863.0,13.0,1.0,0.0,1849.0,0.0,353.0,127.0,4894.0,3.0,0.006977992485238862,0.0005367686527106817,0.19091400757166035,0.06868577609518658,2.6468361276365604,matched
2025,2,13930,12953,primary,27935.0,7401,5882047.51,1616854559.9587,210.56192983712188,13542.84177051951,False,2921.0,61.0,20.0,0.0,2840.0,0.0,764.0,357.0,49252.0,3.0,0.020883259157822662,0.006846970215679562,0.26901408450704223,0.12570422535211268,17.34225352112676,matched
2025,2,13930,13204,primary,15629.0,4515,2827483.4499999997,689965480.4197,180.91262716744512,11417.110576986925,False,1459.0,9.0,9.0,0.0,1441.0,0.0,310.0,112.0,8827.0,3.0,0.00616860863605209,0.00616860863605209,0.21512838306731435,0.0777238029146426,6.125607217210271,matched
2025,2,13930,13303,primary,8811.0,2781,1923033.9100000001,628389092.0341,218.25376347747135,23683.997716695398,False,1086.0,10.0,6.0,0.0,1070.0,0.0,211.0,66.0,5080.0,3.0,0.009208103130755065,0.0055248618784530384,0.197196261682243,0.0616822429906542,4.747663551401869,matched
2025,2,13930,13487,primary,7638.0,3056,1500008.79,363719522.0153,196.3876394344069,9051.628255608666,False,1616.0,8.0,1.0,0.0,1607.0,0.0,477.0,169.0,24493.0,3.0,0.0049504950495049506,0.0006188118811881188,0.2968263845675171,0.10516490354698195,15.241443683883011,matched
2025,2,13930,13796,primary,1.0,1,266.35,70942.32250000001,266.35,0.0,True,,,,,,,,,,,,,,,,fare_only
2025,2,13930,14100,primary,9716.0,3209,2248236.23,650843949.0077,231.39524804446273,13443.059788421393,False,1162.0,19.0,3.0,0.0,1140.0,0.0,324.0,130.0,19942.0,3.0,0.016351118760757316,0.0025817555938037868,0.28421052631578947,0.11403508771929824,17.49298245614035,matched
2025,2,13930,14107,primary,11154.0,3640,2616047.38,862751473.6589999,234.53894387663618,22340.549042725375,False,1499.0,7.0,1.0,0.0,1491.0,0.0,303.0,86.0,5473.0,3.0,0.004669779853235491,0.00066711140760507,0.20321931589537223,0.05767940979208585,3.670690811535882,matched
2025,2,13930,14635,primary,6225.0,2363,1315667.52,421331112.3312,211.35221204819277,23013.95528662492,False,696.0,5.0,2.0,0.0,689.0,0.0,125.0,42.0,1175.0,3.0,0.007183908045977011,0.0028735632183908046,0.18142235123367198,0.06095791001451379,1.7053701015965166,matched
2025,2,13930,14679,primary,5894.0,2477,1659163.32,597359903.3892,281.50039362063114,22108.03795865063,False,854.0,3.0,1.0,0.0,850.0,0.0,184.0,78.0,6465.0,3.0,0.00351288056206089,0.00117096018735363,0.2164705882352941,0.09176470588235294,7.605882352941176,matched
2025,2,13930,14747,primary,10959.0,3829,2469018.88,716295389.1082,225.29600145998722,14603.094070169165,False,1533.0,7.0,1.0,0.0,1525.0,0.0,343.0,106.0,10515.0,3.0,0.0045662100456621,0.0006523157208088715,0.22491803278688524,0.06950819672131148,6.895081967213115,matched
2025,2,13930,14771,primary,15833.0,4576,4159668.5799999996,1637524307.5386,262.7214412935009,34402.20949268677,False,1449.0,15.0,0.0,0.0,1434.0,0.0,279.0,89.0,127.0,3.0,0.010351966873706004,0.0,0.19456066945606695,0.06206415620641562,0.08856345885634588,matched
2025,2,13930,14869,primary,3374.0,1900,1033114.3,383165329.9782,306.19866627148787,19806.493542441676,False,801.0,3.0,1.0,0.0,797.0,0.0,209.0,76.0,10956.0,3.0,0.003745318352059925,0.0012484394506866417,0.26223337515683814,0.09535759096612297,13.7465495608532,matched
2025,2,13930,15016,primary,1835.0,1442,434739.52,121096498.0598,236.9152697547684,9863.79695146675,False,842.0,7.0,1.0,0.0,834.0,0.0,194.0,69.0,6338.0,3.0,0.00831353919239905,0.0011876484560570072,0.23261390887290168,0.08273381294964029,7.599520383693045,matched
2025,2,13930,15304,primary,8138.0,2881,1491665.53,391178533.13310003,183.2963295650037,14470.596773834375,False,818.0,5.0,4.0,0.0,809.0,0.0,157.0,53.0,4409.0,3.0,0.006112469437652812,0.004889975550122249,0.19406674907292953,0.06551297898640297,5.449938195302843,matched
2025,2,14100,10397,primary,11297.0,3899,2110169.0100000002,571119698.5933,186.79021067540057,15664.405121244446,False,1473.0,19.0,6.0,0.0,1448.0,0.0,424.0,190.0,26688.0,3.0,0.012898845892735914,0.004073319755600814,0.292817679558011,0.13121546961325967,18.430939226519335,matched
2025,2,14100,10721,primary,8670.0,3471,1668227.7,389605159.08959997,192.4138062283737,7914.085083851722,False,1317.0,19.0,1.0,0.0,1297.0,0.0,337.0,153.0,14993.0,3.0,0.01442672741078208,0.0007593014426727411,0.25983037779491136,0.117964533538936,11.559753276792598,matched
2025,2,14100,11278,primary,49.0,45,10075.3,2427703.6468,205.61836734693875,7266.059393252828,False,287.0,10.0,1.0,0.0,276.0,0.0,74.0,31.0,4290.0,3.0,0.03484320557491289,0.003484320557491289,0.26811594202898553,0.11231884057971014,15.543478260869565,matched
2025,2,14100,11292,primary,6556.0,3481,1604135.5,518435528.2682,244.68204697986576,19208.72033177693,False,781.0,9.0,9.0,0.0,763.0,0.0,215.0,91.0,13443.0,3.0,0.011523687580025609,0.011523687580025609,0.2817824377457405,0.11926605504587157,17.618610747051115,matched
2025,2,14100,11298,primary,6646.0,2409,1894224.25,717656101.5567001,285.0171907914535,26748.36399227388,False,847.0,29.0,6.0,0.0,812.0,0.0,264.0,98.0,16133.0,3.0,0.03423848878394333,0.0070838252656434475,0.3251231527093596,0.1206896551724138,19.86822660098522,matched
2025,2,14100,11433,primary,3576.0,2048,842673.67,256488483.2861,235.6469994407159,16195.459016472036,False,709.0,11.0,0.0,0.0,698.0,0.0,148.0,76.0,5407.0,3.0,0.015514809590973202,0.0,0.21203438395415472,0.10888252148997135,7.7464183381088825,matched
2025,2,14100,11697,primary,7782.0,2185,1263536.3499999999,322368128.0157,162.3665317399126,15061.952343728051,False,665.0,6.0,2.0,0.0,657.0,0.0,173.0,71.0,8980.0,3.0,0.009022556390977444,0.0030075187969924814,0.2633181126331811,0.1080669710806697,13.668188736681888,matched
2025,2,14100,12266,primary,4380.0,2704,1162184.03,407093963.2141,265.3388196347032,22539.138012693496,False,440.0,9.0,5.0,0.0,426.0,0.0,116.0,48.0,4301.0,3.0,0.020454545454545454,0.011363636363636364,0.27230046948356806,0.11267605633802817,10.0962441314554,matched
2025,2,14100,12889,primary,5996.0,2070,1576815.25,657768703.2233,262.9778602401601,40543.89639497112,False,556.0,12.0,2.0,0.0,542.0,0.0,141.0,50.0,5231.0,3.0,0.02158273381294964,0.0035971223021582736,0.26014760147601473,0.09225092250922509,9.65129151291513,matched
2025,2,14100,12892,primary,7981.0,2698,2371812.02,1191817507.6304,297.1823104874076,61014.52593471926,False,688.0,6.0,2.0,0.0,680.0,0.0,186.0,59.0,5704.0,3.0,0.00872093023255814,0.0029069767441860465,0.2735294117647059,0.08676470588235294,8.388235294117647,matched
2025,2,14100,12953,primary,14.0,14,3803.0,1097971.0,271.64285714285717,4636.658163265296,True,93.0,1.0,0.0,0.0,92.0,0.0,17.0,7.0,423.0,3.0,0.010752688172043012,0.0,0.18478260869565216,0.07608695652173914,4.5978260869565215,matched
2025,2,14100,13204,primary,17907.0,3774,2918762.17,682347001.6413,162.99559781091193,11537.477906644075,False,1464.0,21.0,14.0,0.0,1429.0,0.0,445.0,187.0,21956.0,3.0,0.014344262295081968,0.009562841530054645,0.311406578026592,0.13086074177746676,15.364590622813155,matched
2025,2,14100,13232,primary,2482.0,1324,450930.06999999995,103158012.6821,181.68012489927474,8554.786963602462,False,395.0,2.0,1.0,0.0,392.0,0.0,111.0,50.0,6099.0,3.0,0.005063291139240506,0.002531645569620253,0.28316326530612246,0.12755102040816327,15.558673469387756,matched
2025,2,14100,13303,primary,6618.0,2081,1353645.99,425706351.5941,204.5400407978241,22488.900811980813,False,826.0,12.0,3.0,0.0,811.0,0.0,210.0,79.0,10794.0,3.0,0.014527845036319613,0.0036319612590799033,0.2589395807644883,0.09741060419235512,13.309494451294698,matched
2025,2,14100,13487,primary,3390.0,1687,866482.2999999999,285612463.78859997,255.59949852507373,18920.360598155603,False,510.0,6.0,0.0,0.0,504.0,0.0,122.0,54.0,8121.0,3.0,0.011764705882352941,0.0,0.24206349206349206,0.10714285714285714,16.113095238095237,matched
2025,2,14100,13930,primary,9483.0,3028,2147257.94,596142728.243,226.43234630391225,11592.752796487905,False,1163.0,22.0,2.0,0.0,1139.0,0.0,335.0,144.0,20972.0,3.0,0.018916595012897677,0.0017196904557179708,0.29411764705882354,0.1264266900790167,18.4126426690079,matched
2025,2,14100,14107,primary,4213.0,1491,1403843.34,574836342.7802,333.21702824590557,25409.882958128044,False,625.0,4.0,0.0,0.0,621.0,0.0,158.0,51.0,5242.0,3.0,0.0064,0.0,0.25442834138486314,0.0821256038647343,8.44122383252818,matched
2025,2,14100,14635,primary,3754.0,1499,792069.54,233885724.941,210.99348428343103,17784.819632825136,False,397.0,5.0,2.0,0.0,390.0,0.0,101.0,38.0,4788.0,3.0,0.012594458438287154,0.005037783375314861,0.258974358974359,0.09743589743589744,12.276923076923078,matched
2025,2,14100,14679,primary,2946.0,1200,979215.07,435987710.7421,332.38800746775286,37511.32543869785,False,272.0,5.0,0.0,0.0,267.0,0.0,87.0,30.0,6292.0,3.0,0.01838235294117647,0.0,0.3258426966292135,0.11235955056179775,23.56554307116105,matched
2025,2,14100,14747,primary,2982.0,1299,1033526.8799999999,477219306.9688,346.588490945674,39909.720079748295,False,290.0,1.0,0.0,0.0,289.0,0.0,106.0,29.0,3734.0,3.0,0.0034482758620689655,0.0,0.36678200692041524,0.10034602076124567,12.920415224913494,matched
2025,2,14100,14771,primary,5454.0,2600,1854533.33,934335135.0825,340.03178034470113,55690.29431133349,False,443.0,3.0,0.0,0.0,440.0,0.0,102.0,24.0,2878.0,3.0,0.006772009029345372,0.0,0.2318181818181818,0.05454545454545454,6.540909090909091,matched
2025,2,14100,14869,primary,1258.0,824,447823.36000000004,200398778.6394,355.98041335453104,32577.451380592218,False,177.0,3.0,0.0,0.0,174.0,0.0,43.0,14.0,1166.0,3.0,0.01694915254237288,0.0,0.2471264367816092,0.08045977011494253,6.7011494252873565,matched
2025,2,14100,15016,primary,1852.0,1105,519631.92,171821275.38099998,280.57879049676023,14051.608943785497,False,365.0,4.0,1.0,0.0,360.0,0.0,97.0,44.0,5248.0,3.0,0.010958904109589041,0.0027397260273972603,0.26944444444444443,0.12222222222222222,14.577777777777778,matched
2025,2,14100,15304,primary,8294.0,2286,1392661.85,336669288.2561,167.91196648179408,12397.47991058918,False,725.0,8.0,0.0,0.0,717.0,0.0,208.0,74.0,8874.0,3.0,0.011034482758620689,0.0,0.2900976290097629,0.10320781032078104,12.376569037656903,matched
2025,2,14107,10397,primary,6335.0,3039,1785387.62,717338552.7308,281.82914285714287,33806.51777718165,False,994.0,6.0,9.0,0.0,979.0,0.0,192.0,63.0,8628.0,3.0,0.006036217303822937,0.009054325955734407,0.1961184882533197,0.06435137895812053,8.813074565883555,matched
2025,2,14107,10721,primary,6177.0,2819,1874981.28,843412689.356,303.5423797960175,44402.850825937654,False,550.0,2.0,0.0,0.0,548.0,0.0,123.0,32.0,1417.0,3.0,0.0036363636363636364,0.0,0.22445255474452555,0.058394160583941604,2.585766423357664,matched
2025,2,14107,10821,primary,2344.0,1266,657778.56,214399945.726,280.622252559727,12718.705005676835,False,331.0,1.0,2.0,0.0,328.0,0.0,59.0,13.0,516.0,3.0,0.0030211480362537764,0.006042296072507553,0.1798780487804878,0.039634146341463415,1.5731707317073171,matched
2025,2,14107,11278,primary,2610.0,1233,911876.47,420542656.2745,349.37795785440613,39062.497076787506,False,273.0,1.0,3.0,0.0,269.0,0.0,47.0,12.0,396.0,3.0,0.003663003663003663,0.01098901098901099,0.17472118959107807,0.04460966542750929,1.4721189591078068,matched
2025,2,14107,11292,primary,15190.0,4794,2436168.55,500208839.2985,160.37975971033575,7208.473511232583,False,2274.0,28.0,6.0,0.0,2240.0,0.0,733.0,281.0,40129.0,3.0,0.012313104661389622,0.002638522427440633,0.32723214285714286,0.12544642857142857,17.914732142857144,matched
2025,2,14107,11298,primary,8238.0,2339,1769290.24,554760999.3822,214.77181840252487,21214.775097785918,False,1381.0,28.0,5.0,0.0,1348.0,0.0,295.0,125.0,12588.0,3.0,0.020275162925416364,0.003620564808110065,0.21884272997032642,0.09272997032640949,9.338278931750741,matched
2025,2,14107,11433,primary,5986.0,2548,1549935.62,593641094.9242,258.926765786836,32128.51280651281,False,634.0,2.0,4.0,0.0,628.0,0.0,121.0,30.0,3580.0,3.0,0.0031545741324921135,0.006309148264984227,0.1926751592356688,0.04777070063694268,5.7006369426751595,matched
2025,2,14107,11618,primary,6334.0,2587,2029965.03,958275933.2923001,320.48705873065995,48578.84614801139,False,606.0,12.0,5.0,0.0,589.0,0.0,169.0,86.0,11297.0,3.0,0.019801980198019802,0.00825082508250825,0.2869269949066214,0.1460101867572156,19.179966044142613,matched
2025,2,14107,11697,primary,477.0,226,95171.58,22293916.665400002,199.5211320754717,6929.088642324277,False,29.0,0.0,0.0,0.0,29.0,0.0,4.0,3.0,265.0,1.0,0.0,0.0,0.13793103448275862,0.10344827586206896,9.137931034482758,matched
2025,2,14107,12173,primary,2319.0,1300,998676.79,544186470.5957,430.649758516602,49205.06776458162,False,371.0,0.0,2.0,0.0,369.0,0.0,55.0,14.0,-559.0,3.0,0.0,0.005390835579514825,0.14905149051490515,0.037940379403794036,-1.5149051490514904,matched
2025,2,14107,12266,primary,4135.0,1953,907804.38,277117944.6976,219.54156711003628,18819.14110835432,False,843.0,9.0,9.0,0.0,825.0,0.0,142.0,63.0,4695.0,3.0,0.010676156583629894,0.010676156583629894,0.17212121212121212,0.07636363636363637,5.6909090909090905,matched
2025,2,14107,12478,primary,7203.0,2677,2413709.35,1208025752.7809,335.0977856448702,55420.94882765251,False,684.0,2.0,1.0,0.0,681.0,0.0,157.0,59.0,5271.0,3.0,0.0029239766081871343,0.0014619883040935672,0.2305433186490455,0.08663729809104258,7.740088105726873,matched
2025,2,14107,12889,primary,9027.0,2462,1325535.8900000001,255803096.49629998,146.84124183006537,6775.203314321374,False,1702.0,11.0,2.0,0.0,1689.0,0.0,389.0,145.0,17161.0,3.0,0.006462984723854289,0.0011750881316098707,0.23031379514505623,0.08584961515689757,10.160449970396684,matched
2025,2,14107,12892,primary,10024.0,3569,1443545.49,281700577.8787,144.00892757382283,7364.0402992589225,False,1951.0,0.0,0.0,0.0,1951.0,0.0,287.0,81.0,719.0,3.0,0.0,0.0,0.14710404920553563,0.041517170681701694,0.3685289595079446,matched
2025,2,14107,12953,primary,32.0,32,9790.51,3384898.6365,305.9534375,12170.57647255859,False,,,,,,,,,,,,,,,,fare_only
2025,2,14107,13204,primary,4606.0,2447,1251754.47,491717602.49909997,271.76605948762483,32899.093083191416,False,487.0,0.0,5.0,0.0,482.0,0.0,95.0,24.0,2608.0,3.0,0.0,0.01026694045174538,0.1970954356846473,0.04979253112033195,5.410788381742739,matched
2025,2,14107,13232,primary,5993.0,2193,1186717.34,283781806.92579997,198.0172434506925,8141.383364568952,False,755.0,4.0,3.0,0.0,748.0,0.0,161.0,37.0,4284.0,3.0,0.005298013245033113,0.003973509933774834,0.21524064171122995,0.04946524064171123,5.7272727272727275,matched
2025,2,14107,13303,primary,3235.0,1234,1017784.4400000001,505856565.9892,314.6165193199382,57386.32706596829,False,487.0,1.0,2.0,0.0,484.0,0.0,66.0,21.0,-667.0,3.0,0.002053388090349076,0.004106776180698152,0.13636363636363635,0.04338842975206612,-1.378099173553719,matched
2025,2,14107,13487,primary,9866.0,2910,2113823.75,642189109.8379,214.25337016014595,19186.625529681965,False,842.0,1.0,3.0,0.0,838.0,0.0,134.0,39.0,1356.0,3.0,0.0011876484560570072,0.0035629453681710215,0.15990453460620524,0.046539379474940336,1.6181384248210025,matched
2025,2,14107,13796,primary,4374.0,1561,709275.88,136875528.4816,162.15726566072246,4998.008957864033,False,552.0,1.0,0.0,0.0,551.0,0.0,144.0,41.0,5712.0,3.0,0.0018115942028985507,0.0,0.2613430127041742,0.07441016333938294,10.366606170598912,matched
2025,2,14107,13930,primary,11642.0,3687,2793670.27,948963239.4675001,239.96480587527915,23928.937935699316,False,1500.0,9.0,4.0,0.0,1487.0,0.0,280.0,101.0,4395.0,3.0,0.006,0.0026666666666666666,0.1882985877605918,0.06792199058507062,2.9556153328850034,matched
2025,2,14107,14100,primary,4372.0,1557,1490811.77,630801721.8327,340.99079826166513,28007.462562331682,False,625.0,5.0,3.0,0.0,617.0,0.0,123.0,30.0,1677.0,3.0,0.008,0.0048,0.1993517017828201,0.04862236628849271,2.717990275526742,matched
2025,2,14107,14635,primary,3.0,3,908.66,302241.3956,302.88666666666666,9006.799022222229,True,,,,,,,,,,,,,,,,fare_only
2025,2,14107,14679,primary,7301.0,2412,1180716.23,249393820.32849997,161.71979591836734,8005.565343842751,False,1374.0,10.0,0.0,0.0,1364.0,0.0,326.0,92.0,10754.0,3.0,0.00727802037845706,0.0,0.23900293255131966,0.06744868035190615,7.8841642228739,matched
2025,2,14107,14747,primary,14565.0,4573,2826516.4,721491218.2518001,194.0622313765877,11875.807665312757,False,1936.0,4.0,1.0,0.0,1931.0,0.0,353.0,84.0,3262.0,3.0,0.002066115702479339,0.0005165289256198347,0.1828068358363542,0.04350077679958571,1.689280165717245,matched
2025,2,14107,14771,primary,9224.0,3740,1401268.11,283049716.2415,151.91544991326975,7607.918566970169,False,1320.0,6.0,0.0,0.0,1314.0,0.0,309.0,90.0,10233.0,3.0,0.004545454545454545,0.0,0.23515981735159816,0.0684931506849315,7.787671232876712,matched
2025,2,14107,14869,primary,7934.0,3296,1446832.7,361425697.148,182.3585455003781,12299.393798035679,False,1433.0,4.0,0.0,0.0,1429.0,0.0,226.0,60.0,2301.0,3.0,0.0027913468248429866,0.0,0.15815255423372987,0.04198740377886634,1.6102169349195241,matched
2025,2,14107,15016,primary,3260.0,1709,877783.14,279233354.3528,269.2586319018405,13154.192322054689,False,589.0,1.0,2.0,0.0,586.0,0.0,101.0,31.0,1448.0,3.0,0.001697792869269949,0.003395585738539898,0.17235494880546076,0.052901023890784986,2.47098976109215,matched
2025,2,14107,15304,primary,2456.0,1271,776833.53,321826464.1577,316.30029723127035,30990.955911841622,False,334.0,0.0,3.0,0.0,331.0,0.0,72.0,22.0,2263.0,3.0,0.0,0.008982035928143712,0.2175226586102719,0.06646525679758308,6.836858006042296,matched
2025,2,14635,10397,primary,2202.0,753,524750.74,154633947.6108,238.30642143505904,13434.367218892323,False,734.0,11.0,5.0,0.0,718.0,0.0,109.0,54.0,4021.0,3.0,0.014986376021798364,0.006811989100817439,0.15181058495821728,0.07520891364902507,5.600278551532034,matched
2025,2,14635,10721,primary,7598.0,2062,1699130.3699999999,544153258.6541001,223.62863516714924,21608.19334561027,False,607.0,2.0,0.0,0.0,605.0,0.0,145.0,60.0,4109.0,3.0,0.0032948929159802307,0.0,0.2396694214876033,0.09917355371900827,6.791735537190083,matched
2025,2,14635,10821,primary,2143.0,1068,483674.78,134909741.60500002,225.69985067662157,12013.259908050502,False,393.0,0.0,2.0,0.0,391.0,0.0,56.0,19.0,1654.0,3.0,0.0,0.005089058524173028,0.1432225063938619,0.04859335038363171,4.2301790281329925,matched
2025,2,14635,11278,primary,1367.0,911,335222.92,107774721.121,245.2252523774689,18704.898289164543,False,185.0,4.0,1.0,0.0,180.0,0.0,38.0,16.0,1012.0,3.0,0.021621621621621623,0.005405405405405406,0.2111111111111111,0.08888888888888889,5.622222222222222,matched
2025,2,14635,11292,primary,1716.0,918,535304.04,210095524.62420002,311.9487412587413,25121.272235128854,False,240.0,0.0,3.0,0.0,237.0,0.0,54.0,17.0,974.0,3.0,0.0,0.0125,0.22784810126582278,0.07172995780590717,4.109704641350211,matched
2025,2,14635,11298,primary,1583.0,623,465557.20999999996,169437306.5687,294.0980480101074,20541.9076883565,False,356.0,12.0,2.0,0.0,342.0,0.0,119.0,47.0,9408.0,3.0,0.033707865168539325,0.0056179775280898875,0.347953216374269,0.13742690058479531,27.50877192982456,matched
2025,2,14635,11433,primary,4884.0,1363,1059663.4,355566516.61740005,216.9662981162981,25727.94256143939,False,438.0,2.0,1.0,0.0,435.0,0.0,88.0,32.0,3740.0,3.0,0.0045662100456621,0.00228310502283105,0.20229885057471264,0.0735632183908046,8.597701149425287,matched
2025,2,14635,11618,primary,5804.0,2199,1315978.28,425981888.80120003,226.73643694004136,21985.124483720865,False,500.0,10.0,7.0,0.0,483.0,0.0,145.0,93.0,14192.0,3.0,0.02,0.014,0.3002070393374741,0.19254658385093168,29.383022774327124,matched
2025,2,14635,12266,primary,1045.0,518,236914.41,69077747.7511,226.71235406698565,14704.616409195209,False,182.0,2.0,0.0,0.0,180.0,0.0,40.0,17.0,1552.0,3.0,0.01098901098901099,0.0,0.2222222222222222,0.09444444444444444,8.622222222222222,matched
2025,2,14635,12478,primary,3325.0,1157,674617.91,191513726.9867,202.8926045112782,16432.70441408871,False,323.0,3.0,0.0,0.0,320.0,0.0,65.0,26.0,1613.0,3.0,0.009287925696594427,0.0,0.203125,0.08125,5.040625,matched
2025,2,14635,12889,primary,263.0,142,40001.5,6416923.75,152.09695817490496,1265.4649337130759,False,,,,,,,,,,,,,,,,fare_only
2025,2,14635,12953,primary,2178.0,985,541736.0499999999,196586549.61489996,248.73096877869602,28393.02896053988,False,216.0,5.0,0.0,0.0,211.0,0.0,61.0,30.0,3799.0,3.0,0.023148148148148147,0.0,0.2890995260663507,0.14218009478672985,18.00473933649289,matched
2025,2,14635,13232,primary,2226.0,1061,476958.62,124762548.7878,214.26712488769093,10137.464775381522,False,288.0,1.0,0.0,0.0,287.0,0.0,54.0,14.0,820.0,3.0,0.003472222222222222,0.0,0.18815331010452963,0.04878048780487805,2.857142857142857,matched
2025,2,14635,13487,primary,5892.0,1161,1292132.18,448955933.2524,219.3028139850645,28103.8204578656,False,328.0,2.0,0.0,0.0,326.0,0.0,48.0,19.0,-229.0,3.0,0.006097560975609756,0.0,0.147239263803681,0.05828220858895705,-0.7024539877300614,matched
2025,2,14635,13796,primary,1.0,1,278.0,77284.0,278.0,0.0,True,,,,,,,,,,,,,,,,fare_only
2025,2,14635,13930,primary,6789.0,2562,1555885.29,561756841.2227,229.17738842244808,30222.877268463206,False,698.0,6.0,2.0,0.0,690.0,0.0,143.0,52.0,3258.0,3.0,0.008595988538681949,0.0028653295128939827,0.2072463768115942,0.07536231884057971,4.721739130434782,matched
2025,2,14635,14100,primary,4029.0,1585,888480.5800000001,276567209.1856,220.52136510300323,20014.45987006501,False,397.0,5.0,3.0,0.0,389.0,0.0,98.0,39.0,8188.0,3.0,0.012594458438287154,0.007556675062972292,0.2519280205655527,0.10025706940874037,21.04884318766067,matched
2025,2,14635,14107,primary,17.0,16,4102.889999999999,1121699.5189,241.34647058823526,7734.205775778559,True,,,,,,,,,,,,,,,,fare_only
2025,2,14635,14679,primary,9.0,9,2068.0,573875.2856,229.77777777777777,10966.093461728386,True,,,,,,,,,,,,,,,,fare_only
2025,2,14635,14747,primary,53.0,46,21580.010000000002,13321399.222099999,407.17,85559.74623396224,False,6.0,0.0,0.0,0.0,6.0,0.0,1.0,0.0,-23.0,1.0,0.0,0.0,0.16666666666666666,0.0,-3.8333333333333335,matched
2025,2,14635,14771,primary,2.0,2,267.0,38309.0,133.5,1332.25,True,,,,,,,,,,,,,,,,fare_only
2025,2,14635,15016,primary,1480.0,781,355413.0,101376593.0114,240.14391891891893,10828.596186939365,False,253.0,0.0,0.0,0.0,253.0,0.0,56.0,16.0,1562.0,3.0,0.0,0.0,0.22134387351778656,0.06324110671936758,6.173913043478261,matched
2025,2,14679,10397,primary,3739.0,1391,1150943.7,481447109.279,307.82126236961756,34009.67280787419,False,650.0,4.0,9.0,0.0,637.0,0.0,126.0,23.0,3700.0,3.0,0.006153846153846154,0.013846153846153847,0.1978021978021978,0.03610675039246468,5.808477237048666,matched
2025,2,14679,10721,primary,5977.0,2589,1943027.5399999998,985160046.9377999,325.0840789693826,59145.51257901204,False,454.0,0.0,1.0,0.0,453.0,0.0,89.0,33.0,-1185.0,3.0,0.0,0.0022026431718061676,0.19646799116997793,0.0728476821192053,-2.615894039735099,matched
2025,2,14679,10821,primary,1869.0,1090,548141.78,184282901.4486,293.28078116639915,12586.116650754135,False,252.0,0.0,1.0,0.0,251.0,0.0,36.0,10.0,-1204.0,3.0,0.0,0.003968253968253968,0.14342629482071714,0.0398406374501992,-4.796812749003984,matched
2025,2,14679,11278,primary,926.0,454,257261.19,96889890.62110001,277.8198596112311,27448.83685948355,False,91.0,0.0,1.0,0.0,90.0,0.0,38.0,9.0,1548.0,3.0,0.0,0.01098901098901099,0.4222222222222222,0.1,17.2,matched
2025,2,14679,11292,primary,8673.0,2694,1512380.29,343578780.6025,174.37798800876283,9207.07350722827,False,1357.0,10.0,9.0,0.0,1338.0,0.0,418.0,154.0,22468.0,3.0,0.007369196757553427,0.006632277081798084,0.312406576980568,0.11509715994020926,16.79222720478326,matched
2025,2,14679,11298,primary,5113.0,1737,1218693.91,400297787.0359,238.35202620770582,21478.510514455033,False,916.0,29.0,5.0,0.0,882.0,0.0,236.0,103.0,17114.0,3.0,0.03165938864628821,0.0054585152838427945,0.2675736961451247,0.11678004535147392,19.403628117913833,matched
2025,2,14679,11433,primary,2369.0,778,851812.6699999999,388845147.0539,359.56634444913465,34850.98317709708,False,335.0,1.0,0.0,0.0,334.0,0.0,47.0,7.0,833.0,3.0,0.0029850746268656717,0.0,0.1407185628742515,0.020958083832335328,2.4940119760479043,matched
2025,2,14679,11618,primary,4212.0,2012,1434780.9499999997,711020126.8783,340.64125118708444,52771.73525425131,False,391.0,5.0,6.0,0.0,380.0,0.0,99.0,62.0,7672.0,3.0,0.01278772378516624,0.015345268542199489,0.26052631578947366,0.1631578947368421,20.189473684210526,matched
2025,2,14679,11697,primary,363.0,215,101629.12000000001,45302482.4758,279.9700275482094,46417.01088071549,False,39.0,0.0,0.0,0.0,39.0,0.0,12.0,1.0,84.0,2.0,0.0,0.0,0.3076923076923077,0.02564102564102564,2.1538461538461537,matched
2025,2,14679,12173,primary,3740.0,1994,1293142.99,615775914.8651,345.7601577540107,45095.87985139221,False,378.0,1.0,0.0,0.0,377.0,0.0,105.0,21.0,1857.0,3.0,0.0026455026455026454,0.0,0.27851458885941643,0.05570291777188329,4.925729442970822,matched
2025,2,14679,12266,primary,2325.0,903,763185.2,301627486.06960005,328.25169892473116,21983.074225973905,False,427.0,5.0,2.0,0.0,420.0,0.0,76.0,29.0,1344.0,3.0,0.0117096018735363,0.00468384074941452,0.18095238095238095,0.06904761904761905,3.2,matched
2025,2,14679,12478,primary,7571.0,2688,2528365.55,1338401300.1211002,333.95397569673753,65254.731565702255,False,632.0,7.0,3.0,0.0,622.0,0.0,113.0,39.0,630.0,3.0,0.011075949367088608,0.004746835443037975,0.18167202572347266,0.06270096463022508,1.0128617363344052,matched
2025,2,14679,12889,primary,11678.0,2292,1069458.32,135052830.7526,91.57889364617229,3178.0288582210924,False,1909.0,15.0,0.0,0.0,1894.0,0.0,509.0,158.0,23953.0,3.0,0.00785751702462022,0.0,0.26874340021119325,0.08342133051742344,12.646779303062303,matched
2025,2,14679,12892,primary,242.0,154,44602.25,10187728.7611,184.3068181818182,8129.0495035123895,False,637.0,0.0,0.0,0.0,637.0,0.0,66.0,18.0,-1132.0,3.0,0.0,0.0,0.10361067503924647,0.0282574568288854,-1.7770800627943486,matched
2025,2,14679,12953,primary,24.0,22,6759.780000000001,2677556.8770000003,281.6575,32233.92256875,True,,,,,,,,,,,,,,,,fare_only
2025,2,14679,13204,primary,2603.0,1311,698035.9,258113834.6114,268.1659239339224,27247.173472475202,False,248.0,0.0,2.0,0.0,246.0,0.0,45.0,11.0,-414.0,3.0,0.0,0.008064516129032258,0.18292682926829268,0.044715447154471545,-1.6829268292682926,matched
2025,2,14679,13232,primary,1946.0,1049,472498.21,129279601.0151,242.80483556012334,7479.316975127127,False,263.0,1.0,1.0,0.0,261.0,0.0,58.0,11.0,1081.0,3.0,0.0038022813688212928,0.0038022813688212928,0.2222222222222222,0.0421455938697318,4.14176245210728,matched
2025,2,14679,13303,primary,1324.0,749,395139.61,180808076.51749998,298.4438141993958,47493.28109353344,False,124.0,0.0,0.0,0.0,124.0,0.0,18.0,4.0,998.0,3.0,0.0,0.0,0.14516129032258066,0.03225806451612903,8.048387096774194,matched
2025,2,14679,13487,primary,3890.0,1116,997826.51,350068008.3155,256.51067095115684,24194.05160476832,False,338.0,0.0,0.0,0.0,338.0,0.0,57.0,13.0,184.0,3.0,0.0,0.0,0.16863905325443787,0.038461538461538464,0.5443786982248521,matched
2025,2,14679,13796,primary,6892.0,1806,997379.7100000001,205504052.1733,144.7155702263494,8875.171025603453,False,873.0,10.0,0.0,0.0,863.0,0.0,214.0,48.0,5057.0,3.0,0.011454753722794959,0.0,0.24797219003476245,0.055619930475086905,5.859791425260719,matched
2025,2,14679,13930,primary,5956.0,2495,1682420.84,607754065.4722,282.4749563465413,22248.541325837592,False,854.0,4.0,0.0,0.0,850.0,0.0,133.0,46.0,2578.0,3.0,0.00468384074941452,0.0,0.1564705882352941,0.05411764705882353,3.032941176470588,matched
2025,2,14679,14100,primary,2931.0,1175,964702.63,433183454.4423,329.1377106789492,39462.10826275629,False,273.0,5.0,2.0,0.0,266.0,0.0,41.0,15.0,502.0,3.0,0.018315018315018316,0.007326007326007326,0.15413533834586465,0.05639097744360902,1.887218045112782,matched
2025,2,14679,14107,primary,7181.0,2406,1162953.9100000001,246409840.32450002,161.94874112240637,8086.7453859657035,False,1376.0,14.0,0.0,0.0,1362.0,0.0,308.0,92.0,12133.0,3.0,0.010174418604651164,0.0,0.2261380323054332,0.06754772393538913,8.908223201174742,matched
2025,2,14679,14635,primary,2.0,2,551.5,159457.25,275.75,3690.5625,True,,,,,,,,,,,,,,,,fare_only
2025,2,14679,14747,primary,10757.0,2421,2202787.74,559654910.053,204.77714418518175,10093.365009730347,False,1209.0,9.0,1.0,0.0,1199.0,0.0,257.0,63.0,6145.0,3.0,0.007444168734491315,0.0008271298593879239,0.21434528773978315,0.05254378648874062,5.12510425354462,matched
2025,2,14679,14771,primary,15544.0,4644,1941385.3599999999,341113383.2206,124.89612454966546,6345.977579718407,False,1702.0,3.0,0.0,0.0,1699.0,0.0,430.0,105.0,12468.0,3.0,0.0017626321974148062,0.0,0.25309005297233667,0.06180105944673337,7.338434373160683,matched
2025,2,14679,14869,primary,4562.0,1728,950089.38,242036732.1656,208.2615914072775,9682.07056283349,False,655.0,0.0,0.0,0.0,655.0,0.0,106.0,35.0,2522.0,3.0,0.0,0.0,0.1618320610687023,0.05343511450381679,3.850381679389313,matched
2025,2,14679,15016,primary,852.0,626,266367.03,95297680.5571,312.6373591549296,14109.619403706689,False,119.0,0.0,0.0,0.0,119.0,0.0,21.0,6.0,769.0,3.0,0.0,0.0,0.17647058823529413,0.05042016806722689,6.46218487394958,matched
2025,2,14679,15304,primary,1205.0,508,293296.31,104179720.1547,243.39942738589212,27212.918046726052,False,95.0,0.0,0.0,0.0,95.0,0.0,18.0,4.0,-108.0,3.0,0.0,0.0,0.18947368421052632,0.042105263157894736,-1.1368421052631579,matched
2025,2,14747,10397,primary,6154.0,1941,2045834.89,887084162.0521,332.4398586285343,33631.31303919028,False,864.0,5.0,7.0,0.0,852.0,0.0,206.0,45.0,2729.0,3.0,0.005787037037037037,0.008101851851851851,0.24178403755868544,0.0528169014084507,3.2030516431924885,matched
2025,2,14747,10721,primary,7481.0,2838,2154008.93,877388847.9947001,287.93061489105736,34378.25588811275,False,679.0,5.0,0.0,0.0,674.0,0.0,183.0,49.0,5505.0,3.0,0.007363770250368188,0.0,0.271513353115727,0.07270029673590504,8.167655786350148,matched
2025,2,14747,10821,primary,1745.0,811,558289.77,231466585.3295,319.93683094555877,30286.031843194898,False,181.0,0.0,1.0,0.0,180.0,0.0,54.0,9.0,1402.0,3.0,0.0,0.0055248618784530384,0.3,0.05,7.788888888888889,matched
2025,2,14747,11278,primary,2582.0,1405,919879.93,444943929.1073,356.26643299767625,45399.53046477452,False,273.0,0.0,6.0,0.0,267.0,0.0,63.0,21.0,486.0,3.0,0.0,0.02197802197802198,0.23595505617977527,0.07865168539325842,1.8202247191011236,matched
2025,2,14747,11292,primary,10777.0,3738,2067887.3099999998,478232921.6525,191.87967987380532,7557.517546125593,False,1689.0,8.0,16.0,0.0,1665.0,0.0,522.0,209.0,26247.0,3.0,0.004736530491415038,0.009473060982830076,0.31351351351351353,0.12552552552552554,15.763963963963963,matched
2025,2,14747,11298,primary,9831.0,3487,2323342.79,722060963.9717,236.3282260197335,17596.326312202393,False,1386.0,26.0,10.0,0.0,1350.0,0.0,431.0,128.0,20624.0,3.0,0.01875901875901876,0.007215007215007215,0.31925925925925924,0.09481481481481481,15.277037037037037,matched
2025,2,14747,11433,primary,3465.0,1406,1079228.76,421136232.52320004,311.4657316017316,24529.136284031876,False,562.0,1.0,0.0,0.0,561.0,0.0,89.0,13.0,-396.0,3.0,0.0017793594306049821,0.0,0.1586452762923351,0.023172905525846704,-0.7058823529411765,matched
2025,2,14747,11618,primary,5263.0,2473,1663324.53,745005826.1127,316.041141934258,41673.35022691183,False,431.0,3.0,2.0,0.0,426.0,0.0,141.0,72.0,9151.0,3.0,0.0069605568445475635,0.004640371229698376,0.33098591549295775,0.16901408450704225,21.481220657276996,matched
2025,2,14747,11697,primary,2132.0,944,637819.1599999999,274537980.1304,299.16470919324576,39270.6363091556,False,215.0,0.0,0.0,0.0,215.0,0.0,39.0,8.0,-357.0,3.0,0.0,0.0,0.1813953488372093,0.037209302325581395,-1.6604651162790698,matched
2025,2,14747,12173,primary,5200.0,2665,1917567.9900000002,941618553.9713,368.763075,45094.28566487128,False,727.0,1.0,0.0,0.0,726.0,0.0,216.0,53.0,6794.0,3.0,0.001375515818431912,0.0,0.2975206611570248,0.07300275482093664,9.358126721763085,matched
2025,2,14747,12266,primary,4704.0,2028,1409891.32,537378228.6832,299.7217942176871,24405.41509371955,False,565.0,6.0,8.0,0.0,551.0,0.0,157.0,37.0,6252.0,3.0,0.010619469026548672,0.01415929203539823,0.2849364791288566,0.06715063520871144,11.346642468239564,matched
2025,2,14747,12478,primary,8412.0,2932,2936635.07,1512375998.8493,349.1006978126486,57916.62466609648,False,777.0,6.0,2.0,0.0,769.0,0.0,275.0,84.0,10472.0,3.0,0.007722007722007722,0.002574002574002574,0.3576072821846554,0.10923276983094929,13.617685305591678,matched
2025,2,14747,12889,primary,14038.0,3610,2383398.7800000003,541356066.0824,169.78193332383532,9737.712874507015,False,1598.0,9.0,3.0,0.0,1586.0,0.0,375.0,75.0,9017.0,3.0,0.005632040050062578,0.0018773466833541927,0.2364438839848676,0.04728877679697352,5.685372005044136,matched
2025,2,14747,12892,primary,14488.0,3838,2684783.18,643819755.998,185.31082136940918,10098.038356807396,False,1874.0,8.0,0.0,0.0,1866.0,0.0,298.0,62.0,319.0,3.0,0.004268943436499467,0.0,0.15969989281886388,0.03322615219721329,0.17095391211146838,matched
2025,2,14747,13204,primary,4905.0,1847,1710100.71,796763570.1711,348.6443853211009,40886.14868419405,False,474.0,1.0,6.0,0.0,467.0,0.0,113.0,20.0,1954.0,3.0,0.002109704641350211,0.012658227848101266,0.24197002141327623,0.042826552462526764,4.184154175588865,matched
2025,2,14747,13232,primary,573.0,410,127287.1,33701389.9176,222.14153577661432,9468.82729327838,False,139.0,0.0,0.0,0.0,139.0,0.0,22.0,6.0,-266.0,3.0,0.0,0.0,0.15827338129496402,0.04316546762589928,-1.9136690647482015,matched
2025,2,14747,13303,primary,2529.0,1157,734036.07,323877870.7221,290.24755634638194,43821.943509093835,False,272.0,0.0,0.0,0.0,272.0,0.0,51.0,9.0,-309.0,3.0,0.0,0.0,0.1875,0.03308823529411765,-1.1360294117647058,matched
2025,2,14747,13487,primary,5907.0,1623,1429965.66,448460126.362,242.0798476383951,17317.463562055687,False,683.0,2.0,1.0,0.0,680.0,0.0,104.0,19.0,-1413.0,3.0,0.0029282576866764276,0.0014641288433382138,0.15294117647058825,0.027941176470588237,-2.0779411764705884,matched
2025,2,14747,13796,primary,5165.0,2392,856154.01,173232134.2775,165.76069893514037,6063.01010334499,False,493.0,0.0,0.0,0.0,493.0,0.0,132.0,43.0,5615.0,3.0,0.0,0.0,0.26774847870182555,0.0872210953346856,11.389452332657202,matched
2025,2,14747,13930,primary,10970.0,3784,2454914.3,716595821.387,223.78434822242477,15243.794422934363,False,1533.0,8.0,4.0,0.0,1521.0,0.0,359.0,85.0,8708.0,3.0,0.005218525766470972,0.002609262883235486,0.23602892833662065,0.055884286653517426,5.725180802103879,matched
2025,2,14747,14100,primary,2973.0,1316,1029047.45,486568020.5339,346.1309956273125,43855.63475198553,False,291.0,0.0,0.0,0.0,291.0,0.0,91.0,15.0,2655.0,3.0,0.0,0.0,0.3127147766323024,0.05154639175257732,9.123711340206185,matched
2025,2,14747,14107,primary,14077.0,4520,2648240.43,663702367.6419,188.1253413369326,11756.853932363774,False,1932.0,1.0,4.0,0.0,1927.0,0.0,369.0,70.0,6018.0,3.0,0.0005175983436853002,0.002070393374741201,0.19148936170212766,0.03632589517384536,3.1229891022314478,matched
2025,2,14747,14635,primary,51.0,39,19100.129999999997,10497215.7631,374.5123529411764,65568.25755524804,False,6.0,0.0,0.0,0.0,6.0,0.0,2.0,1.0,115.0,1.0,0.0,0.0,0.3333333333333333,0.16666666666666666,19.166666666666668,matched
2025,2,14747,14679,primary,10617.0,2417,2156044.48,540567753.7102001,203.0747367429594,9675.952578702956,False,1205.0,4.0,0.0,0.0,1201.0,0.0,259.0,48.0,3525.0,3.0,0.0033195020746887966,0.0,0.21565362198168192,0.03996669442131557,2.9350541215653623,matched
2025,2,14747,14771,primary,13248.0,4783,2566957.27,617202788.8991,193.76187122584543,9044.712024993365,False,1805.0,9.0,0.0,0.0,1796.0,0.0,438.0,107.0,9354.0,3.0,0.004986149584487534,0.0,0.24387527839643652,0.05957683741648107,5.208240534521158,matched
2025,2,14747,14869,primary,6070.0,1957,1276827.58,331178209.8656,210.35050741350906,10312.500911538249,False,1038.0,3.0,0.0,0.0,1035.0,0.0,199.0,39.0,2766.0,3.0,0.002890173410404624,0.0,0.19227053140096617,0.03768115942028986,2.672463768115942,matched
2025,2,14747,15016,primary,2298.0,1007,617986.69,196554617.53849998,268.92371192341164,13212.942969729032,False,254.0,1.0,2.0,0.0,251.0,0.0,77.0,11.0,2066.0,3.0,0.003937007874015748,0.007874015748031496,0.30677290836653387,0.043824701195219126,8.231075697211155,matched
2025,2,14747,15304,primary,2783.0,1152,914630.73,414280880.9565,328.6492022996766,40850.95980712511,False,270.0,0.0,3.0,0.0,267.0,0.0,87.0,17.0,2410.0,3.0,0.0,0.011111111111111112,0.3258426966292135,0.06367041198501873,9.02621722846442,matched
2025,2,14771,10397,primary,6449.0,2975,2206579.35,1126267598.8267,342.15837339122345,57569.85543061512,False,884.0,6.0,2.0,0.0,876.0,0.0,199.0,59.0,8064.0,3.0,0.006787330316742082,0.0022624434389140274,0.2271689497716895,0.06735159817351598,9.205479452054794,matched
2025,2,14771,10721,primary,15754.0,6096,5674564.83,3355857205.3913,360.1983515297702,83273.34695800999,False,1239.0,0.0,0.0,0.0,1239.0,0.0,239.0,65.0,1035.0,3.0,0.0,0.0,0.19289749798224373,0.052461662631154156,0.8353510895883777,matched
2025,2,14771,10821,primary,1964.0,1199,698019.6799999999,337520982.2756,355.40716904276985,45539.60482212827,False,233.0,1.0,1.0,0.0,231.0,0.0,45.0,4.0,-19.0,3.0,0.004291845493562232,0.004291845493562232,0.19480519480519481,0.017316017316017316,-0.08225108225108226,matched
2025,2,14771,11278,primary,3161.0,1756,1216977.6400000001,684933160.4276,384.9976716229042,68459.22259109872,False,272.0,0.0,3.0,0.0,269.0,0.0,50.0,10.0,304.0,3.0,0.0,0.011029411764705883,0.18587360594795538,0.03717472118959108,1.1301115241635689,matched
2025,2,14771,11292,primary,9170.0,3170,1921959.97,544775658.3999,209.59214503816793,15479.601484199251,False,1421.0,5.0,5.0,0.0,1411.0,0.0,372.0,137.0,16680.0,3.0,0.003518648838845883,0.003518648838845883,0.26364280652019845,0.09709425939050319,11.82140326009922,matched
2025,2,14771,11298,primary,7906.0,2864,1992626.73,695713836.0577,252.03980900581837,24474.143132887883,False,1075.0,22.0,8.0,0.0,1045.0,0.0,265.0,90.0,16047.0,3.0,0.020465116279069766,0.0074418604651162795,0.2535885167464115,0.0861244019138756,15.355980861244019,matched
2025,2,14771,11433,primary,3915.0,1747,1515394.29,735398378.2193,387.0738927203065,38015.02206459132,False,501.0,4.0,1.0,0.0,496.0,0.0,86.0,15.0,886.0,3.0,0.007984031936127744,0.001996007984031936,0.17338709677419356,0.03024193548387097,1.7862903225806452,matched
2025,2,14771,11618,primary,16018.0,4987,5923153.25,3591403314.2939,369.7810744162817,87472.42736774936,False,1202.0,28.0,9.0,0.0,1165.0,0.0,365.0,196.0,25683.0,3.0,0.02329450915141431,0.0074875207986688855,0.3133047210300429,0.1682403433476395,22.04549356223176,matched
2025,2,14771,11697,primary,3316.0,1447,1033610.67,672010077.0553,311.7040621230398,105497.41633371025,False,289.0,1.0,0.0,0.0,288.0,0.0,43.0,10.0,1147.0,3.0,0.0034602076124567475,0.0,0.14930555555555555,0.034722222222222224,3.982638888888889,matched
2025,2,14771,12173,primary,7626.0,2667,2591080.58,1207204985.0152001,339.769286650931,42858.03628291629,False,621.0,2.0,0.0,0.0,619.0,0.0,69.0,15.0,-3441.0,3.0,0.00322061191626409,0.0,0.11147011308562198,0.024232633279483037,-5.558966074313409,matched
2025,2,14771,12266,primary,4676.0,1632,1718894.4699999997,790156933.0629,367.5993306244653,33852.11216355965,False,890.0,4.0,8.0,0.0,878.0,0.0,126.0,31.0,-3533.0,3.0,0.0044943820224719105,0.008988764044943821,0.14350797266514806,0.03530751708428246,-4.023917995444191,matched
2025,2,14771,12478,primary,21300.0,6820,8727704.989999998,6245749771.2873,409.75140798122055,125331.47245023833,False,1789.0,9.0,9.0,0.0,1771.0,0.0,406.0,180.0,11865.0,3.0,0.005030743432084964,0.005030743432084964,0.22924901185770752,0.10163749294184077,6.699604743083004,matched
2025,2,14771,12889,primary,11675.0,3567,1704590.74,330700465.3056,146.00348950749463,7008.5027052194855,False,1517.0,7.0,1.0,0.0,1509.0,0.0,283.0,75.0,6487.0,3.0,0.004614370468029005,0.0006591957811470006,0.18754141815772035,0.04970178926441352,4.298873426110006,matched
2025,2,14771,12892,primary,21701.0,5676,2906429.73,467459912.49230003,133.93068199622138,3603.5112012951686,False,2783.0,3.0,0.0,0.0,2780.0,0.0,478.0,123.0,1728.0,3.0,0.0010779734099892202,0.0,0.17194244604316547,0.04424460431654676,0.6215827338129496,matched
2025,2,14771,12953,primary,3.0,3,961.13,399274.8969,320.37666666666667,30450.42375555556,True,,,,,,,,,,,,,,,,fare_only
2025,2,14771,13204,primary,4686.0,2090,1412422.82,666612260.2126,301.41332052923605,51406.14768355366,False,399.0,2.0,0.0,0.0,397.0,0.0,67.0,25.0,812.0,3.0,0.005012531328320802,0.0,0.16876574307304787,0.06297229219143577,2.045340050377834,matched
2025,2,14771,13232,primary,757.0,475,171529.95,43626819.2053,226.5917437252312,6287.382739363646,False,91.0,0.0,0.0,0.0,91.0,0.0,21.0,3.0,483.0,3.0,0.0,0.0,0.23076923076923078,0.03296703296703297,5.3076923076923075,matched
2025,2,14771,13303,primary,4293.0,2006,1318925.65,717810371.5521,307.22703237829023,72816.38904611983,False,454.0,0.0,1.0,0.0,453.0,0.0,67.0,17.0,-1438.0,3.0,0.0,0.0022026431718061676,0.1479028697571744,0.037527593818984545,-3.1743929359823397,matched
2025,2,14771,13487,primary,5645.0,1716,1402178.95,506355553.0447,248.3930823737821,28000.708877691177,False,508.0,1.0,1.0,0.0,506.0,0.0,61.0,19.0,-686.0,3.0,0.001968503937007874,0.001968503937007874,0.12055335968379446,0.037549407114624504,-1.3557312252964426,matched
2025,2,14771,13930,primary,15879.0,4600,4238115.149999999,1684148984.5987,266.9006329113924,34825.45303308392,False,1451.0,14.0,4.0,0.0,1433.0,0.0,282.0,79.0,3029.0,3.0,0.009648518263266712,0.0027567195037904893,0.19678995115143055,0.05512909979064899,2.1137473831123517,matched
2025,2,14771,14100,primary,5442.0,2565,1890958.16,993587031.4762,347.47485483278206,61838.776063089914,False,443.0,3.0,3.0,0.0,437.0,0.0,64.0,14.0,-1248.0,3.0,0.006772009029345372,0.006772009029345372,0.14645308924485126,0.032036613272311214,-2.8558352402745997,matched
2025,2,14771,14107,primary,9043.0,3601,1334000.69,256647225.8293,147.5174930885768,6619.350686947728,False,1318.0,3.0,0.0,0.0,1315.0,0.0,237.0,79.0,6629.0,3.0,0.002276176024279211,0.0,0.18022813688212927,0.06007604562737642,5.04106463878327,matched
2025,2,14771,14635,primary,1.0,1,325.23,105774.55290000001,325.23,0.0,True,,,,,,,,,,,,,,,,fare_only
2025,2,14771,14679,primary,15402.0,4584,1907728.52,339044019.1506,123.8623893000909,6671.095086837669,False,1702.0,6.0,0.0,0.0,1696.0,0.0,398.0,88.0,12254.0,3.0,0.0035252643948296123,0.0,0.2346698113207547,0.05188679245283019,7.225235849056604,matched
2025,2,14771,14747,primary,13330.0,4829,2614930.25,630010541.6111,196.1688109527382,8780.403881789462,False,1807.0,10.0,0.0,0.0,1797.0,0.0,475.0,95.0,9606.0,3.0,0.005534034311012728,0.0,0.2643294379521425,0.05286588759042849,5.345575959933222,matched
2025,2,14771,14869,primary,4532.0,2033,857970.86,212474146.6862,189.31395851721095,11043.311316677886,False,960.0,2.0,0.0,0.0,958.0,0.0,169.0,44.0,3906.0,3.0,0.0020833333333333333,0.0,0.17640918580375783,0.04592901878914405,4.077244258872652,matched
2025,2,14771,15016,primary,1505.0,1043,442974.32999999996,160983634.3037,294.3351029900332,20332.71711708243,False,224.0,0.0,2.0,0.0,222.0,0.0,56.0,11.0,1204.0,3.0,0.0,0.008928571428571428,0.25225225225225223,0.04954954954954955,5.423423423423423,matched
2025,2,14771,15304,primary,1645.0,847,602709.1499999999,332162025.8373,366.3885410334346,67681.6411558046,False,182.0,1.0,0.0,0.0,181.0,0.0,15.0,2.0,-1188.0,3.0,0.005494505494505495,0.0,0.08287292817679558,0.011049723756906077,-6.56353591160221,matched
2025,2,14869,10397,primary,2258.0,880,999193.9900000001,519146757.6087,442.5128387953942,34096.80628277379,False,731.0,2.0,4.0,0.0,725.0,0.0,159.0,40.0,4664.0,3.0,0.0027359781121751026,0.005471956224350205,0.2193103448275862,0.05517241379310345,6.433103448275862,matched
2025,2,14869,10721,primary,2886.0,1197,1084912.31,521853681.8265,375.92249133749135,39504.76208197756,False,292.0,1.0,0.0,0.0,291.0,0.0,58.0,15.0,298.0,3.0,0.003424657534246575,0.0,0.19931271477663232,0.05154639175257732,1.0240549828178693,matched
2025,2,14869,10821,primary,1271.0,764,375389.73,129442107.3075,295.3499055861526,14611.161285592985,False,187.0,0.0,0.0,0.0,187.0,0.0,39.0,10.0,1214.0,3.0,0.0,0.0,0.20855614973262032,0.053475935828877004,6.491978609625669,matched
2025,2,14869,11278,primary,972.0,668,453188.2,261865140.7908,466.24300411522637,52026.042174102826,False,91.0,3.0,2.0,0.0,86.0,0.0,17.0,4.0,158.0,3.0,0.03296703296703297,0.02197802197802198,0.19767441860465115,0.046511627906976744,1.8372093023255813,matched
2025,2,14869,11292,primary,7704.0,3322,1200755.21,248534962.2607,155.86126817237798,7967.774203726629,False,1943.0,5.0,9.0,0.0,1929.0,0.0,608.0,227.0,33454.0,3.0,0.0025733401955738548,0.004632012352032939,0.31518921721099014,0.11767755313634007,17.342664593053396,matched
2025,2,14869,11298,primary,5056.0,2138,1206063.43,372831814.7031,238.54102650316455,16838.64835501829,False,955.0,20.0,10.0,0.0,925.0,0.0,256.0,87.0,15536.0,3.0,0.020942408376963352,0.010471204188481676,0.27675675675675676,0.09405405405405405,16.795675675675675,matched
2025,2,14869,11433,primary,1470.0,729,567584.88,253539412.0102,386.11216326530615,23393.187861714803,False,396.0,0.0,1.0,0.0,395.0,0.0,70.0,17.0,561.0,3.0,0.0,0.0025252525252525255,0.17721518987341772,0.043037974683544304,1.420253164556962,matched
2025,2,14869,11618,primary,2570.0,1347,806944.55,335085260.9309,313.986206225681,31796.032312027484,False,273.0,2.0,3.0,0.0,268.0,0.0,123.0,46.0,7525.0,3.0,0.007326007326007326,0.01098901098901099,0.458955223880597,0.17164179104477612,28.078358208955223,matched
2025,2,14869,11697,primary,765.0,363,217866.72999999998,86408578.3331,284.7931111111111,31845.273841562826,False,91.0,0.0,0.0,0.0,91.0,0.0,12.0,1.0,-316.0,3.0,0.0,0.0,0.13186813186813187,0.01098901098901099,-3.4725274725274726,matched
2025,2,14869,12173,primary,1611.0,991,769003.7100000001,473157402.84190005,477.3455679702049,65845.36941077298,False,195.0,1.0,0.0,0.0,194.0,0.0,31.0,15.0,2358.0,3.0,0.005128205128205128,0.0,0.15979381443298968,0.07731958762886598,12.154639175257731,matched
2025,2,14869,12266,primary,2325.0,1328,768630.15,297313027.82629997,330.5936129032258,18584.434215678106,False,475.0,2.0,2.0,0.0,471.0,0.0,90.0,37.0,3790.0,3.0,0.004210526315789474,0.004210526315789474,0.1910828025477707,0.07855626326963906,8.046709129511678,matched
2025,2,14869,12478,primary,3629.0,1672,1390408.01,761409690.2043,383.13805731606504,63017.764226013795,False,470.0,0.0,0.0,0.0,470.0,0.0,89.0,37.0,991.0,3.0,0.0,0.0,0.18936170212765957,0.07872340425531915,2.108510638297872,matched
2025,2,14869,12889,primary,5934.0,1974,891495.79,191582861.0879,150.23521907650826,9714.997602201754,False,970.0,2.0,0.0,0.0,968.0,0.0,231.0,61.0,8784.0,3.0,0.002061855670103093,0.0,0.23863636363636365,0.06301652892561983,9.074380165289256,matched
2025,2,14869,12892,primary,7681.0,2445,1321185.23,304720605.6541,172.00693008722823,10085.612571958267,False,992.0,2.0,0.0,0.0,990.0,0.0,119.0,26.0,-3178.0,3.0,0.0020161290322580645,0.0,0.1202020202020202,0.026262626262626262,-3.21010101010101,matched
2025,2,14869,12953,primary,29.0,27,9407.460000000001,3312660.2148,324.39517241379315,8997.434693935764,True,3.0,0.0,0.0,0.0,3.0,0.0,1.0,0.0,-27.0,1.0,0.0,0.0,0.3333333333333333,0.0,-9.0,matched
2025,2,14869,13204,primary,3634.0,1164,1127512.05,433098002.3625,310.26748761695103,22913.503398778746,False,372.0,0.0,4.0,0.0,368.0,0.0,111.0,24.0,4492.0,3.0,0.0,0.010752688172043012,0.3016304347826087,0.06521739130434782,12.206521739130435,matched
2025,2,14869,13232,primary,539.0,385,143141.88,44025454.9124,265.56935064935067,11152.799239467015,False,161.0,0.0,1.0,0.0,160.0,0.0,21.0,6.0,-254.0,3.0,0.0,0.006211180124223602,0.13125,0.0375,-1.5875,matched
2025,2,14869,13303,primary,1188.0,690,307952.76,115292047.16059999,259.21949494949496,29852.431182741537,False,185.0,1.0,1.0,0.0,183.0,0.0,32.0,8.0,-187.0,3.0,0.005405405405405406,0.005405405405405406,0.17486338797814208,0.04371584699453552,-1.0218579234972678,matched
2025,2,14869,13487,primary,2237.0,736,674526.5000000001,268326137.3772,301.53173893607516,29027.710716913498,False,440.0,0.0,0.0,0.0,440.0,0.0,65.0,13.0,-1039.0,3.0,0.0,0.0,0.14772727272727273,0.029545454545454545,-2.3613636363636363,matched
2025,2,14869,13796,primary,2144.0,1101,368223.65,84477796.9277,171.74610541044777,9905.2327985915,False,468.0,0.0,0.0,0.0,468.0,0.0,58.0,16.0,-1017.0,3.0,0.0,0.0,0.12393162393162394,0.03418803418803419,-2.173076923076923,matched
2025,2,14869,13930,primary,3397.0,1883,1042281.62,387979919.084,306.82414483367677,20071.460804133283,False,801.0,4.0,8.0,0.0,789.0,0.0,167.0,63.0,8344.0,3.0,0.004993757802746567,0.009987515605493134,0.21166032953105196,0.07984790874524715,10.575411913814955,matched
2025,2,14869,14100,primary,1309.0,860,478570.02999999997,217815376.05029997,365.599717341482,32735.14771137922,False,177.0,2.0,0.0,0.0,175.0,0.0,33.0,6.0,502.0,3.0,0.011299435028248588,0.0,0.18857142857142858,0.03428571428571429,2.8685714285714288,matched
2025,2,14869,14107,primary,7873.0,3286,1418160.29,352553294.0645,180.12959354756765,12333.37450038096,False,1435.0,6.0,4.0,0.0,1425.0,0.0,220.0,70.0,6356.0,3.0,0.004181184668989547,0.0027874564459930314,0.1543859649122807,0.04912280701754386,4.460350877192982,matched
2025,2,14869,14635,primary,9.0,9,2797.35,1091484.4537,310.81666666666666,24669.050133333338,True,,,,,,,,,,,,,,,,fare_only
2025,2,14869,14679,primary,4575.0,1707,957983.5,245748084.6176,209.39530054644808,9869.036440778524,False,655.0,0.0,0.0,0.0,655.0,0.0,102.0,42.0,1837.0,3.0,0.0,0.0,0.15572519083969466,0.06412213740458016,2.8045801526717558,matched
2025,2,14869,14747,primary,6114.0,1943,1288299.01,336898382.00409997,210.7129555119398,10702.827939792907,False,1040.0,4.0,1.0,0.0,1035.0,0.0,269.0,49.0,3712.0,3.0,0.0038461538461538464,0.0009615384615384616,0.2599033816425121,0.04734299516908213,3.586473429951691,matched
2025,2,14869,14771,primary,4556.0,2023,848197.72,207346296.4696,186.17158033362597,10850.743305930991,False,961.0,2.0,1.0,0.0,958.0,0.0,177.0,55.0,1164.0,3.0,0.002081165452653486,0.001040582726326743,0.1847599164926931,0.05741127348643006,1.2150313152400836,matched
2025,2,14869,15016,primary,1031.0,396,330148.51999999996,124839373.0786,320.22164888457803,18543.811471771987,False,252.0,1.0,0.0,0.0,251.0,0.0,42.0,11.0,121.0,3.0,0.003968253968253968,0.0,0.16733067729083664,0.043824701195219126,0.4820717131474104,matched
2025,2,14869,15304,primary,649.0,327,193896.44,77239429.241,298.7618489984592,29754.345627706003,False,92.0,1.0,0.0,0.0,91.0,0.0,14.0,4.0,251.0,3.0,0.010869565217391304,0.0,0.15384615384615385,0.04395604395604396,2.758241758241758,matched
2025,2,15016,10397,primary,3697.0,1611,780928.35,198701879.6541,211.2329862050311,9127.414733955186,False,918.0,9.0,3.0,0.0,906.0,0.0,166.0,58.0,3699.0,3.0,0.00980392156862745,0.0032679738562091504,0.18322295805739514,0.0640176600441501,4.082781456953643,matched
2025,2,15016,10721,primary,2334.0,1428,698711.23,240873586.0899,299.3621379605827,13584.36095117034,False,434.0,2.0,1.0,0.0,431.0,0.0,104.0,43.0,3841.0,3.0,0.004608294930875576,0.002304147465437788,0.24129930394431554,0.09976798143851508,8.91183294663573,matched
2025,2,15016,10821,primary,1702.0,935,386574.09,105197773.5625,227.12931257344303,10220.602962453406,False,379.0,4.0,1.0,0.0,374.0,0.0,87.0,31.0,3798.0,3.0,0.010554089709762533,0.002638522427440633,0.232620320855615,0.08288770053475936,10.155080213903743,matched
2025,2,15016,11278,primary,3694.0,1827,746816.4,179729429.7264,202.17011369788847,7781.665735504124,False,600.0,11.0,7.0,0.0,582.0,0.0,173.0,64.0,11410.0,3.0,0.018333333333333333,0.011666666666666667,0.2972508591065292,0.10996563573883161,19.604810996563575,matched
2025,2,15016,11292,primary,4799.0,2385,955222.27,237337906.3657,199.0461075224005,9836.34751062483,False,940.0,4.0,5.0,0.0,931.0,0.0,297.0,137.0,20091.0,3.0,0.00425531914893617,0.005319148936170213,0.31901181525241673,0.14715359828141783,21.58002148227712,matched
2025,2,15016,11298,primary,2192.0,1442,547752.21,169766404.0957,249.8869571167883,15004.685713870429,False,611.0,22.0,1.0,0.0,588.0,0.0,193.0,87.0,16378.0,3.0,0.03600654664484452,0.0016366612111292963,0.3282312925170068,0.14795918367346939,27.85374149659864,matched
2025,2,15016,11433,primary,1778.0,1068,404821.42,111816765.7458,227.68358830146232,11049.253216482924,False,460.0,3.0,0.0,0.0,457.0,0.0,62.0,21.0,880.0,3.0,0.006521739130434782,0.0,0.13566739606126915,0.045951859956236324,1.925601750547046,matched
2025,2,15016,11618,primary,1041.0,872,265600.08,80555762.0074,255.13936599423633,12286.960603440486,False,186.0,13.0,1.0,0.0,172.0,0.0,48.0,34.0,4567.0,3.0,0.06989247311827956,0.005376344086021506,0.27906976744186046,0.19767441860465115,26.552325581395348,matched
2025,2,15016,11697,primary,1571.0,857,335768.99,96659105.3593,213.72946530872056,15846.835556556878,False,204.0,1.0,0.0,0.0,203.0,0.0,43.0,12.0,1162.0,3.0,0.004901960784313725,0.0,0.21182266009852216,0.059113300492610835,5.724137931034483,matched
2025,2,15016,12266,primary,1115.0,854,307585.52,100537360.61140001,275.86145291479824,14068.495218516837,False,198.0,2.0,2.0,0.0,194.0,0.0,47.0,27.0,2942.0,3.0,0.010101010101010102,0.010101010101010102,0.2422680412371134,0.13917525773195877,15.164948453608247,matched
2025,2,15016,12889,primary,3253.0,1495,840871.34,271828578.66359997,258.49103596679987,16744.812441502843,False,512.0,5.0,3.0,0.0,504.0,0.0,110.0,27.0,2146.0,3.0,0.009765625,0.005859375,0.21825396825396826,0.05357142857142857,4.257936507936508,matched
2025,2,15016,12892,primary,1571.0,898,411559.83,129397145.9463,261.9731572246977,13736.166705499767,False,239.0,2.0,0.0,0.0,237.0,0.0,62.0,13.0,2061.0,3.0,0.008368200836820083,0.0,0.2616033755274262,0.05485232067510549,8.69620253164557,matched
2025,2,15016,12953,primary,5913.0,3167,1198519.02,291812969.1436,202.69220700152206,8266.954819296232,False,665.0,20.0,5.0,0.0,640.0,0.0,148.0,48.0,4688.0,3.0,0.03007518796992481,0.007518796992481203,0.23125,0.075,7.325,matched
2025,2,15016,13204,primary,5273.0,1912,1074229.79,279425697.5511,203.72269865351794,11488.849944680092,False,627.0,3.0,3.0,0.0,621.0,0.0,145.0,38.0,4012.0,3.0,0.004784688995215311,0.004784688995215311,0.23349436392914655,0.061191626409017714,6.460547504025765,matched
2025,2,15016,13232,primary,1658.0,822,325885.2,83003789.6396,196.55319662243667,11429.440197622374,False,489.0,3.0,1.0,0.0,485.0,0.0,89.0,24.0,1412.0,3.0,0.006134969325153374,0.002044989775051125,0.18350515463917524,0.049484536082474224,2.911340206185567,matched
2025,2,15016,13303,primary,1558.0,1067,387538.53,114670920.1107,248.74103337612326,11729.25910490132,False,279.0,2.0,0.0,0.0,277.0,0.0,49.0,19.0,1852.0,3.0,0.007168458781362007,0.0,0.17689530685920576,0.06859205776173286,6.6859205776173285,matched
2025,2,15016,13487,primary,2469.0,1531,568535.69,157621855.8865,230.26961927906032,10816.265291066084,False,440.0,3.0,0.0,0.0,437.0,0.0,82.0,26.0,3111.0,3.0,0.006818181818181818,0.0,0.18764302059496568,0.059496567505720827,7.118993135011442,matched
2025,2,15016,13796,primary,14.0,14,3401.39,897356.0519,242.95642857142857,5069.034665816325,True,,,,,,,,,,,,,,,,fare_only
2025,2,15016,13930,primary,1828.0,1484,434183.34,121178270.0534,237.51823851203503,9875.16846024507,False,842.0,10.0,0.0,0.0,832.0,0.0,200.0,63.0,9892.0,3.0,0.011876484560570071,0.0,0.2403846153846154,0.07572115384615384,11.889423076923077,matched
2025,2,15016,14100,primary,1871.0,1132,533552.9099999999,179342414.08130002,285.169914484233,14531.895437619663,False,365.0,7.0,0.0,0.0,358.0,0.0,63.0,29.0,2957.0,3.0,0.019178082191780823,0.0,0.17597765363128492,0.08100558659217877,8.259776536312849,matched
2025,2,15016,14107,primary,3199.0,1718,867565.08,277518648.6108,271.19883713660516,13202.878329001003,False,585.0,2.0,1.0,0.0,582.0,0.0,137.0,32.0,5062.0,3.0,0.003418803418803419,0.0017094017094017094,0.23539518900343642,0.054982817869415807,8.697594501718212,matched
2025,2,15016,14635,primary,1424.0,797,337580.44,93506584.1932,237.06491573033708,9464.961820498516,False,253.0,0.0,0.0,0.0,253.0,0.0,71.0,21.0,3099.0,3.0,0.0,0.0,0.28063241106719367,0.08300395256916997,12.24901185770751,matched
2025,2,15016,14679,primary,832.0,587,256080.35,90378075.8273,307.78888221153846,13893.498971707275,False,119.0,0.0,0.0,0.0,119.0,0.0,35.0,14.0,1576.0,3.0,0.0,0.0,0.29411764705882354,0.11764705882352941,13.243697478991596,matched
2025,2,15016,14747,primary,2329.0,1022,633770.0900000001,202869716.6593,272.1211206526406,13056.028137559071,False,254.0,2.0,0.0,0.0,252.0,0.0,67.0,19.0,2361.0,3.0,0.007874015748031496,0.0,0.26587301587301587,0.07539682539682539,9.369047619047619,matched
2025,2,15016,14771,primary,1484.0,992,432283.28,154600930.1272,291.29601078167116,19325.158447158916,False,224.0,0.0,0.0,0.0,224.0,0.0,59.0,16.0,1879.0,3.0,0.0,0.0,0.26339285714285715,0.07142857142857142,8.388392857142858,matched
2025,2,15016,14869,primary,1056.0,413,335771.58,126514444.0158,317.9655113636364,18703.278295193042,False,252.0,2.0,2.0,0.0,248.0,0.0,29.0,7.0,-916.0,3.0,0.007936507936507936,0.007936507936507936,0.11693548387096774,0.028225806451612902,-3.693548387096774,matched
2025,2,15016,15304,primary,1982.0,965,475801.24,132069113.3832,240.06117053481333,9004.899478750944,False,301.0,1.0,2.0,0.0,298.0,0.0,64.0,21.0,2406.0,3.0,0.0033222591362126247,0.006644518272425249,0.21476510067114093,0.07046979865771812,8.073825503355705,matched
2025,2,15304,10397,primary,8760.0,2608,1496733.5899999999,379656268.67469996,170.85999885844748,14146.617488116433,False,1601.0,21.0,7.0,0.0,1573.0,0.0,406.0,178.0,22100.0,3.0,0.01311680199875078,0.004372267332916927,0.2581055308328036,0.11315956770502225,14.049586776859504,matched
2025,2,15304,10721,primary,9309.0,2340,1826994.97,492462976.6393,196.26114190568268,14383.377115819261,False,794.0,3.0,3.0,0.0,788.0,0.0,189.0,68.0,5940.0,3.0,0.003778337531486146,0.003778337531486146,0.2398477157360406,0.08629441624365482,7.538071065989848,matched
2025,2,15304,10821,primary,5560.0,2068,997453.54,239645404.7502,179.39811870503598,10918.006506928348,False,779.0,8.0,2.0,0.0,769.0,0.0,186.0,73.0,9445.0,3.0,0.010269576379974325,0.0025673940949935813,0.24187256176853056,0.09492847854356307,12.28218465539662,matched
2025,2,15304,11278,primary,4427.0,1658,896347.1299999999,228965960.0289,202.47281002936523,10725.104552980185,False,527.0,10.0,5.0,0.0,512.0,0.0,135.0,54.0,7926.0,3.0,0.018975332068311195,0.009487666034155597,0.263671875,0.10546875,15.48046875,matched
2025,2,15304,11292,primary,6128.0,2618,1395421.17,421860819.6175,227.71233191906003,16988.61145358631,False,774.0,1.0,4.0,0.0,769.0,0.0,194.0,75.0,7811.0,3.0,0.0012919896640826874,0.00516795865633075,0.25227568270481143,0.09752925877763328,10.157347204161248,matched
2025,2,15304,11298,primary,5198.0,1848,1081335.31,319316213.1615,208.02910927279723,18154.480915155043,False,743.0,24.0,3.0,0.0,716.0,0.0,230.0,96.0,13533.0,3.0,0.03230148048452221,0.004037685060565276,0.32122905027932963,0.1340782122905028,18.900837988826815,matched
2025,2,15304,11433,primary,6738.0,1701,1223657.3800000001,325210967.28459996,181.605428910656,15284.675563967103,False,589.0,3.0,0.0,0.0,586.0,0.0,99.0,38.0,3152.0,3.0,0.0050933786078098476,0.0,0.1689419795221843,0.06484641638225255,5.378839590443686,matched
2025,2,15304,11618,primary,7678.0,2276,1531280.2999999998,421212467.82159996,199.43739255014324,15084.386236806313,False,645.0,8.0,4.0,0.0,633.0,0.0,241.0,132.0,20284.0,3.0,0.012403100775193798,0.006201550387596899,0.3807266982622433,0.20853080568720378,32.044233807266984,matched
2025,2,15304,11697,primary,2648.0,731,249373.13,34103624.1017,94.17414274924471,4010.242960443369,False,269.0,1.0,0.0,0.0,268.0,0.0,42.0,18.0,1236.0,3.0,0.0037174721189591076,0.0,0.15671641791044777,0.06716417910447761,4.611940298507463,matched
2025,2,15304,12266,primary,3507.0,1392,599305.18,160275958.0812,170.8882748788138,16498.92493443485,False,489.0,5.0,2.0,0.0,482.0,0.0,101.0,53.0,3876.0,3.0,0.010224948875255624,0.00408997955010225,0.2095435684647303,0.10995850622406639,8.04149377593361,matched
2025,2,15304,12478,primary,7150.0,2222,1161106.6099999999,270499266.1955,162.39253286713284,11460.73047116501,False,667.0,7.0,0.0,0.0,660.0,0.0,147.0,55.0,3701.0,3.0,0.010494752623688156,0.0,0.22272727272727272,0.08333333333333333,5.607575757575757,matched
2025,2,15304,12889,primary,3266.0,1626,706208.55,208481264.4515,216.23041947336193,17078.228245353734,False,307.0,0.0,2.0,0.0,305.0,0.0,55.0,15.0,3539.0,3.0,0.0,0.006514657980456026,0.18032786885245902,0.04918032786885246,11.60327868852459,matched
2025,2,15304,12892,primary,2769.0,1133,933040.11,466482606.1705,336.95923076923077,54924.567868566824,False,262.0,0.0,0.0,0.0,262.0,0.0,37.0,8.0,-342.0,3.0,0.0,0.0,0.14122137404580154,0.030534351145038167,-1.3053435114503817,matched
2025,2,15304,12953,primary,8526.0,2773,1583455.9,411365172.95379996,185.72084212995543,13756.088403724309,False,670.0,9.0,5.0,0.0,656.0,0.0,208.0,90.0,13482.0,3.0,0.013432835820895522,0.007462686567164179,0.3170731707317073,0.13719512195121952,20.551829268292682,matched
2025,2,15304,13232,primary,4287.0,1780,763230.61,169402468.47169998,178.03373221366923,7819.37822106008,False,450.0,4.0,0.0,0.0,446.0,0.0,99.0,40.0,4659.0,3.0,0.008888888888888889,0.0,0.2219730941704036,0.08968609865470852,10.446188340807176,matched
2025,2,15304,13303,primary,1543.0,684,375743.26,104288497.9588,243.5147504860661,8288.70495986969,False,792.0,12.0,2.0,0.0,778.0,0.0,128.0,62.0,4251.0,3.0,0.015151515151515152,0.0025252525252525255,0.16452442159383032,0.07969151670951156,5.46401028277635,matched
2025,2,15304,13487,primary,4724.0,1081,946346.32,264527226.7148,200.32733276883997,15865.40909263186,False,357.0,1.0,1.0,0.0,355.0,0.0,82.0,24.0,2456.0,3.0,0.0028011204481792717,0.0028011204481792717,0.23098591549295774,0.0676056338028169,6.918309859154929,matched
2025,2,15304,13930,primary,8292.0,2958,1538589.63,404785115.3379,185.55108900144717,14387.136271715666,False,820.0,6.0,2.0,0.0,812.0,0.0,226.0,78.0,9737.0,3.0,0.007317073170731708,0.0024390243902439024,0.27832512315270935,0.0960591133004926,11.991379310344827,matched
2025,2,15304,14100,primary,8534.0,2354,1497902.0799999998,378853658.76600003,175.52168736817436,13585.58216218678,False,727.0,9.0,2.0,0.0,716.0,0.0,191.0,75.0,8563.0,3.0,0.012379642365887207,0.002751031636863824,0.26675977653631283,0.10474860335195531,11.95949720670391,matched
2025,2,15304,14107,primary,2397.0,1276,756271.29,314293011.3533,315.50742177722157,31574.387351383586,False,335.0,0.0,0.0,0.0,335.0,0.0,67.0,25.0,2683.0,3.0,0.0,0.0,0.2,0.07462686567164178,8.008955223880598,matched
2025,2,15304,14679,primary,1126.0,471,273222.75999999995,92936730.75420001,242.64898756660742,23658.52989346879,False,95.0,2.0,0.0,0.0,93.0,0.0,25.0,4.0,266.0,3.0,0.021052631578947368,0.0,0.26881720430107525,0.043010752688172046,2.860215053763441,matched
2025,2,15304,14747,primary,2777.0,1105,950242.23,432230976.3639,342.1830140439323,38557.517475935354,False,270.0,0.0,0.0,0.0,270.0,0.0,85.0,21.0,3000.0,3.0,0.0,0.0,0.3148148148148148,0.07777777777777778,11.11111111111111,matched
2025,2,15304,14771,primary,1684.0,880,621142.4400000001,332900229.2386,368.84942992874113,61634.31967936622,False,182.0,1.0,0.0,0.0,181.0,0.0,37.0,15.0,1319.0,3.0,0.005494505494505495,0.0,0.20441988950276244,0.08287292817679558,7.287292817679558,matched
2025,2,15304,14869,primary,780.0,405,244568.08,100563989.5046,313.5488205128205,30615.328827583187,False,92.0,1.0,0.0,0.0,91.0,0.0,15.0,7.0,492.0,3.0,0.010869565217391304,0.0,0.16483516483516483,0.07692307692307693,5.406593406593407,matched
2025,2,15304,15016,primary,1978.0,941,481004.35,135763282.3115,243.1771233569262,9501.530918266893,False,276.0,1.0,1.0,0.0,274.0,0.0,58.0,13.0,1266.0,3.0,0.0036231884057971015,0.0036231884057971015,0.2116788321167883,0.04744525547445255,4.62043795620438,matched
2025,1,10397,10721,broad_fare_bounds,8796.0,2708,1812153.29,580347141.2087,206.02015575261484,23534.224437845216,False,1146.0,22.0,1.0,0.0,1123.0,0.0,231.0,82.0,9638.0,3.0,0.019197207678883072,0.0008726003490401396,0.20569902048085487,0.0730186999109528,8.582368655387356,matched
2025,1,10397,10821,broad_fare_bounds,7354.0,2674,1175783.17,272832548.6601,159.88348789774273,11537.154532096192,False,1377.0,31.0,1.0,0.0,1345.0,0.0,286.0,104.0,12760.0,3.0,0.02251270878721859,0.0007262164124909223,0.21263940520446098,0.07732342007434945,9.486988847583643,matched
2025,1,10397,11278,broad_fare_bounds,8168.0,3089,1735240.75,490404933.38049996,212.44377448579823,14907.423948204283,False,1708.0,73.0,9.0,0.0,1626.0,0.0,535.0,198.0,25483.0,3.0,0.04274004683840749,0.005269320843091335,0.3290282902829028,0.12177121771217712,15.67220172201722,matched
2025,1,10397,11292,broad_fare_bounds,8461.0,3104,1876296.4300000002,587854102.1387,221.75823543316395,20301.37296683075,False,1279.0,23.0,2.0,0.0,1254.0,0.0,284.0,90.0,12856.0,3.0,0.017982799061767005,0.001563721657544957,0.22647527910685805,0.07177033492822966,10.251993620414673,matched
2025,1,10397,11298,broad_fare_bounds,10873.0,4044,2442258.41,786537871.1531,224.61679481283915,21885.920628547712,False,1568.0,60.0,5.0,0.0,1503.0,0.0,405.0,150.0,21336.0,3.0,0.03826530612244898,0.0031887755102040817,0.2694610778443114,0.0998003992015968,14.19560878243513,matched
2025,1,10397,11433,broad_fare_bounds,6961.0,2162,1302145.06,399063243.3992,187.06293061341762,22335.896048242415,False,1157.0,16.0,1.0,0.0,1140.0,0.0,229.0,82.0,10891.0,3.0,0.013828867761452032,0.000864304235090752,0.20087719298245615,0.07192982456140351,9.553508771929824,matched
2025,1,10397,11618,broad_fare_bounds,11784.0,3500,1938648.15,458580890.4489,164.51528767820773,11850.274299458997,False,1502.0,33.0,3.0,0.0,1466.0,0.0,426.0,180.0,24353.0,3.0,0.021970705725699067,0.0019973368841544607,0.29058663028649384,0.12278308321964529,16.6118690313779,matched
2025,1,10397,11697,broad_fare_bounds,12402.0,3009,1829644.5199999998,410524923.9288,147.5281825512014,11336.94510388927,False,1707.0,37.0,2.0,0.0,1668.0,0.0,490.0,154.0,23368.0,3.0,0.021675454012888107,0.0011716461628588166,0.29376498800959233,0.09232613908872901,14.009592326139089,matched
2025,1,10397,12173,broad_fare_bounds,412.0,287,408556.14,623691955.3712,991.6411165048544,530463.3217152582,False,90.0,0.0,0.0,0.0,90.0,0.0,13.0,6.0,91.0,3.0,0.0,0.0,0.14444444444444443,0.06666666666666667,1.011111111111111,matched
2025,1,10397,12266,broad_fare_bounds,7590.0,2891,1332662.02,378074195.4586,175.58129380764163,18983.356229077046,False,1003.0,25.0,2.0,0.0,976.0,0.0,241.0,72.0,9537.0,3.0,0.024925224327018942,0.0019940179461615153,0.24692622950819673,0.07377049180327869,9.771516393442623,matched
2025,1,10397,12478,broad_fare_bounds,6493.0,1770,1031117.04,234204231.8134,158.8044109040505,10851.42425736512,False,896.0,19.0,1.0,0.0,876.0,0.0,222.0,75.0,12662.0,3.0,0.021205357142857144,0.0011160714285714285,0.2534246575342466,0.08561643835616438,14.454337899543379,matched
2025,1,10397,12889,broad_fare_bounds,8301.0,3111,2744737.9199999995,1430226594.8884,330.6514781351644,62965.29870458544,False,1186.0,20.0,0.0,0.0,1166.0,0.0,278.0,104.0,10512.0,3.0,0.016863406408094434,0.0,0.23842195540308747,0.08919382504288165,9.015437392795883,matched
2025,1,10397,12892,broad_fare_bounds,8751.0,3114,2667526.4899999998,1549465542.3391001,304.825333104788,84143.0569602336,False,1237.0,16.0,4.0,0.0,1217.0,0.0,291.0,104.0,10808.0,3.0,0.012934518997574777,0.0032336297493936943,0.2391125718981101,0.08545603944124898,8.880854560394413,matched
2025,1,10397,12953,broad_fare_bounds,14701.0,4049,2767088.18,801581323.9098,188.22448676960752,19097.175116186154,False,1683.0,34.0,6.0,0.0,1643.0,0.0,399.0,135.0,13287.0,3.0,0.020202020202020204,0.0035650623885918,0.24284844796104688,0.08216676810712112,8.087035909920877,matched
2025,1,10397,13204,broad_fare_bounds,11528.0,3223,2037066.13,514173003.7897,176.70594465648853,13377.108688437955,False,2107.0,33.0,0.0,0.0,2074.0,0.0,580.0,198.0,33589.0,3.0,0.01566207878500237,0.0,0.2796528447444552,0.09546769527483125,16.195274831243974,matched
2025,1,10397,13232,broad_fare_bounds,4990.0,2109,831301.24,210082328.1548,166.59343486973947,14347.294423191655,False,828.0,16.0,2.0,0.0,810.0,0.0,147.0,55.0,4280.0,3.0,0.01932367149758454,0.0024154589371980675,0.1814814814814815,0.06790123456790123,5.283950617283951,matched
2025,1,10397,13303,broad_fare_bounds,9888.0,3186,1815350.1300000001,485579032.4294999,183.5912348300971,15402.170349294356,False,1634.0,33.0,2.0,0.0,1599.0,0.0,443.0,143.0,26036.0,3.0,0.020195838433292534,0.0012239902080783353,0.2770481550969356,0.08943089430894309,16.282676672920577,matched
2025,1,10397,13487,broad_fare_bounds,4148.0,1758,1168701.4,457412837.06280005,281.75057859209255,30889.71586581762,False,852.0,10.0,0.0,0.0,842.0,0.0,180.0,49.0,5249.0,3.0,0.011737089201877934,0.0,0.21377672209026127,0.05819477434679335,6.23396674584323,matched
2025,1,10397,13796,broad_fare_bounds,2.0,2,567.21,165168.5841,283.605,2152.4960250000004,True,,,,,,,,,,,,,,,,fare_only
2025,1,10397,13930,broad_fare_bounds,8840.0,3472,1823415.14,527070338.8792,206.2686809954751,17076.57274255887,False,1298.0,26.0,1.0,0.0,1271.0,0.0,268.0,108.0,11268.0,3.0,0.020030816640986132,0.0007704160246533128,0.2108575924468922,0.08497246262785209,8.8654602675059,matched
2025,1,10397,14100,broad_fare_bounds,8828.0,3398,1567447.8599999999,442569301.82720006,177.5541300407793,18606.98466930436,False,1300.0,34.0,0.0,0.0,1266.0,0.0,325.0,123.0,15774.0,3.0,0.026153846153846153,0.0,0.2567140600315956,0.0971563981042654,12.459715639810426,matched
2025,1,10397,14107,broad_fare_bounds,5658.0,2847,1851959.72,877682925.2882,327.3170236832803,47986.034244694034,False,893.0,12.0,1.0,0.0,880.0,0.0,204.0,58.0,7972.0,3.0,0.013437849944008958,0.0011198208286674132,0.2318181818181818,0.0659090909090909,9.059090909090909,matched
2025,1,10397,14635,broad_fare_bounds,2499.0,1126,571730.3200000001,168166824.82779998,228.78364145658267,14951.692791941845,False,849.0,15.0,4.0,0.0,830.0,0.0,208.0,58.0,8132.0,3.0,0.0176678445229682,0.004711425206124852,0.25060240963855424,0.06987951807228916,9.797590361445783,matched
2025,1,10397,14679,broad_fare_bounds,2957.0,1413,1043068.1400000001,516175422.6018,352.74539736219145,50131.19279055059,False,519.0,5.0,4.0,0.0,510.0,0.0,143.0,44.0,5287.0,3.0,0.009633911368015413,0.007707129094412331,0.2803921568627451,0.08627450980392157,10.366666666666667,matched
2025,1,10397,14747,broad_fare_bounds,3519.0,1427,1167222.48,526832772.814,331.69152600170503,39691.66446129735,False,622.0,7.0,2.0,0.0,613.0,0.0,140.0,34.0,4969.0,3.0,0.011254019292604502,0.003215434083601286,0.22838499184339314,0.05546492659053834,8.106035889070148,matched
2025,1,10397,14771,broad_fare_bounds,4890.0,2345,1727601.1600000001,889649401.4682,353.29267075664626,57116.68172791814,False,661.0,7.0,1.0,0.0,653.0,0.0,168.0,53.0,4914.0,3.0,0.01059001512859304,0.0015128593040847202,0.2572741194486983,0.08116385911179173,7.525267993874426,matched
2025,1,10397,14869,broad_fare_bounds,2802.0,1086,1350042.7599999998,786015851.6732,481.8139757316202,48374.86869018935,False,730.0,8.0,0.0,0.0,722.0,0.0,122.0,40.0,703.0,3.0,0.010958904109589041,0.0,0.16897506925207756,0.055401662049861494,0.9736842105263158,matched
2025,1,10397,15016,broad_fare_bounds,2994.0,1498,719166.8200000001,201516807.5762,240.20267869071478,9609.556107787881,False,786.0,18.0,2.0,0.0,766.0,0.0,140.0,41.0,3128.0,3.0,0.022900763358778626,0.002544529262086514,0.18276762402088773,0.05352480417754569,4.0835509138381205,matched
2025,1,10397,15304,broad_fare_bounds,7805.0,2541,1419908.1900000002,354293547.9547,181.92289429852661,12297.21209374987,False,1567.0,33.0,0.0,0.0,1534.0,0.0,417.0,135.0,22132.0,3.0,0.021059349074664963,0.0,0.27183833116036504,0.0880052151238592,14.427640156453716,matched
2025,1,10721,10397,broad_fare_bounds,8772.0,2664,1769838.1199999999,559431381.5096,201.7599316005472,23067.59729529856,False,1146.0,25.0,4.0,0.0,1117.0,0.0,257.0,87.0,7350.0,3.0,0.02181500872600349,0.0034904013961605585,0.23008057296329454,0.07788719785138765,6.58012533572068,matched
2025,1,10721,10821,broad_fare_bounds,4897.0,1757,694755.96,136197689.9878,141.87379211762303,7684.302092358666,False,918.0,20.0,1.0,0.0,897.0,0.0,130.0,51.0,-570.0,3.0,0.02178649237472767,0.0010893246187363835,0.14492753623188406,0.056856187290969896,-0.6354515050167224,matched
2025,1,10721,11278,broad_fare_bounds,11985.0,3306,1832033.6,343468273.6346,152.86054234459743,5291.83345390694,False,2367.0,99.0,8.0,0.0,2260.0,0.0,609.0,261.0,28440.0,3.0,0.04182509505703422,0.0033798056611744824,0.26946902654867255,0.11548672566371682,12.584070796460177,matched
2025,1,10721,11292,broad_fare_bounds,7305.0,2921,1619805.6099999999,492932442.4821,221.73930321697466,18310.45519147891,False,847.0,2.0,1.0,0.0,844.0,0.0,172.0,39.0,-1637.0,3.0,0.0023612750885478157,0.0011806375442739079,0.2037914691943128,0.0462085308056872,-1.9395734597156398,matched
2025,1,10721,11298,broad_fare_bounds,7239.0,2448,1660670.09,525817885.5655,229.40600773587514,20009.696097834443,False,875.0,24.0,2.0,0.0,849.0,0.0,204.0,59.0,3682.0,3.0,0.027428571428571427,0.002285714285714286,0.24028268551236748,0.06949352179034157,4.336866902237927,matched
2025,1,10721,11433,broad_fare_bounds,4082.0,1498,756209.1699999999,202926194.6465,185.25457373836352,15393.186477488576,False,626.0,2.0,2.0,0.0,622.0,0.0,100.0,33.0,-90.0,3.0,0.003194888178913738,0.003194888178913738,0.1607717041800643,0.05305466237942122,-0.14469453376205788,matched
2025,1,10721,11618,broad_fare_bounds,4326.0,1608,862252.0599999999,199133061.49799997,199.3185529357374,6303.797649778404,False,951.0,19.0,0.0,0.0,932.0,0.0,152.0,63.0,884.0,3.0,0.019978969505783387,0.0,0.1630901287553648,0.06759656652360516,0.9484978540772532,matched
2025,1,10721,11697,broad_fare_bounds,12238.0,2721,2008386.17,515304767.8677,164.11065288445823,15174.636563562955,False,1011.0,11.0,2.0,0.0,998.0,0.0,337.0,140.0,18858.0,3.0,0.010880316518298714,0.0019782393669634025,0.3376753507014028,0.1402805611222445,18.895791583166332,matched
2025,1,10721,12173,broad_fare_bounds,1349.0,818,684276.38,665151572.1482,507.24713120830245,235770.45325396428,False,115.0,3.0,1.0,0.0,111.0,0.0,28.0,10.0,1407.0,3.0,0.02608695652173913,0.008695652173913044,0.25225225225225223,0.09009009009009009,12.675675675675675,matched
2025,1,10721,12266,broad_fare_bounds,3743.0,1606,1052198.66,371248600.7736,281.1110499599252,20161.34937071163,False,381.0,5.0,1.0,0.0,375.0,0.0,95.0,27.0,1366.0,3.0,0.013123359580052493,0.0026246719160104987,0.25333333333333335,0.072,3.6426666666666665,matched
2025,1,10721,12478,broad_fare_bounds,1736.0,983,311093.78,70133939.9338,179.20148617511524,8286.562337537813,False,1251.0,30.0,0.0,0.0,1221.0,0.0,238.0,110.0,6214.0,3.0,0.023980815347721823,0.0,0.19492219492219492,0.09009009009009009,5.089271089271089,matched
2025,1,10721,12889,broad_fare_bounds,5527.0,1707,1671898.3800000001,792104543.3098,302.49654061878056,51811.302170012044,False,451.0,3.0,1.0,0.0,447.0,0.0,129.0,43.0,2646.0,3.0,0.0066518847006651885,0.0022172949002217295,0.28859060402684567,0.09619686800894854,5.919463087248322,matched
2025,1,10721,12892,broad_fare_bounds,10048.0,3996,3172349.56,1807753269.9458,315.71950238853503,80232.94640327548,False,969.0,6.0,1.0,0.0,962.0,0.0,198.0,67.0,3921.0,3.0,0.006191950464396285,0.0010319917440660474,0.20582120582120583,0.06964656964656965,4.075883575883576,matched
2025,1,10721,12953,broad_fare_bounds,5763.0,2082,1196838.07,301127224.04289997,207.67622245358322,9122.404091039862,False,1714.0,43.0,2.0,0.0,1669.0,0.0,298.0,117.0,917.0,3.0,0.025087514585764293,0.0011668611435239206,0.17855002995805871,0.0701018573996405,0.5494307968843619,matched
2025,1,10721,13204,broad_fare_bounds,16802.0,3486,3069648.9699999997,811580114.0085,182.6954511367694,14924.961945175011,False,1378.0,21.0,1.0,0.0,1356.0,0.0,391.0,143.0,16474.0,3.0,0.015239477503628448,0.000725689404934688,0.2883480825958702,0.10545722713864307,12.14896755162242,matched
2025,1,10721,13232,broad_fare_bounds,1457.0,681,211606.16,36841722.248,145.2341523678792,4193.054883032379,False,204.0,2.0,0.0,0.0,202.0,0.0,29.0,8.0,-704.0,3.0,0.00980392156862745,0.0,0.14356435643564355,0.039603960396039604,-3.485148514851485,matched
2025,1,10721,13303,broad_fare_bounds,9971.0,3286,1920015.75,594101528.6729,192.55999899709155,22503.590189399256,False,1068.0,11.0,3.0,0.0,1054.0,0.0,266.0,85.0,6433.0,3.0,0.010299625468164793,0.0028089887640449437,0.2523719165085389,0.08064516129032258,6.103415559772296,matched
2025,1,10721,13487,broad_fare_bounds,3080.0,987,987633.14,393258670.0034,320.6601103896104,24858.479969663153,False,384.0,0.0,0.0,0.0,384.0,0.0,64.0,20.0,-906.0,3.0,0.0,0.0,0.16666666666666666,0.052083333333333336,-2.359375,matched
2025,1,10721,13930,broad_fare_bounds,9606.0,4179,1721011.59,391969349.93490005,179.16006558401,8706.308619577216,False,1523.0,16.0,3.0,0.0,1504.0,0.0,290.0,103.0,2246.0,3.0,0.010505581089954037,0.001969796454366382,0.19281914893617022,0.06848404255319149,1.4933510638297873,matched
2025,1,10721,14100,broad_fare_bounds,6908.0,2987,1081644.3,215440807.11360002,156.57850318471338,6670.318708934992,False,1218.0,22.0,1.0,0.0,1195.0,0.0,228.0,83.0,5176.0,3.0,0.0180623973727422,0.0008210180623973727,0.1907949790794979,0.0694560669456067,4.331380753138076,matched
2025,1,10721,14107,broad_fare_bounds,5769.0,2389,1490509.15,578797115.8960999,258.36525394349104,33576.24213056908,False,594.0,1.0,1.0,0.0,592.0,0.0,126.0,44.0,813.0,3.0,0.0016835016835016834,0.0016835016835016834,0.21283783783783783,0.07432432432432433,1.3733108108108107,matched
2025,1,10721,14635,broad_fare_bounds,10298.0,2160,2003636.52,562530344.954,194.56559720334045,16769.431818001285,False,860.0,18.0,4.0,0.0,838.0,0.0,262.0,86.0,10545.0,3.0,0.020930232558139535,0.004651162790697674,0.3126491646778043,0.1026252983293556,12.583532219570406,matched
2025,1,10721,14679,broad_fare_bounds,4358.0,1928,1270626.19,610075152.0205001,291.5617691601652,54981.44380974295,False,342.0,3.0,3.0,0.0,336.0,0.0,69.0,17.0,-2313.0,3.0,0.008771929824561403,0.008771929824561403,0.20535714285714285,0.050595238095238096,-6.883928571428571,matched
2025,1,10721,14747,broad_fare_bounds,4267.0,1710,1016786.5800000001,365780630.416,238.2907382235763,28940.66221044634,False,488.0,7.0,2.0,0.0,479.0,0.0,92.0,27.0,-563.0,3.0,0.014344262295081968,0.004098360655737705,0.19206680584551147,0.05636743215031315,-1.1753653444676408,matched
2025,1,10721,14771,broad_fare_bounds,10090.0,4084,3302364.21,2127888857.3053,327.29080376610506,103771.59768939359,False,900.0,4.0,2.0,0.0,894.0,0.0,195.0,70.0,-1961.0,3.0,0.0044444444444444444,0.0022222222222222222,0.2181208053691275,0.07829977628635347,-2.193512304250559,matched
2025,1,10721,14869,broad_fare_bounds,3525.0,1509,1370784.6700000002,728406578.0352999,388.8750836879433,55416.33326834047,False,330.0,2.0,2.0,0.0,326.0,0.0,69.0,18.0,-674.0,3.0,0.006060606060606061,0.006060606060606061,0.2116564417177914,0.05521472392638037,-2.067484662576687,matched
2025,1,10721,15016,broad_fare_bounds,1199.0,850,359317.08999999997,128137271.8949,299.6806422018348,17061.63103386617,False,307.0,14.0,0.0,0.0,293.0,0.0,49.0,15.0,-202.0,3.0,0.04560260586319218,0.0,0.16723549488054607,0.051194539249146756,-0.689419795221843,matched
2025,1,10721,15304,broad_fare_bounds,9834.0,2208,1597576.03,379280616.3297,162.4543451291438,12176.881084200995,False,820.0,15.0,2.0,0.0,803.0,0.0,254.0,101.0,11256.0,3.0,0.018292682926829267,0.0024390243902439024,0.3163138231631382,0.12577833125778332,14.017434620174345,matched
2025,1,10821,10397,broad_fare_bounds,7191.0,2608,1140511.16,262563098.37219998,158.6025810040328,11357.959217396274,False,1359.0,36.0,1.0,0.0,1322.0,0.0,241.0,76.0,3749.0,3.0,0.026490066225165563,0.0007358351729212656,0.18229954614220878,0.057488653555219364,2.835854765506808,matched
2025,1,10821,10721,broad_fare_bounds,4837.0,1759,684290.34,134083638.91619998,141.46998966301425,7706.655280111536,False,918.0,17.0,0.0,0.0,901.0,0.0,149.0,59.0,1386.0,3.0,0.018518518518518517,0.0,0.16537180910099888,0.06548279689234185,1.5382907880133185,matched
2025,1,10821,11292,broad_fare_bounds,3014.0,1628,758072.0600000002,228912694.47059998,251.51694094226946,12689.027513468944,False,636.0,11.0,0.0,0.0,625.0,0.0,111.0,29.0,-1221.0,3.0,0.01729559748427673,0.0,0.1776,0.0464,-1.9536,matched
2025,1,10821,11298,broad_fare_bounds,2723.0,1305,452248.49000000005,124760566.6505,166.08464561145797,18233.21206776827,False,357.0,14.0,0.0,0.0,343.0,0.0,61.0,23.0,-799.0,3.0,0.0392156862745098,0.0,0.17784256559766765,0.06705539358600583,-2.3294460641399417,matched
2025,1,10821,11433,broad_fare_bounds,1718.0,944,317518.11,74395036.1815,184.8184575087311,9145.418428528756,False,481.0,3.0,0.0,0.0,478.0,0.0,88.0,37.0,2273.0,3.0,0.006237006237006237,0.0,0.18410041841004185,0.07740585774058577,4.7552301255230125,matched
2025,1,10821,11697,broad_fare_bounds,6396.0,2018,984492.16,228243390.1912,153.9231019387117,11993.011740096546,False,913.0,23.0,1.0,0.0,889.0,0.0,187.0,66.0,3365.0,3.0,0.025191675794085433,0.001095290251916758,0.21034870641169853,0.07424071991001124,3.7851518560179978,matched
2025,1,10821,12266,broad_fare_bounds,2129.0,1041,335021.08,78935443.1396,157.36077031470174,12313.8881724456,False,256.0,8.0,0.0,0.0,248.0,0.0,39.0,11.0,252.0,3.0,0.03125,0.0,0.15725806451612903,0.04435483870967742,1.0161290322580645,matched
2025,1,10821,12889,broad_fare_bounds,3463.0,1719,884620.81,301401293.5585,255.44926653190876,21780.409034114055,False,494.0,5.0,2.0,0.0,487.0,0.0,102.0,33.0,269.0,3.0,0.010121457489878543,0.004048582995951417,0.20944558521560575,0.06776180698151951,0.5523613963039015,matched
2025,1,10821,12892,broad_fare_bounds,2424.0,1353,660355.53,249048829.77389997,272.4238985148515,28528.136091360982,False,313.0,8.0,1.0,0.0,304.0,0.0,44.0,5.0,-2519.0,3.0,0.025559105431309903,0.003194888178913738,0.14473684210526316,0.01644736842105263,-8.286184210526315,matched
2025,1,10821,13204,broad_fare_bounds,9987.0,3119,1622346.37,379782609.9203,162.44581656153,11639.053679785316,False,1287.0,31.0,1.0,0.0,1255.0,0.0,233.0,88.0,5169.0,3.0,0.024087024087024088,0.000777000777000777,0.1856573705179283,0.0701195219123506,4.118725099601594,matched
2025,1,10821,13232,broad_fare_bounds,2134.0,1218,354021.56,77803205.85540001,165.89576382380505,8937.454896487809,False,403.0,7.0,2.0,0.0,394.0,0.0,72.0,17.0,461.0,3.0,0.017369727047146403,0.004962779156327543,0.18274111675126903,0.04314720812182741,1.1700507614213198,matched
2025,1,10821,13303,broad_fare_bounds,3884.0,1922,665598.34,163957079.6556,171.36929454170956,12846.0251497598,False,607.0,14.0,1.0,0.0,592.0,0.0,128.0,56.0,5268.0,3.0,0.023064250411861616,0.0016474464579901153,0.21621621621621623,0.0945945945945946,8.89864864864865,matched
2025,1,10821,13487,broad_fare_bounds,1117.0,749,268500.67,78017822.23390001,240.37660698299013,12064.943783921655,False,260.0,2.0,0.0,0.0,258.0,0.0,33.0,15.0,-666.0,3.0,0.007692307692307693,0.0,0.12790697674418605,0.05813953488372093,-2.5813953488372094,matched
2025,1,10821,13796,broad_fare_bounds,27.0,26,8926.68,3384352.3814,330.6177777777778,16038.26951358022,True,4.0,0.0,0.0,0.0,4.0,0.0,2.0,1.0,54.0,3.0,0.0,0.0,0.5,0.25,13.5,matched
2025,1,10821,13930,broad_fare_bounds,2130.0,1367,434083.67,110222711.4281,203.79515023474178,10215.288584977432,False,585.0,9.0,0.0,0.0,576.0,0.0,115.0,43.0,2002.0,3.0,0.015384615384615385,0.0,0.1996527777777778,0.07465277777777778,3.4756944444444446,matched
2025,1,10821,14107,broad_fare_bounds,1940.0,1104,578436.0599999999,200226065.42119998,298.16291752577314,14308.186685302499,False,323.0,3.0,2.0,0.0,318.0,0.0,58.0,19.0,117.0,3.0,0.009287925696594427,0.006191950464396285,0.18238993710691823,0.059748427672955975,0.36792452830188677,matched
2025,1,10821,14635,broad_fare_bounds,2106.0,1086,550563.02,172604819.5804,261.4259354226021,13615.084077781197,False,376.0,8.0,3.0,0.0,365.0,0.0,85.0,26.0,2632.0,3.0,0.02127659574468085,0.007978723404255319,0.2328767123287671,0.07123287671232877,7.210958904109589,matched
2025,1,10821,14679,broad_fare_bounds,1191.0,709,386659.72,147297170.924,324.6513182199832,18276.728063333678,False,197.0,3.0,1.0,0.0,193.0,0.0,44.0,14.0,49.0,3.0,0.015228426395939087,0.005076142131979695,0.22797927461139897,0.07253886010362694,0.2538860103626943,matched
2025,1,10821,14747,broad_fare_bounds,695.0,339,199523.22999999998,74565956.2827,287.08378417266186,24872.046595608103,False,84.0,1.0,0.0,0.0,83.0,0.0,25.0,6.0,1013.0,3.0,0.011904761904761904,0.0,0.30120481927710846,0.07228915662650602,12.204819277108435,matched
2025,1,10821,14771,broad_fare_bounds,684.0,483,229630.88,105320493.66839999,335.71766081871345,41270.98213897264,False,92.0,2.0,0.0,0.0,90.0,0.0,7.0,2.0,-1593.0,3.0,0.021739130434782608,0.0,0.07777777777777778,0.022222222222222223,-17.7,matched
2025,1,10821,14869,broad_fare_bounds,1496.0,1013,507084.8,200705593.7418,338.9604278074866,19267.32152348009,False,213.0,1.0,0.0,0.0,212.0,0.0,42.0,10.0,323.0,3.0,0.004694835680751174,0.0,0.19811320754716982,0.04716981132075472,1.5235849056603774,matched
2025,1,10821,15016,broad_fare_bounds,898.0,624,221171.04,66445558.5232,246.2929175946548,13332.625605964255,False,251.0,8.0,0.0,0.0,243.0,0.0,41.0,9.0,1256.0,3.0,0.03187250996015936,0.0,0.16872427983539096,0.037037037037037035,5.1687242798353905,matched
2025,1,10821,15304,broad_fare_bounds,4458.0,1724,874831.6900000001,229516476.0773,196.2386025123374,12974.591251277176,False,696.0,17.0,0.0,0.0,679.0,0.0,141.0,52.0,4593.0,3.0,0.02442528735632184,0.0,0.20765832106038293,0.07658321060382917,6.764359351988218,matched
2025,1,11278,10397,broad_fare_bounds,8154.0,3026,1707860.46,474816112.814,209.45063281824872,14361.49849175063,False,1707.0,88.0,0.0,0.0,1619.0,0.0,364.0,162.0,16078.0,3.0,0.051552431165787935,0.0,0.22483014206300186,0.10006176652254478,9.930821494749846,matched
2025,1,11278,10721,broad_fare_bounds,12153.0,3431,1898473.12,371520779.8814,156.2143602402699,6167.367399592757,False,2367.0,104.0,0.0,0.0,2263.0,0.0,494.0,195.0,12822.0,3.0,0.04393747359526827,0.0,0.21829429960229785,0.08616880247459124,5.665930181175431,matched
2025,1,11278,11292,broad_fare_bounds,2795.0,1310,488452.45,129220297.3551,174.75937388193202,15691.825768158964,False,359.0,6.0,0.0,0.0,353.0,0.0,91.0,35.0,4749.0,3.0,0.016713091922005572,0.0,0.2577903682719547,0.09915014164305949,13.453257790368271,matched
2025,1,11278,11298,broad_fare_bounds,4400.0,1588,1325062.53,510972054.6383,301.150575,25438.343594964826,False,898.0,46.0,7.0,0.0,845.0,0.0,152.0,57.0,3491.0,3.0,0.051224944320712694,0.0077951002227171495,0.17988165680473372,0.06745562130177515,4.131360946745562,matched
2025,1,11278,11433,broad_fare_bounds,2951.0,1343,633809.2899999999,167833215.6839,214.77780074550998,10743.832695908794,False,662.0,31.0,0.0,0.0,631.0,0.0,179.0,83.0,10140.0,3.0,0.04682779456193353,0.0,0.2836767036450079,0.13153724247226625,16.06973058637084,matched
2025,1,11278,11618,broad_fare_bounds,1224.0,828,245039.22,56067133.6598,200.19544117647058,5728.267080360922,False,113.0,8.0,0.0,0.0,105.0,0.0,6.0,4.0,-438.0,3.0,0.07079646017699115,0.0,0.05714285714285714,0.0380952380952381,-4.171428571428572,matched
2025,1,11278,11697,broad_fare_bounds,5771.0,1806,936936.96,195872884.2966,162.35261826373244,7582.518747623992,False,614.0,24.0,3.0,0.0,587.0,0.0,135.0,54.0,6524.0,3.0,0.03908794788273615,0.004885993485342019,0.22998296422487224,0.0919931856899489,11.114139693356048,matched
2025,1,11278,12266,broad_fare_bounds,2938.0,1309,869420.2600000001,312734154.7252,295.92248468345815,18874.45580390122,False,548.0,22.0,2.0,0.0,524.0,0.0,86.0,27.0,2258.0,3.0,0.040145985401459854,0.0036496350364963502,0.16412213740458015,0.05152671755725191,4.309160305343512,matched
2025,1,11278,12478,broad_fare_bounds,912.0,597,150117.96999999997,30010800.3963,164.60303728070173,5812.419499875814,False,614.0,32.0,1.0,0.0,581.0,0.0,96.0,41.0,831.0,3.0,0.05211726384364821,0.0016286644951140066,0.16523235800344235,0.07056798623063683,1.4302925989672977,matched
2025,1,11278,12889,broad_fare_bounds,1419.0,911,438643.88,186436360.8334,309.12183227625087,35829.42983159698,False,128.0,3.0,0.0,0.0,125.0,0.0,31.0,10.0,-67.0,3.0,0.0234375,0.0,0.248,0.08,-0.536,matched
2025,1,11278,12892,broad_fare_bounds,4128.0,1838,1400573.1,723980213.3482,339.28611918604656,60267.73294884428,False,360.0,9.0,1.0,0.0,350.0,0.0,79.0,35.0,3994.0,3.0,0.025,0.002777777777777778,0.2257142857142857,0.1,11.411428571428571,matched
2025,1,11278,12953,broad_fare_bounds,3707.0,1798,687598.8200000001,148685517.0042,185.48659832748857,5704.114072944394,False,1115.0,56.0,2.0,0.0,1057.0,0.0,254.0,109.0,10179.0,3.0,0.05022421524663677,0.0017937219730941704,0.2403027436140019,0.10312204351939451,9.630085146641438,matched
2025,1,11278,13204,broad_fare_bounds,10041.0,3200,1623002.25,330993687.0927,161.63751120406334,6837.530397779603,False,1151.0,38.0,1.0,0.0,1112.0,0.0,244.0,99.0,8188.0,3.0,0.03301476976542137,0.0008688097306689834,0.21942446043165467,0.08902877697841727,7.363309352517986,matched
2025,1,11278,13232,broad_fare_bounds,2466.0,909,432982.22000000003,93241264.9948,175.58078669910788,6982.119294596028,False,515.0,18.0,0.0,0.0,497.0,0.0,99.0,45.0,3365.0,3.0,0.03495145631067961,0.0,0.19919517102615694,0.09054325955734406,6.770623742454728,matched
2025,1,11278,13303,broad_fare_bounds,7369.0,2050,1534140.63,465259898.7715,208.18844212240467,19795.026599961406,False,1074.0,32.0,4.0,0.0,1038.0,0.0,198.0,78.0,2542.0,3.0,0.0297951582867784,0.0037243947858473,0.1907514450867052,0.07514450867052024,2.448940269749518,matched
2025,1,11278,13487,broad_fare_bounds,2899.0,1300,729558.53,229100697.3841,251.6586857537082,15695.397221073705,False,595.0,27.0,1.0,0.0,567.0,0.0,135.0,50.0,4525.0,3.0,0.0453781512605042,0.0016806722689075631,0.23809523809523808,0.08818342151675485,7.980599647266314,matched
2025,1,11278,13796,broad_fare_bounds,102.0,88,30243.41,10885945.4425,296.50401960784313,18810.321675019237,False,,,,,,,,,,,,,,,,fare_only
2025,1,11278,13930,broad_fare_bounds,6647.0,2692,1426001.51,374609275.5849,214.5330991424703,10333.195766926081,False,1625.0,59.0,0.0,0.0,1566.0,0.0,265.0,118.0,5933.0,3.0,0.036307692307692305,0.0,0.16922094508301405,0.07535121328224777,3.788633461047254,matched
2025,1,11278,14100,broad_fare_bounds,41.0,39,8419.98,2079286.064,205.36536585365852,8539.360751695429,False,305.0,20.0,0.0,0.0,285.0,0.0,85.0,31.0,4043.0,3.0,0.06557377049180328,0.0,0.2982456140350877,0.10877192982456141,14.185964912280701,matched
2025,1,11278,14107,broad_fare_bounds,2405.0,1143,844391.5399999999,386909118.638,351.09835343035337,37606.91862514749,False,266.0,6.0,1.0,0.0,259.0,0.0,31.0,11.0,-1460.0,3.0,0.022556390977443608,0.0037593984962406013,0.11969111969111969,0.04247104247104247,-5.637065637065637,matched
2025,1,11278,14635,broad_fare_bounds,1645.0,1274,387818.29000000004,116026885.99689999,235.7557993920973,14952.264449284965,False,269.0,11.0,0.0,0.0,258.0,0.0,69.0,25.0,3223.0,3.0,0.040892193308550186,0.0,0.26744186046511625,0.09689922480620156,12.492248062015504,matched
2025,1,11278,14679,broad_fare_bounds,158.0,133,44727.12,16261469.077599999,283.0830379746836,22784.683975580803,False,14.0,0.0,0.0,0.0,14.0,0.0,4.0,1.0,88.0,1.0,0.0,0.0,0.2857142857142857,0.07142857142857142,6.285714285714286,matched
2025,1,11278,14747,broad_fare_bounds,1704.0,1013,638206.82,328775484.167,374.5345187793427,52667.253495660436,False,203.0,9.0,1.0,0.0,193.0,0.0,49.0,19.0,2534.0,3.0,0.04433497536945813,0.0049261083743842365,0.2538860103626943,0.09844559585492228,13.129533678756477,matched
2025,1,11278,14771,broad_fare_bounds,2139.0,1229,805315.6799999999,478216900.6976,376.49166900420755,81824.33672704146,False,226.0,3.0,0.0,0.0,223.0,0.0,55.0,33.0,2560.0,3.0,0.01327433628318584,0.0,0.24663677130044842,0.14798206278026907,11.47982062780269,matched
2025,1,11278,14869,broad_fare_bounds,798.0,576,408533.68,252961386.8124,511.94696741854636,54904.52161411173,False,90.0,1.0,0.0,0.0,89.0,0.0,26.0,9.0,1239.0,3.0,0.011111111111111112,0.0,0.29213483146067415,0.10112359550561797,13.92134831460674,matched
2025,1,11278,15016,broad_fare_bounds,2466.0,1204,509805.99,128807927.02470002,206.73397810218978,9494.609347800018,False,506.0,34.0,1.0,0.0,471.0,0.0,132.0,55.0,6600.0,3.0,0.06719367588932806,0.001976284584980237,0.2802547770700637,0.11677282377919321,14.012738853503185,matched
2025,1,11278,15304,broad_fare_bounds,3805.0,1541,859344.8099999999,238086136.8397,225.8462049934297,11565.406759632097,False,547.0,16.0,0.0,0.0,531.0,0.0,152.0,60.0,8050.0,3.0,0.029250457038391225,0.0,0.2862523540489642,0.11299435028248588,15.160075329566855,matched
2025,1,11292,10397,broad_fare_bounds,8568.0,3161,1916516.04,597274375.0898,223.6830112044818,19675.80488339297,False,1284.0,16.0,1.0,0.0,1267.0,0.0,279.0,80.0,8541.0,3.0,0.012461059190031152,0.000778816199376947,0.2202052091554854,0.06314127861089187,6.741120757695343,matched
2025,1,11292,10721,broad_fare_bounds,7403.0,3045,1735349.04,557246751.2484001,234.41159529920304,20324.30290166953,False,830.0,1.0,0.0,0.0,829.0,0.0,167.0,51.0,3912.0,3.0,0.0012048192771084338,0.0,0.2014475271411339,0.061519903498190594,4.718938480096502,matched
2025,1,11292,10821,broad_fare_bounds,3011.0,1638,775223.77,241483616.1781,257.4638890733975,13912.816158006957,False,625.0,9.0,4.0,0.0,612.0,0.0,126.0,33.0,1929.0,3.0,0.0144,0.0064,0.20588235294117646,0.05392156862745098,3.1519607843137254,matched
2025,1,11292,11278,broad_fare_bounds,2861.0,1362,509342.37,141357039.7507,178.02948968891997,17713.76355912441,False,360.0,4.0,2.0,0.0,354.0,0.0,120.0,47.0,5845.0,3.0,0.011111111111111112,0.005555555555555556,0.3389830508474576,0.1327683615819209,16.51129943502825,matched
2025,1,11292,11298,broad_fare_bounds,9339.0,2819,1736054.01,480368239.73069996,185.89292322518472,16880.61729681935,False,1457.0,40.0,1.0,0.0,1416.0,0.0,329.0,115.0,12239.0,3.0,0.027453671928620454,0.0006863417982155113,0.2323446327683616,0.08121468926553672,8.643361581920903,matched
2025,1,11292,11433,broad_fare_bounds,4388.0,1839,931585.84,273377367.7772,212.30306289881494,17228.541611676083,False,647.0,0.0,0.0,0.0,647.0,0.0,142.0,46.0,4480.0,3.0,0.0,0.0,0.21947449768160743,0.07109737248840804,6.924265842349304,matched
2025,1,11292,11618,broad_fare_bounds,5140.0,1849,1447607.17,540671502.5641,281.6356361867704,25870.376710626428,False,749.0,2.0,1.0,0.0,746.0,0.0,157.0,54.0,4696.0,3.0,0.0026702269692923898,0.0013351134846461949,0.21045576407506703,0.07238605898123325,6.294906166219839,matched
2025,1,11292,11697,broad_fare_bounds,3285.0,1771,1080103.36,453947381.03400004,328.7985875190259,30079.42827745696,False,502.0,1.0,2.0,0.0,499.0,0.0,98.0,34.0,1659.0,3.0,0.00199203187250996,0.00398406374501992,0.1963927855711423,0.06813627254509018,3.3246492985971945,matched
2025,1,11292,12173,broad_fare_bounds,759.0,480,509957.24,493570397.8856,671.8804216073781,198867.0783566074,False,130.0,0.0,1.0,0.0,129.0,0.0,28.0,11.0,97.0,3.0,0.0,0.007692307692307693,0.21705426356589147,0.08527131782945736,0.751937984496124,matched
2025,1,11292,12266,broad_fare_bounds,6945.0,2305,1484737.53,444656031.5357,213.78510151187905,18321.276884975305,False,1087.0,17.0,0.0,0.0,1070.0,0.0,216.0,65.0,4062.0,3.0,0.015639374425023,0.0,0.20186915887850468,0.06074766355140187,3.796261682242991,matched
2025,1,11292,12478,broad_fare_bounds,2862.0,998,668770.4199999999,213539668.3488,233.6724039133473,20009.251097575507,False,333.0,6.0,3.0,0.0,324.0,0.0,72.0,28.0,2231.0,3.0,0.018018018018018018,0.009009009009009009,0.2222222222222222,0.08641975308641975,6.885802469135802,matched
2025,1,11292,12889,broad_fare_bounds,12719.0,3384,1881477.17,387761089.5095,147.92650129727178,8604.509354564652,False,1935.0,3.0,0.0,0.0,1932.0,0.0,457.0,146.0,9091.0,3.0,0.0015503875968992248,0.0,0.2365424430641822,0.07556935817805382,4.705486542443064,matched
2025,1,11292,12892,broad_fare_bounds,9326.0,3503,1620952.77,394812435.2527,173.81007613124598,12124.652680017789,False,1861.0,0.0,1.0,0.0,1860.0,0.0,353.0,100.0,444.0,3.0,0.0,0.0005373455131649651,0.18978494623655914,0.053763440860215055,0.23870967741935484,matched
2025,1,11292,12953,broad_fare_bounds,8199.0,3431,2090480.24,714115894.2348001,254.96770825710453,22089.39361937288,False,1077.0,3.0,8.0,0.0,1066.0,0.0,256.0,95.0,8421.0,3.0,0.002785515320334262,0.007428040854224698,0.2401500938086304,0.08911819887429644,7.899624765478424,matched
2025,1,11292,13204,broad_fare_bounds,10504.0,4037,2505141.09,803597793.9619,238.49401085300838,19624.58564881215,False,1241.0,3.0,1.0,0.0,1237.0,0.0,224.0,83.0,1127.0,3.0,0.0024174053182917004,0.0008058017727639,0.18108326596604687,0.06709781729991916,0.9110751818916734,matched
2025,1,11292,13232,broad_fare_bounds,3762.0,1732,575172.98,117979851.666,152.89021265284424,7985.521648492784,False,619.0,5.0,1.0,0.0,613.0,0.0,121.0,37.0,2069.0,3.0,0.008077544426494346,0.0016155088852988692,0.19738988580750408,0.06035889070146819,3.375203915171289,matched
2025,1,11292,13303,broad_fare_bounds,6602.0,3039,1557781.1500000001,538769897.0471,235.95594516813088,25931.865106596793,False,805.0,4.0,1.0,0.0,800.0,0.0,177.0,61.0,4227.0,3.0,0.004968944099378882,0.0012422360248447205,0.22125,0.07625,5.28375,matched
2025,1,11292,13487,broad_fare_bounds,8563.0,2709,1362099.9500000002,290322234.6891,159.06807777648024,8601.6132083569,False,1259.0,3.0,1.0,0.0,1255.0,0.0,280.0,67.0,5858.0,3.0,0.0023828435266084196,0.0007942811755361397,0.22310756972111553,0.05338645418326693,4.667729083665338,matched
2025,1,11292,13796,broad_fare_bounds,1739.0,958,360453.27,90363902.6673,207.27617596319726,8999.728147366382,False,387.0,1.0,0.0,0.0,386.0,0.0,87.0,27.0,1379.0,3.0,0.002583979328165375,0.0,0.22538860103626943,0.06994818652849741,3.5725388601036268,matched
2025,1,11292,13930,broad_fare_bounds,9633.0,3672,1888849.9,494769521.1496,196.0811688985778,12914.110337759601,False,1399.0,6.0,1.0,0.0,1392.0,0.0,320.0,109.0,10185.0,3.0,0.004288777698355968,0.0007147962830593281,0.22988505747126436,0.07830459770114942,7.316810344827586,matched
2025,1,11292,14100,broad_fare_bounds,4596.0,2786,1162729.92,399208845.6504,252.98736292428197,22857.456352575864,False,622.0,8.0,1.0,0.0,613.0,0.0,131.0,37.0,3353.0,3.0,0.012861736334405145,0.001607717041800643,0.2137030995106036,0.06035889070146819,5.4698205546492655,matched
2025,1,11292,14107,broad_fare_bounds,17077.0,4749,2807894.71,624251477.4389,164.42552614627863,9519.34838577019,False,2529.0,12.0,1.0,0.0,2516.0,0.0,505.0,153.0,8526.0,3.0,0.004744958481613286,0.00039541320680110717,0.2007154213036566,0.060810810810810814,3.388712241653418,matched
2025,1,11292,14635,broad_fare_bounds,2404.0,1382,772296.82,320939645.0922,321.25491680532446,30297.626636473957,False,366.0,0.0,1.0,0.0,365.0,0.0,77.0,18.0,1727.0,3.0,0.0,0.00273224043715847,0.21095890410958903,0.049315068493150684,4.7315068493150685,matched
2025,1,11292,14679,broad_fare_bounds,7850.0,2784,1418927.79,338830627.9953,180.75513248407643,10490.719404906016,False,1259.0,4.0,7.0,0.0,1248.0,0.0,266.0,67.0,703.0,3.0,0.003177124702144559,0.005559968228752979,0.21314102564102563,0.05368589743589743,0.563301282051282,matched
2025,1,11292,14747,broad_fare_bounds,7873.0,3254,1394471.54,308349913.5468,177.12073415470596,7793.7369013281605,False,1328.0,5.0,2.0,0.0,1321.0,0.0,307.0,74.0,7666.0,3.0,0.0037650602409638554,0.0015060240963855422,0.2323996971990916,0.056018168054504165,5.803179409538228,matched
2025,1,11292,14771,broad_fare_bounds,7804.0,2960,1612923.24,459153699.6168,206.67904151717067,16119.460575708683,False,1386.0,3.0,0.0,0.0,1383.0,0.0,388.0,150.0,12705.0,3.0,0.0021645021645021645,0.0,0.28054953000723065,0.10845986984815618,9.186550976138829,matched
2025,1,11292,14869,broad_fare_bounds,7681.0,3216,1246852.3,272951800.378,162.3294232521807,9185.130274488354,False,1935.0,4.0,1.0,0.0,1930.0,0.0,425.0,114.0,9642.0,3.0,0.0020671834625322996,0.0005167958656330749,0.22020725388601037,0.05906735751295337,4.9958549222797926,matched
2025,1,11292,15016,broad_fare_bounds,4020.0,2054,800418.51,208348327.7703,199.10908208955223,12183.515660873862,False,824.0,13.0,2.0,0.0,809.0,0.0,155.0,40.0,1634.0,3.0,0.015776699029126214,0.0024271844660194173,0.1915945611866502,0.049443757725587144,2.0197775030902347,matched
2025,1,11292,15304,broad_fare_bounds,6431.0,2898,1439932.05,453241079.9073,223.90484372570364,20344.1640921191,False,869.0,3.0,1.0,0.0,865.0,0.0,188.0,66.0,4521.0,3.0,0.0034522439585730723,0.0011507479861910242,0.21734104046242775,0.07630057803468208,5.226589595375723,matched
2025,1,11298,10397,broad_fare_bounds,10939.0,3972,2398679.33,746450731.7171,219.2777520797148,20154.833190842277,False,1567.0,58.0,2.0,0.0,1507.0,0.0,318.0,126.0,12284.0,3.0,0.037013401403956606,0.0012763241863433313,0.21101526211015262,0.0836098208360982,8.15129396151294,matched
2025,1,11298,10721,broad_fare_bounds,7277.0,2529,1696158.3599999999,540741475.4672,233.08483715816956,19979.75543934755,False,875.0,24.0,0.0,0.0,851.0,0.0,194.0,65.0,4957.0,3.0,0.027428571428571427,0.0,0.22796709753231492,0.07638072855464159,5.824911868390129,matched
2025,1,11298,10821,broad_fare_bounds,2666.0,1322,452225.37,123119761.3875,169.62692048012002,17408.16373271461,False,357.0,14.0,1.0,0.0,342.0,0.0,68.0,20.0,950.0,3.0,0.0392156862745098,0.0028011204481792717,0.19883040935672514,0.05847953216374269,2.7777777777777777,matched
2025,1,11298,11278,broad_fare_bounds,4346.0,1579,1307652.62,501183888.5236,300.8864749194662,24788.05827717342,False,897.0,44.0,3.0,0.0,850.0,0.0,173.0,45.0,1770.0,3.0,0.04905239687848383,0.0033444816053511705,0.20352941176470588,0.052941176470588235,2.0823529411764707,matched
2025,1,11298,11292,broad_fare_bounds,9120.0,2718,1619515.96,415123282.9656,177.57850438596492,13983.77861399121,False,1460.0,45.0,1.0,0.0,1414.0,0.0,297.0,94.0,9068.0,3.0,0.030821917808219176,0.0006849315068493151,0.21004243281471005,0.06647807637906648,6.413012729844413,matched
2025,1,11298,11433,broad_fare_bounds,6107.0,2581,1275771.0099999998,409875984.3575,208.9030636973964,23475.276206349823,False,1003.0,20.0,0.0,0.0,983.0,0.0,188.0,71.0,5312.0,3.0,0.019940179461615155,0.0,0.19125127161749747,0.07222787385554426,5.403865717192269,matched
2025,1,11298,11618,broad_fare_bounds,7243.0,2835,1803309.75,640909493.0245,248.97276680933314,26499.306247791406,False,884.0,23.0,0.0,0.0,861.0,0.0,183.0,70.0,5149.0,3.0,0.026018099547511313,0.0,0.21254355400696864,0.08130081300813008,5.980255516840883,matched
2025,1,11298,11697,broad_fare_bounds,5209.0,1917,1077851.84,351583572.1782,206.92106738337495,24679.078319114087,False,674.0,24.0,1.0,0.0,649.0,0.0,156.0,53.0,4980.0,3.0,0.03560830860534125,0.001483679525222552,0.24036979969183359,0.08166409861325115,7.673343605546996,matched
2025,1,11298,12173,broad_fare_bounds,991.0,658,611296.9,626165396.5669999,616.8485368314833,251349.94776223856,False,184.0,1.0,0.0,0.0,183.0,0.0,48.0,23.0,4102.0,3.0,0.005434782608695652,0.0,0.26229508196721313,0.12568306010928962,22.415300546448087,matched
2025,1,11298,12266,broad_fare_bounds,4139.0,2246,754799.06,168463946.374,182.36266247885965,7445.46512584186,False,1471.0,67.0,1.0,0.0,1403.0,0.0,325.0,114.0,11301.0,3.0,0.045547246770904146,0.0006798096532970768,0.2316464718460442,0.08125445473984319,8.05488239486814,matched
2025,1,11298,12478,broad_fare_bounds,1635.0,993,405489.27,143555874.4515,248.00566972477066,26294.94585867991,False,424.0,11.0,0.0,0.0,413.0,0.0,73.0,26.0,-240.0,3.0,0.025943396226415096,0.0,0.17675544794188863,0.06295399515738499,-0.5811138014527845,matched
2025,1,11298,12889,broad_fare_bounds,10727.0,2763,2083297.44,705768386.8693999,194.21063111774026,28075.871748021564,False,1483.0,37.0,1.0,0.0,1445.0,0.0,357.0,124.0,12477.0,3.0,0.024949426837491573,0.0006743088334457181,0.24705882352941178,0.08581314878892733,8.634602076124567,matched
2025,1,11298,12892,broad_fare_bounds,11409.0,3356,2393077.92,846465712.0304,209.75352090454902,30196.26544933521,False,1671.0,35.0,2.0,0.0,1634.0,0.0,312.0,93.0,3155.0,3.0,0.020945541591861162,0.0011968880909634949,0.1909424724602203,0.056915544675642596,1.930844553243574,matched
2025,1,11298,12953,broad_fare_bounds,11844.0,3864,2859558.23,1096324003.4178998,241.43517646065519,34272.716781351824,False,1631.0,48.0,14.0,0.0,1569.0,0.0,369.0,132.0,13390.0,3.0,0.029429797670141016,0.008583690987124463,0.23518164435946462,0.0841300191204589,8.534098151688974,matched
2025,1,11298,13204,broad_fare_bounds,10100.0,2864,2140799.64,674111632.7604,211.96036039603962,21816.5316366622,False,1246.0,41.0,1.0,0.0,1204.0,0.0,312.0,124.0,13997.0,3.0,0.03290529695024077,0.0008025682182985554,0.2591362126245847,0.10299003322259136,11.625415282392026,matched
2025,1,11298,13232,broad_fare_bounds,811.0,313,71675.95,8618175.0221,88.37971639950678,2815.6287157025563,False,74.0,3.0,0.0,0.0,71.0,0.0,18.0,9.0,1463.0,3.0,0.04054054054054054,0.0,0.2535211267605634,0.1267605633802817,20.6056338028169,matched
2025,1,11298,13303,broad_fare_bounds,5485.0,2376,1433433.84,574538924.1982,261.33707201458526,36450.23181877419,False,1188.0,25.0,2.0,0.0,1161.0,0.0,312.0,113.0,18186.0,3.0,0.021043771043771045,0.0016835016835016834,0.268733850129199,0.09732988802756244,15.664082687338501,matched
2025,1,11298,13487,broad_fare_bounds,5138.0,2061,1351271.32,451759772.2582,262.99558583106267,18758.540256536915,False,793.0,17.0,1.0,0.0,775.0,0.0,140.0,54.0,2171.0,3.0,0.021437578814627996,0.0012610340479192938,0.18064516129032257,0.0696774193548387,2.801290322580645,matched
2025,1,11298,13930,broad_fare_bounds,10635.0,3483,2359828.5,721146102.8840001,221.89266572637518,18572.39928179847,False,1505.0,34.0,3.0,0.0,1468.0,0.0,284.0,103.0,8196.0,3.0,0.022591362126245847,0.0019933554817275745,0.19346049046321526,0.07016348773841961,5.583106267029973,matched
2025,1,11298,14100,broad_fare_bounds,5406.0,2141,1591593.58,617055822.4312,294.41242693303735,27464.094312311994,False,768.0,20.0,2.0,0.0,746.0,0.0,146.0,57.0,2391.0,3.0,0.026041666666666668,0.0026041666666666665,0.19571045576407506,0.07640750670241286,3.2050938337801607,matched
2025,1,11298,14107,broad_fare_bounds,8591.0,2532,1916206.3900000001,629086978.1961,223.04811896170412,23475.81740940547,False,1309.0,32.0,0.0,0.0,1277.0,0.0,307.0,106.0,12028.0,3.0,0.024446142093200916,0.0,0.240407204385278,0.08300704776820673,9.418950665622553,matched
2025,1,11298,14635,broad_fare_bounds,1473.0,654,471086.57,189346341.5529,319.81437202987104,26263.466392833725,False,402.0,12.0,1.0,0.0,389.0,0.0,98.0,35.0,4249.0,3.0,0.029850746268656716,0.0024875621890547263,0.2519280205655527,0.08997429305912596,10.922879177377892,matched
2025,1,11298,14679,broad_fare_bounds,4125.0,1626,1111909.27,417424243.2693,269.55376242424245,28534.52510700778,False,781.0,25.0,2.0,0.0,754.0,0.0,207.0,56.0,7050.0,3.0,0.03201024327784891,0.002560819462227913,0.27453580901856767,0.07427055702917772,9.350132625994695,matched
2025,1,11298,14747,broad_fare_bounds,6425.0,2595,1353376.03,385563291.8521,210.64218365758757,15639.721335885326,False,1186.0,21.0,3.0,0.0,1162.0,0.0,274.0,78.0,6694.0,3.0,0.01770657672849916,0.002529510961214165,0.23580034423407917,0.06712564543889846,5.760757314974183,matched
2025,1,11298,14771,broad_fare_bounds,6475.0,2326,1654541.7,584340679.9742,255.52767567567568,24951.271824667012,False,958.0,26.0,0.0,0.0,932.0,0.0,258.0,99.0,13585.0,3.0,0.027139874739039668,0.0,0.27682403433476394,0.10622317596566523,14.57618025751073,matched
2025,1,11298,14869,broad_fare_bounds,4659.0,2195,1197592.97,405641569.0511,257.04936037776343,20991.85707656022,False,985.0,24.0,0.0,0.0,961.0,0.0,234.0,78.0,9986.0,3.0,0.024365482233502538,0.0,0.24349635796045785,0.08116545265348596,10.391259105098856,matched
2025,1,11298,15016,broad_fare_bounds,1642.0,1073,445447.62,147028434.248,271.283568818514,15947.511676423092,False,531.0,27.0,1.0,0.0,503.0,0.0,100.0,37.0,4383.0,3.0,0.05084745762711865,0.0018832391713747645,0.1988071570576541,0.073558648111332,8.713717693836978,matched
2025,1,11298,15304,broad_fare_bounds,4582.0,1682,1029329.09,325382477.0499,224.64624399825402,20547.26388984269,False,735.0,22.0,2.0,0.0,711.0,0.0,170.0,58.0,5529.0,3.0,0.029931972789115645,0.0027210884353741495,0.2390998593530239,0.08157524613220815,7.776371308016878,matched
2025,1,11433,10397,broad_fare_bounds,7102.0,2144,1293115.28,397320906.7548,182.07762320473105,22792.671084578957,False,1156.0,17.0,1.0,0.0,1138.0,0.0,224.0,87.0,2733.0,3.0,0.014705882352941176,0.0008650519031141869,0.1968365553602812,0.07644991212653779,2.4015817223198592,matched
2025,1,11433,10721,broad_fare_bounds,4106.0,1466,755267.86,204044308.5984,183.94248904042863,15859.342069596205,False,626.0,3.0,0.0,0.0,623.0,0.0,105.0,39.0,424.0,3.0,0.004792332268370607,0.0,0.16853932584269662,0.06260032102728733,0.680577849117175,matched
2025,1,11433,10821,broad_fare_bounds,1750.0,965,324222.6,76646641.8294,185.27005714285713,9473.086971653887,False,482.0,5.0,0.0,0.0,477.0,0.0,95.0,26.0,627.0,3.0,0.01037344398340249,0.0,0.19916142557651992,0.05450733752620545,1.3144654088050314,matched
2025,1,11433,11278,broad_fare_bounds,2934.0,1319,628280.3899999999,165889520.7653,214.13782890252213,10685.385858442445,False,664.0,24.0,5.0,0.0,635.0,0.0,193.0,89.0,12391.0,3.0,0.03614457831325301,0.007530120481927711,0.30393700787401573,0.14015748031496064,19.513385826771653,matched
2025,1,11433,11292,broad_fare_bounds,4372.0,1808,921248.4,271105327.9058,210.71555352241538,17608.408364172108,False,648.0,2.0,2.0,0.0,644.0,0.0,145.0,24.0,1477.0,3.0,0.0030864197530864196,0.0030864197530864196,0.2251552795031056,0.037267080745341616,2.2934782608695654,matched
2025,1,11433,11298,broad_fare_bounds,6142.0,2598,1281182.0,418713798.59459996,208.59361771409965,24660.92645138625,False,1005.0,21.0,2.0,0.0,982.0,0.0,230.0,102.0,5299.0,3.0,0.020895522388059702,0.001990049751243781,0.23421588594704684,0.10386965376782077,5.396130346232179,matched
2025,1,11433,11618,broad_fare_bounds,3102.0,2016,613065.91,157842293.1791,197.6356898774984,11824.174440965071,False,631.0,3.0,0.0,0.0,628.0,0.0,138.0,60.0,2544.0,3.0,0.004754358161648178,0.0,0.2197452229299363,0.09554140127388536,4.050955414012739,matched
2025,1,11433,11697,broad_fare_bounds,8792.0,2706,1893272.15,613102020.5426999,215.34032643312102,23362.622581319723,False,716.0,6.0,4.0,0.0,706.0,0.0,188.0,70.0,7865.0,3.0,0.008379888268156424,0.00558659217877095,0.26628895184135976,0.09915014164305949,11.140226628895185,matched
2025,1,11433,12173,broad_fare_bounds,519.0,339,470670.34,648912378.3476,906.8792678227361,427882.86131507065,False,72.0,0.0,1.0,0.0,71.0,0.0,13.0,7.0,-432.0,3.0,0.0,0.013888888888888888,0.18309859154929578,0.09859154929577464,-6.084507042253521,matched
2025,1,11433,12266,broad_fare_bounds,4705.0,2062,863833.72,241336609.2618,183.59909032943676,17585.021057153368,False,576.0,8.0,0.0,0.0,568.0,0.0,125.0,29.0,693.0,3.0,0.013888888888888888,0.0,0.22007042253521128,0.051056338028169015,1.2200704225352113,matched
2025,1,11433,12478,broad_fare_bounds,763.0,658,174965.21,50264750.483500004,229.31220183486238,13293.6997823079,False,73.0,0.0,0.0,0.0,73.0,0.0,20.0,11.0,563.0,3.0,0.0,0.0,0.273972602739726,0.1506849315068493,7.712328767123288,matched
2025,1,11433,12889,broad_fare_bounds,6593.0,2251,1734591.39,693320690.0720999,263.0959183983012,35940.66059066648,False,747.0,0.0,1.0,0.0,746.0,0.0,175.0,49.0,2373.0,3.0,0.0,0.0013386880856760374,0.23458445040214476,0.06568364611260054,3.180965147453083,matched
2025,1,11433,12892,broad_fare_bounds,4904.0,2051,1503231.74,749484051.5958,306.5317577487765,58869.45025078471,False,613.0,2.0,3.0,0.0,608.0,0.0,140.0,49.0,407.0,3.0,0.0032626427406199023,0.004893964110929853,0.23026315789473684,0.0805921052631579,0.6694078947368421,matched
2025,1,11433,12953,broad_fare_bounds,6820.0,2460,1084855.13,245091142.72349998,159.0696671554252,10633.958692455202,False,912.0,10.0,5.0,0.0,897.0,0.0,191.0,73.0,3376.0,3.0,0.010964912280701754,0.005482456140350877,0.2129319955406912,0.08138238573021182,3.7636566332218506,matched
2025,1,11433,13204,broad_fare_bounds,14477.0,3105,2906907.33,899910068.9947,200.7948697934655,21842.78442810524,False,1075.0,8.0,1.0,0.0,1066.0,0.0,244.0,113.0,7800.0,3.0,0.0074418604651162795,0.0009302325581395349,0.22889305816135083,0.10600375234521577,7.317073170731708,matched
2025,1,11433,13232,broad_fare_bounds,709.0,460,144213.66999999998,36410034.87549999,203.4043300423131,9980.747455862867,False,507.0,2.0,1.0,0.0,504.0,0.0,125.0,42.0,4290.0,3.0,0.0039447731755424065,0.0019723865877712033,0.24801587301587302,0.08333333333333333,8.511904761904763,matched
2025,1,11433,13303,broad_fare_bounds,5087.0,2194,1192235.92,414287452.0084,234.36916060546488,26511.523529450722,False,514.0,2.0,0.0,0.0,512.0,0.0,152.0,49.0,5216.0,3.0,0.0038910505836575876,0.0,0.296875,0.095703125,10.1875,matched
2025,1,11433,13487,broad_fare_bounds,2648.0,1027,643481.6399999999,215027773.5618,243.0066616314199,22151.60438228432,False,539.0,1.0,0.0,0.0,538.0,0.0,89.0,25.0,255.0,3.0,0.0018552875695732839,0.0,0.1654275092936803,0.046468401486988845,0.4739776951672863,matched
2025,1,11433,13930,broad_fare_bounds,2593.0,1600,598591.88,161844016.7868,230.8491631315079,9124.40502563979,False,1305.0,20.0,2.0,0.0,1283.0,0.0,296.0,119.0,11348.0,3.0,0.01532567049808429,0.0015325670498084292,0.23070927513639908,0.09275136399064692,8.844894777864381,matched
2025,1,11433,14100,broad_fare_bounds,2763.0,1710,548117.78,154572846.213,198.3777705392689,16590.106052720424,False,605.0,18.0,0.0,0.0,587.0,0.0,124.0,45.0,2461.0,3.0,0.02975206611570248,0.0,0.21124361158432708,0.07666098807495741,4.1925042589437815,matched
2025,1,11433,14107,broad_fare_bounds,5948.0,2700,1730865.72,781435327.9893999,290.9996166778749,46697.05227782887,False,536.0,3.0,1.0,0.0,532.0,0.0,135.0,48.0,4841.0,3.0,0.005597014925373134,0.0018656716417910447,0.25375939849624063,0.09022556390977443,9.099624060150376,matched
2025,1,11433,14635,broad_fare_bounds,8688.0,2222,1839623.93,657916634.2181001,211.74308586556168,30891.918329623404,False,659.0,10.0,4.0,0.0,645.0,0.0,147.0,60.0,3437.0,3.0,0.015174506828528073,0.006069802731411229,0.22790697674418606,0.09302325581395349,5.328682170542636,matched
2025,1,11433,14679,broad_fare_bounds,1623.0,666,682495.48,344476834.198,420.514775107825,35414.29507929325,False,236.0,0.0,2.0,0.0,234.0,0.0,52.0,12.0,147.0,3.0,0.0,0.00847457627118644,0.2222222222222222,0.05128205128205128,0.6282051282051282,matched
2025,1,11433,14747,broad_fare_bounds,1893.0,850,528223.12,186681169.1492,279.0402113048072,20753.131605026647,False,371.0,1.0,0.0,0.0,370.0,0.0,60.0,18.0,-580.0,3.0,0.0026954177897574125,0.0,0.16216216216216217,0.04864864864864865,-1.5675675675675675,matched
2025,1,11433,14771,broad_fare_bounds,2149.0,1004,1052750.17,615188365.7061,489.87909260120983,46285.745784425584,False,378.0,3.0,0.0,0.0,375.0,0.0,110.0,36.0,2190.0,3.0,0.007936507936507936,0.0,0.29333333333333333,0.096,5.84,matched
2025,1,11433,14869,broad_fare_bounds,1308.0,611,570542.38,293055745.0746,436.19448012232414,33783.110277329135,False,350.0,0.0,0.0,0.0,350.0,0.0,58.0,15.0,-127.0,3.0,0.0,0.0,0.1657142857142857,0.04285714285714286,-0.3628571428571429,matched
2025,1,11433,15016,broad_fare_bounds,1200.0,801,312796.67,95488413.94929999,260.66389166666664,11628.013872271607,False,365.0,4.0,2.0,0.0,359.0,0.0,64.0,26.0,-876.0,3.0,0.010958904109589041,0.005479452054794521,0.17827298050139276,0.07242339832869081,-2.4401114206128134,matched
2025,1,11433,15304,broad_fare_bounds,8263.0,2193,1535243.79,430734329.3021,185.7973847270967,17607.412344376615,False,699.0,5.0,1.0,0.0,693.0,0.0,179.0,62.0,5816.0,3.0,0.00715307582260372,0.001430615164520744,0.2582972582972583,0.08946608946608947,8.392496392496392,matched
2025,1,11618,10397,broad_fare_bounds,11759.0,3371,1907294.94,437702983.5008,162.19873628709925,10914.376605665551,False,1500.0,33.0,2.0,0.0,1465.0,0.0,392.0,142.0,15677.0,3.0,0.022,0.0013333333333333333,0.2675767918088737,0.09692832764505119,10.701023890784983,matched
2025,1,11618,10721,broad_fare_bounds,4563.0,1657,900686.74,204313002.9244,197.38916063992986,5813.544448013425,False,951.0,19.0,0.0,0.0,932.0,0.0,185.0,75.0,4400.0,3.0,0.019978969505783387,0.0,0.1984978540772532,0.08047210300429185,4.721030042918455,matched
2025,1,11618,11278,broad_fare_bounds,1225.0,814,246356.74,55888180.4062,201.10754285714285,5178.760619186942,False,113.0,4.0,0.0,0.0,109.0,0.0,25.0,7.0,981.0,3.0,0.035398230088495575,0.0,0.22935779816513763,0.06422018348623854,9.0,matched
2025,1,11618,11292,broad_fare_bounds,5048.0,1813,1420997.5399999998,546160292.0722001,281.49713549920756,28952.76446330815,False,748.0,2.0,2.0,0.0,744.0,0.0,173.0,48.0,1677.0,3.0,0.00267379679144385,0.00267379679144385,0.2325268817204301,0.06451612903225806,2.254032258064516,matched
2025,1,11618,11298,broad_fare_bounds,7300.0,2881,1839984.94,677369559.5713999,252.0527315068493,29259.771166155297,False,885.0,24.0,2.0,0.0,859.0,0.0,186.0,70.0,-71.0,3.0,0.02711864406779661,0.0022598870056497176,0.21653084982537835,0.08149010477299184,-0.08265424912689173,matched
2025,1,11618,11433,broad_fare_bounds,3061.0,2027,615041.27,159357306.86589998,200.9282162691931,11688.389922528848,False,631.0,5.0,0.0,0.0,626.0,0.0,114.0,53.0,3446.0,3.0,0.00792393026941363,0.0,0.18210862619808307,0.08466453674121406,5.50479233226837,matched
2025,1,11618,11697,broad_fare_bounds,16912.0,3535,2841903.98,754208265.3136,168.04067999053927,16358.372046273653,False,1504.0,17.0,1.0,0.0,1486.0,0.0,337.0,127.0,9194.0,3.0,0.011303191489361703,0.0006648936170212766,0.22678331090174966,0.08546433378196501,6.187079407806191,matched
2025,1,11618,12173,broad_fare_bounds,664.0,529,581349.08,807786955.3094,875.5257228915661,450001.3279970678,False,78.0,0.0,2.0,0.0,76.0,0.0,10.0,6.0,-315.0,3.0,0.0,0.02564102564102564,0.13157894736842105,0.07894736842105263,-4.144736842105263,matched
2025,1,11618,12266,broad_fare_bounds,6903.0,2383,1589509.66,528987160.957,230.2636042300449,23610.160464570014,False,939.0,16.0,3.0,0.0,920.0,0.0,194.0,58.0,2804.0,3.0,0.01703940362087327,0.003194888178913738,0.2108695652173913,0.06304347826086956,3.0478260869565217,matched
2025,1,11618,12889,broad_fare_bounds,8576.0,2592,2518808.54,1318121574.691,293.704354011194,67436.63008073943,False,835.0,8.0,4.0,0.0,823.0,0.0,162.0,58.0,-89.0,3.0,0.009580838323353293,0.004790419161676647,0.1968408262454435,0.07047387606318348,-0.10814094775212636,matched
2025,1,11618,12892,broad_fare_bounds,13112.0,4348,4628170.2700000005,3127401593.9833,352.97210723001837,113925.15109533837,False,1034.0,8.0,3.0,0.0,1023.0,0.0,196.0,71.0,-2042.0,3.0,0.007736943907156673,0.0029013539651837525,0.19159335288367546,0.06940371456500488,-1.9960899315738025,matched
2025,1,11618,13204,broad_fare_bounds,21069.0,3367,3481221.9299999997,792392591.8945,165.22957567990886,10308.594121838083,False,1817.0,20.0,1.0,0.0,1796.0,0.0,353.0,131.0,3716.0,3.0,0.01100715465052284,0.000550357732526142,0.1965478841870824,0.07293986636971046,2.069042316258352,matched
2025,1,11618,13303,broad_fare_bounds,13029.0,3505,2630385.99,807889127.7633001,201.88702049274696,21248.62518200442,False,1249.0,9.0,2.0,0.0,1238.0,0.0,288.0,94.0,4896.0,3.0,0.007205764611689352,0.0016012810248198558,0.23263327948303716,0.07592891760904685,3.9547657512116317,matched
2025,1,11618,13487,broad_fare_bounds,2530.0,1398,629366.24,188684925.88279998,248.76135968379447,12696.808016333074,False,513.0,7.0,0.0,0.0,506.0,0.0,90.0,34.0,2618.0,3.0,0.01364522417153996,0.0,0.17786561264822134,0.06719367588932806,5.173913043478261,matched
2025,1,11618,13930,broad_fare_bounds,10309.0,3173,1926945.2999999998,474279587.3086,186.91874090600444,11067.746438825983,False,1503.0,5.0,2.0,0.0,1496.0,0.0,365.0,126.0,9680.0,3.0,0.00332667997338656,0.0013306719893546241,0.24398395721925134,0.08422459893048129,6.470588235294118,matched
2025,1,11618,14107,broad_fare_bounds,6593.0,2498,2001697.8599999999,918436240.8901999,303.6095646898225,47125.985890345924,False,631.0,1.0,1.0,0.0,629.0,0.0,105.0,38.0,-1641.0,3.0,0.001584786053882726,0.001584786053882726,0.1669316375198728,0.06041335453100159,-2.6089030206677264,matched
2025,1,11618,14635,broad_fare_bounds,7021.0,1990,1506319.9600000002,449898192.05100006,214.54493092152117,18049.406108402145,False,647.0,4.0,3.0,0.0,640.0,0.0,143.0,54.0,3578.0,3.0,0.0061823802163833074,0.00463678516228748,0.2234375,0.084375,5.590625,matched
2025,1,11618,14679,broad_fare_bounds,3459.0,1698,1113252.58,569682152.0764,321.84231858918764,61113.142686847335,False,322.0,1.0,4.0,0.0,317.0,0.0,57.0,14.0,-2225.0,3.0,0.003105590062111801,0.012422360248447204,0.17981072555205047,0.04416403785488959,-7.018927444794953,matched
2025,1,11618,14747,broad_fare_bounds,3830.0,1859,1119411.6600000001,482057725.6642,292.2745848563969,40439.20299067619,False,347.0,3.0,1.0,0.0,343.0,0.0,73.0,21.0,1256.0,3.0,0.008645533141210375,0.002881844380403458,0.21282798833819241,0.061224489795918366,3.6618075801749272,matched
2025,1,11618,14771,broad_fare_bounds,12346.0,4611,5675613.64,4926322140.6449995,459.71275230844,187685.90419255433,False,959.0,0.0,3.0,0.0,956.0,0.0,178.0,70.0,-2232.0,3.0,0.0,0.0031282586027111575,0.18619246861924685,0.07322175732217573,-2.3347280334728033,matched
2025,1,11618,14869,broad_fare_bounds,3921.0,2101,1473224.7,781721373.0896,375.726778882938,58197.246107579034,False,416.0,1.0,0.0,0.0,415.0,0.0,108.0,33.0,3546.0,3.0,0.002403846153846154,0.0,0.26024096385542167,0.07951807228915662,8.544578313253012,matched
2025,1,11618,15016,broad_fare_bounds,1084.0,777,284134.41000000003,87368774.7057,262.11661439114397,11893.381111139082,False,257.0,11.0,0.0,0.0,246.0,0.0,38.0,9.0,-1466.0,3.0,0.042801556420233464,0.0,0.15447154471544716,0.036585365853658534,-5.959349593495935,matched
2025,1,11618,15304,broad_fare_bounds,8323.0,1903,1557728.21,376880972.3871,187.1594629340382,10253.201634783043,False,765.0,5.0,1.0,0.0,759.0,0.0,193.0,69.0,6181.0,3.0,0.006535947712418301,0.00130718954248366,0.25428194993412384,0.09090909090909091,8.14361001317523,matched
2025,1,11697,10397,broad_fare_bounds,12308.0,2943,1852393.61,429269566.0365,150.50321823204422,12226.061610255587,False,1710.0,36.0,0.0,0.0,1674.0,0.0,443.0,150.0,23573.0,3.0,0.021052631578947368,0.0,0.26463560334528075,0.08960573476702509,14.08183990442055,matched
2025,1,11697,10721,broad_fare_bounds,12458.0,2752,2235288.54,615787117.7884,179.42595440680688,17235.377919754545,False,1010.0,9.0,1.0,0.0,1000.0,0.0,250.0,87.0,9116.0,3.0,0.00891089108910891,0.0009900990099009901,0.25,0.087,9.116,matched
2025,1,11697,10821,broad_fare_bounds,6445.0,2031,1044463.9099999999,258616127.50289997,162.05801551590378,13863.829165293791,False,913.0,27.0,1.0,0.0,885.0,0.0,150.0,45.0,1988.0,3.0,0.029572836801752465,0.001095290251916758,0.1694915254237288,0.05084745762711865,2.246327683615819,matched
2025,1,11697,11278,broad_fare_bounds,6031.0,1870,1060469.6400000001,248137817.8708,175.83645166639033,10225.269320720548,False,614.0,20.0,11.0,0.0,583.0,0.0,157.0,61.0,6934.0,3.0,0.03257328990228013,0.017915309446254073,0.2692967409948542,0.10463121783876501,11.893653516295025,matched
2025,1,11697,11292,broad_fare_bounds,3225.0,1746,1077924.54,461929052.68340003,334.2401674418605,31517.32525398748,False,501.0,0.0,0.0,0.0,501.0,0.0,90.0,29.0,2190.0,3.0,0.0,0.0,0.17964071856287425,0.05788423153692615,4.37125748502994,matched
2025,1,11697,11298,broad_fare_bounds,5298.0,1952,1095633.3299999998,349537517.7285,206.80130804077007,23208.590402309434,False,673.0,21.0,4.0,0.0,648.0,0.0,156.0,62.0,10468.0,3.0,0.031203566121842496,0.005943536404160475,0.24074074074074073,0.09567901234567901,16.15432098765432,matched
2025,1,11697,11433,broad_fare_bounds,8366.0,2609,1901518.11,648872414.1939,227.2911917284246,25899.36611030581,False,717.0,4.0,0.0,0.0,713.0,0.0,174.0,61.0,7763.0,3.0,0.005578800557880056,0.0,0.24403927068723702,0.08555399719495091,10.887798036465638,matched
2025,1,11697,11618,broad_fare_bounds,16996.0,3628,3052126.38,855514670.548,179.57909978818546,18087.58312472503,False,1507.0,19.0,6.0,0.0,1482.0,0.0,311.0,121.0,8484.0,3.0,0.012607830126078301,0.003981420039814201,0.20985155195681512,0.0816464237516869,5.724696356275303,matched
2025,1,11697,12173,broad_fare_bounds,7.0,7,2242.24,770022.3546,320.32,7398.291114285719,True,,,,,,,,,,,,,,,,fare_only
2025,1,11697,12266,broad_fare_bounds,4480.0,1635,774419.0,225395007.761,172.86138392857143,20430.327607236526,False,682.0,10.0,2.0,0.0,670.0,0.0,151.0,50.0,4413.0,3.0,0.01466275659824047,0.002932551319648094,0.2253731343283582,0.07462686567164178,6.586567164179105,matched
2025,1,11697,12478,broad_fare_bounds,11437.0,2243,2302653.58,661202328.131,201.33370464282592,17277.306318137125,False,1055.0,11.0,2.0,0.0,1042.0,0.0,213.0,87.0,6940.0,3.0,0.01042654028436019,0.0018957345971563982,0.20441458733205375,0.08349328214971209,6.660268714011516,matched
2025,1,11697,12889,broad_fare_bounds,3408.0,1346,811581.19,379595995.7153,238.1400205399061,54673.13217690687,False,305.0,0.0,1.0,0.0,304.0,0.0,66.0,16.0,807.0,3.0,0.0,0.003278688524590164,0.21710526315789475,0.05263157894736842,2.6546052631578947,matched
2025,1,11697,12892,broad_fare_bounds,6684.0,1735,2141361.09,1436805920.9647002,320.3711983842011,112324.28222443165,False,503.0,0.0,0.0,0.0,503.0,0.0,116.0,39.0,2999.0,3.0,0.0,0.0,0.23061630218687873,0.0775347912524851,5.962226640159046,matched
2025,1,11697,12953,broad_fare_bounds,13595.0,3353,2445013.02,716714929.5402,179.84648915042294,20374.249501002367,False,1094.0,19.0,6.0,0.0,1069.0,0.0,247.0,95.0,9437.0,3.0,0.01736745886654479,0.005484460694698354,0.23105706267539758,0.08886810102899906,8.827876520112255,matched
2025,1,11697,13204,broad_fare_bounds,742.0,338,57838.64,6695931.2848000005,77.94964959568733,2948.018279931125,False,269.0,0.0,0.0,0.0,269.0,0.0,23.0,4.0,-1949.0,3.0,0.0,0.0,0.08550185873605948,0.01486988847583643,-7.245353159851301,matched
2025,1,11697,13232,broad_fare_bounds,2274.0,1256,540007.94,167014861.4334,237.47051011433595,17053.16642735633,False,296.0,4.0,1.0,0.0,291.0,0.0,58.0,23.0,2634.0,3.0,0.013513513513513514,0.0033783783783783786,0.19931271477663232,0.07903780068728522,9.051546391752577,matched
2025,1,11697,13487,broad_fare_bounds,4339.0,1263,1044502.1000000001,351221842.5366,240.72415303065225,22997.22497703672,False,263.0,5.0,1.0,0.0,257.0,0.0,52.0,22.0,2056.0,3.0,0.019011406844106463,0.0038022813688212928,0.20233463035019456,0.08560311284046693,8.0,matched
2025,1,11697,13796,broad_fare_bounds,1.0,1,244.0,59536.0,244.0,0.0,True,,,,,,,,,,,,,,,,fare_only
2025,1,11697,13930,broad_fare_bounds,8761.0,3041,1867675.53,614005004.0155001,213.1806334893277,24637.912496014636,False,814.0,9.0,2.0,0.0,803.0,0.0,161.0,53.0,6556.0,3.0,0.011056511056511056,0.002457002457002457,0.20049813200498132,0.0660024906600249,8.164383561643836,matched
2025,1,11697,14100,broad_fare_bounds,7767.0,2221,1230465.83,346884932.9569,158.42227758465302,19563.761256367907,False,633.0,12.0,0.0,0.0,621.0,0.0,140.0,64.0,11873.0,3.0,0.018957345971563982,0.0,0.22544283413848631,0.10305958132045089,19.11916264090177,matched
2025,1,11697,14107,broad_fare_bounds,1407.0,521,371218.3,158730432.9278,263.8367448471926,43204.97869800382,False,105.0,0.0,0.0,0.0,105.0,0.0,22.0,3.0,59.0,3.0,0.0,0.0,0.20952380952380953,0.02857142857142857,0.5619047619047619,matched
2025,1,11697,14679,broad_fare_bounds,907.0,476,275411.21,131304309.0361,303.65072767364944,52563.94124599747,False,86.0,0.0,3.0,0.0,83.0,0.0,15.0,3.0,-216.0,3.0,0.0,0.03488372093023256,0.18072289156626506,0.03614457831325301,-2.602409638554217,matched
2025,1,11697,14747,broad_fare_bounds,2048.0,1027,659194.73,326871146.5545,321.8724267578125,56003.192921601076,False,248.0,2.0,2.0,0.0,244.0,0.0,67.0,12.0,1720.0,3.0,0.008064516129032258,0.008064516129032258,0.27459016393442626,0.04918032786885246,7.049180327868853,matched
2025,1,11697,14771,broad_fare_bounds,3718.0,1619,1233099.81,865340249.4321,331.65675363098444,122747.27529438307,False,346.0,0.0,1.0,0.0,345.0,0.0,61.0,20.0,528.0,3.0,0.0,0.002890173410404624,0.17681159420289855,0.057971014492753624,1.5304347826086957,matched
2025,1,11697,14869,broad_fare_bounds,1105.0,582,414348.37,222380795.9233,374.9759004524887,60642.66315070499,False,90.0,0.0,0.0,0.0,90.0,0.0,12.0,1.0,-278.0,3.0,0.0,0.0,0.13333333333333333,0.011111111111111112,-3.088888888888889,matched
2025,1,11697,15016,broad_fare_bounds,2013.0,1101,505821.62,172521099.138,251.27750620963735,22563.091841769092,False,271.0,7.0,2.0,0.0,262.0,0.0,49.0,20.0,1797.0,3.0,0.025830258302583026,0.007380073800738007,0.18702290076335878,0.07633587786259542,6.858778625954199,matched
2025,1,11697,15304,broad_fare_bounds,2754.0,893,285736.03,44384365.7029,103.75309731299929,5351.622213681887,False,268.0,0.0,0.0,0.0,268.0,0.0,42.0,12.0,803.0,3.0,0.0,0.0,0.15671641791044777,0.04477611940298507,2.996268656716418,matched
2025,1,12173,10397,broad_fare_bounds,416.0,291,434957.32,699254344.0784,1045.5704807692307,587682.2353170768,False,90.0,2.0,0.0,0.0,88.0,0.0,21.0,5.0,790.0,3.0,0.022222222222222223,0.0,0.23863636363636365,0.056818181818181816,8.977272727272727,matched
2025,1,12173,10721,broad_fare_bounds,1415.0,868,789081.6299999999,904383621.1743001,557.6548621908127,328161.42299600586,False,115.0,2.0,0.0,0.0,113.0,0.0,19.0,4.0,-381.0,3.0,0.017391304347826087,0.0,0.168141592920354,0.035398230088495575,-3.3716814159292037,matched
2025,1,12173,10821,broad_fare_bounds,14.0,12,6653.34,3266133.8106,475.23857142857145,7443.572412244859,True,,,,,,,,,,,,,,,,fare_only
2025,1,12173,11292,broad_fare_bounds,824.0,511,540677.1799999999,512327172.82299995,656.1616262135922,191208.1979825496,False,130.0,0.0,0.0,0.0,130.0,0.0,21.0,4.0,-333.0,3.0,0.0,0.0,0.16153846153846155,0.03076923076923077,-2.5615384615384613,matched
2025,1,12173,11298,broad_fare_bounds,919.0,616,583986.24,620576477.4198,635.4583677910772,271466.30526327726,False,184.0,2.0,0.0,0.0,182.0,0.0,42.0,12.0,3358.0,3.0,0.010869565217391304,0.0,0.23076923076923078,0.06593406593406594,18.45054945054945,matched
2025,1,12173,11433,broad_fare_bounds,449.0,280,423205.14,590818161.9629999,942.5504231625836,427452.0671969253,False,72.0,0.0,0.0,0.0,72.0,0.0,15.0,5.0,288.0,3.0,0.0,0.0,0.20833333333333334,0.06944444444444445,4.0,matched
2025,1,12173,11618,broad_fare_bounds,634.0,513,572866.0800000001,836900217.2202001,903.574258675079,503585.4474197185,False,78.0,0.0,0.0,0.0,78.0,0.0,22.0,6.0,672.0,3.0,0.0,0.0,0.28205128205128205,0.07692307692307693,8.615384615384615,matched
2025,1,12173,12266,broad_fare_bounds,497.0,350,405608.47,500943483.0829,816.1136217303822,341893.13003356324,False,90.0,1.0,0.0,0.0,89.0,0.0,15.0,2.0,-267.0,3.0,0.011111111111111112,0.0,0.16853932584269662,0.02247191011235955,-3.0,matched
2025,1,12173,12478,broad_fare_bounds,1504.0,873,1012405.3999999999,1340215103.6054,673.1418882978722,437980.4660415143,False,162.0,0.0,0.0,0.0,162.0,0.0,35.0,15.0,1497.0,3.0,0.0,0.0,0.21604938271604937,0.09259259259259259,9.24074074074074,matched
2025,1,12173,12889,broad_fare_bounds,4492.0,1561,1854086.51,1081689191.7351,412.7530075690116,70438.42574342561,False,397.0,0.0,0.0,0.0,397.0,0.0,56.0,12.0,-88.0,3.0,0.0,0.0,0.14105793450881612,0.030226700251889168,-0.2216624685138539,matched
2025,1,12173,12892,broad_fare_bounds,13511.0,5377,3637085.2,1684099653.6726,269.19437495374143,52180.947124942366,False,1245.0,10.0,2.0,0.0,1233.0,0.0,205.0,56.0,7319.0,3.0,0.008032128514056224,0.001606425702811245,0.16626115166261152,0.0454176804541768,5.935928629359286,matched
2025,1,12173,13487,broad_fare_bounds,606.0,386,561840.4400000001,738472329.9954,927.1294389438945,359032.2080564507,False,90.0,0.0,0.0,0.0,90.0,0.0,22.0,10.0,981.0,3.0,0.0,0.0,0.24444444444444444,0.1111111111111111,10.9,matched
2025,1,12173,13796,broad_fare_bounds,2126.0,1132,567755.0599999999,205914036.37519997,267.0531796801505,25537.74333147006,False,242.0,1.0,0.0,0.0,241.0,0.0,32.0,5.0,-679.0,3.0,0.004132231404958678,0.0,0.13278008298755187,0.02074688796680498,-2.8174273858921164,matched
2025,1,12173,13930,broad_fare_bounds,1018.0,720,880389.13,1066731693.3162999,864.8223280943025,299952.3735567606,False,139.0,1.0,1.0,0.0,137.0,0.0,27.0,6.0,-175.0,3.0,0.007194244604316547,0.007194244604316547,0.19708029197080293,0.043795620437956206,-1.2773722627737227,matched
2025,1,12173,14107,broad_fare_bounds,2253.0,1388,926802.08,586922222.0586001,411.3635508211274,91287.00733306416,False,345.0,0.0,0.0,0.0,345.0,0.0,44.0,10.0,30.0,3.0,0.0,0.0,0.12753623188405797,0.028985507246376812,0.08695652173913043,matched
2025,1,12173,14679,broad_fare_bounds,3397.0,1911,1037102.1799999999,472903313.5972,305.2994347954077,46004.299151638144,False,364.0,3.0,1.0,0.0,360.0,0.0,78.0,9.0,1492.0,3.0,0.008241758241758242,0.0027472527472527475,0.21666666666666667,0.025,4.144444444444445,matched
2025,1,12173,14747,broad_fare_bounds,5228.0,2847,1826556.1300000001,959736228.7997,349.3795198928845,61510.12338234407,False,792.0,10.0,2.0,0.0,780.0,0.0,166.0,48.0,4082.0,3.0,0.012626262626262626,0.0025252525252525255,0.2128205128205128,0.06153846153846154,5.233333333333333,matched
2025,1,12173,14771,broad_fare_bounds,5828.0,2890,1846246.4400000002,932452419.5678,316.78902539464656,59639.98098865205,False,577.0,4.0,1.0,0.0,572.0,0.0,126.0,36.0,1649.0,3.0,0.006932409012131715,0.0017331022530329288,0.2202797202797203,0.06293706293706294,2.882867132867133,matched
2025,1,12173,14869,broad_fare_bounds,1985.0,1189,891632.09,627137832.0991,449.1849319899244,114171.3513311919,False,252.0,2.0,1.0,0.0,249.0,0.0,47.0,14.0,381.0,3.0,0.007936507936507936,0.003968253968253968,0.18875502008032127,0.05622489959839357,1.5301204819277108,matched
2025,1,12266,10397,broad_fare_bounds,7575.0,2861,1319501.9,366839876.8852,174.1916699669967,18084.968633607252,False,1005.0,27.0,1.0,0.0,977.0,0.0,200.0,71.0,7057.0,3.0,0.026865671641791045,0.0009950248756218905,0.2047082906857728,0.07267144319344933,7.223132036847493,matched
2025,1,12266,10721,broad_fare_bounds,3725.0,1651,1061684.61,379606091.2163,285.0160026845638,20673.55370802147,False,382.0,5.0,0.0,0.0,377.0,0.0,69.0,24.0,943.0,3.0,0.013089005235602094,0.0,0.1830238726790451,0.0636604774535809,2.5013262599469495,matched
2025,1,12266,10821,broad_fare_bounds,2232.0,1068,361011.56,86639675.60939999,161.74353046594982,12656.089317195303,False,256.0,6.0,1.0,0.0,249.0,0.0,43.0,12.0,-149.0,3.0,0.0234375,0.00390625,0.17269076305220885,0.04819277108433735,-0.5983935742971888,matched
2025,1,12266,11278,broad_fare_bounds,2943.0,1332,874402.34,316504948.72380006,297.11258579680594,19269.116024336457,False,549.0,19.0,7.0,0.0,523.0,0.0,139.0,53.0,4236.0,3.0,0.03460837887067395,0.012750455373406194,0.26577437858508607,0.10133843212237094,8.099426386233269,matched
2025,1,12266,11292,broad_fare_bounds,6841.0,2269,1460079.03,435287508.8551,213.43064318082153,18076.58271997806,False,1086.0,17.0,4.0,0.0,1065.0,0.0,210.0,62.0,4878.0,3.0,0.01565377532228361,0.003683241252302026,0.19718309859154928,0.05821596244131456,4.580281690140845,matched
2025,1,12266,11298,broad_fare_bounds,4097.0,2202,755322.23,168019747.8561,184.35983158408592,7021.88643924427,False,1478.0,63.0,3.0,0.0,1412.0,0.0,309.0,118.0,24828.0,3.0,0.04262516914749662,0.0020297699594046007,0.2188385269121813,0.08356940509915015,17.58356940509915,matched
2025,1,12266,11433,broad_fare_bounds,4526.0,2021,855074.51,243967620.4379,188.9249911621741,18210.93154952489,False,578.0,9.0,0.0,0.0,569.0,0.0,95.0,30.0,975.0,3.0,0.015570934256055362,0.0,0.16695957820738136,0.05272407732864675,1.7135325131810193,matched
2025,1,12266,11618,broad_fare_bounds,6993.0,2443,1603377.7699999998,525184466.6533,229.28325039325037,22530.644921981788,False,940.0,20.0,4.0,0.0,916.0,0.0,162.0,47.0,-2685.0,3.0,0.02127659574468085,0.00425531914893617,0.17685589519650655,0.05131004366812227,-2.9312227074235806,matched
2025,1,12266,11697,broad_fare_bounds,4553.0,1653,760630.85,210791499.6419,167.06146496815285,18387.743365018385,False,681.0,12.0,2.0,0.0,667.0,0.0,126.0,53.0,2420.0,3.0,0.01762114537444934,0.002936857562408223,0.1889055472263868,0.07946026986506746,3.628185907046477,matched
2025,1,12266,12173,broad_fare_bounds,494.0,349,423403.15,542962077.9947001,857.0913967611336,364507.85580594384,False,90.0,1.0,0.0,0.0,89.0,0.0,14.0,5.0,-287.0,3.0,0.011111111111111112,0.0,0.15730337078651685,0.056179775280898875,-3.2247191011235956,matched
2025,1,12266,12478,broad_fare_bounds,672.0,248,128774.45,29251311.6183,191.62864583333334,6807.199623315035,False,71.0,0.0,1.0,0.0,70.0,0.0,21.0,9.0,1329.0,3.0,0.0,0.014084507042253521,0.3,0.12857142857142856,18.985714285714284,matched
2025,1,12266,12889,broad_fare_bounds,7144.0,2087,1438132.87,476559269.4913,201.30639277715568,26183.3607359101,False,944.0,16.0,1.0,0.0,927.0,0.0,153.0,58.0,2351.0,3.0,0.01694915254237288,0.001059322033898305,0.1650485436893204,0.06256742179072276,2.5361380798274,matched
2025,1,12266,12892,broad_fare_bounds,9186.0,3064,1787752.3,558312598.4406,194.61705856738516,22902.841755663234,False,1336.0,23.0,2.0,0.0,1311.0,0.0,168.0,46.0,-4488.0,3.0,0.01721556886227545,0.0014970059880239522,0.12814645308924486,0.03508771929824561,-3.4233409610983982,matched
2025,1,12266,12953,broad_fare_bounds,8686.0,3550,1842116.25,576949244.8113,212.07877619157264,21445.485253130442,False,1002.0,27.0,7.0,0.0,968.0,0.0,209.0,79.0,3593.0,3.0,0.02694610778443114,0.006986027944111776,0.2159090909090909,0.08161157024793389,3.7117768595041323,matched
2025,1,12266,13204,broad_fare_bounds,7185.0,2476,1341213.65,375761430.53610003,186.66856645789838,17452.888124820405,False,857.0,14.0,0.0,0.0,843.0,0.0,156.0,74.0,4247.0,3.0,0.01633605600933489,0.0,0.18505338078291814,0.08778173190984578,5.037959667852906,matched
2025,1,12266,13232,broad_fare_bounds,420.0,214,43066.76,5728626.026,102.53990476190476,3125.1537076099758,False,45.0,1.0,0.0,0.0,44.0,0.0,12.0,4.0,876.0,3.0,0.022222222222222223,0.0,0.2727272727272727,0.09090909090909091,19.90909090909091,matched
2025,1,12266,13303,broad_fare_bounds,5543.0,2340,1076189.8900000001,332999258.1771,194.15296590294068,22380.263243521644,False,936.0,19.0,2.0,0.0,915.0,0.0,215.0,87.0,14403.0,3.0,0.0202991452991453,0.002136752136752137,0.23497267759562843,0.09508196721311475,15.740983606557377,matched
2025,1,12266,13487,broad_fare_bounds,2840.0,1435,778368.71,262336078.88250002,274.0734894366197,17255.581149478778,False,403.0,7.0,0.0,0.0,396.0,0.0,64.0,22.0,-612.0,3.0,0.017369727047146403,0.0,0.16161616161616163,0.05555555555555555,-1.5454545454545454,matched
2025,1,12266,13930,broad_fare_bounds,8379.0,3152,1795243.0399999998,540202355.0636,214.25504714166365,18565.756402632345,False,1307.0,28.0,5.0,0.0,1274.0,0.0,219.0,81.0,3016.0,3.0,0.02142310635042081,0.0038255547054322878,0.17189952904238617,0.06357927786499215,2.36734693877551,matched
2025,1,12266,14100,broad_fare_bounds,2758.0,1836,818568.9700000001,301744949.0539,296.79803118201596,21318.089329662544,False,331.0,9.0,0.0,0.0,322.0,0.0,51.0,20.0,3867.0,3.0,0.027190332326283987,0.0,0.15838509316770186,0.062111801242236024,12.009316770186336,matched
2025,1,12266,14107,broad_fare_bounds,4349.0,2114,974916.57,307833758.3925,224.17028512301678,20530.3363817996,False,828.0,11.0,0.0,0.0,817.0,0.0,137.0,38.0,2265.0,3.0,0.013285024154589372,0.0,0.16768665850673195,0.046511627906976744,2.7723378212974294,matched
2025,1,12266,14635,broad_fare_bounds,1138.0,583,275133.42,85270417.0028,241.76926186291738,16477.69168328645,False,225.0,2.0,0.0,0.0,223.0,0.0,39.0,14.0,633.0,3.0,0.008888888888888889,0.0,0.17488789237668162,0.06278026905829596,2.8385650224215246,matched
2025,1,12266,14679,broad_fare_bounds,1791.0,800,616394.2699999999,251273893.80729997,344.16207146845335,21850.56672407307,False,393.0,6.0,1.0,0.0,386.0,0.0,57.0,22.0,-644.0,3.0,0.015267175572519083,0.002544529262086514,0.14766839378238342,0.05699481865284974,-1.6683937823834196,matched
2025,1,12266,14747,broad_fare_bounds,3194.0,1623,949279.5700000001,360230378.4331,297.20712899185975,24451.384728482415,False,392.0,6.0,2.0,0.0,384.0,0.0,91.0,17.0,1741.0,3.0,0.015306122448979591,0.00510204081632653,0.23697916666666666,0.044270833333333336,4.533854166666667,matched
2025,1,12266,14771,broad_fare_bounds,3935.0,1654,1477981.24,713669422.895,375.59879034307494,40290.078018104745,False,751.0,11.0,2.0,0.0,738.0,0.0,141.0,57.0,2308.0,3.0,0.014647137150466045,0.002663115845539281,0.1910569105691057,0.07723577235772358,3.127371273712737,matched
2025,1,12266,14869,broad_fare_bounds,2725.0,1540,959011.86,397231690.5756,351.93095779816514,21917.698402201888,False,558.0,6.0,0.0,0.0,552.0,0.0,89.0,39.0,668.0,3.0,0.010752688172043012,0.0,0.161231884057971,0.07065217391304347,1.210144927536232,matched
2025,1,12266,15016,broad_fare_bounds,876.0,681,248827.53000000003,82100472.6055,284.04969178082195,13037.773290430094,False,128.0,4.0,0.0,0.0,124.0,0.0,25.0,9.0,-14.0,3.0,0.03125,0.0,0.20161290322580644,0.07258064516129033,-0.11290322580645161,matched
2025,1,12266,15304,broad_fare_bounds,2703.0,1240,565076.58,166325384.41680002,209.05533851276357,17829.488974940927,False,444.0,7.0,0.0,0.0,437.0,0.0,83.0,39.0,2421.0,3.0,0.015765765765765764,0.0,0.18993135011441648,0.08924485125858124,5.540045766590389,matched
2025,1,12478,10397,broad_fare_bounds,6486.0,1741,1023603.3700000001,228928024.69910002,157.81735584335493,10389.399847880468,False,898.0,15.0,3.0,0.0,880.0,0.0,234.0,97.0,9783.0,3.0,0.01670378619153675,0.0033407572383073497,0.26590909090909093,0.11022727272727273,11.117045454545455,matched
2025,1,12478,10721,broad_fare_bounds,1824.0,1049,350952.74,84818703.5808,192.40830043859648,9480.528148646583,False,1253.0,29.0,0.0,0.0,1224.0,0.0,250.0,113.0,9605.0,3.0,0.02314445331205108,0.0,0.2042483660130719,0.0923202614379085,7.847222222222222,matched
2025,1,12478,11278,broad_fare_bounds,907.0,590,151294.79,30867423.3893,166.80792723263508,6207.555753366254,False,615.0,43.0,0.0,0.0,572.0,0.0,161.0,69.0,6063.0,3.0,0.06991869918699187,0.0,0.28146853146853146,0.12062937062937062,10.59965034965035,matched
2025,1,12478,11292,broad_fare_bounds,3088.0,1030,691837.35,210834176.3763,224.0405926165803,18081.12904404648,False,332.0,4.0,0.0,0.0,328.0,0.0,77.0,28.0,1278.0,3.0,0.012048192771084338,0.0,0.2347560975609756,0.08536585365853659,3.8963414634146343,matched
2025,1,12478,11298,broad_fare_bounds,1647.0,983,416521.25,152580030.7335,252.89693381906497,28684.325281126774,False,424.0,11.0,3.0,0.0,410.0,0.0,95.0,40.0,2686.0,3.0,0.025943396226415096,0.007075471698113208,0.23170731707317074,0.0975609756097561,6.5512195121951216,matched
2025,1,12478,11433,broad_fare_bounds,816.0,666,191498.66,54968545.2652,234.67973039215687,12288.837458260634,False,75.0,1.0,0.0,0.0,74.0,0.0,16.0,6.0,206.0,3.0,0.013333333333333334,0.0,0.21621621621621623,0.08108108108108109,2.7837837837837838,matched
2025,1,12478,11697,broad_fare_bounds,11074.0,2184,1993199.0499999998,516490631.9655,179.98907802058875,14243.866050612847,False,1054.0,13.0,2.0,0.0,1039.0,0.0,262.0,97.0,7943.0,3.0,0.012333965844402278,0.0018975332068311196,0.2521655437921078,0.0933589990375361,7.644850818094321,matched
2025,1,12478,12173,broad_fare_bounds,1430.0,832,917888.44,1113802317.0594,641.880027972028,366872.7688930063,False,162.0,0.0,1.0,0.0,161.0,0.0,51.0,13.0,1144.0,3.0,0.0,0.006172839506172839,0.3167701863354037,0.08074534161490683,7.105590062111801,matched
2025,1,12478,12266,broad_fare_bounds,661.0,250,122326.12,26975741.0294,185.06220877458395,6562.479684380014,False,71.0,0.0,0.0,0.0,71.0,0.0,22.0,7.0,762.0,3.0,0.0,0.0,0.30985915492957744,0.09859154929577464,10.732394366197184,matched
2025,1,12478,12889,broad_fare_bounds,10849.0,3491,3194474.37,1711225283.1320999,294.44873905429074,71031.09345970598,False,985.0,3.0,3.0,0.0,979.0,0.0,200.0,61.0,-3126.0,3.0,0.003045685279187817,0.003045685279187817,0.20429009193054137,0.06230847803881512,-3.1930541368743617,matched
2025,1,12478,12892,broad_fare_bounds,23554.0,6003,10024711.229999999,8207934829.1209,425.60546955931045,167333.0601545495,False,2325.0,15.0,7.0,0.0,2303.0,0.0,384.0,120.0,-9109.0,3.0,0.0064516129032258064,0.003010752688172043,0.16673903603994789,0.052105948762483714,-3.9552757273122015,matched
2025,1,12478,13204,broad_fare_bounds,12949.0,2664,2083488.8699999999,460838972.95669997,160.89959610780755,9700.08921759114,False,1226.0,10.0,2.0,0.0,1214.0,0.0,326.0,126.0,14001.0,3.0,0.008156606851549755,0.0016313213703099511,0.2685337726523888,0.10378912685337727,11.532948929159803,matched
2025,1,12478,13303,broad_fare_bounds,12467.0,3221,2316076.11,672765836.9595001,185.77653886259725,19450.80881538077,False,1364.0,12.0,5.0,0.0,1347.0,0.0,355.0,136.0,13378.0,3.0,0.008797653958944282,0.0036656891495601175,0.2635486265775798,0.10096510764662213,9.93170007423905,matched
2025,1,12478,13487,broad_fare_bounds,949.0,720,230307.25,73065369.6815,242.68414120126448,18096.36723163866,False,121.0,0.0,0.0,0.0,121.0,0.0,19.0,8.0,1000.0,3.0,0.0,0.0,0.15702479338842976,0.06611570247933884,8.264462809917354,matched
2025,1,12478,13930,broad_fare_bounds,2832.0,1657,473276.56,105125992.12359999,167.11742937853109,9192.524728561388,False,460.0,8.0,0.0,0.0,452.0,0.0,99.0,44.0,4170.0,3.0,0.017391304347826087,0.0,0.21902654867256638,0.09734513274336283,9.225663716814159,matched
2025,1,12478,14107,broad_fare_bounds,7054.0,2449,2107645.16,983946220.5632,298.7872356110009,50213.88567591355,False,717.0,8.0,0.0,0.0,709.0,0.0,107.0,29.0,-5035.0,3.0,0.011157601115760111,0.0,0.15091678420310295,0.04090267983074753,-7.101551480959097,matched
2025,1,12478,14635,broad_fare_bounds,3956.0,1090,685938.46,170497405.2488,173.39192618806874,13033.674019950071,False,423.0,7.0,3.0,0.0,413.0,0.0,88.0,28.0,1243.0,3.0,0.016548463356973995,0.0070921985815602835,0.21307506053268765,0.06779661016949153,3.009685230024213,matched
2025,1,12478,14679,broad_fare_bounds,5683.0,2119,1665532.48,799537613.3468,293.0727573464719,54797.71546420771,False,521.0,5.0,4.0,0.0,512.0,0.0,106.0,27.0,-4037.0,3.0,0.009596928982725527,0.007677543186180422,0.20703125,0.052734375,-7.884765625,matched
2025,1,12478,14747,broad_fare_bounds,5187.0,2090,1655058.97,791094436.0783,319.0782668208984,50703.8921234468,False,543.0,2.0,1.0,0.0,540.0,0.0,118.0,40.0,2447.0,3.0,0.003683241252302026,0.001841620626151013,0.21851851851851853,0.07407407407407407,4.531481481481482,matched
2025,1,12478,14771,broad_fare_bounds,15230.0,5383,5808036.71,4292581152.0032997,381.3550039395929,136418.7320801017,False,1466.0,11.0,4.0,0.0,1451.0,0.0,275.0,93.0,-9491.0,3.0,0.007503410641200546,0.002728512960436562,0.18952446588559613,0.06409372846312887,-6.541006202618884,matched
2025,1,12478,14869,broad_fare_bounds,5235.0,2161,2125111.42,1271678420.7542,405.942964660936,78128.82343545146,False,552.0,3.0,0.0,0.0,549.0,0.0,111.0,31.0,-345.0,3.0,0.005434782608695652,0.0,0.20218579234972678,0.056466302367941715,-0.6284153005464481,matched
2025,1,12478,15304,broad_fare_bounds,7389.0,1716,1009240.31,192914369.4083,136.58686019759102,7452.3486643059405,False,681.0,6.0,1.0,0.0,674.0,0.0,176.0,79.0,7829.0,3.0,0.00881057268722467,0.0014684287812041115,0.26112759643916916,0.1172106824925816,11.61572700296736,matched
2025,1,12889,10397,broad_fare_bounds,8237.0,3081,2777402.3300000005,1464274664.5835001,337.1861515114727,64073.456565716,False,1189.0,19.0,3.0,0.0,1167.0,0.0,160.0,47.0,-1661.0,3.0,0.0159798149705635,0.002523128679562658,0.13710368466152528,0.04027420736932305,-1.4233076263924593,matched
2025,1,12889,10721,broad_fare_bounds,5618.0,1743,1772539.47,882837452.7565,315.51076361694555,57597.39605475686,False,450.0,3.0,0.0,0.0,447.0,0.0,86.0,34.0,-704.0,3.0,0.006666666666666667,0.0,0.19239373601789708,0.07606263982102908,-1.574944071588367,matched
2025,1,12889,10821,broad_fare_bounds,3488.0,1770,926272.32,326466962.4746,265.55972477064216,23075.212188284364,False,500.0,4.0,0.0,0.0,496.0,0.0,73.0,17.0,-2182.0,3.0,0.008,0.0,0.14717741935483872,0.034274193548387094,-4.399193548387097,matched
2025,1,12889,11278,broad_fare_bounds,1370.0,876,457483.42,221143659.91039997,333.929503649635,49909.816453914216,False,128.0,2.0,5.0,0.0,121.0,0.0,23.0,5.0,-92.0,3.0,0.015625,0.0390625,0.19008264462809918,0.04132231404958678,-0.7603305785123967,matched
2025,1,12889,11292,broad_fare_bounds,12870.0,3369,1932761.46,400867981.30700004,150.1757156177156,8594.727733734206,False,1937.0,8.0,0.0,0.0,1929.0,0.0,327.0,111.0,3599.0,3.0,0.004130098089829634,0.0,0.16951788491446346,0.05754276827371695,1.8657335406946605,matched
2025,1,12889,11298,broad_fare_bounds,10923.0,2853,2276471.92,836369066.8604,208.41086880893528,33134.448063174495,False,1484.0,41.0,6.0,0.0,1437.0,0.0,230.0,92.0,4714.0,3.0,0.027628032345013476,0.004043126684636119,0.16005567153792624,0.06402226861517049,3.2804453723034097,matched
2025,1,12889,11433,broad_fare_bounds,6567.0,2279,1767968.26,713402504.6381999,269.2200791837978,36155.00985024497,False,744.0,3.0,1.0,0.0,740.0,0.0,104.0,35.0,-715.0,3.0,0.004032258064516129,0.0013440860215053765,0.14054054054054055,0.0472972972972973,-0.9662162162162162,matched
2025,1,12889,11618,broad_fare_bounds,8798.0,2700,2616057.38,1370025906.0846002,297.34682655148896,67305.01773869032,False,837.0,8.0,4.0,0.0,825.0,0.0,128.0,43.0,-3221.0,3.0,0.009557945041816009,0.0047789725209080045,0.15515151515151515,0.052121212121212124,-3.9042424242424243,matched
2025,1,12889,11697,broad_fare_bounds,3464.0,1360,880108.13,460680135.11029994,254.07278579676674,68437.82064630976,False,305.0,0.0,0.0,0.0,305.0,0.0,51.0,17.0,460.0,3.0,0.0,0.0,0.16721311475409836,0.05573770491803279,1.5081967213114753,matched
2025,1,12889,12173,broad_fare_bounds,4445.0,1498,1834788.5499999998,1055196776.2809001,412.7758267716535,67005.71779606002,False,397.0,2.0,4.0,0.0,391.0,0.0,72.0,19.0,456.0,3.0,0.005037783375314861,0.010075566750629723,0.18414322250639387,0.04859335038363171,1.1662404092071612,matched
2025,1,12889,12266,broad_fare_bounds,7135.0,2121,1483302.32,499349544.6348,207.89100490539593,26767.250841134533,False,946.0,13.0,2.0,0.0,931.0,0.0,119.0,23.0,-3500.0,3.0,0.013742071881606765,0.0021141649048625794,0.12781954887218044,0.024704618689581095,-3.7593984962406015,matched
2025,1,12889,12478,broad_fare_bounds,11250.0,3633,3432156.5500000003,1908976359.5679002,305.08058222222223,76612.62586809657,False,984.0,4.0,1.0,0.0,979.0,0.0,156.0,62.0,-1093.0,3.0,0.0040650406504065045,0.0010162601626016261,0.15934627170582227,0.06332992849846783,-1.1164453524004085,matched
2025,1,12889,12892,broad_fare_bounds,15636.0,4229,1797230.29,288214087.73730004,114.94181951905858,5221.103102451696,False,2267.0,4.0,1.0,0.0,2262.0,0.0,401.0,116.0,5455.0,3.0,0.00176444640494045,0.0004411116012351125,0.17727674624226347,0.05128205128205128,2.41158267020336,matched
2025,1,12889,12953,broad_fare_bounds,17.0,17,5322.77,3246003.3475,313.10411764705884,92907.1848948097,True,,,,,,,,,,,,,,,,fare_only
2025,1,12889,13204,broad_fare_bounds,3277.0,1773,799736.25,283639657.99549997,244.04523954836742,26996.592398149805,False,338.0,2.0,0.0,0.0,336.0,0.0,47.0,16.0,-1689.0,3.0,0.005917159763313609,0.0,0.13988095238095238,0.047619047619047616,-5.026785714285714,matched
2025,1,12889,13232,broad_fare_bounds,4589.0,2040,933464.26,246117028.28460002,203.41343647853563,12254.925981282795,False,623.0,4.0,3.0,0.0,616.0,0.0,117.0,36.0,644.0,3.0,0.006420545746388443,0.004815409309791332,0.18993506493506493,0.05844155844155844,1.0454545454545454,matched
2025,1,12889,13303,broad_fare_bounds,4477.0,1840,1297135.9,724197228.5782001,289.7332812150994,77814.11393551464,False,448.0,1.0,1.0,0.0,446.0,0.0,80.0,32.0,2597.0,3.0,0.002232142857142857,0.002232142857142857,0.17937219730941703,0.07174887892376682,5.822869955156951,matched
2025,1,12889,13487,broad_fare_bounds,8389.0,1607,1835697.79,553665145.5391,218.822003814519,18115.87516192824,False,587.0,2.0,0.0,0.0,585.0,0.0,98.0,26.0,-1389.0,3.0,0.0034071550255536627,0.0,0.1675213675213675,0.044444444444444446,-2.3743589743589744,matched
2025,1,12889,13796,broad_fare_bounds,8643.0,2252,1070473.56,186066702.5072,123.85439777854913,6188.111118308505,False,1056.0,7.0,0.0,0.0,1049.0,0.0,173.0,36.0,-1151.0,3.0,0.006628787878787879,0.0,0.16491897044804577,0.034318398474737846,-1.0972354623450906,matched
2025,1,12889,13930,broad_fare_bounds,10745.0,3780,2569103.9499999997,945024218.0509,239.09762214983712,30782.46370871531,False,1235.0,5.0,4.0,0.0,1226.0,0.0,179.0,57.0,730.0,3.0,0.004048582995951417,0.0032388663967611335,0.14600326264274063,0.0464926590538336,0.5954323001631321,matched
2025,1,12889,14100,broad_fare_bounds,4524.0,1949,1235507.46,594353417.5366,273.10067639257295,56793.87588915347,False,395.0,8.0,1.0,0.0,386.0,0.0,42.0,9.0,-2022.0,3.0,0.020253164556962026,0.002531645569620253,0.10880829015544041,0.023316062176165803,-5.238341968911917,matched
2025,1,12889,14107,broad_fare_bounds,10044.0,3002,1517406.0,305714994.3864,151.07586618876942,7613.656767857836,False,1726.0,13.0,2.0,0.0,1711.0,0.0,277.0,96.0,3505.0,3.0,0.007531865585168019,0.0011587485515643105,0.16189362945645822,0.056107539450613676,2.048509643483343,matched
2025,1,12889,14635,broad_fare_bounds,247.0,147,37799.05,6577933.9525,153.03259109311742,3212.3376119097156,False,,,,,,,,,,,,,,,,fare_only
2025,1,12889,14679,broad_fare_bounds,10734.0,2648,1089934.9300000002,157192471.18089998,101.54042574995343,4333.893641601851,False,1774.0,22.0,0.0,0.0,1752.0,0.0,476.0,157.0,18163.0,3.0,0.012401352874859075,0.0,0.271689497716895,0.08961187214611872,10.367009132420092,matched
2025,1,12889,14747,broad_fare_bounds,12361.0,3470,2153437.56,526225068.8128,174.2122449639997,12221.493171701495,False,1425.0,8.0,2.0,0.0,1415.0,0.0,227.0,73.0,831.0,3.0,0.005614035087719298,0.0014035087719298245,0.16042402826855123,0.051590106007067135,0.5872791519434629,matched
2025,1,12889,14771,broad_fare_bounds,12086.0,4064,1826390.16,398106654.80439997,151.11618070494788,10103.388163834297,False,1525.0,3.0,1.0,0.0,1521.0,0.0,372.0,154.0,10681.0,3.0,0.0019672131147540984,0.0006557377049180328,0.2445759368836292,0.1012491781722551,7.022353714661407,matched
2025,1,12889,14869,broad_fare_bounds,5912.0,2112,1006484.6200000001,235440166.7804,170.24435385656295,10840.974793966794,False,975.0,2.0,1.0,0.0,972.0,0.0,144.0,45.0,-1173.0,3.0,0.0020512820512820513,0.0010256410256410256,0.14814814814814814,0.046296296296296294,-1.2067901234567902,matched
2025,1,12889,15016,broad_fare_bounds,3055.0,1536,809188.52,276677558.8828,264.87349263502455,20407.518622007716,False,478.0,10.0,2.0,0.0,466.0,0.0,84.0,22.0,-570.0,3.0,0.02092050209205021,0.0041841004184100415,0.18025751072961374,0.04721030042918455,-1.2231759656652361,matched
2025,1,12889,15304,broad_fare_bounds,3286.0,1694,721409.3,231557225.5146,219.5402617163725,22269.88404990107,False,307.0,1.0,1.0,0.0,305.0,0.0,56.0,11.0,-360.0,3.0,0.003257328990228013,0.003257328990228013,0.18360655737704917,0.036065573770491806,-1.180327868852459,matched
2025,1,12892,10397,broad_fare_bounds,8809.0,3153,2750412.24,1601840806.4371998,312.22752185265074,84355.36481652874,False,1233.0,15.0,2.0,0.0,1216.0,0.0,261.0,100.0,8781.0,3.0,0.012165450121654502,0.0016220600162206002,0.21463815789473684,0.08223684210526316,7.2212171052631575,matched
2025,1,12892,10721,broad_fare_bounds,10266.0,4067,3409004.3,2063785754.6058,332.06743619715564,90762.36476911366,False,968.0,4.0,2.0,0.0,962.0,0.0,123.0,51.0,-4723.0,3.0,0.004132231404958678,0.002066115702479339,0.12785862785862787,0.05301455301455302,-4.909563409563409,matched
2025,1,12892,10821,broad_fare_bounds,2490.0,1438,696080.08,268410993.16500002,279.5502329317269,29647.246852154596,False,315.0,3.0,0.0,0.0,312.0,0.0,15.0,5.0,-3934.0,3.0,0.009523809523809525,0.0,0.04807692307692308,0.016025641025641024,-12.60897435897436,matched
2025,1,12892,11278,broad_fare_bounds,4042.0,1826,1403701.77,737370839.4383,347.27901286491834,61824.51123106417,False,360.0,7.0,5.0,0.0,348.0,0.0,85.0,32.0,2311.0,3.0,0.019444444444444445,0.013888888888888888,0.2442528735632184,0.09195402298850575,6.640804597701149,matched
2025,1,12892,11292,broad_fare_bounds,9256.0,3413,1627458.85,406097738.01629996,175.8274470613656,12958.708213415517,False,1861.0,6.0,2.0,0.0,1853.0,0.0,229.0,85.0,-4424.0,3.0,0.0032240730789897904,0.0010746910263299302,0.12358337830545062,0.045871559633027525,-2.387479762547221,matched
2025,1,12892,11298,broad_fare_bounds,11639.0,3343,2477094.56,906613547.4932,212.82709511126387,32599.08136201439,False,1669.0,38.0,10.0,0.0,1621.0,0.0,248.0,82.0,-917.0,3.0,0.022768124625524265,0.005991611743559017,0.15299198025909932,0.05058605798889575,-0.5657001850709439,matched
2025,1,12892,11433,broad_fare_bounds,4956.0,2064,1556742.43,779733422.7789,314.1126775625504,58664.42490241502,False,615.0,2.0,2.0,0.0,611.0,0.0,103.0,31.0,-834.0,3.0,0.0032520325203252032,0.0032520325203252032,0.1685761047463175,0.05073649754500818,-1.364975450081833,matched
2025,1,12892,11618,broad_fare_bounds,13010.0,4452,4609085.92,3095972530.697,354.27255342044583,112459.63819249619,False,1034.0,7.0,5.0,0.0,1022.0,0.0,144.0,68.0,-2653.0,3.0,0.006769825918762089,0.004835589941972921,0.14090019569471623,0.06653620352250489,-2.595890410958904,matched
2025,1,12892,11697,broad_fare_bounds,6632.0,1647,2020719.59,1307224712.5245001,304.6923386610374,104271.25073420197,False,503.0,0.0,2.0,0.0,501.0,0.0,115.0,30.0,-370.0,3.0,0.0,0.003976143141153081,0.22954091816367264,0.059880239520958084,-0.7385229540918163,matched
2025,1,12892,12173,broad_fare_bounds,13814.0,5232,3503304.7800000003,1499016972.1643999,253.60538439264516,44198.640277103565,False,1247.0,9.0,9.0,0.0,1229.0,0.0,151.0,43.0,-13080.0,3.0,0.007217321571772253,0.007217321571772253,0.12286411716842961,0.03498779495524817,-10.64279902359642,matched
2025,1,12892,12266,broad_fare_bounds,9210.0,3069,1813646.41,569260109.1643,196.92143431053202,23030.863927790742,False,1337.0,25.0,2.0,0.0,1310.0,0.0,154.0,43.0,-3087.0,3.0,0.018698578908002993,0.0014958863126402393,0.11755725190839694,0.03282442748091603,-2.3564885496183208,matched
2025,1,12892,12478,broad_fare_bounds,23988.0,6155,10282313.65,8376274656.0667,428.64405744538936,165450.30903804355,False,2328.0,18.0,12.0,0.0,2298.0,0.0,284.0,120.0,-11747.0,3.0,0.007731958762886598,0.005154639175257732,0.12358572671888599,0.05221932114882506,-5.1118363794604,matched
2025,1,12892,12889,broad_fare_bounds,15257.0,4004,1654626.4,246865185.101,108.4503113325031,4418.983868520758,False,2276.0,8.0,0.0,0.0,2268.0,0.0,405.0,143.0,5445.0,3.0,0.0035149384885764497,0.0,0.17857142857142858,0.06305114638447971,2.4007936507936507,matched
2025,1,12892,13204,broad_fare_bounds,8253.0,3550,2725632.94,1313353824.9536,330.2596558827093,50065.09488993371,False,703.0,0.0,1.0,0.0,702.0,0.0,120.0,43.0,964.0,3.0,0.0,0.001422475106685633,0.17094017094017094,0.06125356125356125,1.3732193732193732,matched
2025,1,12892,13232,broad_fare_bounds,2059.0,996,429839.49,115043205.6753,208.76128703254005,12292.064364006503,False,283.0,1.0,1.0,0.0,281.0,0.0,26.0,3.0,-3180.0,3.0,0.0035335689045936395,0.0035335689045936395,0.09252669039145907,0.010676156583629894,-11.316725978647687,matched
2025,1,12892,13303,broad_fare_bounds,6615.0,2266,2718208.14,1886990453.9874,410.91581859410434,116407.51791838882,False,807.0,1.0,5.0,0.0,801.0,0.0,134.0,36.0,845.0,3.0,0.0012391573729863693,0.006195786864931847,0.16729088639200998,0.0449438202247191,1.0549313358302121,matched
2025,1,12892,13487,broad_fare_bounds,5168.0,1408,1438151.1,576968108.9218,278.28001160990715,34202.671075270744,False,458.0,0.0,0.0,0.0,458.0,0.0,61.0,19.0,-970.0,3.0,0.0,0.0,0.1331877729257642,0.04148471615720524,-2.1179039301310043,matched
2025,1,12892,13796,broad_fare_bounds,3225.0,806,544027.91,105367612.8637,168.69082480620156,4215.533645955347,False,553.0,3.0,0.0,0.0,550.0,0.0,47.0,11.0,-6153.0,3.0,0.0054249547920434,0.0,0.08545454545454545,0.02,-11.187272727272727,matched
2025,1,12892,13930,broad_fare_bounds,12338.0,3721,3122939.0700000003,1182975589.1473,253.11550251256284,31813.20287956996,False,1536.0,3.0,2.0,0.0,1531.0,0.0,209.0,63.0,-4806.0,3.0,0.001953125,0.0013020833333333333,0.1365120836054866,0.041149575440888306,-3.139124755062051,matched
2025,1,12892,14100,broad_fare_bounds,5074.0,1894,1705931.86,912504680.551,336.2104572329523,66801.8427063735,False,525.0,7.0,2.0,0.0,516.0,0.0,53.0,17.0,-2735.0,3.0,0.013333333333333334,0.0038095238095238095,0.10271317829457365,0.03294573643410853,-5.300387596899225,matched
2025,1,12892,14107,broad_fare_bounds,9299.0,3577,1382186.2000000002,286794808.4668,148.63815464028391,8748.166720027268,False,1886.0,6.0,0.0,0.0,1880.0,0.0,246.0,68.0,-866.0,3.0,0.003181336161187699,0.0,0.13085106382978723,0.036170212765957444,-0.46063829787234045,matched
2025,1,12892,14635,broad_fare_bounds,20.0,16,7131.0,3618530.2112,356.55,53798.608059999984,True,3.0,0.0,0.0,0.0,3.0,0.0,0.0,0.0,-13.0,1.0,0.0,0.0,0.0,0.0,-4.333333333333333,matched
2025,1,12892,14679,broad_fare_bounds,194.0,138,38972.52,9594994.7748,200.88927835051544,9102.233796386448,False,526.0,1.0,0.0,0.0,525.0,0.0,81.0,28.0,2266.0,3.0,0.0019011406844106464,0.0,0.15428571428571428,0.05333333333333334,4.316190476190476,matched
2025,1,12892,14747,broad_fare_bounds,11828.0,3647,2061331.87,498934608.2445,174.27560618870478,11810.512939140477,False,1793.0,20.0,0.0,0.0,1773.0,0.0,256.0,63.0,-7478.0,3.0,0.011154489682097044,0.0,0.14438804286520024,0.03553299492385787,-4.217710095882684,matched
2025,1,12892,14771,broad_fare_bounds,19243.0,5353,2347042.79,357187243.81490004,121.96865301668139,3685.5789713706927,False,2586.0,8.0,2.0,0.0,2576.0,0.0,596.0,250.0,11864.0,3.0,0.0030935808197989174,0.0007733952049497294,0.23136645962732919,0.09704968944099379,4.605590062111801,matched
2025,1,12892,14869,broad_fare_bounds,8698.0,3243,1559418.53,404456353.3863,179.28472407449988,14356.913373026884,False,1191.0,0.0,0.0,0.0,1191.0,0.0,109.0,41.0,-5514.0,3.0,0.0,0.0,0.09151973131821999,0.03442485306465155,-4.629722921914357,matched
2025,1,12892,15016,broad_fare_bounds,1215.0,721,354365.77999999997,124870484.28259999,291.6590781893004,17709.043247709953,False,187.0,5.0,0.0,0.0,182.0,0.0,27.0,7.0,-688.0,3.0,0.026737967914438502,0.0,0.14835164835164835,0.038461538461538464,-3.78021978021978,matched
2025,1,12892,15304,broad_fare_bounds,2324.0,1229,860901.2999999999,485513743.0938,370.4394578313253,71687.57843180589,False,208.0,0.0,0.0,0.0,208.0,0.0,34.0,17.0,135.0,3.0,0.0,0.0,0.16346153846153846,0.08173076923076923,0.6490384615384616,matched
2025,1,12953,10397,broad_fare_bounds,14489.0,3802,2702887.2800000003,770444326.2622,186.5475381323763,18374.446706390023,False,1683.0,34.0,2.0,0.0,1647.0,0.0,346.0,117.0,8346.0,3.0,0.020202020202020204,0.0011883541295306002,0.2100789313904068,0.07103825136612021,5.067395264116575,matched
2025,1,12953,10721,broad_fare_bounds,5926.0,2151,1238145.28,313655745.3836,208.934404319946,9275.160115634033,False,1716.0,39.0,1.0,0.0,1676.0,0.0,262.0,113.0,-2589.0,3.0,0.022727272727272728,0.0005827505827505828,0.15632458233890215,0.06742243436754176,-1.5447494033412887,matched
2025,1,12953,11278,broad_fare_bounds,3723.0,1756,695412.02,150364816.292,186.78807950577493,5498.291864348226,False,1115.0,48.0,3.0,0.0,1064.0,0.0,271.0,106.0,8170.0,3.0,0.04304932735426009,0.0026905829596412557,0.25469924812030076,0.09962406015037593,7.678571428571429,matched
2025,1,12953,11292,broad_fare_bounds,8025.0,3322,1973798.75,648386346.9581,245.95623052959502,20301.339138202296,False,1076.0,5.0,1.0,0.0,1070.0,0.0,225.0,77.0,1637.0,3.0,0.004646840148698885,0.0009293680297397769,0.2102803738317757,0.07196261682242991,1.5299065420560747,matched
2025,1,12953,11298,broad_fare_bounds,11948.0,3887,2903113.5300000003,1108177172.1049,242.97903665885505,33711.20214882924,False,1631.0,51.0,10.0,0.0,1570.0,0.0,375.0,134.0,4718.0,3.0,0.03126916002452483,0.0061312078479460455,0.23885350318471338,0.08535031847133757,3.005095541401274,matched
2025,1,12953,11433,broad_fare_bounds,6740.0,2480,1096771.93,253884194.00849998,162.72580563798218,11188.5902222738,False,911.0,13.0,0.0,0.0,898.0,0.0,187.0,63.0,3285.0,3.0,0.014270032930845226,0.0,0.20824053452115812,0.07015590200445435,3.6581291759465477,matched
2025,1,12953,11697,broad_fare_bounds,13230.0,3262,2210929.61,597542943.2807,167.11486092214662,17238.378608986706,False,1096.0,20.0,3.0,0.0,1073.0,0.0,230.0,86.0,4530.0,3.0,0.01824817518248175,0.002737226277372263,0.21435228331780057,0.08014911463187326,4.221808014911463,matched
2025,1,12953,12266,broad_fare_bounds,8444.0,3527,1814517.1099999999,579254603.3715,214.88833609663666,22422.55338521106,False,1001.0,27.0,5.0,0.0,969.0,0.0,195.0,53.0,947.0,3.0,0.026973026973026972,0.004995004995004995,0.20123839009287925,0.054695562435500514,0.977296181630547,matched
2025,1,12953,12889,broad_fare_bounds,4.0,3,1195.22,383504.3074,298.805,6591.648824999997,True,,,,,,,,,,,,,,,,fare_only
2025,1,12953,12892,broad_fare_bounds,5.0,5,1259.8,337115.4978,251.95999999999998,3939.25796000001,True,,,,,,,,,,,,,,,,fare_only
2025,1,12953,13204,broad_fare_bounds,17137.0,4266,2504448.61,566010708.8547,146.14276769562935,11670.867563624215,False,1459.0,24.0,2.0,0.0,1433.0,0.0,346.0,139.0,10720.0,3.0,0.01644962302947224,0.0013708019191226869,0.24145150034891835,0.09699930216329379,7.480809490579205,matched
2025,1,12953,13232,broad_fare_bounds,3708.0,1310,563205.79,105349322.5195,151.88937162891048,5340.978688952502,False,577.0,13.0,1.0,0.0,563.0,0.0,92.0,32.0,222.0,3.0,0.022530329289428077,0.0017331022530329288,0.16341030195381884,0.056838365896980464,0.39431616341030196,matched
2025,1,12953,13303,broad_fare_bounds,19045.0,5022,3754292.09,1261092212.7997,197.12743974796533,27357.218431712383,False,1648.0,17.0,2.0,0.0,1629.0,0.0,404.0,159.0,13091.0,3.0,0.010315533980582525,0.0012135922330097086,0.2480049109883364,0.09760589318600368,8.03621853898097,matched
2025,1,12953,13487,broad_fare_bounds,3529.0,1600,942358.77,311697151.0937,267.0328053272882,17017.978213609298,False,581.0,4.0,0.0,0.0,577.0,0.0,98.0,28.0,-669.0,3.0,0.0068846815834767644,0.0,0.16984402079722705,0.04852686308492201,-1.1594454072790294,matched
2025,1,12953,13930,broad_fare_bounds,19118.0,7531,3429429.6799999997,827036936.1138,179.38224082016947,11081.606620996092,False,2755.0,39.0,3.0,0.0,2713.0,0.0,553.0,209.0,8324.0,3.0,0.014156079854809437,0.001088929219600726,0.20383339476594176,0.07703649096940655,3.0681901953556947,matched
2025,1,12953,14100,broad_fare_bounds,11.0,9,2898.0,805086.5,263.45454545454544,3781.384297520679,True,176.0,3.0,0.0,0.0,173.0,0.0,43.0,9.0,605.0,3.0,0.017045454545454544,0.0,0.24855491329479767,0.05202312138728324,3.4971098265895955,matched
2025,1,12953,14635,broad_fare_bounds,2629.0,1087,547686.0599999999,169599188.0422,208.32486116394062,21111.66437096781,False,268.0,4.0,1.0,0.0,263.0,0.0,91.0,27.0,3660.0,3.0,0.014925373134328358,0.0037313432835820895,0.34600760456273766,0.10266159695817491,13.916349809885931,matched
2025,1,12953,14747,broad_fare_bounds,1.0,1,183.94,33833.9236,183.94,0.0,True,,,,,,,,,,,,,,,,fare_only
2025,1,12953,14771,broad_fare_bounds,1.0,1,184.71,34117.784100000004,184.71,0.0,True,,,,,,,,,,,,,,,,fare_only
2025,1,12953,14869,broad_fare_bounds,73.0,67,27488.85,13397818.4537,376.5595890410959,41734.635540927,False,13.0,0.0,0.0,0.0,13.0,0.0,4.0,1.0,624.0,3.0,0.0,0.0,0.3076923076923077,0.07692307692307693,48.0,matched
2025,1,12953,15016,broad_fare_bounds,4058.0,2279,789168.3200000001,181517193.6096,194.47223262690983,6911.253943019314,False,639.0,15.0,1.0,0.0,623.0,0.0,96.0,24.0,-1624.0,3.0,0.023474178403755867,0.001564945226917058,0.15409309791332262,0.038523274478330656,-2.606741573033708,matched
2025,1,12953,15304,broad_fare_bounds,6712.0,1733,1193244.52,297844182.4862,177.77778903456496,12769.935927143808,False,608.0,8.0,1.0,0.0,599.0,0.0,151.0,56.0,5416.0,3.0,0.013157894736842105,0.001644736842105263,0.25208681135225375,0.09348914858096828,9.041736227045075,matched
2025,1,13204,10397,broad_fare_bounds,11401.0,3115,2058876.27,526924103.36869997,180.58734058415928,13605.57084269507,False,2093.0,28.0,0.0,0.0,2065.0,0.0,516.0,177.0,25093.0,3.0,0.013377926421404682,0.0,0.24987893462469735,0.08571428571428572,12.151573849878934,matched
2025,1,13204,10721,broad_fare_bounds,17336.0,3610,3358258.77,949493289.0879,193.71589582371942,17244.184532157822,False,1373.0,20.0,4.0,0.0,1349.0,0.0,271.0,108.0,5940.0,3.0,0.014566642388929352,0.0029133284777858705,0.20088954781319496,0.08005930318754632,4.403261675315048,matched
2025,1,13204,10821,broad_fare_bounds,9886.0,3083,1668474.3900000001,402146679.9767,168.7714333400769,12194.605066274482,False,1275.0,34.0,4.0,0.0,1237.0,0.0,172.0,60.0,-2847.0,3.0,0.02666666666666667,0.003137254901960784,0.13904607922392886,0.04850444624090541,-2.301535974130962,matched
2025,1,13204,11278,broad_fare_bounds,10154.0,3312,1711389.98,371380082.71540004,168.5434291904668,8167.869490249719,False,1152.0,34.0,8.0,0.0,1110.0,0.0,333.0,123.0,17556.0,3.0,0.029513888888888888,0.006944444444444444,0.3,0.11081081081081082,15.816216216216215,matched
2025,1,13204,11292,broad_fare_bounds,10405.0,4006,2507804.29,804537958.7127,241.0191532916867,19232.012697322483,False,1242.0,9.0,3.0,0.0,1230.0,0.0,231.0,70.0,5443.0,3.0,0.007246376811594203,0.0024154589371980675,0.1878048780487805,0.056910569105691054,4.42520325203252,matched
2025,1,13204,11298,broad_fare_bounds,10094.0,2907,2251522.88,748533779.8836,223.0555656825837,24402.52330472756,False,1243.0,40.0,4.0,0.0,1199.0,0.0,287.0,115.0,12780.0,3.0,0.032180209171359615,0.003218020917135961,0.23936613844870724,0.09591326105087573,10.658882402001668,matched
2025,1,13204,11433,broad_fare_bounds,14061.0,3134,2938682.75,935970323.6909001,208.99528838631676,22885.95938260122,False,1074.0,9.0,0.0,0.0,1065.0,0.0,270.0,90.0,15085.0,3.0,0.008379888268156424,0.0,0.2535211267605634,0.08450704225352113,14.164319248826292,matched
2025,1,13204,11618,broad_fare_bounds,21296.0,3514,3640883.0500000003,856527953.3493,170.96558273854245,10990.902564949673,False,1817.0,18.0,4.0,0.0,1795.0,0.0,374.0,141.0,10929.0,3.0,0.009906439185470555,0.002201430930104568,0.20835654596100278,0.07855153203342619,6.08857938718663,matched
2025,1,13204,11697,broad_fare_bounds,828.0,352,71607.92,10043971.8794,86.48299516908213,4651.092367115917,False,277.0,0.0,0.0,0.0,277.0,0.0,49.0,18.0,569.0,3.0,0.0,0.0,0.17689530685920576,0.06498194945848375,2.0541516245487363,matched
2025,1,13204,12266,broad_fare_bounds,7167.0,2470,1371493.95,386383733.85529995,191.36234826287148,17291.953530763043,False,857.0,12.0,2.0,0.0,843.0,0.0,161.0,59.0,6060.0,3.0,0.014002333722287048,0.002333722287047841,0.19098457888493475,0.06998813760379596,7.1886120996441285,matched
2025,1,13204,12478,broad_fare_bounds,12744.0,2656,2147886.79,509286225.7185,168.54102244193345,11556.747492339742,False,1222.0,11.0,1.0,0.0,1210.0,0.0,274.0,110.0,11227.0,3.0,0.00900163666121113,0.0008183306055646482,0.22644628099173553,0.09090909090909091,9.278512396694214,matched
2025,1,13204,12889,broad_fare_bounds,3280.0,1835,789251.17,279913036.35609996,240.62535670731708,27438.778061945915,False,335.0,3.0,3.0,0.0,329.0,0.0,69.0,31.0,1425.0,3.0,0.008955223880597015,0.008955223880597015,0.20972644376899696,0.09422492401215805,4.331306990881459,matched
2025,1,13204,12892,broad_fare_bounds,8214.0,3529,2678269.71,1282195929.2541,326.06156683710736,49782.70163125578,False,703.0,0.0,1.0,0.0,702.0,0.0,161.0,45.0,6725.0,3.0,0.0,0.001422475106685633,0.22934472934472935,0.0641025641025641,9.579772079772079,matched
2025,1,13204,12953,broad_fare_bounds,17490.0,4417,2644457.92,613685246.0384,151.19828016009149,12226.858580827171,False,1461.0,21.0,2.0,0.0,1438.0,0.0,308.0,109.0,7560.0,3.0,0.014373716632443531,0.0013689253935660506,0.2141863699582754,0.07579972183588317,5.257301808066759,matched
2025,1,13204,13232,broad_fare_bounds,5983.0,2370,1275248.8900000001,343230549.6437,213.14539361524322,11936.674415384914,False,675.0,7.0,4.0,0.0,664.0,0.0,116.0,38.0,1793.0,3.0,0.01037037037037037,0.005925925925925926,0.1746987951807229,0.0572289156626506,2.700301204819277,matched
2025,1,13204,13303,broad_fare_bounds,1252.0,671,246066.17,61178590.1351,196.5384744408946,10237.316670755725,False,967.0,12.0,1.0,0.0,954.0,0.0,188.0,60.0,4981.0,3.0,0.012409513960703205,0.001034126163391934,0.1970649895178197,0.06289308176100629,5.221174004192872,matched
2025,1,13204,13487,broad_fare_bounds,12063.0,2069,2737852.27,850591971.0631,226.96280112741442,19000.360672374183,False,588.0,5.0,1.0,0.0,582.0,0.0,98.0,35.0,2282.0,3.0,0.008503401360544218,0.0017006802721088435,0.16838487972508592,0.06013745704467354,3.9209621993127146,matched
2025,1,13204,13796,broad_fare_bounds,10.0,10,3297.86,1239516.8898,329.786,15192.883184000006,True,,,,,,,,,,,,,,,,fare_only
2025,1,13204,13930,broad_fare_bounds,14117.0,4209,3139552.02,969288400.2682,222.39512786002692,19201.4824224052,False,1291.0,4.0,2.0,0.0,1285.0,0.0,256.0,100.0,11932.0,3.0,0.003098373353989156,0.001549186676994578,0.1992217898832685,0.07782101167315175,9.285603112840468,matched
2025,1,13204,14100,broad_fare_bounds,17109.0,3663,2954939.75,775647171.3669,172.7125927874218,15505.983144180493,False,1373.0,20.0,2.0,0.0,1351.0,0.0,265.0,104.0,10951.0,3.0,0.014566642388929352,0.0014566642388929353,0.19615099925980756,0.076980014803849,8.105847520355292,matched
2025,1,13204,14107,broad_fare_bounds,4260.0,2375,1369440.9300000002,608106310.1194999,321.46500704225355,39408.20936927221,False,456.0,3.0,1.0,0.0,452.0,0.0,90.0,31.0,3236.0,3.0,0.006578947368421052,0.0021929824561403508,0.19911504424778761,0.06858407079646017,7.15929203539823,matched
2025,1,13204,14679,broad_fare_bounds,2099.0,1084,651912.99,277544928.0685,310.58265364459265,35765.63205760802,False,180.0,0.0,0.0,0.0,180.0,0.0,44.0,9.0,1390.0,3.0,0.0,0.0,0.24444444444444444,0.05,7.722222222222222,matched
2025,1,13204,14747,broad_fare_bounds,4483.0,1722,1457360.32,645431951.703,325.0859513718492,38292.345657866914,False,475.0,3.0,2.0,0.0,470.0,0.0,110.0,28.0,2358.0,3.0,0.00631578947368421,0.004210526315789474,0.23404255319148937,0.059574468085106386,5.017021276595744,matched
2025,1,13204,14771,broad_fare_bounds,3550.0,1848,1337540.13,782236506.9002999,376.77186760563376,78391.27158386417,False,344.0,0.0,0.0,0.0,344.0,0.0,57.0,20.0,-75.0,3.0,0.0,0.0,0.16569767441860464,0.05813953488372093,-0.2180232558139535,matched
2025,1,13204,14869,broad_fare_bounds,4081.0,1394,1494782.26,697405331.9031999,366.2784268561627,36730.908409189025,False,372.0,0.0,0.0,0.0,372.0,0.0,62.0,22.0,824.0,3.0,0.0,0.0,0.16666666666666666,0.05913978494623656,2.21505376344086,matched
2025,1,13204,15016,broad_fare_bounds,5275.0,2129,1146393.47,339387151.35370004,217.32577630331753,17108.30341931679,False,592.0,10.0,3.0,0.0,579.0,0.0,119.0,49.0,3543.0,3.0,0.016891891891891893,0.005067567567567568,0.20552677029360966,0.0846286701208981,6.119170984455959,matched
2025,1,13232,10397,broad_fare_bounds,4949.0,2131,814879.4,202597396.5486,164.65536472014549,13825.647956893648,False,818.0,20.0,1.0,0.0,797.0,0.0,143.0,46.0,285.0,3.0,0.02444987775061125,0.0012224938875305623,0.1794228356336261,0.05771643663739021,0.3575909661229611,matched
2025,1,13232,10721,broad_fare_bounds,1582.0,722,230782.31,41192442.0351,145.88009481668774,4757.204026729312,False,220.0,1.0,1.0,0.0,218.0,0.0,35.0,10.0,-80.0,3.0,0.004545454545454545,0.004545454545454545,0.16055045871559634,0.045871559633027525,-0.3669724770642202,matched
2025,1,13232,10821,broad_fare_bounds,2223.0,1227,376186.52,85206087.251,169.2247053531264,9692.323097697707,False,392.0,7.0,1.0,0.0,384.0,0.0,62.0,19.0,448.0,3.0,0.017857142857142856,0.002551020408163265,0.16145833333333334,0.049479166666666664,1.1666666666666667,matched
2025,1,13232,11278,broad_fare_bounds,2433.0,920,424978.69,90284308.4057,174.67270448006576,6597.670068641401,False,515.0,19.0,1.0,0.0,495.0,0.0,131.0,49.0,4120.0,3.0,0.036893203883495145,0.001941747572815534,0.26464646464646463,0.09898989898989899,8.323232323232324,matched
2025,1,13232,11292,broad_fare_bounds,3749.0,1718,567169.12,116277255.0062,151.2854414510536,8128.254016963034,False,622.0,3.0,0.0,0.0,619.0,0.0,112.0,28.0,-883.0,3.0,0.00482315112540193,0.0,0.18093699515347333,0.045234248788368334,-1.4264943457189014,matched
2025,1,13232,11298,broad_fare_bounds,763.0,293,65266.9,7378540.1502,85.53984272608126,2353.3680065283443,False,74.0,3.0,0.0,0.0,71.0,0.0,20.0,8.0,663.0,3.0,0.04054054054054054,0.0,0.28169014084507044,0.11267605633802817,9.338028169014084,matched
2025,1,13232,11433,broad_fare_bounds,765.0,493,152797.5,38488094.805,199.73529411764707,10417.047322952705,False,506.0,6.0,0.0,0.0,500.0,0.0,101.0,33.0,2318.0,3.0,0.011857707509881422,0.0,0.202,0.066,4.636,matched
2025,1,13232,11697,broad_fare_bounds,2386.0,1317,531832.05,150126520.8261,222.89691953059517,13236.71214310918,False,295.0,2.0,0.0,0.0,293.0,0.0,55.0,10.0,451.0,3.0,0.006779661016949152,0.0,0.18771331058020477,0.034129692832764506,1.5392491467576792,matched
2025,1,13232,12266,broad_fare_bounds,400.0,200,39293.9,5040042.2678000005,98.23475,2950.0395619374995,False,45.0,1.0,0.0,0.0,44.0,0.0,19.0,3.0,646.0,3.0,0.022222222222222223,0.0,0.4318181818181818,0.06818181818181818,14.681818181818182,matched
2025,1,13232,12889,broad_fare_bounds,4550.0,2044,902262.49,228363368.1601,198.29944835164835,10867.080027409975,False,613.0,4.0,2.0,0.0,607.0,0.0,104.0,32.0,-708.0,3.0,0.0065252854812398045,0.0032626427406199023,0.171334431630972,0.05271828665568369,-1.1663920922570017,matched
2025,1,13232,12892,broad_fare_bounds,2016.0,974,418362.28,111087418.28299999,207.52097222222224,12037.93214101906,False,276.0,1.0,1.0,0.0,274.0,0.0,40.0,10.0,-2226.0,3.0,0.0036231884057971015,0.0036231884057971015,0.145985401459854,0.0364963503649635,-8.124087591240876,matched
2025,1,13232,12953,broad_fare_bounds,3861.0,1345,578306.96,106547750.1492,149.7816524216524,5161.351482376995,False,577.0,10.0,2.0,0.0,565.0,0.0,111.0,32.0,1301.0,3.0,0.01733102253032929,0.0034662045060658577,0.19646017699115045,0.05663716814159292,2.302654867256637,matched
2025,1,13232,13204,broad_fare_bounds,5929.0,2327,1240206.05,326324677.8589,209.17626075223478,11284.029981042484,False,682.0,7.0,3.0,0.0,672.0,0.0,113.0,35.0,-64.0,3.0,0.010263929618768328,0.004398826979472141,0.16815476190476192,0.052083333333333336,-0.09523809523809523,matched
2025,1,13232,13303,broad_fare_bounds,1937.0,972,320241.35,75558421.9635,165.32852348993288,11674.441098387804,False,209.0,2.0,0.0,0.0,207.0,0.0,53.0,14.0,1742.0,3.0,0.009569377990430622,0.0,0.2560386473429952,0.06763285024154589,8.415458937198068,matched
2025,1,13232,13487,broad_fare_bounds,2114.0,1079,387074.9,90338276.12600002,183.10070955534533,9207.467968276098,False,629.0,3.0,0.0,0.0,626.0,0.0,105.0,35.0,1233.0,3.0,0.0047694753577106515,0.0,0.16773162939297126,0.05591054313099041,1.9696485623003195,matched
2025,1,13232,13796,broad_fare_bounds,691.0,486,156574.47,41280370.3283,226.59112879884225,8396.504240115108,False,98.0,0.0,0.0,0.0,98.0,0.0,20.0,6.0,-420.0,3.0,0.0,0.0,0.20408163265306123,0.061224489795918366,-4.285714285714286,matched
2025,1,13232,14100,broad_fare_bounds,1276.0,744,276784.42,75564799.88,216.9156896551724,12167.646183301811,False,277.0,5.0,0.0,0.0,272.0,0.0,45.0,11.0,-249.0,3.0,0.018050541516245487,0.0,0.16544117647058823,0.04044117647058824,-0.9154411764705882,matched
2025,1,13232,14107,broad_fare_bounds,5370.0,2213,1164722.66,309840498.0438,216.89435009310986,10655.257665620455,False,690.0,6.0,2.0,0.0,682.0,0.0,118.0,26.0,-2942.0,3.0,0.008695652173913044,0.002898550724637681,0.17302052785923755,0.03812316715542522,-4.313782991202346,matched
2025,1,13232,14635,broad_fare_bounds,2976.0,1547,735559.89,226085345.6237,247.16394153225806,14879.524186245231,False,370.0,2.0,5.0,0.0,363.0,0.0,62.0,19.0,-144.0,3.0,0.005405405405405406,0.013513513513513514,0.17079889807162535,0.05234159779614325,-0.39669421487603307,matched
2025,1,13232,14679,broad_fare_bounds,1246.0,744,338683.74,105874002.5264,271.8168057784912,11086.733668127592,False,208.0,0.0,1.0,0.0,207.0,0.0,38.0,6.0,-1497.0,3.0,0.0,0.004807692307692308,0.18357487922705315,0.028985507246376812,-7.231884057971015,matched
2025,1,13232,14747,broad_fare_bounds,521.0,339,93327.73,21415146.1489,179.13191938579655,9015.682806296762,False,90.0,0.0,0.0,0.0,90.0,0.0,29.0,4.0,402.0,3.0,0.0,0.0,0.32222222222222224,0.044444444444444446,4.466666666666667,matched
2025,1,13232,14771,broad_fare_bounds,507.0,316,100780.71,23688043.5327,198.77852071005918,7209.0790587584415,False,62.0,0.0,0.0,0.0,62.0,0.0,21.0,10.0,1466.0,3.0,0.0,0.0,0.3387096774193548,0.16129032258064516,23.64516129032258,matched
2025,1,13232,14869,broad_fare_bounds,633.0,456,167755.73,51631115.9573,265.01695102685625,11331.75967680171,False,172.0,0.0,0.0,0.0,172.0,0.0,31.0,8.0,222.0,3.0,0.0,0.0,0.18023255813953487,0.046511627906976744,1.2906976744186047,matched
2025,1,13232,15016,broad_fare_bounds,1073.0,599,219849.08,56207006.511,204.8919664492078,10402.326363234664,False,369.0,8.0,0.0,0.0,361.0,0.0,47.0,14.0,-1515.0,3.0,0.02168021680216802,0.0,0.13019390581717452,0.038781163434903045,-4.196675900277008,matched
2025,1,13232,15304,broad_fare_bounds,4047.0,1816,733338.08,175872662.05900002,181.20535705460833,10622.158001200667,False,475.0,3.0,1.0,0.0,471.0,0.0,86.0,27.0,954.0,3.0,0.00631578947368421,0.002105263157894737,0.18259023354564755,0.05732484076433121,2.0254777070063694,matched
2025,1,13303,10397,broad_fare_bounds,9704.0,3159,1850072.48,501934113.15500003,190.6505028854081,15376.840938638285,False,1634.0,32.0,1.0,0.0,1601.0,0.0,455.0,179.0,28709.0,3.0,0.019583843329253364,0.0006119951040391676,0.28419737663960026,0.11180512179887571,17.931917551530294,matched
2025,1,13303,10721,broad_fare_bounds,10014.0,3405,2165739.16,757060261.8166,216.27113640902738,28826.981477717956,False,1069.0,17.0,2.0,0.0,1050.0,0.0,287.0,110.0,14394.0,3.0,0.015902712815715623,0.0018709073900841909,0.2733333333333333,0.10476190476190476,13.708571428571428,matched
2025,1,13303,10821,broad_fare_bounds,3825.0,1885,691720.72,180030455.4496,180.8420183006536,14362.950155403589,False,606.0,17.0,0.0,0.0,589.0,0.0,119.0,34.0,3194.0,3.0,0.028052805280528052,0.0,0.20203735144312393,0.057724957555178265,5.422750424448218,matched
2025,1,13303,11278,broad_fare_bounds,7344.0,2060,1648824.17,547515845.3011,224.51309504357297,24146.681333299253,False,1074.0,31.0,7.0,0.0,1036.0,0.0,235.0,72.0,4630.0,3.0,0.028864059590316574,0.006517690875232775,0.22683397683397682,0.0694980694980695,4.469111969111969,matched
2025,1,13303,11292,broad_fare_bounds,6307.0,2943,1505929.54,525679355.96940005,238.7711336610116,26336.903835420067,False,805.0,3.0,2.0,0.0,800.0,0.0,178.0,77.0,10798.0,3.0,0.0037267080745341614,0.002484472049689441,0.2225,0.09625,13.4975,matched
2025,1,13303,11298,broad_fare_bounds,5473.0,2390,1508966.99,639851628.5855,275.71112552530604,40893.95969158903,False,1189.0,25.0,5.0,0.0,1159.0,0.0,268.0,90.0,9067.0,3.0,0.021026072329688814,0.004205214465937763,0.23123382226056946,0.07765314926660914,7.823123382226057,matched
2025,1,13303,11433,broad_fare_bounds,4660.0,2100,1166094.75,431595915.16929996,250.23492489270387,29999.631541904222,False,515.0,2.0,1.0,0.0,512.0,0.0,158.0,65.0,9647.0,3.0,0.003883495145631068,0.001941747572815534,0.30859375,0.126953125,18.841796875,matched
2025,1,13303,11618,broad_fare_bounds,13322.0,3586,2819976.05,905511585.7997,211.67813016063653,23163.513619420693,False,1249.0,12.0,3.0,0.0,1234.0,0.0,322.0,126.0,13045.0,3.0,0.009607686148919135,0.0024019215372297837,0.26094003241491087,0.10210696920583469,10.57131280388979,matched
2025,1,13303,12266,broad_fare_bounds,5445.0,2380,1115800.13,361752969.4709,204.9219706152433,24444.629571819176,False,936.0,20.0,3.0,0.0,913.0,0.0,254.0,85.0,13369.0,3.0,0.021367521367521368,0.003205128205128205,0.2782037239868565,0.09309967141292443,14.642935377875137,matched
2025,1,13303,12478,broad_fare_bounds,12779.0,3478,2630256.71,835808022.8995,205.82648955317316,23040.262747986657,False,1365.0,16.0,3.0,0.0,1346.0,0.0,357.0,169.0,17911.0,3.0,0.011721611721611722,0.002197802197802198,0.2652303120356612,0.12555720653789004,13.306835066864785,matched
2025,1,13303,12889,broad_fare_bounds,4368.0,1776,1236289.1500000001,668717436.4587001,283.03323031135534,72986.84174343412,False,453.0,1.0,0.0,0.0,452.0,0.0,125.0,46.0,5593.0,3.0,0.002207505518763797,0.0,0.27654867256637167,0.10176991150442478,12.373893805309734,matched
2025,1,13303,12892,broad_fare_bounds,6463.0,2190,2725264.35,1898470587.1719,421.6717236577441,115937.43946841997,False,803.0,1.0,3.0,0.0,799.0,0.0,147.0,40.0,-1053.0,3.0,0.0012453300124533001,0.0037359900373599006,0.18397997496871088,0.05006257822277847,-1.3178973717146434,matched
2025,1,13303,12953,broad_fare_bounds,19181.0,4982,4020336.34,1439877319.9736,209.59993430999427,31135.763891638446,False,1646.0,18.0,14.0,0.0,1614.0,0.0,433.0,167.0,16860.0,3.0,0.010935601458080195,0.00850546780072904,0.26827757125154894,0.10346964064436183,10.446096654275093,matched
2025,1,13303,13204,broad_fare_bounds,1323.0,659,255975.34000000003,60654675.6398,193.48098261526835,8411.425042571878,False,968.0,12.0,1.0,0.0,955.0,0.0,231.0,83.0,11347.0,3.0,0.012396694214876033,0.0010330578512396695,0.2418848167539267,0.08691099476439791,11.881675392670157,matched
2025,1,13303,13232,broad_fare_bounds,1887.0,927,332792.84,83820935.9664,176.36080551139375,13317.076118482044,False,209.0,3.0,1.0,0.0,205.0,0.0,54.0,25.0,3341.0,3.0,0.014354066985645933,0.004784688995215311,0.2634146341463415,0.12195121951219512,16.297560975609755,matched
2025,1,13303,13487,broad_fare_bounds,4535.0,1527,1081985.76,365137249.7916,238.58561411245864,23592.285067489465,False,304.0,1.0,0.0,0.0,303.0,0.0,93.0,43.0,5864.0,3.0,0.003289473684210526,0.0,0.3069306930693069,0.1419141914191419,19.353135313531354,matched
2025,1,13303,13930,broad_fare_bounds,9194.0,3286,2416605.54,923331405.9175999,262.84593648031324,31339.61927918064,False,1206.0,6.0,5.0,0.0,1195.0,0.0,224.0,86.0,1941.0,3.0,0.004975124378109453,0.0041459369817578775,0.18744769874476988,0.07196652719665272,1.6242677824267782,matched
2025,1,13303,14100,broad_fare_bounds,6914.0,2103,1462153.1700000002,497518090.92789996,211.47717240381837,27235.47482137986,False,833.0,19.0,2.0,0.0,812.0,0.0,153.0,64.0,3191.0,3.0,0.022809123649459785,0.0024009603841536613,0.18842364532019704,0.07881773399014778,3.9298029556650245,matched
2025,1,13303,14107,broad_fare_bounds,3624.0,1509,1214109.0899999999,682028855.8475,335.0190645695364,75960.03427989209,False,497.0,1.0,0.0,0.0,496.0,0.0,89.0,24.0,2772.0,3.0,0.002012072434607646,0.0,0.17943548387096775,0.04838709677419355,5.588709677419355,matched
2025,1,13303,14679,broad_fare_bounds,1686.0,938,565752.3300000001,296730990.10069996,335.55891459074735,63397.243368157564,False,186.0,1.0,3.0,0.0,182.0,0.0,55.0,13.0,1818.0,3.0,0.005376344086021506,0.016129032258064516,0.3021978021978022,0.07142857142857142,9.989010989010989,matched
2025,1,13303,14747,broad_fare_bounds,2133.0,1074,654264.51,324637919.6677,306.73441631504926,58111.80359924906,False,280.0,0.0,3.0,0.0,277.0,0.0,82.0,32.0,3287.0,3.0,0.0,0.010714285714285714,0.296028880866426,0.11552346570397112,11.866425992779783,matched
2025,1,13303,14771,broad_fare_bounds,4201.0,1969,1380379.1,910029157.8562,328.58345631992387,108654.9445718672,False,432.0,0.0,2.0,0.0,430.0,0.0,107.0,50.0,4732.0,3.0,0.0,0.004629629629629629,0.24883720930232558,0.11627906976744186,11.004651162790697,matched
2025,1,13303,14869,broad_fare_bounds,2498.0,1403,894093.36,458222154.9042,357.9236829463571,55326.24763615568,False,240.0,1.0,1.0,0.0,238.0,0.0,59.0,19.0,2318.0,3.0,0.004166666666666667,0.004166666666666667,0.24789915966386555,0.07983193277310924,9.739495798319327,matched
2025,1,13303,15016,broad_fare_bounds,1425.0,1118,409628.66000000003,145075234.2536,287.4587087719298,19174.672683525714,False,290.0,5.0,1.0,0.0,284.0,0.0,56.0,20.0,1452.0,3.0,0.017241379310344827,0.0034482758620689655,0.19718309859154928,0.07042253521126761,5.112676056338028,matched
2025,1,13303,15304,broad_fare_bounds,1693.0,774,427557.05,122669607.5001,252.54403425871234,8678.45553298643,False,853.0,8.0,0.0,0.0,845.0,0.0,194.0,74.0,6906.0,3.0,0.009378663540445486,0.0,0.22958579881656804,0.08757396449704143,8.172781065088758,matched
2025,1,13487,10397,broad_fare_bounds,4008.0,1629,1121158.74,434436644.7692,279.7302245508982,30143.377912125245,False,853.0,8.0,1.0,0.0,844.0,0.0,160.0,59.0,5028.0,3.0,0.009378663540445486,0.0011723329425556857,0.1895734597156398,0.06990521327014218,5.957345971563981,matched
2025,1,13487,10721,broad_fare_bounds,3084.0,1023,991353.3099999999,395059243.9681,321.4504896238651,24769.207872360785,False,384.0,0.0,0.0,0.0,384.0,0.0,72.0,21.0,-889.0,3.0,0.0,0.0,0.1875,0.0546875,-2.3151041666666665,matched
2025,1,13487,10821,broad_fare_bounds,1205.0,781,290089.44,83238417.23120001,240.73812448132782,11122.680094407748,False,260.0,2.0,0.0,0.0,258.0,0.0,47.0,16.0,65.0,3.0,0.007692307692307693,0.0,0.1821705426356589,0.06201550387596899,0.25193798449612403,matched
2025,1,13487,11278,broad_fare_bounds,2853.0,1269,713669.62,221017555.35,250.14708026638627,14894.911893508099,False,594.0,22.0,4.0,0.0,568.0,0.0,162.0,61.0,6384.0,3.0,0.037037037037037035,0.006734006734006734,0.2852112676056338,0.1073943661971831,11.23943661971831,matched
2025,1,13487,11292,broad_fare_bounds,8601.0,2716,1333348.23,272364955.0991,155.02246599232646,7634.696483896794,False,1261.0,2.0,1.0,0.0,1258.0,0.0,220.0,69.0,-816.0,3.0,0.0015860428231562252,0.0007930214115781126,0.17488076311605724,0.054848966613672494,-0.6486486486486487,matched
2025,1,13487,11298,broad_fare_bounds,5183.0,2056,1403047.92,485374766.5094,270.70189465560486,20367.940627589138,False,793.0,16.0,1.0,0.0,776.0,0.0,140.0,49.0,378.0,3.0,0.0201765447667087,0.0012610340479192938,0.18041237113402062,0.06314432989690721,0.48711340206185566,matched
2025,1,13487,11433,broad_fare_bounds,2693.0,1030,647676.37,215475343.02190003,240.50366505755662,22171.11112726548,False,538.0,3.0,0.0,0.0,535.0,0.0,87.0,33.0,770.0,3.0,0.0055762081784386614,0.0,0.16261682242990655,0.0616822429906542,1.439252336448598,matched
2025,1,13487,11618,broad_fare_bounds,2585.0,1406,624109.67,180879573.28030002,241.43507543520312,11681.85997060359,False,513.0,7.0,2.0,0.0,504.0,0.0,90.0,37.0,917.0,3.0,0.01364522417153996,0.003898635477582846,0.17857142857142858,0.07341269841269842,1.8194444444444444,matched
2025,1,13487,11697,broad_fare_bounds,4451.0,1262,1044247.78,344767976.482,234.60970119074366,22416.8314641884,False,262.0,4.0,1.0,0.0,257.0,0.0,52.0,21.0,-50.0,3.0,0.015267175572519083,0.003816793893129771,0.20233463035019456,0.08171206225680934,-0.19455252918287938,matched
2025,1,13487,12173,broad_fare_bounds,655.0,413,581474.76,741798395.5712,887.7477251908397,344420.6108783367,False,90.0,0.0,0.0,0.0,90.0,0.0,18.0,9.0,40.0,3.0,0.0,0.0,0.2,0.1,0.4444444444444444,matched
2025,1,13487,12266,broad_fare_bounds,2793.0,1392,742095.08,241181166.3774,265.69820264948083,15756.47598509751,False,403.0,7.0,1.0,0.0,395.0,0.0,53.0,17.0,-2647.0,3.0,0.017369727047146403,0.0024813895781637717,0.1341772151898734,0.043037974683544304,-6.70126582278481,matched
2025,1,13487,12478,broad_fare_bounds,888.0,660,201739.27,59671421.667500004,227.18386261261261,15585.039491273921,False,122.0,1.0,1.0,0.0,120.0,0.0,40.0,14.0,1693.0,3.0,0.00819672131147541,0.00819672131147541,0.3333333333333333,0.11666666666666667,14.108333333333333,matched
2025,1,13487,12889,broad_fare_bounds,8542.0,1611,1846646.2,553188084.2204,216.18428939358463,18025.308793261138,False,582.0,1.0,0.0,0.0,581.0,0.0,111.0,30.0,-1997.0,3.0,0.001718213058419244,0.0,0.19104991394148021,0.05163511187607573,-3.4371772805507743,matched
2025,1,13487,12892,broad_fare_bounds,5245.0,1456,1418063.45,556418004.8475,270.3648141086749,32988.28289684343,False,459.0,0.0,1.0,0.0,458.0,0.0,74.0,22.0,-3099.0,3.0,0.0,0.002178649237472767,0.1615720524017467,0.048034934497816595,-6.7663755458515285,matched
2025,1,13487,12953,broad_fare_bounds,3678.0,1678,987838.0599999999,328733479.0004,268.5802229472539,17242.988746551724,False,581.0,5.0,4.0,0.0,572.0,0.0,131.0,38.0,1841.0,3.0,0.008605851979345954,0.0068846815834767644,0.229020979020979,0.06643356643356643,3.2185314685314683,matched
2025,1,13487,13204,broad_fare_bounds,12466.0,2146,2821921.2,885977217.1816001,226.36942082464304,19828.377147827552,False,589.0,4.0,0.0,0.0,585.0,0.0,125.0,47.0,2767.0,3.0,0.006791171477079796,0.0,0.21367521367521367,0.08034188034188035,4.72991452991453,matched
2025,1,13487,13232,broad_fare_bounds,2141.0,1083,390223.37,90510788.2195,182.2621999065857,9055.49665966299,False,630.0,4.0,1.0,0.0,625.0,0.0,100.0,29.0,-125.0,3.0,0.006349206349206349,0.0015873015873015873,0.16,0.0464,-0.2,matched
2025,1,13487,13303,broad_fare_bounds,4532.0,1605,1077985.95,369313719.63750005,237.8609774933804,24912.384785165443,False,303.0,1.0,1.0,0.0,301.0,0.0,71.0,27.0,3415.0,3.0,0.0033003300330033004,0.0033003300330033004,0.23588039867109634,0.08970099667774087,11.345514950166113,matched
2025,1,13487,13930,broad_fare_bounds,5129.0,2350,1106572.82,287454605.4646,215.74825891986742,9497.649869672874,False,1409.0,10.0,2.0,0.0,1397.0,0.0,250.0,123.0,8489.0,3.0,0.007097232079488999,0.0014194464158978,0.17895490336435219,0.08804581245526127,6.076592698639943,matched
2025,1,13487,14100,broad_fare_bounds,1919.0,1050,526240.3,194560486.6232,274.2263157894737,26186.319924050345,False,383.0,8.0,1.0,0.0,374.0,0.0,74.0,24.0,1514.0,3.0,0.020887728459530026,0.0026109660574412533,0.19786096256684493,0.06417112299465241,4.048128342245989,matched
2025,1,13487,14107,broad_fare_bounds,13950.0,3594,3144523.17,1019803115.9395,225.41384731182796,22292.763457248373,False,888.0,5.0,0.0,0.0,883.0,0.0,176.0,52.0,1498.0,3.0,0.00563063063063063,0.0,0.19932049830124576,0.05889014722536806,1.696489241223103,matched
2025,1,13487,14635,broad_fare_bounds,10304.0,1917,2544701.62,946898242.4584,246.9625019409938,30905.702997855187,False,423.0,2.0,1.0,0.0,420.0,0.0,95.0,36.0,2431.0,3.0,0.004728132387706856,0.002364066193853428,0.2261904761904762,0.08571428571428572,5.788095238095238,matched
2025,1,13487,14679,broad_fare_bounds,3722.0,1080,996573.45,349024406.5925,267.75213594841483,22082.143128833748,False,284.0,0.0,2.0,0.0,282.0,0.0,60.0,13.0,-336.0,3.0,0.0,0.007042253521126761,0.2127659574468085,0.04609929078014184,-1.1914893617021276,matched
2025,1,13487,14747,broad_fare_bounds,2966.0,1218,772418.89,257169307.9493,260.42444032366825,18884.878902771714,False,537.0,1.0,0.0,0.0,536.0,0.0,72.0,25.0,-2925.0,3.0,0.00186219739292365,0.0,0.13432835820895522,0.04664179104477612,-5.457089552238806,matched
2025,1,13487,14771,broad_fare_bounds,3451.0,1269,993415.4099999999,376804254.0527,287.8630570849029,26321.836330005157,False,414.0,0.0,2.0,0.0,412.0,0.0,94.0,39.0,-612.0,3.0,0.0,0.004830917874396135,0.22815533980582525,0.09466019417475728,-1.4854368932038835,matched
2025,1,13487,14869,broad_fare_bounds,1756.0,660,666677.0700000001,297923395.0793,379.656645785877,25521.079077872244,False,383.0,1.0,0.0,0.0,382.0,0.0,55.0,8.0,-1665.0,3.0,0.0026109660574412533,0.0,0.14397905759162305,0.020942408376963352,-4.358638743455497,matched
2025,1,13487,15016,broad_fare_bounds,1774.0,1252,410428.75,112526422.7231,231.35780721533257,9904.468492091364,False,460.0,8.0,1.0,0.0,451.0,0.0,76.0,28.0,715.0,3.0,0.017391304347826087,0.002173913043478261,0.16851441241685144,0.06208425720620843,1.5853658536585367,matched
2025,1,13487,15304,broad_fare_bounds,5989.0,1272,1245593.26,356065835.201,207.98017365169477,16197.550957892701,False,307.0,1.0,0.0,0.0,306.0,0.0,53.0,18.0,523.0,3.0,0.003257328990228013,0.0,0.17320261437908496,0.058823529411764705,1.7091503267973855,matched
2025,1,13796,10397,broad_fare_bounds,1.0,1,389.0,151321.0,389.0,0.0,True,,,,,,,,,,,,,,,,fare_only
2025,1,13796,10821,broad_fare_bounds,26.0,20,7715.84,2588625.7362,296.76307692307694,11494.204490532546,True,4.0,0.0,0.0,0.0,4.0,0.0,0.0,0.0,-42.0,3.0,0.0,0.0,0.0,0.0,-10.5,matched
2025,1,13796,11278,broad_fare_bounds,85.0,73,25035.74,8711048.0074,294.53811764705887,15730.214987044965,False,,,,,,,,,,,,,,,,fare_only
2025,1,13796,11292,broad_fare_bounds,1772.0,949,360312.9,88921457.3352,203.33685101580136,8835.53435035477,False,388.0,0.0,0.0,0.0,388.0,0.0,60.0,14.0,35.0,3.0,0.0,0.0,0.15463917525773196,0.03608247422680412,0.09020618556701031,matched
2025,1,13796,11697,broad_fare_bounds,3.0,2,897.42,268693.8732,299.14,79.88479999999981,True,,,,,,,,,,,,,,,,fare_only
2025,1,13796,12173,broad_fare_bounds,1965.0,1051,512832.46,175804880.88279998,260.98344020356234,21355.7767042973,False,242.0,1.0,1.0,0.0,240.0,0.0,25.0,5.0,-2766.0,3.0,0.004132231404958678,0.004132231404958678,0.10416666666666667,0.020833333333333332,-11.525,matched
2025,1,13796,12889,broad_fare_bounds,8509.0,2273,1004884.75,165491070.6307,118.09669173815959,5502.116121468143,False,1057.0,4.0,0.0,0.0,1053.0,0.0,157.0,43.0,1127.0,3.0,0.003784295175023652,0.0,0.14909781576448244,0.04083570750237417,1.070275403608737,matched
2025,1,13796,12892,broad_fare_bounds,3287.0,798,557155.17,108590462.7221,169.502637663523,4305.199823313491,False,567.0,8.0,0.0,0.0,559.0,0.0,57.0,10.0,-3861.0,3.0,0.014109347442680775,0.0,0.10196779964221825,0.017889087656529516,-6.906976744186046,matched
2025,1,13796,13232,broad_fare_bounds,640.0,441,145927.03,38170482.1739,228.010984375,7652.369401062257,False,95.0,1.0,0.0,0.0,94.0,0.0,11.0,1.0,-614.0,3.0,0.010526315789473684,0.0,0.11702127659574468,0.010638297872340425,-6.531914893617022,matched
2025,1,13796,14107,broad_fare_bounds,3881.0,1492,681068.13,142111518.7123,175.487794382891,5821.276669446001,False,496.0,1.0,0.0,0.0,495.0,0.0,53.0,14.0,-431.0,3.0,0.0020161290322580645,0.0,0.10707070707070707,0.028282828282828285,-0.8707070707070707,matched
2025,1,13796,14635,broad_fare_bounds,6.0,5,2061.85,736769.1281000001,343.64166666666665,4705.25961388892,True,,,,,,,,,,,,,,,,fare_only
2025,1,13796,14679,broad_fare_bounds,5024.0,1462,744893.34,154190344.9172,148.26698646496814,8707.654091874025,False,757.0,10.0,2.0,0.0,745.0,0.0,115.0,31.0,593.0,3.0,0.013210039630118891,0.002642007926023778,0.15436241610738255,0.04161073825503356,0.7959731543624161,matched
2025,1,13796,14747,broad_fare_bounds,3248.0,1678,562239.28,126600763.1234,173.10322660098524,9013.340404428938,False,345.0,1.0,0.0,0.0,344.0,0.0,44.0,12.0,-1258.0,3.0,0.002898550724637681,0.0,0.12790697674418605,0.03488372093023256,-3.6569767441860463,matched
2025,1,13796,14869,broad_fare_bounds,2140.0,1244,371392.76,84637904.0736,173.5480186915888,9431.507672523006,False,463.0,0.0,0.0,0.0,463.0,0.0,45.0,14.0,-3238.0,3.0,0.0,0.0,0.09719222462203024,0.03023758099352052,-6.993520518358531,matched
2025,1,13796,15016,broad_fare_bounds,10.0,10,1766.33,316202.0723,176.63299999999998,420.9905410000065,True,4.0,0.0,0.0,0.0,4.0,0.0,0.0,0.0,-42.0,3.0,0.0,0.0,0.0,0.0,-10.5,matched
2025,1,13930,10397,broad_fare_bounds,8987.0,3573,1838561.88,525775026.8652,204.58015800600867,16650.912089793666,False,1299.0,27.0,1.0,0.0,1271.0,0.0,278.0,107.0,8266.0,3.0,0.020785219399538105,0.0007698229407236335,0.2187254130605822,0.08418568056648308,6.503540519276161,matched
2025,1,13930,10721,broad_fare_bounds,9738.0,4276,1752713.6400000001,401813298.2306,179.98702402957488,8867.076010572633,False,1523.0,16.0,0.0,0.0,1507.0,0.0,298.0,120.0,1898.0,3.0,0.010505581089954037,0.0,0.19774386197743862,0.07962840079628401,1.2594558725945588,matched
2025,1,13930,10821,broad_fare_bounds,2106.0,1431,434709.42,111630305.0526,206.41472934472932,10398.802364527895,False,576.0,11.0,1.0,0.0,564.0,0.0,104.0,38.0,3185.0,3.0,0.019097222222222224,0.001736111111111111,0.18439716312056736,0.0673758865248227,5.647163120567376,matched
2025,1,13930,11278,broad_fare_bounds,6638.0,2660,1412591.87,366196790.1157,212.80383699909612,9881.262438380778,False,1626.0,52.0,9.0,0.0,1565.0,0.0,461.0,181.0,22574.0,3.0,0.03198031980319803,0.005535055350553505,0.29456869009584663,0.11565495207667732,14.424281150159745,matched
2025,1,13930,11292,broad_fare_bounds,9787.0,3681,1884054.9300000002,478993012.59809995,192.50586798814757,11883.251554214905,False,1416.0,7.0,1.0,0.0,1408.0,0.0,261.0,77.0,6388.0,3.0,0.0049435028248587575,0.0007062146892655367,0.18536931818181818,0.0546875,4.536931818181818,matched
2025,1,13930,11298,broad_fare_bounds,10763.0,3569,2406431.52,749363447.3557999,223.58371457771997,19634.35373383732,False,1499.0,32.0,13.0,0.0,1454.0,0.0,328.0,106.0,5667.0,3.0,0.02134756504336224,0.00867244829886591,0.22558459422283356,0.07290233837689133,3.8975240715268225,matched
2025,1,13930,11433,broad_fare_bounds,2577.0,1618,591862.65,158713538.3883,229.671187427241,8839.6355331651,False,1308.0,16.0,1.0,0.0,1291.0,0.0,274.0,115.0,10146.0,3.0,0.012232415902140673,0.0007645259938837921,0.21223857474825716,0.08907823392718822,7.859024012393493,matched
2025,1,13930,11618,broad_fare_bounds,10351.0,3275,1932990.2899999998,474994851.1931,186.74430393198722,11015.35358706984,False,1503.0,6.0,1.0,0.0,1496.0,0.0,343.0,139.0,11912.0,3.0,0.003992015968063872,0.0006653359946773121,0.22927807486631016,0.0929144385026738,7.962566844919786,matched
2025,1,13930,11697,broad_fare_bounds,9020.0,3153,1863033.23,600889066.1031001,206.54470399113083,23956.698346686208,False,813.0,6.0,1.0,0.0,806.0,0.0,157.0,59.0,1610.0,3.0,0.007380073800738007,0.0012300123001230013,0.19478908188585609,0.07320099255583126,1.9975186104218363,matched
2025,1,13930,12173,broad_fare_bounds,1065.0,736,894724.61,1013515902.9251001,840.1170046948357,245861.543234878,False,139.0,0.0,0.0,0.0,139.0,0.0,14.0,4.0,-1214.0,3.0,0.0,0.0,0.10071942446043165,0.02877697841726619,-8.733812949640289,matched
2025,1,13930,12266,broad_fare_bounds,8218.0,3077,1719864.14,511825956.9476,209.28013385251884,18482.910625487086,False,1308.0,22.0,2.0,0.0,1284.0,0.0,273.0,90.0,6032.0,3.0,0.016819571865443424,0.0015290519877675841,0.21261682242990654,0.07009345794392523,4.697819314641745,matched
2025,1,13930,12478,broad_fare_bounds,2822.0,1631,464174.33999999997,103955058.4878,164.48417434443655,9782.326513474927,False,461.0,6.0,2.0,0.0,453.0,0.0,119.0,64.0,5984.0,3.0,0.013015184381778741,0.004338394793926247,0.26269315673289184,0.141280353200883,13.20971302428256,matched
2025,1,13930,12889,broad_fare_bounds,10309.0,3616,2397307.61,863968908.3685,232.54511688815597,29730.015518884873,False,1236.0,5.0,1.0,0.0,1230.0,0.0,262.0,80.0,2936.0,3.0,0.0040453074433656954,0.0008090614886731392,0.21300813008130082,0.06504065040650407,2.3869918699186994,matched
2025,1,13930,12892,broad_fare_bounds,12317.0,3762,3035650.39,1129213633.4547,246.4602086547049,30936.64081615358,False,1535.0,1.0,2.0,0.0,1532.0,0.0,282.0,89.0,-4810.0,3.0,0.0006514657980456026,0.0013029315960912053,0.18407310704960836,0.058093994778067884,-3.1396866840731072,matched
2025,1,13930,12953,broad_fare_bounds,19317.0,7509,3418799.57,807939965.1274999,176.9839814671015,10502.00369575428,False,2757.0,35.0,11.0,0.0,2711.0,0.0,618.0,268.0,18190.0,3.0,0.012694958287994197,0.003989844033369605,0.2279601623017337,0.09885651051272593,6.709701217263002,matched
2025,1,13930,13204,broad_fare_bounds,14439.0,4261,3107187.94,929169226.3879999,215.194122861694,18042.84528521823,False,1290.0,8.0,0.0,0.0,1282.0,0.0,274.0,125.0,6543.0,3.0,0.006201550387596899,0.0,0.21372854914196568,0.09750390015600624,5.103744149765991,matched
2025,1,13930,13303,broad_fare_bounds,9337.0,3321,2347053.96,857115654.2106,251.37131412659312,28610.219123848743,False,1204.0,9.0,1.0,0.0,1194.0,0.0,269.0,90.0,2879.0,3.0,0.007475083056478406,0.0008305647840531562,0.22529313232830822,0.07537688442211055,2.4112227805695143,matched
2025,1,13930,13487,broad_fare_bounds,5122.0,2344,1104930.85,287012921.7499,215.72254002342837,9499.108207273377,False,1410.0,8.0,5.0,0.0,1397.0,0.0,255.0,107.0,6042.0,3.0,0.005673758865248227,0.0035460992907801418,0.18253400143163923,0.07659269863994274,4.3249821045096635,matched
2025,1,13930,13796,broad_fare_bounds,1.0,1,224.95,50602.502499999995,224.95,0.0,True,,,,,,,,,,,,,,,,fare_only
2025,1,13930,14100,broad_fare_bounds,5213.0,2066,1392433.85,459623322.1591,267.10797045846925,16822.010835973007,False,942.0,11.0,2.0,0.0,929.0,0.0,201.0,72.0,6723.0,3.0,0.01167728237791932,0.0021231422505307855,0.2163616792249731,0.077502691065662,7.23681377825619,matched
2025,1,13930,14107,broad_fare_bounds,12374.0,4077,3188488.2100000004,1147450518.1743,257.6764352674964,26333.622299099676,False,1393.0,5.0,3.0,0.0,1385.0,0.0,228.0,74.0,-3705.0,3.0,0.003589375448671931,0.0021536252692031586,0.16462093862815885,0.053429602888086646,-2.675090252707581,matched
2025,1,13930,14635,broad_fare_bounds,9725.0,3667,2319599.25,849810516.9399,238.5192030848329,30492.70461220813,False,891.0,4.0,4.0,0.0,883.0,0.0,159.0,66.0,1148.0,3.0,0.004489337822671156,0.004489337822671156,0.18006795016987542,0.07474518686296716,1.3001132502831256,matched
2025,1,13930,14679,broad_fare_bounds,4002.0,1980,1328773.52,527295683.72440004,332.0273663168416,21515.86992684682,False,586.0,1.0,4.0,0.0,581.0,0.0,120.0,43.0,2260.0,3.0,0.0017064846416382253,0.006825938566552901,0.20654044750430292,0.07401032702237521,3.8898450946643717,matched
2025,1,13930,14747,broad_fare_bounds,5504.0,2598,1260672.73,379874546.7783,229.04664425872093,16555.539328364728,False,874.0,6.0,1.0,0.0,867.0,0.0,230.0,60.0,5077.0,3.0,0.006864988558352402,0.0011441647597254005,0.26528258362168394,0.06920415224913495,5.855824682814302,matched
2025,1,13930,14771,broad_fare_bounds,9773.0,3376,2691173.64,1080655045.1364,275.3682226542515,34747.91190377853,False,1031.0,1.0,3.0,0.0,1027.0,0.0,239.0,75.0,118.0,3.0,0.0009699321047526673,0.002909796314258002,0.23271665043816941,0.0730282375851996,0.11489776046738072,matched
2025,1,13930,14869,broad_fare_bounds,3596.0,2252,1223562.74,506502929.7234,340.2566017797553,25077.20515758448,False,808.0,0.0,3.0,0.0,805.0,0.0,206.0,84.0,9340.0,3.0,0.0,0.0037128712871287127,0.25590062111801243,0.10434782608695652,11.602484472049689,matched
2025,1,13930,15016,broad_fare_bounds,1509.0,1215,361682.81,101430187.3009,239.68377070907886,9768.513982402037,False,541.0,14.0,0.0,0.0,527.0,0.0,104.0,38.0,2941.0,3.0,0.025878003696857672,0.0,0.19734345351043645,0.07210626185958255,5.580645161290323,matched
2025,1,13930,15304,broad_fare_bounds,8888.0,3172,1625733.0899999999,447729697.0447,182.91326395139512,16917.36625101405,False,867.0,5.0,3.0,0.0,859.0,0.0,178.0,68.0,2180.0,3.0,0.0057670126874279125,0.0034602076124567475,0.20721769499417927,0.07916181606519208,2.5378346915017462,matched
2025,1,14100,10397,broad_fare_bounds,8711.0,3238,1516654.34,419501755.2286,174.1079485707726,17844.12574908058,False,1299.0,35.0,2.0,0.0,1262.0,0.0,301.0,113.0,10208.0,3.0,0.026943802925327175,0.001539645881447267,0.23851030110935023,0.089540412044374,8.088748019017432,matched
2025,1,14100,10721,broad_fare_bounds,6881.0,2974,1115426.02,229981674.8262,162.10231361720682,7145.550983195346,False,1215.0,24.0,1.0,0.0,1190.0,0.0,234.0,92.0,5467.0,3.0,0.019753086419753086,0.0008230452674897119,0.19663865546218487,0.0773109243697479,4.594117647058823,matched
2025,1,14100,11278,broad_fare_bounds,34.0,32,7083.5,1645428.75,208.33823529411765,4990.142949826986,False,306.0,12.0,1.0,0.0,293.0,0.0,67.0,18.0,2965.0,3.0,0.0392156862745098,0.0032679738562091504,0.22866894197952217,0.06143344709897611,10.119453924914676,matched
2025,1,14100,11292,broad_fare_bounds,4504.0,2713,1119141.0899999999,375434683.4043,248.4771514209591,21614.940791064124,False,623.0,12.0,0.0,0.0,611.0,0.0,117.0,31.0,-157.0,3.0,0.019261637239165328,0.0,0.19148936170212766,0.05073649754500818,-0.2569558101472995,matched
2025,1,14100,11298,broad_fare_bounds,5250.0,2052,1523539.8800000001,578510206.6132,290.1980723809524,25977.499093655686,False,764.0,20.0,3.0,0.0,741.0,0.0,170.0,52.0,6411.0,3.0,0.02617801047120419,0.003926701570680628,0.22941970310391363,0.07017543859649122,8.651821862348179,matched
2025,1,14100,11433,broad_fare_bounds,2753.0,1670,533868.51,149893086.8309,193.92245187068653,16841.262766127817,False,608.0,18.0,0.0,0.0,590.0,0.0,111.0,47.0,894.0,3.0,0.029605263157894735,0.0,0.188135593220339,0.07966101694915254,1.5152542372881357,matched
2025,1,14100,11697,broad_fare_bounds,7611.0,2150,1135976.05,297747275.56270003,149.25450663513337,16843.743354437316,False,634.0,12.0,1.0,0.0,621.0,0.0,175.0,77.0,8361.0,3.0,0.01892744479495268,0.0015772870662460567,0.28180354267310787,0.12399355877616747,13.46376811594203,matched
2025,1,14100,12266,broad_fare_bounds,2709.0,1768,797621.23,288820703.3875,294.43382428940566,19923.969842812992,False,332.0,8.0,4.0,0.0,320.0,0.0,64.0,21.0,1508.0,3.0,0.024096385542168676,0.012048192771084338,0.2,0.065625,4.7125,matched
2025,1,14100,12889,broad_fare_bounds,4469.0,1886,1168321.1400000001,534901770.063,261.42786753188636,51347.072239959176,False,393.0,9.0,0.0,0.0,384.0,0.0,94.0,35.0,1887.0,3.0,0.022900763358778626,0.0,0.24479166666666666,0.09114583333333333,4.9140625,matched
2025,1,14100,12892,broad_fare_bounds,4921.0,1825,1626863.1099999999,858238569.4545,330.5960394228815,65109.544524549536,False,523.0,7.0,2.0,0.0,514.0,0.0,100.0,28.0,-1039.0,3.0,0.01338432122370937,0.0038240917782026767,0.19455252918287938,0.054474708171206226,-2.0214007782101167,matched
2025,1,14100,12953,broad_fare_bounds,12.0,11,2353.16,567808.093,196.09666666666666,8863.438405555557,True,177.0,7.0,0.0,0.0,170.0,0.0,34.0,13.0,1011.0,3.0,0.03954802259887006,0.0,0.2,0.07647058823529412,5.947058823529412,matched
2025,1,14100,13204,broad_fare_bounds,16791.0,3513,2766572.39,672171794.1274999,164.76519504496457,12884.101880956234,False,1369.0,21.0,1.0,0.0,1347.0,0.0,333.0,139.0,15650.0,3.0,0.015339663988312637,0.0007304601899196494,0.24721603563474387,0.10319227913882702,11.618411284335561,matched
2025,1,14100,13232,broad_fare_bounds,1165.0,658,254336.09,69551935.97289999,218.31424034334765,12040.125058070975,False,278.0,4.0,0.0,0.0,274.0,0.0,51.0,18.0,1492.0,3.0,0.014388489208633094,0.0,0.18613138686131386,0.06569343065693431,5.445255474452555,matched
2025,1,14100,13303,broad_fare_bounds,6948.0,2077,1382549.47,441100088.0151,198.98524323546343,23890.780863858512,False,834.0,17.0,0.0,0.0,817.0,0.0,192.0,68.0,5932.0,3.0,0.02038369304556355,0.0,0.2350061199510404,0.0832313341493268,7.260709914320685,matched
2025,1,14100,13487,broad_fare_bounds,1795.0,998,491162.21,178367181.7495,273.6279721448468,24496.636341514546,False,383.0,7.0,0.0,0.0,376.0,0.0,68.0,24.0,-140.0,3.0,0.018276762402088774,0.0,0.18085106382978725,0.06382978723404255,-0.3723404255319149,matched
2025,1,14100,13930,broad_fare_bounds,5104.0,1924,1333244.68,422034535.2682,261.21565047021943,14453.401047421721,False,942.0,11.0,2.0,0.0,929.0,0.0,151.0,59.0,3116.0,3.0,0.01167728237791932,0.0021231422505307855,0.16254036598493002,0.06350914962325081,3.3541442411194833,matched
2025,1,14100,14107,broad_fare_bounds,3731.0,1338,1228123.21,500762589.07449996,329.1673036719378,25865.608003718822,False,544.0,7.0,1.0,0.0,536.0,0.0,89.0,23.0,603.0,3.0,0.012867647058823529,0.001838235294117647,0.166044776119403,0.04291044776119403,1.125,matched
2025,1,14100,14635,broad_fare_bounds,4179.0,1588,848783.49,253129482.1209,203.10684134960516,19319.394227639583,False,400.0,9.0,2.0,0.0,389.0,0.0,114.0,46.0,5242.0,3.0,0.0225,0.005,0.2930591259640103,0.11825192802056556,13.475578406169666,matched
2025,1,14100,14679,broad_fare_bounds,2088.0,1076,694207.62,304020355.6094,332.47491379310344,35064.05028514583,False,221.0,3.0,3.0,0.0,215.0,0.0,61.0,17.0,2122.0,3.0,0.013574660633484163,0.013574660633484163,0.2837209302325581,0.07906976744186046,9.869767441860466,matched
2025,1,14100,14747,broad_fare_bounds,1258.0,682,404472.65,177604148.7223,321.5203895071542,37804.407590865754,False,146.0,4.0,0.0,0.0,142.0,0.0,32.0,10.0,-200.0,3.0,0.0273972602739726,0.0,0.22535211267605634,0.07042253521126761,-1.408450704225352,matched
2025,1,14100,14771,broad_fare_bounds,3412.0,1582,1162804.96,593636861.9277999,340.7986400937866,57841.29919856097,False,352.0,4.0,1.0,0.0,347.0,0.0,86.0,31.0,1608.0,3.0,0.011363636363636364,0.002840909090909091,0.2478386167146974,0.0893371757925072,4.63400576368876,matched
2025,1,14100,14869,broad_fare_bounds,1194.0,696,496216.0,249931348.3146,415.59128978224453,36606.61713904,False,141.0,1.0,0.0,0.0,140.0,0.0,33.0,4.0,-74.0,3.0,0.0070921985815602835,0.0,0.2357142857142857,0.02857142857142857,-0.5285714285714286,matched
2025,1,14100,15016,broad_fare_bounds,1038.0,718,318348.63999999996,114108750.3508,306.6942581888246,15869.99071346708,False,274.0,14.0,1.0,0.0,259.0,0.0,57.0,24.0,3821.0,3.0,0.051094890510948905,0.0036496350364963502,0.22007722007722008,0.09266409266409266,14.752895752895753,matched
2025,1,14100,15304,broad_fare_bounds,8273.0,2613,1493571.5,403920936.915,180.53565816511545,16230.874307487164,False,702.0,13.0,0.0,0.0,689.0,0.0,181.0,74.0,8347.0,3.0,0.018518518518518517,0.0,0.262699564586357,0.10740203193033382,12.11465892597968,matched
2025,1,14107,10397,broad_fare_bounds,5638.0,2847,1831563.05,855168073.7380999,324.86042036183045,46145.03926851785,False,888.0,12.0,1.0,0.0,875.0,0.0,120.0,40.0,-1775.0,3.0,0.013513513513513514,0.0011261261261261261,0.13714285714285715,0.045714285714285714,-2.0285714285714285,matched
2025,1,14107,10721,broad_fare_bounds,5874.0,2446,1607622.78,672429785.1976,273.68450459652706,39572.41080613014,False,594.0,2.0,0.0,0.0,592.0,0.0,115.0,41.0,1002.0,3.0,0.003367003367003367,0.0,0.19425675675675674,0.06925675675675676,1.6925675675675675,matched
2025,1,14107,10821,broad_fare_bounds,1879.0,1048,564841.91,198371885.9317,300.6077221926557,15208.113873151131,False,323.0,5.0,2.0,0.0,316.0,0.0,36.0,8.0,-1551.0,3.0,0.015479876160990712,0.006191950464396285,0.11392405063291139,0.02531645569620253,-4.908227848101266,matched
2025,1,14107,11278,broad_fare_bounds,2328.0,1106,826422.28,379749786.91539997,354.9923883161512,37103.164940086295,False,268.0,6.0,2.0,0.0,260.0,0.0,41.0,9.0,-2173.0,3.0,0.022388059701492536,0.007462686567164179,0.1576923076923077,0.03461538461538462,-8.357692307692307,matched
2025,1,14107,11292,broad_fare_bounds,17142.0,4788,2816416.3,623402267.1796,164.2991657916229,9372.734719850134,False,2541.0,7.0,1.0,0.0,2533.0,0.0,408.0,115.0,3331.0,3.0,0.0027548209366391185,0.0003935458480913026,0.1610738255033557,0.045400710619818395,1.3150414528227399,matched
2025,1,14107,11298,broad_fare_bounds,8597.0,2530,1940141.8299999998,647793008.1084999,225.67661160870068,24421.120608793324,False,1311.0,30.0,3.0,0.0,1278.0,0.0,206.0,70.0,3820.0,3.0,0.02288329519450801,0.002288329519450801,0.16118935837245696,0.054773082942097026,2.9890453834115807,matched
2025,1,14107,11433,broad_fare_bounds,5988.0,2744,1767287.0799999998,799217844.0926,295.1381229124916,46363.40224681057,False,537.0,2.0,1.0,0.0,534.0,0.0,80.0,27.0,3207.0,3.0,0.0037243947858473,0.00186219739292365,0.149812734082397,0.05056179775280899,6.00561797752809,matched
2025,1,14107,11618,broad_fare_bounds,6564.0,2491,2038341.77,961851290.9648999,310.53348110907984,50103.27931699519,False,631.0,1.0,3.0,0.0,627.0,0.0,127.0,38.0,2208.0,3.0,0.001584786053882726,0.004754358161648178,0.2025518341307815,0.06060606060606061,3.521531100478469,matched
2025,1,14107,11697,broad_fare_bounds,1456.0,601,403748.56999999995,175654260.3249,277.299842032967,43746.45991954925,False,105.0,0.0,0.0,0.0,105.0,0.0,16.0,6.0,826.0,3.0,0.0,0.0,0.1523809523809524,0.05714285714285714,7.866666666666666,matched
2025,1,14107,12173,broad_fare_bounds,2216.0,1375,895132.36,551015533.6074001,403.94059566787,85485.21430839974,False,345.0,0.0,1.0,0.0,344.0,0.0,34.0,14.0,-2014.0,3.0,0.0,0.002898550724637681,0.09883720930232558,0.040697674418604654,-5.854651162790698,matched
2025,1,14107,12266,broad_fare_bounds,4334.0,2123,994870.7499999999,315517921.2329,229.55024227041991,20107.314153817642,False,827.0,11.0,1.0,0.0,815.0,0.0,108.0,33.0,-623.0,3.0,0.013301088270858524,0.0012091898428053204,0.1325153374233129,0.04049079754601227,-0.7644171779141105,matched
2025,1,14107,12478,broad_fare_bounds,7183.0,2508,2227371.2399999998,1076546468.7546,310.0892718919671,53718.856008616494,False,716.0,7.0,4.0,0.0,705.0,0.0,117.0,36.0,-1169.0,3.0,0.009776536312849162,0.00558659217877095,0.16595744680851063,0.05106382978723404,-1.6581560283687944,matched
2025,1,14107,12889,broad_fare_bounds,10076.0,2883,1467631.09,284489397.3629,145.65612246923382,7018.652598075118,False,1723.0,11.0,0.0,0.0,1712.0,0.0,319.0,106.0,6545.0,3.0,0.006384213580963436,0.0,0.1863317757009346,0.06191588785046729,3.823014018691589,matched
2025,1,14107,12892,broad_fare_bounds,9354.0,3481,1384126.45,286795812.8133,147.97161107547572,8764.634602803202,False,1883.0,4.0,3.0,0.0,1876.0,0.0,241.0,55.0,-3536.0,3.0,0.002124269782262347,0.0015932023366967605,0.12846481876332622,0.02931769722814499,-1.884861407249467,matched
2025,1,14107,12953,broad_fare_bounds,1.0,1,179.01,32044.580099999996,179.01,0.0,True,,,,,,,,,,,,,,,,fare_only
2025,1,14107,13204,broad_fare_bounds,4297.0,2443,1397036.0899999999,625074327.8595,325.1189411217128,39765.285913400585,False,446.0,4.0,1.0,0.0,441.0,0.0,83.0,16.0,658.0,3.0,0.008968609865470852,0.002242152466367713,0.18820861678004536,0.036281179138321996,1.492063492063492,matched
2025,1,14107,13232,broad_fare_bounds,5451.0,2209,1197561.43,323996579.16330004,219.69573105852135,11171.79330617535,False,686.0,4.0,2.0,0.0,680.0,0.0,117.0,30.0,11.0,3.0,0.0058309037900874635,0.0029154518950437317,0.17205882352941176,0.04411764705882353,0.016176470588235296,matched
2025,1,14107,13303,broad_fare_bounds,3675.0,1489,1185505.54,636386108.97,322.58654149659867,69104.21140036528,False,498.0,1.0,1.0,0.0,496.0,0.0,73.0,17.0,-2309.0,3.0,0.002008032128514056,0.002008032128514056,0.14717741935483872,0.034274193548387094,-4.655241935483871,matched
2025,1,14107,13487,broad_fare_bounds,13810.0,3653,3164278.6,1057566403.0518,229.1295148443157,24079.419449786357,False,888.0,4.0,1.0,0.0,883.0,0.0,111.0,39.0,578.0,3.0,0.0045045045045045045,0.0011261261261261261,0.12570781426953567,0.044167610419026046,0.6545866364665912,matched
2025,1,14107,13796,broad_fare_bounds,3806.0,1442,681907.86,145787148.94,179.166542301629,6203.9084328682875,False,498.0,0.0,1.0,0.0,497.0,0.0,75.0,23.0,-714.0,3.0,0.0,0.002008032128514056,0.15090543259557343,0.04627766599597585,-1.4366197183098592,matched
2025,1,14107,13930,broad_fare_bounds,12177.0,4013,3230358.11,1210916964.1015,265.283576414552,29067.58738449104,False,1394.0,4.0,4.0,0.0,1386.0,0.0,194.0,58.0,-3737.0,3.0,0.0028694404591104736,0.0028694404591104736,0.13997113997113997,0.04184704184704185,-2.696248196248196,matched
2025,1,14107,14100,broad_fare_bounds,3912.0,1451,1325125.3299999998,566116317.5555,338.7334688139059,29972.39721662276,False,542.0,6.0,2.0,0.0,534.0,0.0,68.0,16.0,-3467.0,3.0,0.01107011070110701,0.0036900369003690036,0.12734082397003746,0.0299625468164794,-6.492509363295881,matched
2025,1,14107,14635,broad_fare_bounds,11.0,11,3053.29,878806.2957,277.5718181818182,2845.3671785124025,True,,,,,,,,,,,,,,,,fare_only
2025,1,14107,14679,broad_fare_bounds,6805.0,2632,1160934.33,261465662.88169998,170.6001954445261,9318.154193304923,False,1327.0,10.0,1.0,0.0,1316.0,0.0,211.0,67.0,1916.0,3.0,0.007535795026375283,0.0007535795026375283,0.16033434650455927,0.050911854103343465,1.4559270516717324,matched
2025,1,14107,14747,broad_fare_bounds,14106.0,4653,2859424.61,808387638.1789,202.70981213667943,16216.802259095566,False,1855.0,8.0,1.0,0.0,1846.0,0.0,325.0,79.0,965.0,3.0,0.00431266846361186,0.0005390835579514825,0.176056338028169,0.04279523293607801,0.5227518959913326,matched
2025,1,14107,14771,broad_fare_bounds,8453.0,3554,1370236.42,291572956.76919997,162.10060570211758,8216.82280043757,False,1243.0,0.0,1.0,0.0,1242.0,0.0,245.0,101.0,5520.0,3.0,0.0,0.0008045052292839903,0.1972624798711755,0.08132045088566828,4.444444444444445,matched
2025,1,14107,14869,broad_fare_bounds,8798.0,3790,1653177.6800000002,440543597.1296,187.90380541032056,14765.312575380172,False,1555.0,0.0,0.0,0.0,1555.0,0.0,231.0,87.0,2703.0,3.0,0.0,0.0,0.14855305466237942,0.05594855305466238,1.7382636655948553,matched
2025,1,14107,15016,broad_fare_bounds,3263.0,1926,975484.34,345478407.758,298.9532148329758,16504.513728402206,False,566.0,10.0,3.0,0.0,553.0,0.0,69.0,16.0,-1519.0,3.0,0.0176678445229682,0.00530035335689046,0.12477396021699819,0.028933092224231464,-2.7468354430379747,matched
2025,1,14107,15304,broad_fare_bounds,2590.0,1418,907040.9099999999,414425239.5571,350.20884555984554,37363.509494381564,False,347.0,1.0,0.0,0.0,346.0,0.0,58.0,13.0,133.0,3.0,0.002881844380403458,0.0,0.1676300578034682,0.03757225433526012,0.38439306358381503,matched
2025,1,14635,10397,broad_fare_bounds,2356.0,1013,536286.36,158260715.79639998,227.6257894736842,15359.97865765346,False,848.0,14.0,0.0,0.0,834.0,0.0,142.0,57.0,4248.0,3.0,0.01650943396226415,0.0,0.17026378896882494,0.0683453237410072,5.093525179856115,matched
2025,1,14635,10721,broad_fare_bounds,10510.0,2238,2202928.53,678686367.0587001,209.60309514747857,20641.839084872983,False,860.0,19.0,2.0,0.0,839.0,0.0,227.0,88.0,9745.0,3.0,0.022093023255813953,0.002325581395348837,0.27056019070321813,0.10488676996424315,11.615017878426698,matched
2025,1,14635,10821,broad_fare_bounds,2092.0,1072,554635.73,175506068.7477,265.12224187380497,13604.11117915182,False,375.0,7.0,2.0,0.0,366.0,0.0,67.0,31.0,2148.0,3.0,0.018666666666666668,0.005333333333333333,0.1830601092896175,0.08469945355191257,5.868852459016393,matched
2025,1,14635,11278,broad_fare_bounds,1726.0,1331,430386.23,140055186.3619,249.3547103128621,18966.600612749236,False,269.0,11.0,3.0,0.0,255.0,0.0,85.0,32.0,7008.0,3.0,0.040892193308550186,0.011152416356877323,0.3333333333333333,0.12549019607843137,27.48235294117647,matched
2025,1,14635,11292,broad_fare_bounds,2443.0,1362,782240.59,322866615.8933,320.19672124437164,29633.95159682243,False,367.0,1.0,0.0,0.0,366.0,0.0,63.0,16.0,1089.0,3.0,0.0027247956403269754,0.0,0.1721311475409836,0.04371584699453552,2.9754098360655736,matched
2025,1,14635,11298,broad_fare_bounds,1503.0,658,484399.44999999995,196705378.1711,322.28838988689284,27005.362187959778,False,401.0,12.0,1.0,0.0,388.0,0.0,94.0,38.0,6701.0,3.0,0.029925187032418952,0.0024937655860349127,0.2422680412371134,0.0979381443298969,17.27061855670103,matched
2025,1,14635,11433,broad_fare_bounds,8489.0,2256,1885394.2499999998,697380963.7039,222.09850983625867,32823.384418076275,False,659.0,9.0,1.0,0.0,649.0,0.0,117.0,59.0,3192.0,3.0,0.013657056145675266,0.0015174506828528073,0.1802773497688752,0.09090909090909091,4.918335901386749,matched
2025,1,14635,11618,broad_fare_bounds,7168.0,2081,1592666.9000000001,485847674.17819995,222.1912527901786,18411.135657052153,False,647.0,5.0,1.0,0.0,641.0,0.0,126.0,48.0,2075.0,3.0,0.0077279752704791345,0.0015455950540958269,0.19656786271450857,0.0748829953198128,3.2371294851794072,matched
2025,1,14635,12266,broad_fare_bounds,1114.0,571,268090.78,83541058.78999999,240.65599640933576,17076.66517140391,False,225.0,2.0,3.0,0.0,220.0,0.0,33.0,18.0,857.0,3.0,0.008888888888888889,0.013333333333333334,0.15,0.08181818181818182,3.8954545454545455,matched
2025,1,14635,12478,broad_fare_bounds,4026.0,1123,743939.22,194586192.6748,184.78371087928465,14187.367842662563,False,422.0,9.0,0.0,0.0,413.0,0.0,93.0,42.0,4155.0,3.0,0.02132701421800948,0.0,0.22518159806295399,0.1016949152542373,10.060532687651332,matched
2025,1,14635,12889,broad_fare_bounds,269.0,156,42283.54,7469994.0368,157.1878810408922,3061.464614469118,False,,,,,,,,,,,,,,,,fare_only
2025,1,14635,12892,broad_fare_bounds,23.0,22,7587.43,3668609.4275,329.8882608695652,50678.493057844986,True,2.0,0.0,0.0,0.0,2.0,0.0,0.0,0.0,-29.0,1.0,0.0,0.0,0.0,0.0,-14.5,matched
2025,1,14635,12953,broad_fare_bounds,2758.0,1122,621128.92,204777712.1554,225.20990572878898,23529.12495894687,False,268.0,4.0,0.0,0.0,264.0,0.0,88.0,40.0,5674.0,3.0,0.014925373134328358,0.0,0.3333333333333333,0.15151515151515152,21.492424242424242,matched
2025,1,14635,13232,broad_fare_bounds,2931.0,1540,745113.55,239975350.3117,254.21820197884682,17248.012064354967,False,368.0,5.0,0.0,0.0,363.0,0.0,69.0,19.0,1453.0,3.0,0.01358695652173913,0.0,0.19008264462809918,0.05234159779614325,4.002754820936639,matched
2025,1,14635,13487,broad_fare_bounds,9906.0,1936,2475014.26,920460242.401,249.85001615182716,30494.43666101328,False,424.0,3.0,0.0,0.0,421.0,0.0,89.0,40.0,5814.0,3.0,0.007075471698113208,0.0,0.21140142517814728,0.09501187648456057,13.809976247030878,matched
2025,1,14635,13930,broad_fare_bounds,9750.0,3727,2451631.62,948474239.001,251.44939692307693,34052.609915328605,False,889.0,8.0,1.0,0.0,880.0,0.0,156.0,61.0,7910.0,3.0,0.008998875140607425,0.0011248593925759281,0.17727272727272728,0.06931818181818182,8.988636363636363,matched
2025,1,14635,14100,broad_fare_bounds,4371.0,1700,931869.8500000001,304205544.7341,213.1937428506063,24144.754875993334,False,401.0,8.0,0.0,0.0,393.0,0.0,105.0,44.0,7836.0,3.0,0.0199501246882793,0.0,0.26717557251908397,0.11195928753180662,19.938931297709924,matched
2025,1,14635,14107,broad_fare_bounds,41.0,40,15619.25,10557324.9671,380.9573170731707,112367.25347328972,False,,,,,,,,,,,,,,,,fare_only
2025,1,14635,14679,broad_fare_bounds,9.0,9,3157.17,1211486.2701,350.7966666666667,11551.284222222224,True,,,,,,,,,,,,,,,,fare_only
2025,1,14635,14747,broad_fare_bounds,229.0,140,81305.4,47459522.1362,355.04541484716157,81189.57495146547,False,26.0,0.0,0.0,0.0,26.0,0.0,9.0,3.0,362.0,3.0,0.0,0.0,0.34615384615384615,0.11538461538461539,13.923076923076923,matched
2025,1,14635,14771,broad_fare_bounds,21.0,19,10873.0,7198081.0,517.7619047619048,74688.3718820861,True,3.0,0.0,0.0,0.0,3.0,0.0,0.0,0.0,-33.0,1.0,0.0,0.0,0.0,0.0,-11.0,matched
2025,1,14635,14869,broad_fare_bounds,1.0,1,626.79,392865.7041,626.79,0.0,True,,,,,,,,,,,,,,,,fare_only
2025,1,14635,15016,broad_fare_bounds,1751.0,983,528190.74,192009500.9346,301.6509080525414,18663.783317336478,False,302.0,7.0,1.0,0.0,294.0,0.0,61.0,22.0,2312.0,3.0,0.023178807947019868,0.0033112582781456954,0.20748299319727892,0.07482993197278912,7.863945578231292,matched
2025,1,14679,10397,broad_fare_bounds,2929.0,1375,1058344.24,537043224.4484,361.33296005462614,52792.272943815755,False,519.0,5.0,1.0,0.0,513.0,0.0,86.0,24.0,2345.0,3.0,0.009633911368015413,0.0019267822736030828,0.16764132553606237,0.04678362573099415,4.571150097465887,matched
2025,1,14679,10721,broad_fare_bounds,4323.0,1949,1319375.48,652016072.8036,305.1990469581309,57678.4486994387,False,342.0,5.0,3.0,0.0,334.0,0.0,76.0,22.0,1559.0,3.0,0.014619883040935672,0.008771929824561403,0.2275449101796407,0.0658682634730539,4.667664670658683,matched
2025,1,14679,10821,broad_fare_bounds,1283.0,783,420032.13,161188316.1293,327.38279812938424,18454.420970892228,False,197.0,4.0,0.0,0.0,193.0,0.0,30.0,9.0,-263.0,3.0,0.02030456852791878,0.0,0.15544041450777202,0.046632124352331605,-1.3626943005181347,matched
2025,1,14679,11278,broad_fare_bounds,227.0,183,64314.240000000005,23766188.8064,283.3226431718062,24425.146854687642,False,15.0,0.0,0.0,0.0,15.0,0.0,7.0,1.0,322.0,1.0,0.0,0.0,0.4666666666666667,0.06666666666666667,21.466666666666665,matched
2025,1,14679,11292,broad_fare_bounds,7884.0,2745,1424408.0899999999,338869687.2267,180.67073693556569,10340.033981407723,False,1269.0,8.0,2.0,0.0,1259.0,0.0,201.0,60.0,1387.0,3.0,0.006304176516942475,0.0015760441292356187,0.1596505162827641,0.04765687053216839,1.101667990468626,matched
2025,1,14679,11298,broad_fare_bounds,4098.0,1612,1118713.01,435819516.72349995,272.98999755978525,31825.782053074654,False,782.0,25.0,3.0,0.0,754.0,0.0,143.0,60.0,6897.0,3.0,0.0319693094629156,0.0038363171355498722,0.1896551724137931,0.07957559681697612,9.147214854111406,matched
2025,1,14679,11433,broad_fare_bounds,1641.0,678,689236.86,348753668.9084,420.01027422303474,36116.457242642646,False,236.0,0.0,1.0,0.0,235.0,0.0,41.0,11.0,386.0,3.0,0.0,0.00423728813559322,0.17446808510638298,0.04680851063829787,1.6425531914893616,matched
2025,1,14679,11618,broad_fare_bounds,3545.0,1744,1175719.23,627944468.5163,331.65563610719323,67139.79108806502,False,322.0,2.0,0.0,0.0,320.0,0.0,60.0,17.0,433.0,3.0,0.006211180124223602,0.0,0.1875,0.053125,1.353125,matched
2025,1,14679,11697,broad_fare_bounds,945.0,477,274313.2,127980771.90239999,290.2785185185185,51167.76994320203,False,86.0,0.0,1.0,0.0,85.0,0.0,16.0,5.0,914.0,3.0,0.0,0.011627906976744186,0.18823529411764706,0.058823529411764705,10.75294117647059,matched
2025,1,14679,12173,broad_fare_bounds,3383.0,1900,980910.31,418209148.5861,289.9527963346143,39548.170632026784,False,365.0,0.0,12.0,0.0,353.0,0.0,63.0,10.0,-2058.0,3.0,0.0,0.03287671232876712,0.17847025495750707,0.028328611898016998,-5.830028328611898,matched
2025,1,14679,12266,broad_fare_bounds,1859.0,815,641485.49,260390423.7291,345.07019365250136,20996.71945644448,False,393.0,6.0,2.0,0.0,385.0,0.0,41.0,12.0,-1152.0,3.0,0.015267175572519083,0.005089058524173028,0.10649350649350649,0.03116883116883117,-2.9922077922077923,matched
2025,1,14679,12478,broad_fare_bounds,5741.0,2135,1707956.56,819279842.7876,297.5015781222784,54199.62912790493,False,521.0,3.0,3.0,0.0,515.0,0.0,111.0,28.0,1939.0,3.0,0.005758157389635317,0.005758157389635317,0.21553398058252426,0.05436893203883495,3.7650485436893204,matched
2025,1,14679,12889,broad_fare_bounds,10663.0,2631,1057804.3900000001,146836430.38590002,99.20326268404766,3929.3616821149026,False,1770.0,23.0,0.0,0.0,1747.0,0.0,388.0,150.0,15436.0,3.0,0.012994350282485875,0.0,0.2220950200343446,0.08586147681740126,8.83571837435604,matched
2025,1,14679,12892,broad_fare_bounds,195.0,132,39422.74,9714762.4058,202.16789743589743,8947.43563506641,False,526.0,0.0,0.0,0.0,526.0,0.0,74.0,25.0,178.0,3.0,0.0,0.0,0.14068441064638784,0.04752851711026616,0.33840304182509506,matched
2025,1,14679,12953,broad_fare_bounds,2.0,2,294.59000000000003,43406.7041,147.29500000000002,7.535024999997404,True,,,,,,,,,,,,,,,,fare_only
2025,1,14679,13204,broad_fare_bounds,2102.0,1112,665945.6,293591444.659,316.8152235965747,39300.542574616964,False,179.0,0.0,0.0,0.0,179.0,0.0,44.0,8.0,1193.0,3.0,0.0,0.0,0.24581005586592178,0.0446927374301676,6.664804469273743,matched
2025,1,14679,13232,broad_fare_bounds,1265.0,744,344725.93,107505195.0803,272.5106166007905,10722.307776853006,False,202.0,0.0,0.0,0.0,202.0,0.0,37.0,7.0,-396.0,3.0,0.0,0.0,0.18316831683168316,0.034653465346534656,-1.9603960396039604,matched
2025,1,14679,13303,broad_fare_bounds,1714.0,923,553005.3200000001,274063233.385,322.64021003500585,55800.16382130941,False,186.0,1.0,0.0,0.0,185.0,0.0,29.0,13.0,3644.0,3.0,0.005376344086021506,0.0,0.15675675675675677,0.07027027027027027,19.697297297297297,matched
2025,1,14679,13487,broad_fare_bounds,3635.0,1052,977614.6599999999,345083247.83919996,268.944885832187,22602.141600447765,False,284.0,0.0,0.0,0.0,284.0,0.0,31.0,10.0,-234.0,3.0,0.0,0.0,0.10915492957746478,0.035211267605633804,-0.823943661971831,matched
2025,1,14679,13796,broad_fare_bounds,5153.0,1472,773674.94,162356666.8878,150.1406830972249,8964.987948960905,False,745.0,8.0,0.0,0.0,737.0,0.0,113.0,26.0,-1370.0,3.0,0.010738255033557046,0.0,0.15332428765264586,0.035278154681139755,-1.858887381275441,matched
2025,1,14679,13930,broad_fare_bounds,3956.0,1939,1336911.9000000001,541130444.5842,337.945374115268,22580.195242554633,False,586.0,1.0,1.0,0.0,584.0,0.0,107.0,34.0,1633.0,3.0,0.0017064846416382253,0.0017064846416382253,0.1832191780821918,0.05821917808219178,2.796232876712329,matched
2025,1,14679,14100,broad_fare_bounds,2039.0,1019,703908.2999999999,334337272.1072,345.2223148602256,44792.751021026925,False,220.0,3.0,4.0,0.0,213.0,0.0,35.0,7.0,-130.0,3.0,0.013636363636363636,0.01818181818181818,0.1643192488262911,0.03286384976525822,-0.6103286384976526,matched
2025,1,14679,14107,broad_fare_bounds,6726.0,2639,1152499.25,259967457.2421,171.3498736247398,9290.344395181772,False,1328.0,13.0,1.0,0.0,1314.0,0.0,221.0,72.0,7304.0,3.0,0.009789156626506024,0.0007530120481927711,0.16818873668188736,0.0547945205479452,5.558599695585997,matched
2025,1,14679,14747,broad_fare_bounds,8496.0,2220,1644557.73,414873519.8733,193.56847104519773,11362.87600419479,False,1006.0,10.0,2.0,0.0,994.0,0.0,184.0,59.0,2129.0,3.0,0.009940357852882704,0.0019880715705765406,0.1851106639839034,0.059356136820925554,2.141851106639839,matched
2025,1,14679,14771,broad_fare_bounds,13294.0,4328,1528963.22,255337742.735,115.01152550022566,5979.34033165811,False,1518.0,15.0,2.0,0.0,1501.0,0.0,399.0,149.0,15139.0,3.0,0.009881422924901186,0.0013175230566534915,0.26582278481012656,0.09926715522984676,10.085942704863424,matched
2025,1,14679,14869,broad_fare_bounds,5090.0,2002,1062002.26,289461576.39,208.64484479371316,13336.00779601717,False,639.0,0.0,0.0,0.0,639.0,0.0,103.0,31.0,1304.0,3.0,0.0,0.0,0.16118935837245696,0.048513302034428794,2.0406885758998436,matched
2025,1,14679,15016,broad_fare_bounds,825.0,584,243599.29,84317118.9315,295.27186666666665,15017.093157000403,False,136.0,2.0,1.0,0.0,133.0,0.0,18.0,3.0,-436.0,3.0,0.014705882352941176,0.007352941176470588,0.13533834586466165,0.022556390977443608,-3.2781954887218046,matched
2025,1,14679,15304,broad_fare_bounds,836.0,463,216712.87,80879371.3167,259.2259210526316,29547.58132415166,False,69.0,1.0,1.0,0.0,67.0,0.0,14.0,7.0,647.0,3.0,0.014492753623188406,0.014492753623188406,0.208955223880597,0.1044776119402985,9.656716417910447,matched
2025,1,14747,10397,broad_fare_bounds,3550.0,1434,1173582.43,532050514.4413,330.5866,40585.88425010198,False,623.0,8.0,1.0,0.0,614.0,0.0,91.0,29.0,162.0,3.0,0.012841091492776886,0.0016051364365971107,0.1482084690553746,0.04723127035830619,0.26384364820846906,matched
2025,1,14747,10721,broad_fare_bounds,4371.0,1789,1075217.01,415158633.5093,245.98879203843515,34469.75521396064,False,487.0,7.0,1.0,0.0,479.0,0.0,81.0,21.0,-720.0,3.0,0.014373716632443531,0.002053388090349076,0.16910229645093947,0.04384133611691023,-1.5031315240083507,matched
2025,1,14747,10821,broad_fare_bounds,739.0,354,221132.50999999998,86206228.7563,299.2320838971583,27112.702261963204,False,83.0,0.0,0.0,0.0,83.0,0.0,14.0,3.0,3.0,3.0,0.0,0.0,0.1686746987951807,0.03614457831325301,0.03614457831325301,matched
2025,1,14747,11278,broad_fare_bounds,1781.0,1023,681117.6900000001,370625911.8863,382.43553621560926,61842.955016964,False,203.0,6.0,4.0,0.0,193.0,0.0,53.0,19.0,1939.0,3.0,0.029556650246305417,0.019704433497536946,0.27461139896373055,0.09844559585492228,10.046632124352332,matched
2025,1,14747,11292,broad_fare_bounds,7806.0,3135,1349187.33,284406391.4257,172.83978093774022,6560.741591663507,False,1331.0,3.0,2.0,0.0,1326.0,0.0,215.0,62.0,1304.0,3.0,0.002253944402704733,0.0015026296018031556,0.16214177978883862,0.04675716440422323,0.9834087481146304,matched
2025,1,14747,11298,broad_fare_bounds,6536.0,2639,1387350.22,408790592.9964,212.26288555691553,17488.927787817993,False,1186.0,21.0,7.0,0.0,1158.0,0.0,203.0,62.0,1522.0,3.0,0.01770657672849916,0.005902192242833052,0.17530224525043178,0.0535405872193437,1.31433506044905,matched
2025,1,14747,11433,broad_fare_bounds,1877.0,862,523795.22,183055858.3152,279.0597868939797,19651.39895893169,False,371.0,1.0,0.0,0.0,370.0,0.0,32.0,4.0,-4207.0,3.0,0.0026954177897574125,0.0,0.08648648648648649,0.010810810810810811,-11.37027027027027,matched
2025,1,14747,11618,broad_fare_bounds,3853.0,1892,1132666.11,495346429.1529,293.96992213859335,42142.91746358073,False,347.0,0.0,2.0,0.0,345.0,0.0,51.0,13.0,-1802.0,3.0,0.0,0.005763688760806916,0.14782608695652175,0.03768115942028986,-5.223188405797101,matched
2025,1,14747,11697,broad_fare_bounds,2064.0,1042,662016.61,333499405.88530004,320.74448158914726,58702.147048180894,False,247.0,1.0,0.0,0.0,246.0,0.0,45.0,7.0,-1515.0,3.0,0.004048582995951417,0.0,0.18292682926829268,0.028455284552845527,-6.158536585365853,matched
2025,1,14747,12173,broad_fare_bounds,5143.0,2735,1711940.02,835937775.9174,332.8679797783395,51737.84949607428,False,791.0,7.0,5.0,0.0,779.0,0.0,227.0,43.0,7880.0,3.0,0.008849557522123894,0.006321112515802781,0.2913992297817715,0.055198973042362,10.11553273427471,matched
2025,1,14747,12266,broad_fare_bounds,3190.0,1631,947866.15,360508651.2453,297.136724137931,24721.88354641608,False,392.0,6.0,1.0,0.0,385.0,0.0,65.0,14.0,-51.0,3.0,0.015306122448979591,0.002551020408163265,0.16883116883116883,0.03636363636363636,-0.13246753246753246,matched
2025,1,14747,12478,broad_fare_bounds,5122.0,2070,1643309.34,801989541.0186,320.8335298711441,53643.26528625142,False,542.0,1.0,1.0,0.0,540.0,0.0,112.0,34.0,420.0,3.0,0.0018450184501845018,0.0018450184501845018,0.2074074074074074,0.06296296296296296,0.7777777777777778,matched
2025,1,14747,12889,broad_fare_bounds,12286.0,3575,2089376.09,504883031.7557,170.06154077812144,12173.247161430332,False,1430.0,7.0,0.0,0.0,1423.0,0.0,284.0,78.0,4967.0,3.0,0.0048951048951048955,0.0,0.19957835558678846,0.054813773717498245,3.4905130007027405,matched
2025,1,14747,12892,broad_fare_bounds,11775.0,3657,2000240.89,468593904.41269994,169.87183779193205,10939.219397183024,False,1788.0,15.0,3.0,0.0,1770.0,0.0,272.0,70.0,-3066.0,3.0,0.008389261744966443,0.0016778523489932886,0.1536723163841808,0.03954802259887006,-1.7322033898305085,matched
2025,1,14747,13204,broad_fare_bounds,4475.0,1738,1446870.47,645370452.6727,323.3230100558659,39679.092100861366,False,474.0,1.0,0.0,0.0,473.0,0.0,101.0,23.0,1129.0,3.0,0.002109704641350211,0.0,0.2135306553911205,0.048625792811839326,2.386892177589852,matched
2025,1,14747,13232,broad_fare_bounds,531.0,330,94581.36,20734497.285,178.1193220338983,7321.524604060141,False,90.0,0.0,0.0,0.0,90.0,0.0,7.0,3.0,-610.0,3.0,0.0,0.0,0.07777777777777778,0.03333333333333333,-6.777777777777778,matched
2025,1,14747,13303,broad_fare_bounds,2173.0,1071,667955.17,342964011.2309,307.3884813621721,63342.055180206386,False,279.0,0.0,0.0,0.0,279.0,0.0,51.0,14.0,-1368.0,3.0,0.0,0.0,0.1827956989247312,0.05017921146953405,-4.903225806451613,matched
2025,1,14747,13487,broad_fare_bounds,2915.0,1189,738438.66,234608538.1186,253.32372555746142,16310.293540905812,False,537.0,0.0,0.0,0.0,537.0,0.0,45.0,13.0,-5510.0,3.0,0.0,0.0,0.08379888268156424,0.024208566108007448,-10.260707635009311,matched
2025,1,14747,13796,broad_fare_bounds,3202.0,1654,554565.65,124605226.36110002,173.193519675203,8918.81622318341,False,342.0,1.0,0.0,0.0,341.0,0.0,78.0,12.0,697.0,3.0,0.0029239766081871343,0.0,0.2287390029325513,0.03519061583577713,2.0439882697947214,matched
2025,1,14747,13930,broad_fare_bounds,5535.0,2551,1258630.2400000002,382023040.34720004,227.39480397470646,17311.122609893813,False,873.0,5.0,2.0,0.0,866.0,0.0,162.0,62.0,3522.0,3.0,0.0057273768613974796,0.002290950744558992,0.18706697459584296,0.07159353348729793,4.066974595842956,matched
2025,1,14747,14100,broad_fare_bounds,1303.0,676,434653.81,195580848.3489,333.5792862624712,38825.280612307164,False,146.0,0.0,0.0,0.0,146.0,0.0,15.0,3.0,-923.0,3.0,0.0,0.0,0.10273972602739725,0.02054794520547945,-6.321917808219178,matched
2025,1,14747,14107,broad_fare_bounds,14128.0,4663,2791915.4699999997,773125193.9919,197.61576090033972,15670.915488280043,False,1853.0,9.0,1.0,0.0,1843.0,0.0,323.0,86.0,3277.0,3.0,0.004856988667026443,0.0005396654074473826,0.17525773195876287,0.04666304937601736,1.7780792186652197,matched
2025,1,14747,14635,broad_fare_bounds,247.0,148,76459.07999999999,35172710.63199999,309.55093117408904,46577.85919548916,False,26.0,0.0,0.0,0.0,26.0,0.0,5.0,1.0,-125.0,3.0,0.0,0.0,0.19230769230769232,0.038461538461538464,-4.8076923076923075,matched
2025,1,14747,14679,broad_fare_bounds,8393.0,2255,1620254.97,411104109.69229996,193.04837007029667,11714.110405755098,False,1005.0,9.0,3.0,0.0,993.0,0.0,197.0,39.0,1394.0,3.0,0.008955223880597015,0.0029850746268656717,0.19838872104733132,0.03927492447129909,1.403826787512588,matched
2025,1,14747,14771,broad_fare_bounds,9571.0,4230,1871800.3,462570418.58299994,195.56998223801065,10082.798783710889,False,1567.0,15.0,1.0,0.0,1551.0,0.0,352.0,150.0,9988.0,3.0,0.009572431397574984,0.0006381620931716656,0.22695035460992907,0.09671179883945841,6.439716312056738,matched
2025,1,14747,14869,broad_fare_bounds,5250.0,1906,1015071.52,262345009.06640002,193.3469561904762,12587.432449287611,False,906.0,4.0,0.0,0.0,902.0,0.0,123.0,29.0,-3326.0,3.0,0.004415011037527594,0.0,0.13636363636363635,0.03215077605321508,-3.6873614190687363,matched
2025,1,14747,15016,broad_fare_bounds,1015.0,525,254579.83000000002,76298750.2353,250.81756650246308,12261.73083161503,False,124.0,1.0,0.0,0.0,123.0,0.0,15.0,3.0,-702.0,3.0,0.008064516129032258,0.0,0.12195121951219512,0.024390243902439025,-5.7073170731707314,matched
2025,1,14747,15304,broad_fare_bounds,2079.0,928,618413.69,277383794.5615,297.45728234728233,44940.90378438927,False,268.0,1.0,0.0,0.0,267.0,0.0,48.0,12.0,-885.0,3.0,0.0037313432835820895,0.0,0.1797752808988764,0.0449438202247191,-3.3146067415730336,matched
2025,1,14771,10397,broad_fare_bounds,4715.0,2348,1712760.27,908058919.3229,363.2577454931071,60633.188774662674,False,661.0,7.0,2.0,0.0,652.0,0.0,97.0,36.0,22.0,3.0,0.01059001512859304,0.0030257186081694403,0.14877300613496933,0.05521472392638037,0.03374233128834356,matched
2025,1,14771,10721,broad_fare_bounds,10264.0,4180,3464523.08,2256525194.7494,337.54121979735,105914.44352203119,False,901.0,4.0,4.0,0.0,893.0,0.0,133.0,55.0,-1844.0,3.0,0.004439511653718091,0.004439511653718091,0.14893617021276595,0.06159014557670773,-2.06494960806271,matched
2025,1,14771,10821,broad_fare_bounds,770.0,535,267191.02,128157299.4906,347.0013246753247,46028.13196006339,False,92.0,1.0,0.0,0.0,91.0,0.0,8.0,3.0,-957.0,3.0,0.010869565217391304,0.0,0.08791208791208792,0.03296703296703297,-10.516483516483516,matched
2025,1,14771,11278,broad_fare_bounds,2244.0,1340,870621.59,524522872.91550004,387.97753565062385,83218.02760386464,False,227.0,0.0,5.0,0.0,222.0,0.0,58.0,16.0,1774.0,3.0,0.0,0.022026431718061675,0.26126126126126126,0.07207207207207207,7.990990990990991,matched
2025,1,14771,11292,broad_fare_bounds,7313.0,2724,1502418.93,421737184.5133,205.44495145631066,15461.889836237911,False,1386.0,5.0,0.0,0.0,1381.0,0.0,240.0,81.0,2297.0,3.0,0.0036075036075036075,0.0,0.17378711078928313,0.05865314989138305,1.6632874728457638,matched
2025,1,14771,11298,broad_fare_bounds,6665.0,2461,1712418.21,605947981.5933,256.9269632408102,24903.461530342975,False,957.0,26.0,6.0,0.0,925.0,0.0,175.0,74.0,8116.0,3.0,0.027168234064785787,0.006269592476489028,0.1891891891891892,0.08,8.774054054054053,matched
2025,1,14771,11433,broad_fare_bounds,2224.0,1071,1089294.3,645256103.6828,489.79060251798563,50238.305830212514,False,378.0,3.0,2.0,0.0,373.0,0.0,48.0,16.0,-1140.0,3.0,0.007936507936507936,0.005291005291005291,0.128686327077748,0.04289544235924933,-3.0563002680965146,matched
2025,1,14771,11618,broad_fare_bounds,12344.0,4584,5638928.18,4784793789.8506,456.8153094620868,178940.78647678375,False,959.0,0.0,3.0,0.0,956.0,0.0,154.0,61.0,-2511.0,3.0,0.0,0.0031282586027111575,0.16108786610878661,0.06380753138075314,-2.6265690376569037,matched
2025,1,14771,11697,broad_fare_bounds,3703.0,1626,1211302.07,858542785.8813001,327.113710504996,124847.2242023272,False,346.0,1.0,3.0,0.0,342.0,0.0,42.0,7.0,-2537.0,3.0,0.002890173410404624,0.008670520231213872,0.12280701754385964,0.02046783625730994,-7.418128654970761,matched
2025,1,14771,12173,broad_fare_bounds,5835.0,2876,1754441.28,828236724.28,300.6754550128535,51537.15409128825,False,577.0,2.0,3.0,0.0,572.0,0.0,76.0,30.0,-2658.0,3.0,0.0034662045060658577,0.005199306759098787,0.13286713286713286,0.05244755244755245,-4.646853146853147,matched
2025,1,14771,12266,broad_fare_bounds,3885.0,1640,1438943.0299999998,679875430.6433,370.38430630630626,37815.57648969258,False,751.0,11.0,1.0,0.0,739.0,0.0,106.0,30.0,-1074.0,3.0,0.014647137150466045,0.0013315579227696406,0.14343707713125844,0.04059539918809202,-1.4533152909336942,matched
2025,1,14771,12478,broad_fare_bounds,15530.0,5403,5953625.36,4451965227.9682,383.36286928525436,139701.6308634349,False,1468.0,8.0,6.0,0.0,1454.0,0.0,225.0,72.0,-3668.0,3.0,0.005449591280653951,0.004087193460490463,0.15474552957359008,0.04951856946354883,-2.5226960110041263,matched
2025,1,14771,12889,broad_fare_bounds,11611.0,3966,1635626.98,327314745.1854,140.8687434329515,8346.053551611982,False,1523.0,6.0,0.0,0.0,1517.0,0.0,335.0,132.0,12188.0,3.0,0.003939592908732764,0.0,0.2208305866842452,0.08701384311140409,8.034278180619644,matched
2025,1,14771,12892,broad_fare_bounds,19015.0,5418,2332123.18,362240569.84360003,122.64649907967394,4008.0897393659616,False,2582.0,4.0,2.0,0.0,2576.0,0.0,470.0,211.0,14563.0,3.0,0.001549186676994578,0.000774593338497289,0.18245341614906832,0.08190993788819875,5.65333850931677,matched
2025,1,14771,12953,broad_fare_bounds,3.0,3,809.1,278557.01,269.7,20114.246666666673,True,,,,,,,,,,,,,,,,fare_only
2025,1,14771,13204,broad_fare_bounds,3660.0,1907,1349086.9800000002,779686014.5184,368.60300000000007,77160.79410640977,False,345.0,0.0,1.0,0.0,344.0,0.0,35.0,12.0,-3775.0,3.0,0.0,0.002898550724637681,0.10174418604651163,0.03488372093023256,-10.973837209302326,matched
2025,1,14771,13232,broad_fare_bounds,432.0,293,92284.38,23101162.1608,213.62125,7840.873957696749,False,62.0,1.0,0.0,0.0,61.0,0.0,8.0,2.0,-506.0,3.0,0.016129032258064516,0.0,0.13114754098360656,0.03278688524590164,-8.295081967213115,matched
2025,1,14771,13303,broad_fare_bounds,4198.0,1959,1368215.72,904330223.8610001,325.92084802286803,109194.90141028611,False,431.0,0.0,2.0,0.0,429.0,0.0,48.0,19.0,-2450.0,3.0,0.0,0.004640371229698376,0.11188811188811189,0.04428904428904429,-5.7109557109557105,matched
2025,1,14771,13487,broad_fare_bounds,3485.0,1279,1012025.36,389817226.8108,290.39465136298423,27526.678686686195,False,415.0,0.0,0.0,0.0,415.0,0.0,46.0,18.0,-2445.0,3.0,0.0,0.0,0.1108433734939759,0.043373493975903614,-5.891566265060241,matched
2025,1,14771,13930,broad_fare_bounds,9987.0,3437,2816741.0999999996,1146865480.196,282.04076299188944,35288.842615538815,False,1032.0,3.0,3.0,0.0,1026.0,0.0,166.0,60.0,-2632.0,3.0,0.0029069767441860465,0.0029069767441860465,0.1617933723196881,0.05847953216374269,-2.5653021442495128,matched
2025,1,14771,14100,broad_fare_bounds,3479.0,1646,1220525.1199999999,662472666.3393999,350.82642138545555,67341.24928966552,False,354.0,4.0,0.0,0.0,350.0,0.0,42.0,16.0,-1520.0,3.0,0.011299435028248588,0.0,0.12,0.045714285714285714,-4.3428571428571425,matched
2025,1,14771,14107,broad_fare_bounds,8366.0,3482,1339518.04,281411095.23039997,160.1145158976811,8000.814334160816,False,1241.0,3.0,0.0,0.0,1238.0,0.0,244.0,97.0,9538.0,3.0,0.0024174053182917004,0.0,0.19709208400646203,0.07835218093699516,7.704361873990307,matched
2025,1,14771,14635,broad_fare_bounds,21.0,18,7035.83,3280652.8271,335.0395238095238,43970.080680725616,True,3.0,0.0,2.0,0.0,1.0,0.0,0.0,0.0,-17.0,1.0,0.0,0.6666666666666666,0.0,0.0,-17.0,matched
2025,1,14771,14679,broad_fare_bounds,13023.0,4289,1489036.06,249508091.9644,114.33894340781694,6085.639420092244,False,1515.0,13.0,5.0,0.0,1497.0,0.0,306.0,106.0,11051.0,3.0,0.008580858085808581,0.0033003300330033004,0.20440881763527055,0.07080828323313293,7.382097528390114,matched
2025,1,14771,14747,broad_fare_bounds,9489.0,4173,1872585.78,466072953.0442,197.34279481504902,10173.004709461631,False,1561.0,13.0,3.0,0.0,1545.0,0.0,283.0,105.0,2781.0,3.0,0.008327994875080076,0.0019218449711723255,0.1831715210355987,0.06796116504854369,1.8,matched
2025,1,14771,14869,broad_fare_bounds,4796.0,2393,966229.58,274831772.5042,201.46571726438697,16715.93768295092,False,902.0,3.0,0.0,0.0,899.0,0.0,178.0,79.0,4890.0,3.0,0.0033259423503325942,0.0,0.19799777530589543,0.0878754171301446,5.439377085650723,matched
2025,1,14771,15016,broad_fare_bounds,971.0,708,269177.42,97515925.646,277.2167044284243,23579.246516018713,False,175.0,3.0,1.0,0.0,171.0,0.0,42.0,16.0,1453.0,3.0,0.017142857142857144,0.005714285714285714,0.24561403508771928,0.0935672514619883,8.497076023391813,matched
2025,1,14771,15304,broad_fare_bounds,1502.0,805,547172.11,287046389.60830003,364.2956790945406,58398.10533572393,False,168.0,0.0,0.0,0.0,168.0,0.0,17.0,6.0,-731.0,3.0,0.0,0.0,0.10119047619047619,0.03571428571428571,-4.351190476190476,matched
2025,1,14869,10397,broad_fare_bounds,2746.0,1009,1337782.71,789511753.1221,487.1750582665695,50173.84684262227,False,729.0,8.0,1.0,0.0,720.0,0.0,103.0,36.0,-2263.0,3.0,0.010973936899862825,0.0013717421124828531,0.14305555555555555,0.05,-3.1430555555555557,matched
2025,1,14869,10721,broad_fare_bounds,3542.0,1513,1438307.7500000002,798658358.0857,406.07220496894416,60587.67888743058,False,328.0,2.0,1.0,0.0,325.0,0.0,53.0,20.0,532.0,3.0,0.006097560975609756,0.003048780487804878,0.16307692307692306,0.06153846153846154,1.636923076923077,matched
2025,1,14869,10821,broad_fare_bounds,1502.0,983,510221.54000000004,201624734.56080002,339.69476697736354,18844.971653574175,False,214.0,1.0,1.0,0.0,212.0,0.0,39.0,9.0,-494.0,3.0,0.004672897196261682,0.004672897196261682,0.18396226415094338,0.04245283018867924,-2.330188679245283,matched
2025,1,14869,11278,broad_fare_bounds,940.0,666,501558.35,326559615.4797,533.5727127659575,62704.006446577085,False,90.0,0.0,1.0,0.0,89.0,0.0,26.0,7.0,729.0,3.0,0.0,0.011111111111111112,0.29213483146067415,0.07865168539325842,8.191011235955056,matched
2025,1,14869,11292,broad_fare_bounds,7676.0,3243,1230106.69,266121963.4645,160.25360734757686,8988.135613550363,False,1935.0,3.0,0.0,0.0,1932.0,0.0,426.0,116.0,8701.0,3.0,0.0015503875968992248,0.0,0.2204968944099379,0.060041407867494824,4.503623188405797,matched
2025,1,14869,11298,broad_fare_bounds,4824.0,2261,1277432.32,460032663.274,264.8076948590382,25240.206317654796,False,984.0,23.0,3.0,0.0,958.0,0.0,205.0,76.0,8286.0,3.0,0.023373983739837397,0.003048780487804878,0.2139874739039666,0.07933194154488518,8.649269311064717,matched
2025,1,14869,11433,broad_fare_bounds,1315.0,612,573571.54,294755180.1268,436.1760760456274,33898.85663737825,False,350.0,0.0,1.0,0.0,349.0,0.0,39.0,7.0,-1724.0,3.0,0.0,0.002857142857142857,0.11174785100286533,0.02005730659025788,-4.939828080229226,matched
2025,1,14869,11618,broad_fare_bounds,4034.0,2163,1547325.92,828295767.0958,383.5711254338126,58201.83999714689,False,416.0,1.0,1.0,0.0,414.0,0.0,95.0,27.0,2290.0,3.0,0.002403846153846154,0.002403846153846154,0.22946859903381642,0.06521739130434782,5.531400966183575,matched
2025,1,14869,11697,broad_fare_bounds,1010.0,579,358177.22,182149325.4002,354.63091089108906,54582.78377342776,False,90.0,0.0,0.0,0.0,90.0,0.0,14.0,1.0,-286.0,3.0,0.0,0.0,0.15555555555555556,0.011111111111111112,-3.1777777777777776,matched
2025,1,14869,12173,broad_fare_bounds,2062.0,1249,911874.9199999999,620877821.3364,442.22838021338504,105538.72575537825,False,253.0,2.0,3.0,0.0,248.0,0.0,53.0,28.0,4849.0,3.0,0.007905138339920948,0.011857707509881422,0.21370967741935484,0.11290322580645161,19.552419354838708,matched
2025,1,14869,12266,broad_fare_bounds,2754.0,1550,988347.22,419064101.0644,358.87698620188814,23372.922814010715,False,560.0,8.0,1.0,0.0,551.0,0.0,88.0,27.0,-801.0,3.0,0.014285714285714285,0.0017857142857142857,0.15970961887477314,0.04900181488203267,-1.453720508166969,matched
2025,1,14869,12478,broad_fare_bounds,5197.0,2122,2174732.3499999996,1318891791.7769,418.4591783721377,78671.36413634632,False,554.0,3.0,2.0,0.0,549.0,0.0,108.0,44.0,2636.0,3.0,0.005415162454873646,0.0036101083032490976,0.19672131147540983,0.08014571948998178,4.801457194899818,matched
2025,1,14869,12889,broad_fare_bounds,5938.0,2129,1010904.6599999999,238648560.81699997,170.24329067025934,11207.27937768614,False,977.0,1.0,0.0,0.0,976.0,0.0,232.0,84.0,5366.0,3.0,0.0010235414534288639,0.0,0.23770491803278687,0.0860655737704918,5.497950819672131,matched
2025,1,14869,12892,broad_fare_bounds,9121.0,3301,1698554.76,460550048.50479996,186.22462010744437,15813.763139141389,False,1191.0,0.0,0.0,0.0,1191.0,0.0,147.0,45.0,-6283.0,3.0,0.0,0.0,0.12342569269521411,0.037783375314861464,-5.275398824517213,matched
2025,1,14869,12953,broad_fare_bounds,104.0,94,48939.850000000006,34400748.5119,470.5754807692308,109335.14489784578,False,13.0,0.0,0.0,0.0,13.0,0.0,1.0,0.0,-159.0,3.0,0.0,0.0,0.07692307692307693,0.0,-12.23076923076923,matched
2025,1,14869,13204,broad_fare_bounds,4076.0,1443,1499043.4700000002,702072451.4549,367.7731771344456,36988.339506956836,False,372.0,0.0,1.0,0.0,371.0,0.0,61.0,25.0,1316.0,3.0,0.0,0.002688172043010753,0.16442048517520216,0.0673854447439353,3.547169811320755,matched
2025,1,14869,13232,broad_fare_bounds,610.0,437,167925.53,53885713.8897,275.28775409836067,12553.888328234621,False,172.0,0.0,0.0,0.0,172.0,0.0,27.0,5.0,-631.0,3.0,0.0,0.0,0.1569767441860465,0.029069767441860465,-3.6686046511627906,matched
2025,1,14869,13303,broad_fare_bounds,2387.0,1278,849808.1499999999,432056726.7215,356.01514453288644,54257.29173608092,False,240.0,1.0,1.0,0.0,238.0,0.0,48.0,14.0,102.0,3.0,0.004166666666666667,0.004166666666666667,0.20168067226890757,0.058823529411764705,0.42857142857142855,matched
2025,1,14869,13487,broad_fare_bounds,1772.0,646,670862.8,298210958.27,378.59074492099325,24959.6563646821,False,381.0,1.0,0.0,0.0,380.0,0.0,43.0,8.0,-1901.0,3.0,0.0026246719160104987,0.0,0.11315789473684211,0.021052631578947368,-5.002631578947368,matched
2025,1,14869,13796,broad_fare_bounds,2162.0,1225,383014.81999999995,88159630.64739999,177.15764107308047,9392.057650402163,False,463.0,0.0,1.0,0.0,462.0,0.0,62.0,15.0,-1524.0,3.0,0.0,0.0021598272138228943,0.1341991341991342,0.032467532467532464,-3.2987012987012987,matched
2025,1,14869,13930,broad_fare_bounds,3657.0,2296,1282591.24,552443422.8018,350.7222422750889,28058.558158767642,False,809.0,1.0,4.0,0.0,804.0,0.0,164.0,65.0,8092.0,3.0,0.0012360939431396785,0.004944375772558714,0.20398009950248755,0.08084577114427861,10.064676616915422,matched
2025,1,14869,14100,broad_fare_bounds,1253.0,733,538113.0800000001,286954272.2044,429.459760574621,44578.09872747655,False,142.0,0.0,0.0,0.0,142.0,0.0,23.0,4.0,-581.0,3.0,0.0,0.0,0.1619718309859155,0.028169014084507043,-4.091549295774648,matched
2025,1,14869,14107,broad_fare_bounds,8734.0,3818,1648049.11,442516556.0477,188.69350927410122,15060.726588703998,False,1557.0,3.0,0.0,0.0,1554.0,0.0,253.0,76.0,-1669.0,3.0,0.0019267822736030828,0.0,0.1628056628056628,0.0489060489060489,-1.074002574002574,matched
2025,1,14869,14635,broad_fare_bounds,1.0,1,122.1,14908.409999999998,122.1,0.0,True,,,,,,,,,,,,,,,,fare_only
2025,1,14869,14679,broad_fare_bounds,5102.0,2009,1093314.08,309154305.3452,214.2912740101921,14673.978488576817,False,638.0,0.0,0.0,0.0,638.0,0.0,118.0,36.0,737.0,3.0,0.0,0.0,0.18495297805642633,0.05642633228840126,1.1551724137931034,matched
2025,1,14869,14747,broad_fare_bounds,5304.0,1941,1030083.0,268732845.7168,194.2087104072398,12949.048769679335,False,906.0,4.0,4.0,0.0,898.0,0.0,152.0,29.0,-1940.0,3.0,0.004415011037527594,0.004415011037527594,0.16926503340757237,0.03229398663697105,-2.1603563474387526,matched
2025,1,14869,14771,broad_fare_bounds,4900.0,2420,1012687.05,300081092.6473,206.67082653061226,18528.20877692909,False,901.0,4.0,2.0,0.0,895.0,0.0,203.0,99.0,4820.0,3.0,0.004439511653718091,0.0022197558268590455,0.22681564245810057,0.1106145251396648,5.385474860335195,matched
2025,1,14869,15016,broad_fare_bounds,919.0,419,320135.9,132295054.99460001,348.3524483133841,22606.01788530065,False,211.0,2.0,2.0,0.0,207.0,0.0,33.0,16.0,319.0,3.0,0.009478672985781991,0.009478672985781991,0.15942028985507245,0.07729468599033816,1.541062801932367,matched
2025,1,14869,15304,broad_fare_bounds,847.0,508,276508.2,122593297.72080001,326.4559622195986,38164.754696801436,False,94.0,0.0,0.0,0.0,94.0,0.0,9.0,3.0,-527.0,3.0,0.0,0.0,0.09574468085106383,0.031914893617021274,-5.6063829787234045,matched
2025,1,15016,10397,broad_fare_bounds,2958.0,1495,711899.24,200266000.82920003,240.6691142663962,9781.55554140616,False,793.0,18.0,2.0,0.0,773.0,0.0,107.0,43.0,-1849.0,3.0,0.02269861286254729,0.0025220680958385876,0.1384217335058215,0.055627425614489,-2.391979301423027,matched
2025,1,15016,10721,broad_fare_bounds,1233.0,890,375237.79000000004,134548175.4481,304.32910786699114,16506.401929779895,False,309.0,10.0,0.0,0.0,299.0,0.0,49.0,20.0,307.0,3.0,0.032362459546925564,0.0,0.16387959866220736,0.06688963210702341,1.0267558528428093,matched
2025,1,15016,10821,broad_fare_bounds,895.0,606,229757.45,71635665.4207,256.71223463687153,14138.678219810856,False,250.0,8.0,0.0,0.0,242.0,0.0,34.0,16.0,-49.0,3.0,0.032,0.0,0.14049586776859505,0.06611570247933884,-0.2024793388429752,matched
2025,1,15016,11278,broad_fare_bounds,2454.0,1213,509120.24,129217679.18280001,207.46546047269763,9614.023698137607,False,507.0,36.0,4.0,0.0,467.0,0.0,144.0,65.0,5779.0,3.0,0.07100591715976332,0.007889546351084813,0.3083511777301927,0.139186295503212,12.37473233404711,matched
2025,1,15016,11292,broad_fare_bounds,3998.0,2070,781927.13,198353052.4599,195.57957228614308,11361.700554169227,False,817.0,17.0,0.0,0.0,800.0,0.0,152.0,52.0,1017.0,3.0,0.0208078335373317,0.0,0.19,0.065,1.27125,matched
2025,1,15016,11298,broad_fare_bounds,1619.0,1073,436499.05,145451480.4821,269.6102841260037,17150.616177189193,False,531.0,28.0,0.0,0.0,503.0,0.0,106.0,41.0,5257.0,3.0,0.05273069679849341,0.0,0.21073558648111332,0.08151093439363817,10.451292246520875,matched
2025,1,15016,11433,broad_fare_bounds,1155.0,769,294502.69999999995,87453940.7146,254.9806926406926,10702.543968870916,False,366.0,3.0,0.0,0.0,363.0,0.0,49.0,20.0,583.0,3.0,0.00819672131147541,0.0,0.1349862258953168,0.05509641873278237,1.606060606060606,matched
2025,1,15016,11618,broad_fare_bounds,1050.0,759,269486.8,80435035.00500001,256.65409523809524,10733.470640371903,False,257.0,10.0,1.0,0.0,246.0,0.0,45.0,17.0,11.0,3.0,0.038910505836575876,0.0038910505836575876,0.18292682926829268,0.06910569105691057,0.044715447154471545,matched
2025,1,15016,11697,broad_fare_bounds,2009.0,1114,487737.87,161812069.8215,242.77644101543055,21603.18844920522,False,271.0,7.0,1.0,0.0,263.0,0.0,45.0,10.0,-355.0,3.0,0.025830258302583026,0.0036900369003690036,0.17110266159695817,0.03802281368821293,-1.349809885931559,matched
2025,1,15016,12266,broad_fare_bounds,825.0,642,237024.95,78714356.5495,287.3029696969697,12868.34487542334,False,129.0,5.0,0.0,0.0,124.0,0.0,32.0,6.0,545.0,3.0,0.03875968992248062,0.0,0.25806451612903225,0.04838709677419355,4.395161290322581,matched
2025,1,15016,12889,broad_fare_bounds,3046.0,1573,792606.38,265589606.8452,260.2122061720289,19482.518739124906,False,478.0,13.0,0.0,0.0,465.0,0.0,74.0,30.0,-1883.0,3.0,0.027196652719665274,0.0,0.15913978494623657,0.06451612903225806,-4.049462365591398,matched
2025,1,15016,12892,broad_fare_bounds,1176.0,706,338506.33999999997,117329249.6462,287.8455272108843,16914.72257200099,False,183.0,5.0,1.0,0.0,177.0,0.0,25.0,6.0,-857.0,3.0,0.0273224043715847,0.00546448087431694,0.14124293785310735,0.03389830508474576,-4.84180790960452,matched
2025,1,15016,12953,broad_fare_bounds,3919.0,2187,750396.6100000001,166050609.1151,191.47655269201329,5707.387874592205,False,639.0,17.0,4.0,0.0,618.0,0.0,98.0,34.0,-647.0,3.0,0.026604068857589983,0.006259780907668232,0.15857605177993528,0.05501618122977346,-1.0469255663430421,matched
2025,1,15016,13204,broad_fare_bounds,5156.0,2098,1107777.54,321970280.0398,214.85212179984484,16284.314408182217,False,605.0,10.0,0.0,0.0,595.0,0.0,103.0,44.0,267.0,3.0,0.01652892561983471,0.0,0.173109243697479,0.07394957983193277,0.44873949579831934,matched
2025,1,15016,13232,broad_fare_bounds,1111.0,611,229228.39,59270141.9945,206.32618361836185,10777.968594796163,False,381.0,12.0,2.0,0.0,367.0,0.0,42.0,15.0,-1134.0,3.0,0.031496062992125984,0.005249343832020997,0.11444141689373297,0.04087193460490463,-3.0899182561307903,matched
2025,1,15016,13303,broad_fare_bounds,1432.0,1130,396143.84,134802698.914,276.63675977653634,17608.066069109875,False,291.0,7.0,3.0,0.0,281.0,0.0,53.0,20.0,1209.0,3.0,0.024054982817869417,0.010309278350515464,0.18861209964412812,0.0711743772241993,4.302491103202847,matched
2025,1,15016,13487,broad_fare_bounds,1731.0,1243,403207.05,112102286.9923,232.93301559792027,10503.785629958744,False,461.0,6.0,0.0,0.0,455.0,0.0,77.0,30.0,1982.0,3.0,0.013015184381778741,0.0,0.16923076923076924,0.06593406593406594,4.356043956043956,matched
2025,1,15016,13796,broad_fare_bounds,14.0,14,3943.54,1335011.9698,281.68142857142857,16013.570640816339,True,4.0,0.0,0.0,0.0,4.0,0.0,1.0,0.0,-27.0,3.0,0.0,0.0,0.25,0.0,-6.75,matched
2025,1,15016,13930,broad_fare_bounds,1491.0,1211,348859.0,95544497.17400001,233.97652582159625,9335.801711873748,False,542.0,16.0,1.0,0.0,525.0,0.0,110.0,42.0,4230.0,3.0,0.02952029520295203,0.0018450184501845018,0.20952380952380953,0.08,8.057142857142857,matched
2025,1,15016,14100,broad_fare_bounds,986.0,698,295728.25,103886063.6085,299.92723123732253,15404.775240711228,False,274.0,15.0,1.0,0.0,258.0,0.0,46.0,13.0,725.0,3.0,0.05474452554744526,0.0036496350364963502,0.17829457364341086,0.050387596899224806,2.810077519379845,matched
2025,1,15016,14107,broad_fare_bounds,3205.0,1916,955610.02,336320955.6232,298.16225273010923,16035.606654769188,False,555.0,11.0,0.0,0.0,544.0,0.0,93.0,36.0,3022.0,3.0,0.01981981981981982,0.0,0.17095588235294118,0.0661764705882353,5.555147058823529,matched
2025,1,15016,14635,broad_fare_bounds,1730.0,988,509489.88,180745096.5404,294.50282080924853,17745.022951811843,False,302.0,4.0,3.0,0.0,295.0,0.0,62.0,19.0,1548.0,3.0,0.013245033112582781,0.009933774834437087,0.21016949152542372,0.06440677966101695,5.247457627118644,matched
2025,1,15016,14679,broad_fare_bounds,801.0,587,236882.91,81562956.6935,295.73397003745316,14367.831816698235,False,136.0,2.0,1.0,0.0,133.0,0.0,28.0,9.0,-58.0,3.0,0.014705882352941176,0.007352941176470588,0.21052631578947367,0.06766917293233082,-0.43609022556390975,matched
2025,1,15016,14747,broad_fare_bounds,1024.0,530,258583.30000000002,77361583.8062,252.52275390625002,11780.680445345679,False,124.0,1.0,0.0,0.0,123.0,0.0,22.0,8.0,364.0,3.0,0.008064516129032258,0.0,0.17886178861788618,0.06504065040650407,2.959349593495935,matched
2025,1,15016,14771,broad_fare_bounds,927.0,671,250534.41999999998,88286962.12799999,270.2636677454153,22196.991243074066,False,174.0,2.0,0.0,0.0,172.0,0.0,40.0,19.0,1978.0,3.0,0.011494252873563218,0.0,0.23255813953488372,0.11046511627906977,11.5,matched
2025,1,15016,14869,broad_fare_bounds,867.0,407,301693.15,123311909.2347,347.97364475201846,21142.611571490866,False,211.0,3.0,0.0,0.0,208.0,0.0,17.0,8.0,-2648.0,3.0,0.014218009478672985,0.0,0.08173076923076923,0.038461538461538464,-12.73076923076923,matched
2025,1,15016,15304,broad_fare_bounds,1879.0,991,474747.07,141464781.4431,252.65943054816393,11450.482747467096,False,291.0,8.0,0.0,0.0,283.0,0.0,46.0,16.0,271.0,3.0,0.027491408934707903,0.0,0.1625441696113074,0.05653710247349823,0.9575971731448764,matched
2025,1,15304,10397,broad_fare_bounds,7619.0,2426,1375317.18,337040778.0496,180.51150807192545,11652.474053100439,False,1544.0,32.0,1.0,0.0,1511.0,0.0,384.0,144.0,23315.0,3.0,0.02072538860103627,0.0006476683937823834,0.2541363335539378,0.09530112508272667,15.43017868960953,matched
2025,1,15304,10721,broad_fare_bounds,9744.0,2209,1682287.6500000001,418818791.7941,172.6485683497537,13174.695963580507,False,816.0,18.0,0.0,0.0,798.0,0.0,192.0,75.0,6653.0,3.0,0.022058823529411766,0.0,0.24060150375939848,0.09398496240601503,8.337092731829573,matched
2025,1,15304,10821,broad_fare_bounds,4491.0,1722,892025.57,236272898.4483,198.62515475395233,13158.357061359937,False,694.0,16.0,4.0,0.0,674.0,0.0,111.0,42.0,1712.0,3.0,0.023054755043227664,0.005763688760806916,0.16468842729970326,0.06231454005934718,2.540059347181009,matched
2025,1,15304,11278,broad_fare_bounds,3706.0,1499,834457.11,229037308.4469,225.16381813275768,11103.0111957025,False,547.0,17.0,3.0,0.0,527.0,0.0,159.0,62.0,11914.0,3.0,0.031078610603290677,0.005484460694698354,0.301707779886148,0.11764705882352941,22.607210626185957,matched
2025,1,15304,11292,broad_fare_bounds,6354.0,2826,1428335.0499999998,451283449.2597,224.7930516210261,20491.60444333162,False,859.0,4.0,2.0,0.0,853.0,0.0,167.0,56.0,5862.0,3.0,0.004656577415599534,0.002328288707799767,0.19577960140679954,0.06565064478311841,6.872215709261431,matched
2025,1,15304,11298,broad_fare_bounds,4534.0,1654,1028730.0,328815848.241,226.89236876929863,21042.09565879123,False,735.0,23.0,1.0,0.0,711.0,0.0,155.0,63.0,13047.0,3.0,0.031292517006802724,0.0013605442176870747,0.2180028129395218,0.08860759493670886,18.350210970464136,matched
2025,1,15304,11433,broad_fare_bounds,8105.0,2164,1543901.6500000001,439987797.6051,190.48755706354103,18000.461930935206,False,698.0,3.0,2.0,0.0,693.0,0.0,154.0,62.0,6343.0,3.0,0.004297994269340974,0.0028653295128939827,0.2222222222222222,0.08946608946608947,9.152958152958153,matched
2025,1,15304,11618,broad_fare_bounds,8296.0,1941,1580136.09,389551305.57329994,190.46963476374157,10677.84011981597,False,767.0,5.0,3.0,0.0,759.0,0.0,146.0,67.0,4257.0,3.0,0.00651890482398957,0.003911342894393742,0.19235836627140976,0.08827404479578392,5.608695652173913,matched
2025,1,15304,11697,broad_fare_bounds,2802.0,917,292765.89,45404358.8589,104.48461456102784,5287.2332925173905,False,270.0,1.0,1.0,0.0,268.0,0.0,47.0,23.0,2366.0,3.0,0.003703703703703704,0.003703703703703704,0.17537313432835822,0.08582089552238806,8.828358208955224,matched
2025,1,15304,12266,broad_fare_bounds,2595.0,1211,541134.73,159446495.17369998,208.52976107899806,17959.074842100905,False,440.0,8.0,2.0,0.0,430.0,0.0,61.0,30.0,32.0,3.0,0.01818181818181818,0.004545454545454545,0.14186046511627906,0.06976744186046512,0.07441860465116279,matched
2025,1,15304,12478,broad_fare_bounds,7443.0,1720,1045315.29,210134025.8933,140.44273679967756,8508.274317768555,False,680.0,5.0,1.0,0.0,674.0,0.0,157.0,68.0,7845.0,3.0,0.007352941176470588,0.0014705882352941176,0.23293768545994065,0.10089020771513353,11.63946587537092,matched
2025,1,15304,12889,broad_fare_bounds,3372.0,1731,738201.21,232676005.5423,218.92088078291815,21076.02208009611,False,312.0,0.0,0.0,0.0,312.0,0.0,58.0,22.0,1646.0,3.0,0.0,0.0,0.1858974358974359,0.07051282051282051,5.2756410256410255,matched
2025,1,15304,12892,broad_fare_bounds,2318.0,1179,847262.6200000001,464067740.8912,365.5145038826575,66600.93385831726,False,208.0,0.0,2.0,0.0,206.0,0.0,35.0,16.0,283.0,3.0,0.0,0.009615384615384616,0.16990291262135923,0.07766990291262135,1.3737864077669903,matched
2025,1,15304,12953,broad_fare_bounds,6687.0,1714,1212899.8099999998,307461723.1695,181.38175714072077,13079.680633475953,False,607.0,7.0,4.0,0.0,596.0,0.0,147.0,56.0,8023.0,3.0,0.011532125205930808,0.006589785831960461,0.24664429530201343,0.09395973154362416,13.461409395973154,matched
2025,1,15304,13232,broad_fare_bounds,4015.0,1803,739244.3700000001,180359654.1687,184.12064009962643,11021.047963699857,False,479.0,4.0,1.0,0.0,474.0,0.0,85.0,35.0,2660.0,3.0,0.008350730688935281,0.0020876826722338203,0.17932489451476794,0.07383966244725738,5.6118143459915615,matched
2025,1,15304,13303,broad_fare_bounds,1689.0,803,424326.2,120483536.0722,251.22924807578448,8218.107701210807,False,853.0,9.0,1.0,0.0,843.0,0.0,159.0,55.0,8777.0,3.0,0.010550996483001172,0.0011723329425556857,0.18861209964412812,0.06524317912218268,10.411625148279953,matched
2025,1,15304,13487,broad_fare_bounds,5855.0,1246,1232085.78,354195619.34720004,210.43309649871904,16212.466867593605,False,307.0,1.0,0.0,0.0,306.0,0.0,61.0,24.0,3298.0,3.0,0.003257328990228013,0.0,0.19934640522875818,0.0784313725490196,10.777777777777779,matched
2025,1,15304,13930,broad_fare_bounds,8543.0,3177,1605895.0,450746031.313,187.9778766241367,17426.348956067188,False,870.0,5.0,2.0,0.0,863.0,0.0,169.0,66.0,4698.0,3.0,0.005747126436781609,0.0022988505747126436,0.19582850521436848,0.07647740440324449,5.443800695249131,matched
2025,1,15304,14100,broad_fare_bounds,8424.0,2693,1578171.33,451673016.85010004,187.34227564102565,18520.276416960587,False,702.0,11.0,3.0,0.0,688.0,0.0,178.0,76.0,9651.0,3.0,0.01566951566951567,0.004273504273504274,0.25872093023255816,0.11046511627906977,14.027616279069768,matched
2025,1,15304,14107,broad_fare_bounds,2465.0,1348,879142.1900000001,410388957.0035,356.64997565922926,39287.18715578031,False,332.0,1.0,1.0,0.0,330.0,0.0,60.0,17.0,2541.0,3.0,0.0030120481927710845,0.0030120481927710845,0.18181818181818182,0.051515151515151514,7.7,matched
2025,1,15304,14679,broad_fare_bounds,799.0,456,202489.66,76526415.7364,253.42886107634544,31551.554221356157,False,69.0,1.0,0.0,0.0,68.0,0.0,7.0,1.0,-816.0,3.0,0.014492753623188406,0.0,0.10294117647058823,0.014705882352941176,-12.0,matched
2025,1,15304,14747,broad_fare_bounds,2062.0,937,622285.77,270925636.0563,301.78747332686714,40314.05714875655,False,268.0,2.0,1.0,0.0,265.0,0.0,65.0,17.0,1117.0,3.0,0.007462686567164179,0.0037313432835820895,0.24528301886792453,0.06415094339622641,4.215094339622642,matched
2025,1,15304,14771,broad_fare_bounds,1511.0,817,557973.02,302409933.38299996,369.27400397088024,63775.64671070545,False,168.0,0.0,0.0,0.0,168.0,0.0,29.0,8.0,333.0,3.0,0.0,0.0,0.17261904761904762,0.047619047619047616,1.9821428571428572,matched
2025,1,15304,14869,broad_fare_bounds,1027.0,652,367889.98,189462482.9444,358.2180915287244,56161.28180745804,False,95.0,0.0,0.0,0.0,95.0,0.0,15.0,4.0,-553.0,3.0,0.0,0.0,0.15789473684210525,0.042105263157894736,-5.821052631578947,matched
2025,1,15304,15016,broad_fare_bounds,1965.0,1008,492642.73,146618495.7159,250.70876844783714,11760.123965811523,False,303.0,9.0,2.0,0.0,292.0,0.0,47.0,12.0,369.0,3.0,0.0297029702970297,0.006600660066006601,0.16095890410958905,0.0410958904109589,1.2636986301369864,matched
2025,2,10397,10721,broad_fare_bounds,12067.0,3168,2718853.94,890851506.6222,225.31316317228806,23059.41204917227,False,1362.0,10.0,2.0,0.0,1350.0,0.0,386.0,143.0,16689.0,3.0,0.007342143906020558,0.0014684287812041115,0.2859259259259259,0.10592592592592592,12.362222222222222,matched
2025,2,10397,10821,broad_fare_bounds,10232.0,3203,1565828.34,342347073.7116,153.03248045347928,10039.530773753526,False,1455.0,28.0,2.0,0.0,1425.0,0.0,487.0,206.0,33300.0,3.0,0.019243986254295534,0.0013745704467353953,0.34175438596491226,0.14456140350877192,23.36842105263158,matched
2025,2,10397,11278,broad_fare_bounds,10306.0,3730,2125592.15,567152944.7719,206.24802542208423,12493.087617088822,False,1738.0,42.0,11.0,0.0,1685.0,0.0,581.0,225.0,35585.0,3.0,0.024165707710011506,0.006329113924050633,0.34480712166172106,0.13353115727002968,21.118694362017806,matched
2025,2,10397,11292,broad_fare_bounds,9559.0,3164,2042780.3,590749942.2279999,213.7023014959724,16131.717822718587,False,1442.0,8.0,8.0,0.0,1426.0,0.0,522.0,205.0,31437.0,3.0,0.005547850208044383,0.005547850208044383,0.36605890603085556,0.14375876577840113,22.045582047685834,matched
2025,2,10397,11298,broad_fare_bounds,12606.0,4110,2552724.6399999997,802776254.6118,202.50076471521496,22675.516651152488,False,1686.0,44.0,16.0,0.0,1626.0,0.0,611.0,279.0,46359.0,3.0,0.02609727164887307,0.009489916963226572,0.3757687576875769,0.17158671586715868,28.511070110701105,matched
2025,2,10397,11433,broad_fare_bounds,10424.0,2472,1617255.61,431226112.1191,155.14731485034537,17297.893975531715,False,1290.0,9.0,1.0,0.0,1280.0,0.0,334.0,115.0,18155.0,3.0,0.0069767441860465115,0.0007751937984496124,0.2609375,0.08984375,14.18359375,matched
2025,2,10397,11618,broad_fare_bounds,12742.0,3813,2384061.19,593799958.9919,187.10258907549834,11594.407300932857,False,1434.0,44.0,8.0,0.0,1382.0,0.0,689.0,393.0,69790.0,3.0,0.030683403068340307,0.005578800557880056,0.49855282199710566,0.28437047756874095,50.499276410998554,matched
2025,2,10397,11697,broad_fare_bounds,14137.0,2827,1968481.52,420459083.85139996,139.24322840772442,10353.070803257793,False,1588.0,19.0,3.0,0.0,1566.0,0.0,546.0,211.0,33029.0,3.0,0.011964735516372796,0.001889168765743073,0.3486590038314176,0.13473818646232438,21.091315453384418,matched
2025,2,10397,12173,broad_fare_bounds,745.0,529,699306.6,965537048.7744,938.666577181208,414927.94114385487,False,91.0,0.0,0.0,0.0,91.0,0.0,13.0,4.0,-109.0,3.0,0.0,0.0,0.14285714285714285,0.04395604395604396,-1.1978021978021978,matched
2025,2,10397,12266,broad_fare_bounds,9164.0,3222,1487981.56,381560241.4544,162.37249672632038,15272.038462950124,False,1129.0,19.0,7.0,0.0,1103.0,0.0,393.0,169.0,28166.0,3.0,0.01682905225863596,0.006200177147918512,0.3563009972801451,0.15321849501359927,25.53581142339075,matched
2025,2,10397,12478,broad_fare_bounds,8634.0,2481,1558228.26,387914056.335,180.4758234885337,12357.137818901436,False,1081.0,13.0,2.0,0.0,1066.0,0.0,335.0,153.0,21797.0,3.0,0.012025901942645698,0.0018501387604070306,0.3142589118198874,0.14352720450281425,20.44746716697936,matched
2025,2,10397,12889,broad_fare_bounds,9135.0,3299,2654961.12,1280576503.8326,290.6361379310345,55714.16065229844,False,1294.0,15.0,4.0,0.0,1275.0,0.0,397.0,131.0,19931.0,3.0,0.011591962905718702,0.0030911901081916537,0.31137254901960787,0.1027450980392157,15.632156862745099,matched
2025,2,10397,12892,broad_fare_bounds,11805.0,3753,3267585.05,1711327804.6269,276.7967005506141,68349.94019639025,False,1412.0,20.0,4.0,0.0,1388.0,0.0,403.0,126.0,19109.0,3.0,0.014164305949008499,0.0028328611898017,0.2903458213256484,0.09077809798270893,13.767291066282421,matched
2025,2,10397,12953,broad_fare_bounds,18140.0,4858,3887599.08,1187379944.4198,214.31086438809263,19527.300175890094,False,1782.0,25.0,9.0,0.0,1748.0,0.0,579.0,251.0,35032.0,3.0,0.014029180695847363,0.005050505050505051,0.33123569794050345,0.14359267734553777,20.041189931350115,matched
2025,2,10397,13204,broad_fare_bounds,13017.0,3468,2088963.5899999999,505399403.3089,160.47964892064223,13072.386861619085,False,2120.0,20.0,13.0,0.0,2087.0,0.0,764.0,333.0,53264.0,3.0,0.009433962264150943,0.006132075471698114,0.36607570675610923,0.1595591758505031,25.521801629132728,matched
2025,2,10397,13232,broad_fare_bounds,6886.0,2694,1131791.8,275918020.7056,164.36128376415917,13054.787613106524,False,938.0,9.0,4.0,0.0,925.0,0.0,236.0,95.0,12477.0,3.0,0.009594882729211088,0.0042643923240938165,0.25513513513513514,0.10270270270270271,13.488648648648649,matched
2025,2,10397,13303,broad_fare_bounds,11525.0,3120,2002690.12,498134575.1846,173.76920780911064,13026.351370504752,False,1606.0,21.0,5.0,0.0,1580.0,0.0,467.0,169.0,26123.0,3.0,0.013075965130759652,0.00311332503113325,0.2955696202531646,0.1069620253164557,16.53354430379747,matched
2025,2,10397,13487,broad_fare_bounds,5523.0,1874,1358100.01,465179621.99209994,245.89896976281008,23759.592377012108,False,876.0,1.0,2.0,0.0,873.0,0.0,212.0,70.0,8248.0,3.0,0.001141552511415525,0.00228310502283105,0.24284077892325315,0.08018327605956473,9.447880870561283,matched
2025,2,10397,13796,broad_fare_bounds,1.0,1,356.33,126971.06889999998,356.33,0.0,True,,,,,,,,,,,,,,,,fare_only
2025,2,10397,13930,broad_fare_bounds,12490.0,4530,2423346.22,691783063.8524,194.0229159327462,17742.06276488404,False,1625.0,21.0,4.0,0.0,1600.0,0.0,433.0,167.0,27420.0,3.0,0.012923076923076923,0.0024615384615384616,0.270625,0.104375,17.1375,matched
2025,2,10397,14100,broad_fare_bounds,11614.0,4082,2218129.07,628418956.3875,190.98752109522988,17632.511093415917,False,1471.0,26.0,1.0,0.0,1444.0,0.0,510.0,221.0,39300.0,3.0,0.017675050985723997,0.0006798096532970768,0.35318559556786705,0.1530470914127424,27.21606648199446,matched
2025,2,10397,14107,broad_fare_bounds,6362.0,3002,1766722.26,705179585.7008,277.6991920779629,33725.595956090416,False,997.0,8.0,2.0,0.0,987.0,0.0,293.0,100.0,17374.0,3.0,0.00802407221664995,0.0020060180541624875,0.2968591691995947,0.10131712259371833,17.602836879432623,matched
2025,2,10397,14635,broad_fare_bounds,2457.0,901,571236.88,167680088.4504,232.49364265364267,14192.570370817353,False,734.0,8.0,2.0,0.0,724.0,0.0,193.0,67.0,10042.0,3.0,0.010899182561307902,0.0027247956403269754,0.26657458563535913,0.0925414364640884,13.870165745856353,matched
2025,2,10397,14679,broad_fare_bounds,3838.0,1392,1164732.57,499001443.91789997,303.4738327253778,37919.64220946342,False,650.0,4.0,0.0,0.0,646.0,0.0,207.0,53.0,9106.0,3.0,0.006153846153846154,0.0,0.3204334365325077,0.08204334365325078,14.095975232198143,matched
2025,2,10397,14747,broad_fare_bounds,6207.0,1917,2091211.4399999997,926077445.7832,336.91178347027545,35689.32977595573,False,863.0,7.0,1.0,0.0,855.0,0.0,209.0,49.0,2794.0,3.0,0.008111239860950173,0.0011587485515643105,0.24444444444444444,0.05730994152046784,3.2678362573099413,matched
2025,2,10397,14771,broad_fare_bounds,6631.0,2936,2232278.37,1128897082.7915,336.64279445030917,56917.004120603044,False,885.0,7.0,3.0,0.0,875.0,0.0,261.0,84.0,12961.0,3.0,0.007909604519774011,0.003389830508474576,0.29828571428571427,0.096,14.81257142857143,matched
2025,2,10397,14869,broad_fare_bounds,2441.0,975,1053821.25,554541181.2391,431.71702171241293,40798.28339690613,False,733.0,2.0,0.0,0.0,731.0,0.0,180.0,50.0,6441.0,3.0,0.002728512960436562,0.0,0.24623803009575923,0.06839945280437756,8.811217510259917,matched
2025,2,10397,15016,broad_fare_bounds,3765.0,1663,787717.35,199589416.0481,209.22107569721115,9238.338575230657,False,892.0,10.0,0.0,0.0,882.0,0.0,206.0,80.0,8379.0,3.0,0.011210762331838564,0.0,0.23356009070294784,0.09070294784580499,9.5,matched
2025,2,10397,15304,broad_fare_bounds,9093.0,2738,1555512.75,399295360.36289996,171.06705707687232,14648.451773325341,False,1603.0,22.0,5.0,0.0,1576.0,0.0,512.0,223.0,34292.0,3.0,0.01372426699937617,0.0031191515907673115,0.3248730964467005,0.141497461928934,21.758883248730964,matched
2025,2,10721,10397,broad_fare_bounds,12045.0,3155,2686930.4899999998,871791924.1601,223.07434537152344,22615.746288465198,False,1359.0,9.0,4.0,0.0,1346.0,0.0,323.0,118.0,10971.0,3.0,0.006622516556291391,0.0029433406916850625,0.2399702823179792,0.08766716196136701,8.150817236255572,matched
2025,2,10721,10821,broad_fare_bounds,7074.0,2387,1095253.38,223336835.2944,154.82801526717554,7599.791950004863,False,1053.0,6.0,2.0,0.0,1045.0,0.0,252.0,99.0,10622.0,3.0,0.005698005698005698,0.001899335232668566,0.24114832535885167,0.09473684210526316,10.164593301435406,matched
2025,2,10721,11278,broad_fare_bounds,14371.0,4529,2703130.98,617006033.0104,188.0962340825273,7553.912423671885,False,2314.0,35.0,8.0,0.0,2271.0,0.0,591.0,213.0,24683.0,3.0,0.01512532411408816,0.003457216940363008,0.26023778071334214,0.09379128137384413,10.868780273007486,matched
2025,2,10721,11292,broad_fare_bounds,9800.0,3654,2309840.61,701121080.5411,235.69802142857142,15989.410096809755,False,1037.0,1.0,2.0,0.0,1034.0,0.0,290.0,93.0,7318.0,3.0,0.0009643201542912247,0.0019286403085824494,0.2804642166344294,0.08994197292069632,7.077369439071567,matched
2025,2,10721,11298,broad_fare_bounds,9659.0,3396,2388860.98,810508296.2006,247.31969976188012,22745.203007985234,False,1053.0,20.0,13.0,0.0,1020.0,0.0,286.0,127.0,11467.0,3.0,0.01899335232668566,0.012345679012345678,0.2803921568627451,0.12450980392156863,11.242156862745098,matched
2025,2,10721,11433,broad_fare_bounds,6049.0,1979,1267686.07,367381755.09909993,209.56952719457763,16814.909039187914,False,740.0,6.0,1.0,0.0,733.0,0.0,174.0,69.0,6124.0,3.0,0.008108108108108109,0.0013513513513513514,0.2373806275579809,0.0941336971350614,8.354706684856753,matched
2025,2,10721,11618,broad_fare_bounds,4036.0,1612,830636.11,201707600.6213,205.80676660059464,7620.681020937605,False,844.0,39.0,1.0,0.0,804.0,0.0,281.0,161.0,24618.0,3.0,0.0462085308056872,0.001184834123222749,0.34950248756218905,0.20024875621890548,30.619402985074625,matched
2025,2,10721,11697,broad_fare_bounds,9606.0,2546,1625669.28,384247503.674,169.23477826358527,11360.370970568154,False,843.0,4.0,3.0,0.0,836.0,0.0,220.0,79.0,7865.0,3.0,0.004744958481613286,0.0035587188612099642,0.2631578947368421,0.09449760765550239,9.407894736842104,matched
2025,2,10721,12173,broad_fare_bounds,1176.0,803,604332.68,505127771.59959996,513.8883333333333,165449.1988907596,False,89.0,1.0,0.0,0.0,88.0,0.0,26.0,13.0,1990.0,3.0,0.011235955056179775,0.0,0.29545454545454547,0.14772727272727273,22.613636363636363,matched
2025,2,10721,12266,broad_fare_bounds,5429.0,1966,1481325.81,506730521.41670007,272.8542659790017,18888.276819561594,False,553.0,2.0,6.0,0.0,545.0,0.0,129.0,39.0,2672.0,3.0,0.003616636528028933,0.0108499095840868,0.23669724770642203,0.07155963302752294,4.902752293577982,matched
2025,2,10721,12478,broad_fare_bounds,3390.0,1335,622926.27,141091139.5485,183.75406194690265,7854.249894562534,False,1315.0,23.0,0.0,0.0,1292.0,0.0,350.0,160.0,14116.0,3.0,0.01749049429657795,0.0,0.2708978328173375,0.1238390092879257,10.925696594427244,matched
2025,2,10721,12889,broad_fare_bounds,6428.0,2026,2057044.5,949686817.5012,320.0131456129434,45333.77977448594,False,489.0,0.0,2.0,0.0,487.0,0.0,99.0,25.0,-429.0,3.0,0.0,0.00408997955010225,0.2032854209445585,0.0513347022587269,-0.8809034907597536,matched
2025,2,10721,12892,broad_fare_bounds,13872.0,5471,4934577.57,3061615265.0439,355.72214316609,94166.43283046303,False,1193.0,1.0,0.0,0.0,1192.0,0.0,203.0,66.0,1490.0,3.0,0.0008382229673093043,0.0,0.17030201342281878,0.05536912751677853,1.25,matched
2025,2,10721,12953,broad_fare_bounds,6867.0,2920,1545457.5299999998,413708255.8653,225.05570554827432,9595.779970330092,False,1746.0,42.0,2.0,0.0,1702.0,0.0,389.0,189.0,13883.0,3.0,0.024054982817869417,0.001145475372279496,0.22855464159811986,0.11104582843713279,8.156874265569918,matched
2025,2,10721,13204,broad_fare_bounds,14660.0,3481,2939829.0,810398477.4416,200.53403819918145,15065.668243965796,False,1189.0,6.0,12.0,0.0,1171.0,0.0,279.0,101.0,6810.0,3.0,0.005046257359125316,0.010092514718250631,0.23825789923142612,0.08625106746370624,5.815542271562767,matched
2025,2,10721,13232,broad_fare_bounds,2843.0,1019,415041.49,76512889.4551,145.98715793176223,5600.479038422822,False,348.0,0.0,0.0,0.0,348.0,0.0,93.0,35.0,3969.0,3.0,0.0,0.0,0.2672413793103448,0.10057471264367816,11.405172413793103,matched
2025,2,10721,13303,broad_fare_bounds,8981.0,3108,1747653.5,502289775.18740004,194.59453290279478,18061.013103102727,False,1057.0,8.0,3.0,0.0,1046.0,0.0,224.0,89.0,5398.0,3.0,0.007568590350047304,0.002838221381267739,0.21414913957934992,0.08508604206500955,5.160611854684513,matched
2025,2,10721,13487,broad_fare_bounds,5418.0,1336,1601828.5999999999,623246867.0252,295.64942783314876,27624.0601602854,False,461.0,0.0,0.0,0.0,461.0,0.0,85.0,26.0,2380.0,3.0,0.0,0.0,0.1843817787418655,0.05639913232104121,5.162689804772234,matched
2025,2,10721,13930,broad_fare_bounds,15921.0,5609,2977353.55,722002918.3609,187.00794862131775,10377.12069939087,False,1858.0,16.0,1.0,0.0,1841.0,0.0,456.0,190.0,21361.0,3.0,0.008611410118406888,0.0005382131324004305,0.24769147202607278,0.10320478001086367,11.602933188484519,matched
2025,2,10721,14100,broad_fare_bounds,8797.0,3524,1682450.44,391500562.4774,191.25274980106855,7926.25774961718,False,1317.0,22.0,0.0,0.0,1295.0,0.0,346.0,148.0,19361.0,3.0,0.016704631738800303,0.0,0.2671814671814672,0.11428571428571428,14.95057915057915,matched
2025,2,10721,14107,broad_fare_bounds,6130.0,2857,1783389.9100000001,766138814.3949,290.92820717781404,40342.640322935855,False,549.0,2.0,2.0,0.0,545.0,0.0,131.0,34.0,3985.0,3.0,0.0036429872495446266,0.0036429872495446266,0.24036697247706423,0.062385321100917435,7.3119266055045875,matched
2025,2,10721,14635,broad_fare_bounds,6851.0,2018,1418237.0799999998,416901786.567,207.01168880455407,17998.851775063573,False,606.0,2.0,0.0,0.0,604.0,0.0,133.0,47.0,2115.0,3.0,0.0033003300330033004,0.0,0.22019867549668873,0.07781456953642384,3.501655629139073,matched
2025,2,10721,14679,broad_fare_bounds,5854.0,2578,1811983.89,873484911.6735,309.5291920054663,53403.31436195392,False,453.0,0.0,0.0,0.0,453.0,0.0,76.0,11.0,-2113.0,3.0,0.0,0.0,0.16777041942604856,0.024282560706401765,-4.664459161147903,matched
2025,2,10721,14747,broad_fare_bounds,7719.0,2881,2257405.4,935040669.6406,292.44790776007255,35609.17002776399,False,677.0,3.0,1.0,0.0,673.0,0.0,163.0,32.0,2898.0,3.0,0.004431314623338257,0.0014771048744460858,0.24219910846953938,0.0475482912332838,4.306092124814264,matched
2025,2,10721,14771,broad_fare_bounds,15576.0,6082,5540550.67,3368885491.8213,355.7107517976374,89756.80839899181,False,1239.0,1.0,0.0,0.0,1238.0,0.0,210.0,57.0,-5861.0,3.0,0.0008071025020177562,0.0,0.16962843295638125,0.04604200323101777,-4.734248788368336,matched
2025,2,10721,14869,broad_fare_bounds,2950.0,1236,1077997.77,516498976.04069996,365.4229728813559,41550.44954841622,False,292.0,0.0,0.0,0.0,292.0,0.0,52.0,20.0,1535.0,3.0,0.0,0.0,0.1780821917808219,0.0684931506849315,5.256849315068493,matched
2025,2,10721,15016,broad_fare_bounds,2305.0,1407,675870.89,226911990.63270003,293.2194750542299,12465.719332956549,False,434.0,3.0,1.0,0.0,430.0,0.0,87.0,33.0,2475.0,3.0,0.0069124423963133645,0.002304147465437788,0.20232558139534884,0.07674418604651163,5.755813953488372,matched
2025,2,10721,15304,broad_fare_bounds,9386.0,2357,1753751.4,446423338.24359995,186.8475815043682,12650.663817781817,False,792.0,4.0,5.0,0.0,783.0,0.0,194.0,80.0,6941.0,3.0,0.005050505050505051,0.006313131313131313,0.24776500638569604,0.10217113665389528,8.864623243933588,matched
2025,2,10821,10397,broad_fare_bounds,9997.0,3150,1535823.1500000001,336514017.2117,153.62840352105633,10059.813802792858,False,1440.0,28.0,8.0,0.0,1404.0,0.0,399.0,163.0,24476.0,3.0,0.019444444444444445,0.005555555555555556,0.2841880341880342,0.11609686609686609,17.433048433048434,matched
2025,2,10821,10721,broad_fare_bounds,7075.0,2382,1125184.87,234898565.3815,159.03673074204949,7908.52892950983,False,1086.0,9.0,0.0,0.0,1077.0,0.0,323.0,137.0,15001.0,3.0,0.008287292817679558,0.0,0.2999071494893222,0.12720519962859797,13.928505106778088,matched
2025,2,10821,11292,broad_fare_bounds,4587.0,2542,1126733.27,342443106.03790003,245.6362044909527,14317.990434144362,False,774.0,3.0,4.0,0.0,767.0,0.0,224.0,91.0,11026.0,3.0,0.003875968992248062,0.00516795865633075,0.2920469361147327,0.11864406779661017,14.3754889178618,matched
2025,2,10821,11298,broad_fare_bounds,3614.0,1570,642715.43,179361404.6795,177.840462091865,18002.378421341535,False,407.0,11.0,2.0,0.0,394.0,0.0,128.0,62.0,12822.0,3.0,0.02702702702702703,0.004914004914004914,0.3248730964467005,0.15736040609137056,32.54314720812183,matched
2025,2,10821,11433,broad_fare_bounds,3230.0,1459,543084.83,122851165.0089,168.13771826625387,9764.12410764199,False,589.0,5.0,1.0,0.0,583.0,0.0,128.0,53.0,7063.0,3.0,0.008488964346349746,0.001697792869269949,0.2195540308747856,0.09090909090909091,12.11492281303602,matched
2025,2,10821,11697,broad_fare_bounds,6299.0,1975,954996.94,209496991.2416,151.61088109223687,10272.91057752182,False,835.0,4.0,2.0,0.0,829.0,0.0,188.0,75.0,6819.0,3.0,0.004790419161676647,0.0023952095808383233,0.22677925211097708,0.09047044632086852,8.225572979493366,matched
2025,2,10821,12266,broad_fare_bounds,2897.0,1395,516392.26,133813914.7082,178.25069382119435,14417.20265077853,False,288.0,3.0,1.0,0.0,284.0,0.0,64.0,21.0,2341.0,3.0,0.010416666666666666,0.003472222222222222,0.22535211267605634,0.07394366197183098,8.242957746478874,matched
2025,2,10821,12889,broad_fare_bounds,4005.0,1857,1007264.95,316548420.42609996,251.5018601747815,15785.121551121512,False,538.0,3.0,2.0,0.0,533.0,0.0,118.0,40.0,3474.0,3.0,0.0055762081784386614,0.0037174721189591076,0.22138836772983114,0.075046904315197,6.51782363977486,matched
2025,2,10821,12892,broad_fare_bounds,5145.0,2409,1160122.6199999999,387307774.8772,225.48544606413992,24434.792695316093,False,466.0,1.0,2.0,0.0,463.0,0.0,107.0,31.0,2022.0,3.0,0.002145922746781116,0.004291845493562232,0.23110151187904968,0.06695464362850972,4.367170626349892,matched
2025,2,10821,13204,broad_fare_bounds,11134.0,3090,1822410.2200000002,429277324.976,163.6797395365547,11764.477711302738,False,1298.0,16.0,9.0,0.0,1273.0,0.0,343.0,145.0,15340.0,3.0,0.012326656394453005,0.006933744221879815,0.2694422623723488,0.11390416339355852,12.050274941084053,matched
2025,2,10821,13232,broad_fare_bounds,3989.0,1821,695981.93,151281254.1641,174.4752895462522,7482.979545848717,False,524.0,2.0,1.0,0.0,521.0,0.0,123.0,44.0,6634.0,3.0,0.003816793893129771,0.0019083969465648854,0.236084452975048,0.08445297504798464,12.73320537428023,matched
2025,2,10821,13303,broad_fare_bounds,5275.0,2220,845856.44,193745791.3406,160.35193175355448,11016.3179526854,False,715.0,6.0,2.0,0.0,707.0,0.0,198.0,72.0,10131.0,3.0,0.008391608391608392,0.002797202797202797,0.28005657708628007,0.10183875530410184,14.32956152758133,matched
2025,2,10821,13487,broad_fare_bounds,3178.0,1438,597541.51,147924961.3301,188.0243895531781,11193.386935074173,False,352.0,3.0,0.0,0.0,349.0,0.0,60.0,27.0,2451.0,3.0,0.008522727272727272,0.0,0.17191977077363896,0.07736389684813753,7.022922636103152,matched
2025,2,10821,13796,broad_fare_bounds,75.0,69,26138.43,10175330.4829,348.5124,14210.18015157331,False,,,,,,,,,,,,,,,,fare_only
2025,2,10821,13930,broad_fare_bounds,3696.0,2308,724175.9400000001,177530978.3012,195.9350487012987,9642.730040311479,False,682.0,8.0,2.0,0.0,672.0,0.0,147.0,56.0,6901.0,3.0,0.011730205278592375,0.002932551319648094,0.21875,0.08333333333333333,10.269345238095237,matched
2025,2,10821,14107,broad_fare_bounds,2215.0,1187,617182.62,198485236.1626,278.63775169300226,11970.59076379388,False,330.0,1.0,0.0,0.0,329.0,0.0,79.0,23.0,2771.0,3.0,0.0030303030303030303,0.0,0.24012158054711247,0.06990881458966565,8.422492401215806,matched
2025,2,10821,14635,broad_fare_bounds,2097.0,1082,462597.98,126357428.97719999,220.59989508822125,11591.97096861084,False,391.0,0.0,0.0,0.0,391.0,0.0,103.0,37.0,4623.0,3.0,0.0,0.0,0.26342710997442453,0.09462915601023018,11.823529411764707,matched
2025,2,10821,14679,broad_fare_bounds,1732.0,993,516299.48,177129209.1344,298.09438799076213,13408.332346334442,False,233.0,0.0,0.0,0.0,233.0,0.0,70.0,21.0,3093.0,3.0,0.0,0.0,0.30042918454935624,0.09012875536480687,13.274678111587983,matched
2025,2,10821,14747,broad_fare_bounds,1800.0,860,572393.61,228457827.7543,317.99645,25799.273206453057,False,180.0,1.0,0.0,0.0,179.0,0.0,75.0,22.0,3555.0,3.0,0.005555555555555556,0.0,0.41899441340782123,0.12290502793296089,19.860335195530727,matched
2025,2,10821,14771,broad_fare_bounds,1891.0,1170,665391.09,313137967.94729996,351.87260179799046,41779.520833315255,False,232.0,1.0,0.0,0.0,231.0,0.0,42.0,10.0,657.0,3.0,0.004310344827586207,0.0,0.18181818181818182,0.04329004329004329,2.844155844155844,matched
2025,2,10821,14869,broad_fare_bounds,1322.0,816,390892.23,133233179.6507,295.6824735249622,13353.402573836283,False,187.0,0.0,0.0,0.0,187.0,0.0,42.0,12.0,1668.0,3.0,0.0,0.0,0.22459893048128343,0.06417112299465241,8.919786096256685,matched
2025,2,10821,15016,broad_fare_bounds,1721.0,972,388886.87,106797737.5175,225.9656420685648,10995.157609480251,False,374.0,3.0,2.0,0.0,369.0,0.0,85.0,28.0,3406.0,3.0,0.008021390374331552,0.0053475935828877,0.23035230352303523,0.07588075880758807,9.230352303523036,matched
2025,2,10821,15304,broad_fare_bounds,5711.0,2212,1004156.09,239990700.3105,175.82841708982664,11106.903255943005,False,796.0,6.0,4.0,0.0,786.0,0.0,192.0,76.0,9758.0,3.0,0.007537688442211055,0.005025125628140704,0.24427480916030533,0.09669211195928754,12.414758269720101,matched
2025,2,11278,10397,broad_fare_bounds,10135.0,3652,2056855.31,538239865.7635,202.94576319684262,11920.058716336622,False,1739.0,35.0,5.0,0.0,1699.0,0.0,454.0,180.0,25326.0,3.0,0.020126509488211614,0.002875215641173088,0.2672160094173043,0.10594467333725721,14.90641553855209,matched
2025,2,11278,10721,broad_fare_bounds,14441.0,4533,2771619.07,646840366.9439,191.92708745931722,7955.930426708575,False,2313.0,40.0,2.0,0.0,2271.0,0.0,600.0,273.0,26120.0,3.0,0.01729355814958928,0.0008646779074794639,0.26420079260237783,0.1202113606340819,11.50154117129018,matched
2025,2,11278,11292,broad_fare_bounds,2946.0,1330,572893.54,161774533.9742,194.46488119484047,17096.69374772859,False,352.0,1.0,3.0,0.0,348.0,0.0,95.0,49.0,5633.0,3.0,0.002840909090909091,0.008522727272727272,0.27298850574712646,0.14080459770114942,16.186781609195403,matched
2025,2,11278,11298,broad_fare_bounds,5277.0,1893,1555543.4100000001,596420135.7164999,294.7779818078454,26128.51785146979,False,884.0,34.0,5.0,0.0,845.0,0.0,212.0,98.0,13260.0,3.0,0.038461538461538464,0.005656108597285068,0.25088757396449707,0.11597633136094675,15.692307692307692,matched
2025,2,11278,11433,broad_fare_bounds,3827.0,1425,829655.12,221602746.3918,216.7899451267311,10907.201059024948,False,689.0,22.0,0.0,0.0,667.0,0.0,183.0,81.0,11075.0,3.0,0.03193033381712627,0.0,0.27436281859070466,0.12143928035982009,16.604197901049474,matched
2025,2,11278,11618,broad_fare_bounds,1145.0,835,217802.79,51914583.2711,190.22077729257643,9156.303284548645,False,125.0,4.0,0.0,0.0,121.0,0.0,20.0,9.0,311.0,3.0,0.032,0.0,0.1652892561983471,0.0743801652892562,2.5702479338842976,matched
2025,2,11278,11697,broad_fare_bounds,5583.0,1772,898953.6900000001,183744421.9337,161.016243954863,6985.182747722676,False,557.0,1.0,0.0,0.0,556.0,0.0,127.0,51.0,6076.0,3.0,0.0017953321364452424,0.0,0.22841726618705036,0.09172661870503597,10.928057553956835,matched
2025,2,11278,12266,broad_fare_bounds,3520.0,1226,1007595.2899999999,353514727.4913,286.24866193181816,18492.023852272076,False,601.0,6.0,4.0,0.0,591.0,0.0,127.0,51.0,5751.0,3.0,0.009983361064891847,0.0066555740432612314,0.21489001692047377,0.08629441624365482,9.730964467005077,matched
2025,2,11278,12478,broad_fare_bounds,1469.0,853,239446.39,50116676.1147,162.99958475153167,7547.320608881342,False,702.0,31.0,0.0,0.0,671.0,0.0,163.0,68.0,7533.0,3.0,0.04415954415954416,0.0,0.2429210134128167,0.10134128166915052,11.226527570789866,matched
2025,2,11278,12889,broad_fare_bounds,1851.0,1195,536117.97,222870280.2567,289.6369367909238,36515.782640373654,False,182.0,0.0,0.0,0.0,182.0,0.0,70.0,19.0,2303.0,3.0,0.0,0.0,0.38461538461538464,0.1043956043956044,12.653846153846153,matched
2025,2,11278,12892,broad_fare_bounds,4377.0,2131,1546495.51,817951937.2379,353.323168837103,62037.75258221346,False,364.0,3.0,2.0,0.0,359.0,0.0,98.0,36.0,3231.0,3.0,0.008241758241758242,0.005494505494505495,0.27298050139275765,0.10027855153203342,9.0,matched
2025,2,11278,12953,broad_fare_bounds,4911.0,1985,980283.6,229429822.08020002,199.6097739767868,6873.474699867467,False,1169.0,52.0,2.0,0.0,1115.0,0.0,346.0,140.0,20440.0,3.0,0.04448246364414029,0.001710863986313088,0.31031390134529147,0.12556053811659193,18.331838565022423,matched
2025,2,11278,13204,broad_fare_bounds,11100.0,3556,1809068.22,383441774.5428,162.9791189189189,7982.11080927775,False,1161.0,14.0,9.0,0.0,1138.0,0.0,321.0,141.0,20570.0,3.0,0.012058570198105082,0.007751937984496124,0.2820738137082601,0.12390158172231985,18.075571177504393,matched
2025,2,11278,13232,broad_fare_bounds,3565.0,1225,655421.92,144728167.3138,183.8490659186536,6796.482339183589,False,525.0,7.0,0.0,0.0,518.0,0.0,122.0,62.0,6984.0,3.0,0.013333333333333334,0.0,0.23552123552123552,0.11969111969111969,13.482625482625483,matched
2025,2,11278,13303,broad_fare_bounds,7691.0,1994,1556602.87,469635580.1849,202.39277987257836,20100.16879053,False,990.0,20.0,4.0,0.0,966.0,0.0,254.0,103.0,14685.0,3.0,0.020202020202020204,0.00404040404040404,0.2629399585921325,0.10662525879917184,15.201863354037267,matched
2025,2,11278,13487,broad_fare_bounds,3621.0,1708,932373.5900000001,291222016.1627,257.49063518365097,14124.42646924578,False,588.0,10.0,2.0,0.0,576.0,0.0,135.0,72.0,10539.0,3.0,0.017006802721088437,0.003401360544217687,0.234375,0.125,18.296875,matched
2025,2,11278,13796,broad_fare_bounds,71.0,69,21201.55,6925705.5507000005,298.6133802816901,8375.197718151176,False,,,,,,,,,,,,,,,,fare_only
2025,2,11278,13930,broad_fare_bounds,10150.0,2825,2164992.36,555304794.8136,213.2997399014778,9213.052959301815,False,1670.0,29.0,2.0,0.0,1639.0,0.0,405.0,164.0,21844.0,3.0,0.017365269461077845,0.0011976047904191617,0.2471018913971934,0.10006101281269067,13.32763880414887,matched
2025,2,11278,14100,broad_fare_bounds,57.0,53,11652.25,2752210.6677,204.42543859649123,6494.637733579562,False,287.0,14.0,0.0,0.0,273.0,0.0,105.0,48.0,7575.0,3.0,0.04878048780487805,0.0,0.38461538461538464,0.17582417582417584,27.747252747252748,matched
2025,2,11278,14107,broad_fare_bounds,2483.0,1200,859502.46,394481733.62780005,346.15483689085784,39049.858952561,False,273.0,0.0,1.0,0.0,272.0,0.0,46.0,12.0,323.0,3.0,0.0,0.003663003663003663,0.16911764705882354,0.04411764705882353,1.1875,matched
2025,2,11278,14635,broad_fare_bounds,1343.0,909,313000.27999999997,93530237.314,233.06052122114667,15325.561366221256,False,185.0,3.0,0.0,0.0,182.0,0.0,35.0,10.0,948.0,3.0,0.016216216216216217,0.0,0.19230769230769232,0.054945054945054944,5.208791208791209,matched
2025,2,11278,14679,broad_fare_bounds,854.0,428,245188.08000000002,97353014.7802,287.1054800936768,31566.947726643062,False,91.0,0.0,0.0,0.0,91.0,0.0,33.0,5.0,811.0,3.0,0.0,0.0,0.3626373626373626,0.054945054945054944,8.912087912087912,matched
2025,2,11278,14747,broad_fare_bounds,2553.0,1407,932131.23,460175855.0783,365.11211515863687,46942.20528303101,False,273.0,0.0,0.0,0.0,273.0,0.0,46.0,19.0,2436.0,3.0,0.0,0.0,0.1684981684981685,0.0695970695970696,8.923076923076923,matched
2025,2,11278,14771,broad_fare_bounds,3012.0,1620,1107362.03,589287688.5412999,367.6500763612218,60480.064293586416,False,272.0,0.0,1.0,0.0,271.0,0.0,54.0,17.0,941.0,3.0,0.0,0.003676470588235294,0.1992619926199262,0.06273062730627306,3.4723247232472323,matched
2025,2,11278,14869,broad_fare_bounds,1009.0,689,435931.27,238719787.5533,432.04288404360756,49929.419640938926,False,91.0,2.0,0.0,0.0,89.0,0.0,22.0,7.0,965.0,3.0,0.02197802197802198,0.0,0.24719101123595505,0.07865168539325842,10.842696629213483,matched
2025,2,11278,15016,broad_fare_bounds,3694.0,1836,746279.0399999999,180796482.0776,202.02464537087167,8129.324221409166,False,600.0,17.0,2.0,0.0,581.0,0.0,158.0,62.0,9173.0,3.0,0.028333333333333332,0.0033333333333333335,0.2719449225473322,0.10671256454388985,15.78829604130809,matched
2025,2,11278,15304,broad_fare_bounds,4568.0,1734,929723.28,241937843.2608,203.52961471103328,11539.321868327912,False,527.0,9.0,3.0,0.0,515.0,0.0,132.0,55.0,8601.0,3.0,0.017077798861480076,0.0056925996204933585,0.2563106796116505,0.10679611650485436,16.700970873786407,matched
2025,2,11292,10397,broad_fare_bounds,9604.0,3197,2057684.85,597172331.8549,214.25289983340275,16275.238004908337,False,1424.0,9.0,10.0,0.0,1405.0,0.0,443.0,159.0,25606.0,3.0,0.006320224719101123,0.007022471910112359,0.31530249110320285,0.11316725978647686,18.22491103202847,matched
2025,2,11292,10721,broad_fare_bounds,9875.0,3724,2419597.76,768082514.636,245.0225579746835,17744.45389478338,False,1002.0,0.0,2.0,0.0,1000.0,0.0,300.0,111.0,11716.0,3.0,0.0,0.001996007984031936,0.3,0.111,11.716,matched
2025,2,11292,10821,broad_fare_bounds,4601.0,2523,1127554.0,339325401.6106,245.06715931319278,13692.446393908336,False,822.0,3.0,7.0,0.0,812.0,0.0,233.0,68.0,8681.0,3.0,0.0036496350364963502,0.00851581508515815,0.2869458128078818,0.08374384236453201,10.69088669950739,matched
2025,2,11292,11278,broad_fare_bounds,2973.0,1377,605615.38,182606402.9644,203.70513958964008,19925.811451014823,False,352.0,1.0,3.0,0.0,348.0,0.0,82.0,27.0,2478.0,3.0,0.002840909090909091,0.008522727272727272,0.23563218390804597,0.07758620689655173,7.120689655172414,matched
2025,2,11292,11298,broad_fare_bounds,10085.0,3025,1810777.49,444777403.8007,179.551560733763,11864.103056979082,False,1583.0,32.0,5.0,0.0,1546.0,0.0,520.0,228.0,36127.0,3.0,0.02021478205938092,0.003158559696778269,0.33635187580853815,0.14747736093143596,23.36804657179819,matched
2025,2,11292,11433,broad_fare_bounds,5987.0,2376,1243255.6099999999,350456001.6551,207.65919659261732,15413.820030605588,False,774.0,0.0,3.0,0.0,771.0,0.0,213.0,86.0,11495.0,3.0,0.0,0.003875968992248062,0.27626459143968873,0.11154345006485085,14.909208819714657,matched
2025,2,11292,11618,broad_fare_bounds,5017.0,1827,1486437.78,584798062.355,296.28020330875023,28781.33838764057,False,705.0,7.0,4.0,0.0,694.0,0.0,264.0,147.0,21474.0,3.0,0.009929078014184398,0.005673758865248227,0.3804034582132565,0.21181556195965417,30.94236311239193,matched
2025,2,11292,11697,broad_fare_bounds,2485.0,1352,727165.0499999999,280561086.2535,292.62175050301806,27274.356707398532,False,366.0,2.0,1.0,0.0,363.0,0.0,112.0,42.0,5492.0,3.0,0.00546448087431694,0.00273224043715847,0.3085399449035813,0.11570247933884298,15.129476584022038,matched
2025,2,11292,12173,broad_fare_bounds,889.0,515,568522.24,483008577.3494,639.507581552306,134346.78806332994,False,182.0,1.0,2.0,0.0,179.0,0.0,43.0,16.0,1331.0,3.0,0.005494505494505495,0.01098901098901099,0.24022346368715083,0.0893854748603352,7.435754189944134,matched
2025,2,11292,12266,broad_fare_bounds,7056.0,2119,1490829.8699999999,411339025.0069,211.28541241496598,13654.821582114499,False,1118.0,6.0,4.0,0.0,1108.0,0.0,306.0,129.0,17488.0,3.0,0.005366726296958855,0.0035778175313059034,0.27617328519855594,0.1164259927797834,15.783393501805055,matched
2025,2,11292,12478,broad_fare_bounds,3699.0,1336,869554.1699999999,262616361.0289,235.07817518248174,15734.834691263182,False,358.0,3.0,2.0,0.0,353.0,0.0,99.0,34.0,5329.0,3.0,0.008379888268156424,0.00558659217877095,0.2804532577903683,0.09631728045325778,15.096317280453258,matched
2025,2,11292,12889,broad_fare_bounds,12956.0,3662,1956908.61,401289981.8735,151.04265282494597,8159.409855134483,False,1896.0,13.0,2.0,0.0,1881.0,0.0,546.0,219.0,29293.0,3.0,0.006856540084388186,0.0010548523206751054,0.2902711323763955,0.11642743221690591,15.573099415204679,matched
2025,2,11292,12892,broad_fare_bounds,11253.0,3997,1942387.2000000002,470860363.47319996,172.61061050386564,12048.673513401383,False,1994.0,5.0,0.0,0.0,1989.0,0.0,509.0,203.0,22065.0,3.0,0.0025075225677031092,0.0,0.2559074912016088,0.102061337355455,11.093514328808446,matched
2025,2,11292,12953,broad_fare_bounds,9603.0,4124,2586123.94,944762334.6758,269.3037529938561,25857.48744418849,False,1131.0,11.0,13.0,0.0,1107.0,0.0,344.0,135.0,17873.0,3.0,0.009725906277630416,0.011494252873563218,0.3107497741644083,0.12195121951219512,16.145438121047878,matched
2025,2,11292,13204,broad_fare_bounds,9339.0,3428,2173943.07,639970002.2912999,232.78114037905556,14339.549773803934,False,1133.0,5.0,7.0,0.0,1121.0,0.0,332.0,117.0,14782.0,3.0,0.00441306266548985,0.00617828773168579,0.296164139161463,0.10437109723461195,13.186440677966102,matched
2025,2,11292,13232,broad_fare_bounds,5008.0,2089,762986.84,144349411.9498,152.35360223642172,5612.144252559039,False,654.0,8.0,0.0,0.0,646.0,0.0,218.0,81.0,10607.0,3.0,0.012232415902140673,0.0,0.33746130030959753,0.12538699690402477,16.41950464396285,matched
2025,2,11292,13303,broad_fare_bounds,4809.0,2489,1070157.5999999999,348680777.5572,222.5322520274485,22985.27694009371,False,632.0,2.0,2.0,0.0,628.0,0.0,191.0,56.0,7120.0,3.0,0.0031645569620253164,0.0031645569620253164,0.304140127388535,0.08917197452229299,11.337579617834395,matched
2025,2,11292,13487,broad_fare_bounds,11335.0,3462,1753803.1,360630234.7594,154.72457873842083,7875.940795920902,False,1476.0,4.0,1.0,0.0,1471.0,0.0,451.0,203.0,26809.0,3.0,0.0027100271002710027,0.0006775067750677507,0.30659415363698167,0.1380013596193066,18.225016995241333,matched
2025,2,11292,13796,broad_fare_bounds,2178.0,1176,500284.32,138075854.1618,229.69895316804408,10634.099895047388,False,463.0,3.0,0.0,0.0,460.0,0.0,173.0,72.0,11010.0,3.0,0.0064794816414686825,0.0,0.3760869565217391,0.1565217391304348,23.934782608695652,matched
2025,2,11292,13930,broad_fare_bounds,12620.0,4187,2447358.33,618707561.4395,193.9269675118859,11418.287011699416,False,1612.0,6.0,5.0,0.0,1601.0,0.0,515.0,205.0,33607.0,3.0,0.0037220843672456576,0.003101736972704715,0.3216739537788882,0.12804497189256714,20.991255465334167,matched
2025,2,11292,14100,broad_fare_bounds,6873.0,3598,1700820.19,565354761.2821,247.46401716863087,21018.909440300587,False,781.0,7.0,2.0,0.0,772.0,0.0,268.0,103.0,15424.0,3.0,0.008962868117797696,0.002560819462227913,0.3471502590673575,0.133419689119171,19.979274611398964,matched
2025,2,11292,14107,broad_fare_bounds,15266.0,4794,2430510.84,499639782.34440005,159.21071924538188,7380.872748218448,False,2206.0,27.0,1.0,0.0,2178.0,0.0,694.0,252.0,33524.0,3.0,0.012239347234814143,0.00045330915684496827,0.3186409550045914,0.11570247933884298,15.392102846648301,matched
2025,2,11292,14635,broad_fare_bounds,1735.0,953,534520.0,206504531.9706,308.0806916426513,24109.072434449597,False,239.0,0.0,0.0,0.0,239.0,0.0,71.0,17.0,3417.0,3.0,0.0,0.0,0.29707112970711297,0.07112970711297072,14.297071129707113,matched
2025,2,11292,14679,broad_fare_bounds,8798.0,2762,1528395.73,347119295.7089,173.72081495794498,9275.419858497018,False,1350.0,8.0,0.0,0.0,1342.0,0.0,378.0,122.0,15302.0,3.0,0.005925925925925926,0.0,0.2816691505216095,0.09090909090909091,11.402384500745157,matched
2025,2,11292,14747,broad_fare_bounds,11085.0,3848,2172859.2,514470575.288,196.01797023004062,7988.373956547592,False,1689.0,11.0,1.0,0.0,1677.0,0.0,532.0,197.0,29153.0,3.0,0.006512729425695678,0.0005920663114268798,0.31723315444245676,0.1174716756112105,17.384019081693502,matched
2025,2,11292,14771,broad_fare_bounds,9492.0,3347,1965102.25,547771179.0133001,207.02720712178677,14848.456435636414,False,1422.0,7.0,0.0,0.0,1415.0,0.0,404.0,158.0,17783.0,3.0,0.004922644163150493,0.0,0.2855123674911661,0.111660777385159,12.567491166077739,matched
2025,2,11292,14869,broad_fare_bounds,7787.0,3276,1209912.28,248286492.0648,155.3759188390908,7743.066629652076,False,1943.0,6.0,2.0,0.0,1935.0,0.0,533.0,214.0,27856.0,3.0,0.003088008234688626,0.001029336078229542,0.27545219638242896,0.11059431524547804,14.395865633074935,matched
2025,2,11292,15016,broad_fare_bounds,4869.0,2375,963802.84,240902906.5036,197.94677346477715,10293.95031205815,False,967.0,6.0,1.0,0.0,960.0,0.0,258.0,114.0,13747.0,3.0,0.0062047569803516025,0.001034126163391934,0.26875,0.11875,14.319791666666667,matched
2025,2,11292,15304,broad_fare_bounds,6123.0,2687,1357588.51,404442871.9525,221.7195018781643,16893.5201306191,False,769.0,1.0,1.0,0.0,767.0,0.0,254.0,89.0,12489.0,3.0,0.0013003901170351106,0.0013003901170351106,0.33116036505867014,0.11603650586701435,16.282920469361148,matched
2025,2,11298,10397,broad_fare_bounds,12628.0,4116,2498055.76,754306089.2558,197.81879632562558,20600.546852890737,False,1686.0,42.0,10.0,0.0,1634.0,0.0,548.0,251.0,40869.0,3.0,0.02491103202846975,0.005931198102016607,0.3353733170134639,0.1536107711138311,25.011627906976745,matched
2025,2,11298,10721,broad_fare_bounds,9585.0,3410,2422760.83,835435514.0745,252.7658664580073,23270.138096925308,False,1052.0,20.0,5.0,0.0,1027.0,0.0,353.0,143.0,19583.0,3.0,0.019011406844106463,0.004752851711026616,0.34371957156767285,0.13924050632911392,19.06815968841285,matched
2025,2,11298,10821,broad_fare_bounds,3697.0,1627,657095.7,179081950.379,177.73754395455774,16849.16811411932,False,404.0,11.0,2.0,0.0,391.0,0.0,161.0,61.0,8523.0,3.0,0.027227722772277228,0.0049504950495049506,0.4117647058823529,0.15601023017902813,21.797953964194374,matched
2025,2,11298,11278,broad_fare_bounds,5276.0,1832,1514557.5999999999,556665740.0575999,287.0655041698256,23102.444848248473,False,883.0,34.0,7.0,0.0,842.0,0.0,256.0,99.0,13157.0,3.0,0.03850509626274066,0.007927519818799546,0.30403800475059384,0.11757719714964371,15.625890736342043,matched
2025,2,11298,11292,broad_fare_bounds,10125.0,2985,1789120.79,419712911.3661,176.70328790123457,10229.07509339711,False,1582.0,35.0,10.0,0.0,1537.0,0.0,612.0,268.0,42015.0,3.0,0.022123893805309734,0.006321112515802781,0.39817826935588807,0.17436564736499674,27.335718932986335,matched
2025,2,11298,11433,broad_fare_bounds,7568.0,2915,1620350.81,539270752.2073001,214.10555100422835,25415.51918764566,False,1036.0,20.0,0.0,0.0,1016.0,0.0,281.0,117.0,15897.0,3.0,0.019305019305019305,0.0,0.2765748031496063,0.11515748031496063,15.646653543307087,matched
2025,2,11298,11618,broad_fare_bounds,7861.0,3022,1897186.64,679589666.7567999,241.3416410125938,28205.00314871274,False,782.0,29.0,13.0,0.0,740.0,0.0,304.0,169.0,28036.0,3.0,0.0370843989769821,0.016624040920716114,0.41081081081081083,0.22837837837837838,37.88648648648649,matched
2025,2,11298,11697,broad_fare_bounds,5879.0,1990,1155024.59,339667330.9821,196.46616601462836,19177.424414387133,False,745.0,23.0,2.0,0.0,720.0,0.0,228.0,92.0,11269.0,3.0,0.03087248322147651,0.0026845637583892616,0.31666666666666665,0.12777777777777777,15.651388888888889,matched
2025,2,11298,12173,broad_fare_bounds,939.0,676,633158.19,629288835.4795,674.2898722044728,215502.32210775808,False,125.0,0.0,1.0,0.0,124.0,0.0,51.0,30.0,5117.0,3.0,0.0,0.008,0.4112903225806452,0.24193548387096775,41.266129032258064,matched
2025,2,11298,12266,broad_fare_bounds,3734.0,2053,792734.61,188149221.6083,212.3017166577397,5316.0961572833985,False,1457.0,57.0,6.0,0.0,1394.0,0.0,503.0,242.0,38508.0,3.0,0.03912148249828414,0.004118050789293068,0.36083213773314204,0.17360114777618366,27.62410329985653,matched
2025,2,11298,12478,broad_fare_bounds,2907.0,1529,661791.01,232654740.6995,227.65428620571035,28206.116512072207,False,562.0,5.0,3.0,0.0,554.0,0.0,145.0,72.0,6809.0,3.0,0.008896797153024912,0.005338078291814947,0.26173285198555957,0.1299638989169675,12.290613718411553,matched
2025,2,11298,12889,broad_fare_bounds,11031.0,2791,1992929.54,604271490.5192,180.6662623515547,22139.09522231862,False,1525.0,49.0,2.0,0.0,1474.0,0.0,512.0,204.0,27535.0,3.0,0.032131147540983604,0.0013114754098360656,0.3473541383989145,0.1383989145183175,18.68046132971506,matched
2025,2,11298,12892,broad_fare_bounds,14551.0,3581,2789827.9,916896637.9774,191.7275719881795,26253.158438974526,False,1707.0,23.0,0.0,0.0,1684.0,0.0,537.0,193.0,22934.0,3.0,0.013473930872876391,0.0,0.3188836104513064,0.11460807600950118,13.618764845605702,matched
2025,2,11298,12953,broad_fare_bounds,15328.0,4460,3798871.52,1545918165.6241999,247.83869519832984,39431.81138317484,False,1749.0,48.0,13.0,0.0,1688.0,0.0,585.0,260.0,33027.0,3.0,0.0274442538593482,0.007432818753573471,0.346563981042654,0.15402843601895735,19.56575829383886,matched
2025,2,11298,13204,broad_fare_bounds,11373.0,2921,2212273.7199999997,622591157.4544,194.51980304229312,16904.959919489927,False,1222.0,24.0,6.0,0.0,1192.0,0.0,498.0,212.0,33993.0,3.0,0.019639934533551555,0.004909983633387889,0.41778523489932884,0.17785234899328858,28.517617449664428,matched
2025,2,11298,13232,broad_fare_bounds,1018.0,388,102186.01,12830473.1901,100.37918467583496,2527.6275255631444,False,72.0,1.0,0.0,0.0,71.0,0.0,21.0,13.0,2116.0,3.0,0.013888888888888888,0.0,0.29577464788732394,0.18309859154929578,29.802816901408452,matched
2025,2,11298,13303,broad_fare_bounds,6369.0,2209,1492022.0,508431790.9132,234.26314963102527,24949.916450685894,False,1166.0,17.0,4.0,0.0,1145.0,0.0,383.0,166.0,21015.0,3.0,0.014579759862778732,0.003430531732418525,0.33449781659388644,0.14497816593886462,18.353711790393014,matched
2025,2,11298,13487,broad_fare_bounds,6546.0,2340,1502643.3699999999,453417193.9881,229.5513855789795,16572.460490915495,False,816.0,19.0,4.0,0.0,793.0,0.0,238.0,103.0,15274.0,3.0,0.023284313725490197,0.004901960784313725,0.30012610340479196,0.12988650693568726,19.261034047919292,matched
2025,2,11298,13930,broad_fare_bounds,13520.0,3856,2868213.1,811645781.952,212.14593934911244,15027.07245555253,False,1710.0,34.0,4.0,0.0,1672.0,0.0,543.0,233.0,33062.0,3.0,0.019883040935672516,0.0023391812865497076,0.32476076555023925,0.13935406698564592,19.773923444976077,matched
2025,2,11298,14100,broad_fare_bounds,6894.0,2501,1957850.8599999999,746016639.1422,283.9934522773426,27560.17034619028,False,846.0,28.0,2.0,0.0,816.0,0.0,259.0,104.0,14865.0,3.0,0.03309692671394799,0.002364066193853428,0.3174019607843137,0.12745098039215685,18.216911764705884,matched
2025,2,11298,14107,broad_fare_bounds,8258.0,2352,1740924.66,532794342.3506,210.81674255267617,20074.870004816512,False,1379.0,26.0,0.0,0.0,1353.0,0.0,464.0,183.0,25659.0,3.0,0.01885424220449601,0.0,0.3429416112342942,0.1352549889135255,18.964523281596453,matched
2025,2,11298,14635,broad_fare_bounds,1601.0,621,467753.16,171556125.39479998,292.1631230480949,21796.31564871002,False,356.0,11.0,2.0,0.0,343.0,0.0,156.0,65.0,11279.0,3.0,0.03089887640449438,0.0056179775280898875,0.45481049562682213,0.18950437317784258,32.883381924198254,matched
2025,2,11298,14679,broad_fare_bounds,5225.0,1755,1242234.46,408101813.823,237.74822200956936,21581.39323234115,False,917.0,29.0,2.0,0.0,886.0,0.0,353.0,133.0,21241.0,3.0,0.03162486368593239,0.0021810250817884407,0.3984198645598194,0.15011286681715574,23.974040632054177,matched
2025,2,11298,14747,broad_fare_bounds,9821.0,3482,2365520.72,736808641.0968,240.86352917218207,17008.550264502468,False,1387.0,24.0,0.0,0.0,1363.0,0.0,453.0,152.0,20585.0,3.0,0.017303532804614274,0.0,0.33235509904622157,0.11151870873074102,15.102714600146735,matched
2025,2,11298,14771,broad_fare_bounds,7936.0,2824,1985724.7,679221871.9454,250.21732610887096,22978.723175788815,False,1073.0,21.0,1.0,0.0,1051.0,0.0,370.0,139.0,19801.0,3.0,0.0195712954333644,0.0009319664492078285,0.3520456707897241,0.13225499524262607,18.840152235965746,matched
2025,2,11298,14869,broad_fare_bounds,4990.0,2073,1161529.48,346822234.439,232.77143887775551,15320.911038170118,False,954.0,19.0,2.0,0.0,933.0,0.0,292.0,116.0,17507.0,3.0,0.019916142557651992,0.0020964360587002098,0.3129689174705252,0.12433011789924973,18.764201500535904,matched
2025,2,11298,15016,broad_fare_bounds,2197.0,1403,537880.7,159756944.4722,244.8250796540737,12776.631429363268,False,613.0,21.0,1.0,0.0,591.0,0.0,193.0,71.0,9703.0,3.0,0.03425774877650897,0.0016313213703099511,0.32656514382402707,0.12013536379018612,16.41793570219966,matched
2025,2,11298,15304,broad_fare_bounds,5297.0,1925,1072035.82,303188014.89979994,202.38546724561073,16277.807167277417,False,742.0,25.0,1.0,0.0,716.0,0.0,261.0,122.0,17641.0,3.0,0.03369272237196765,0.0013477088948787063,0.3645251396648045,0.17039106145251395,24.63826815642458,matched
2025,2,11433,10397,broad_fare_bounds,10130.0,2329,1571808.0599999998,420889073.42140007,155.163678183613,17473.006261910272,False,1294.0,13.0,3.0,0.0,1278.0,0.0,291.0,103.0,10299.0,3.0,0.010046367851622875,0.00231839258114374,0.22769953051643194,0.08059467918622848,8.05868544600939,matched
2025,2,11433,10721,broad_fare_bounds,6065.0,2023,1284676.7,377737001.1166,211.81808738664466,17414.548988031936,False,739.0,6.0,1.0,0.0,732.0,0.0,191.0,80.0,8250.0,3.0,0.008119079837618403,0.0013531799729364006,0.2609289617486339,0.1092896174863388,11.270491803278688,matched
2025,2,11433,10821,broad_fare_bounds,3173.0,1480,543178.23,122663740.81709999,171.18759218405293,9353.409233093062,False,587.0,2.0,0.0,0.0,585.0,0.0,101.0,33.0,2557.0,3.0,0.0034071550255536627,0.0,0.17264957264957265,0.05641025641025641,4.3709401709401705,matched
2025,2,11433,11278,broad_fare_bounds,3851.0,1412,826843.6000000001,219516593.74220002,214.7088029083355,10902.62118768668,False,688.0,17.0,3.0,0.0,668.0,0.0,192.0,74.0,10410.0,3.0,0.024709302325581394,0.00436046511627907,0.2874251497005988,0.11077844311377245,15.583832335329342,matched
2025,2,11433,11292,broad_fare_bounds,5841.0,2334,1204702.43,337659471.10649997,206.24934600239683,15269.711143896886,False,772.0,0.0,6.0,0.0,766.0,0.0,217.0,83.0,11261.0,3.0,0.0,0.007772020725388601,0.283289817232376,0.10835509138381201,14.701044386422977,matched
2025,2,11433,11298,broad_fare_bounds,7488.0,2872,1626405.33,562681353.7191,217.20156650641027,27967.891061528426,False,1036.0,21.0,9.0,0.0,1006.0,0.0,313.0,108.0,18077.0,3.0,0.02027027027027027,0.008687258687258687,0.3111332007952286,0.1073558648111332,17.969184890656063,matched
2025,2,11433,11618,broad_fare_bounds,4227.0,2304,779826.75,197802807.4261,184.48704755145494,12759.610294997263,False,645.0,22.0,1.0,0.0,622.0,0.0,227.0,131.0,22196.0,3.0,0.034108527131782945,0.0015503875968992248,0.364951768488746,0.21061093247588425,35.68488745980707,matched
2025,2,11433,11697,broad_fare_bounds,7675.0,1962,1296657.76,344457055.1836,168.9456364820847,16337.769983187725,False,701.0,1.0,2.0,0.0,698.0,0.0,140.0,40.0,2479.0,3.0,0.0014265335235378032,0.0028530670470756064,0.20057306590257878,0.05730659025787966,3.5515759312320916,matched
2025,2,11433,12173,broad_fare_bounds,481.0,330,418195.29,517852977.4029,869.4288773388773,320710.84388730524,False,91.0,0.0,2.0,0.0,89.0,0.0,9.0,5.0,38.0,3.0,0.0,0.02197802197802198,0.10112359550561797,0.056179775280898875,0.42696629213483145,matched
2025,2,11433,12266,broad_fare_bounds,5251.0,2297,1047500.1799999999,300418805.5,199.48584650542753,17417.12919027086,False,529.0,5.0,2.0,0.0,522.0,0.0,138.0,45.0,6088.0,3.0,0.00945179584120983,0.003780718336483932,0.26436781609195403,0.08620689655172414,11.662835249042146,matched
2025,2,11433,12478,broad_fare_bounds,1664.0,1133,355866.24,99703671.762,213.86192307692306,14181.14983019601,False,228.0,2.0,0.0,0.0,226.0,0.0,63.0,29.0,4745.0,3.0,0.008771929824561403,0.0,0.27876106194690264,0.12831858407079647,20.995575221238937,matched
2025,2,11433,12889,broad_fare_bounds,7898.0,2327,1813502.35,674785767.9195,229.61538997214487,32714.32243718014,False,857.0,2.0,2.0,0.0,853.0,0.0,140.0,44.0,560.0,3.0,0.002333722287047841,0.002333722287047841,0.16412661195779601,0.05158264947245018,0.6565064478311841,matched
2025,2,11433,12892,broad_fare_bounds,6268.0,2026,1834463.66,847579831.48,292.67129227823864,49566.84452302691,False,710.0,3.0,2.0,0.0,705.0,0.0,124.0,49.0,1490.0,3.0,0.004225352112676056,0.0028169014084507044,0.17588652482269504,0.06950354609929078,2.1134751773049647,matched
2025,2,11433,12953,broad_fare_bounds,8988.0,3163,1667049.42,433847808.5228,185.47501335113483,13868.69104264558,False,885.0,10.0,0.0,0.0,875.0,0.0,228.0,97.0,11224.0,3.0,0.011299435028248588,0.0,0.26057142857142856,0.11085714285714286,12.827428571428571,matched
2025,2,11433,13204,broad_fare_bounds,12268.0,2456,2110134.94,541949959.6998,172.00317411150962,14590.809603537666,False,957.0,3.0,6.0,0.0,948.0,0.0,209.0,73.0,6819.0,3.0,0.003134796238244514,0.006269592476489028,0.22046413502109705,0.0770042194092827,7.193037974683544,matched
2025,2,11433,13232,broad_fare_bounds,956.0,627,167764.71,37248719.389299996,175.48609832635984,8167.724889693258,False,508.0,2.0,0.0,0.0,506.0,0.0,84.0,28.0,2733.0,3.0,0.003937007874015748,0.0,0.16600790513833993,0.05533596837944664,5.401185770750988,matched
2025,2,11433,13303,broad_fare_bounds,3837.0,1596,758673.32,218402432.22419998,197.72565024758924,17824.669455747367,False,429.0,1.0,2.0,0.0,426.0,0.0,86.0,27.0,3708.0,3.0,0.002331002331002331,0.004662004662004662,0.20187793427230047,0.06338028169014084,8.704225352112676,matched
2025,2,11433,13487,broad_fare_bounds,3886.0,1119,816964.12,242023925.6888,210.23266083376222,18083.217945313176,False,540.0,1.0,0.0,0.0,539.0,0.0,118.0,34.0,3444.0,3.0,0.001851851851851852,0.0,0.2189239332096475,0.06307977736549165,6.3896103896103895,matched
2025,2,11433,13930,broad_fare_bounds,3612.0,2197,726033.05,171639417.2859,201.0058277962348,7115.875709641434,False,1589.0,17.0,1.0,0.0,1571.0,0.0,315.0,108.0,10415.0,3.0,0.010698552548772814,0.0006293266205160479,0.2005092297899427,0.06874602164226608,6.6295353278166775,matched
2025,2,11433,14100,broad_fare_bounds,3677.0,2076,846186.24,255078812.6354,230.12951862931737,16411.852203820505,False,712.0,9.0,0.0,0.0,703.0,0.0,147.0,59.0,4309.0,3.0,0.012640449438202247,0.0,0.20910384068278806,0.08392603129445235,6.129445234708393,matched
2025,2,11433,14107,broad_fare_bounds,5890.0,2480,1474118.59,558229517.7721,250.27480305602717,32138.332424214183,False,634.0,2.0,1.0,0.0,631.0,0.0,125.0,38.0,3529.0,3.0,0.0031545741324921135,0.0015772870662460567,0.19809825673534073,0.060221870047543584,5.5927099841521395,matched
2025,2,11433,14635,broad_fare_bounds,4702.0,1300,934843.63,290091479.4291,198.8182964695874,22166.623021491854,False,437.0,2.0,2.0,0.0,433.0,0.0,84.0,34.0,2253.0,3.0,0.004576659038901602,0.004576659038901602,0.19399538106235567,0.07852193995381063,5.203233256351039,matched
2025,2,11433,14679,broad_fare_bounds,2403.0,774,823001.38,364913812.6618,342.48913025384934,34558.795600450394,False,335.0,1.0,1.0,0.0,333.0,0.0,72.0,20.0,1617.0,3.0,0.0029850746268656717,0.0029850746268656717,0.21621621621621623,0.06006006006006006,4.8558558558558556,matched
2025,2,11433,14747,broad_fare_bounds,3573.0,1441,1080593.03,414080365.3883,302.43297788972853,24425.803929055473,False,562.0,1.0,0.0,0.0,561.0,0.0,84.0,21.0,-846.0,3.0,0.0017793594306049821,0.0,0.1497326203208556,0.0374331550802139,-1.5080213903743316,matched
2025,2,11433,14771,broad_fare_bounds,3994.0,1700,1507672.45,727187274.3905,377.48433900851273,39575.4972861555,False,501.0,3.0,3.0,0.0,495.0,0.0,68.0,21.0,-619.0,3.0,0.005988023952095809,0.005988023952095809,0.13737373737373737,0.04242424242424243,-1.2505050505050506,matched
2025,2,11433,14869,broad_fare_bounds,1515.0,723,560404.96,249174834.45659998,369.90426402640264,27642.6733802339,False,395.0,0.0,1.0,0.0,394.0,0.0,62.0,12.0,128.0,3.0,0.0,0.002531645569620253,0.15736040609137056,0.030456852791878174,0.3248730964467005,matched
2025,2,11433,15016,broad_fare_bounds,1783.0,1061,401885.88,110565325.129,225.39869882220975,11206.26511608596,False,460.0,2.0,1.0,0.0,457.0,0.0,80.0,27.0,1722.0,3.0,0.004347826086956522,0.002173913043478261,0.175054704595186,0.05908096280087528,3.7680525164113785,matched
2025,2,11433,15304,broad_fare_bounds,6691.0,1728,1162434.94,297106591.422,173.7311224032282,14221.411534160932,False,590.0,3.0,0.0,0.0,587.0,0.0,119.0,43.0,4831.0,3.0,0.005084745762711864,0.0,0.20272572402044292,0.07325383304940375,8.229982964224872,matched
2025,2,11618,10397,broad_fare_bounds,12319.0,3665,2258034.52,556136426.4796001,183.29690072246123,11546.85422836835,False,1434.0,37.0,7.0,0.0,1390.0,0.0,543.0,265.0,48344.0,3.0,0.02580195258019526,0.0048814504881450485,0.3906474820143885,0.1906474820143885,34.77985611510791,matched
2025,2,11618,10721,broad_fare_bounds,4354.0,1667,887102.7300000001,212297084.6969,203.74431097841068,7247.347314189916,False,845.0,31.0,0.0,0.0,814.0,0.0,267.0,150.0,19552.0,3.0,0.036686390532544376,0.0,0.32800982800982803,0.18427518427518427,24.01965601965602,matched
2025,2,11618,11278,broad_fare_bounds,1231.0,850,243674.94999999998,59712297.4035,197.94878147847277,9323.42646155339,False,125.0,10.0,0.0,0.0,115.0,0.0,23.0,10.0,-217.0,3.0,0.08,0.0,0.2,0.08695652173913043,-1.8869565217391304,matched
2025,2,11618,11292,broad_fare_bounds,5017.0,1901,1502429.21,608003646.2393,299.4676519832569,31507.81312528212,False,708.0,8.0,4.0,0.0,696.0,0.0,197.0,94.0,9803.0,3.0,0.011299435028248588,0.005649717514124294,0.28304597701149425,0.13505747126436782,14.084770114942529,matched
2025,2,11618,11298,broad_fare_bounds,7789.0,3009,1847855.85,658065515.4794999,237.23916420593144,28204.100404732177,False,780.0,27.0,7.0,0.0,746.0,0.0,230.0,109.0,13017.0,3.0,0.03461538461538462,0.008974358974358974,0.30831099195710454,0.14611260053619302,17.449061662198392,matched
2025,2,11618,11433,broad_fare_bounds,4147.0,2251,764085.7799999999,193515773.9644,184.25024837231732,12715.885995091441,False,644.0,21.0,0.0,0.0,623.0,0.0,177.0,94.0,14482.0,3.0,0.03260869565217391,0.0,0.2841091492776886,0.1508828250401284,23.245585874799357,matched
2025,2,11618,11697,broad_fare_bounds,12583.0,3490,2314752.44,645599176.0104,183.95870936978463,17466.447161840595,False,1053.0,25.0,3.0,0.0,1025.0,0.0,301.0,144.0,16490.0,3.0,0.023741690408357077,0.002849002849002849,0.29365853658536584,0.1404878048780488,16.08780487804878,matched
2025,2,11618,12173,broad_fare_bounds,198.0,170,166759.3,220614028.4762,842.2186868686869,404879.9485204981,False,17.0,0.0,0.0,0.0,17.0,0.0,5.0,2.0,282.0,1.0,0.0,0.0,0.29411764705882354,0.11764705882352941,16.58823529411765,matched
2025,2,11618,12266,broad_fare_bounds,6519.0,2446,1602054.68,553421321.5536,245.75159993864088,24499.74240748775,False,787.0,7.0,5.0,0.0,775.0,0.0,231.0,105.0,11338.0,3.0,0.008894536213468869,0.0063532401524777635,0.29806451612903223,0.13548387096774195,14.629677419354838,matched
2025,2,11618,12889,broad_fare_bounds,8263.0,2718,2511907.91,1254432555.5057,303.9946641655573,59400.45431325708,False,714.0,7.0,0.0,0.0,707.0,0.0,188.0,92.0,7689.0,3.0,0.00980392156862745,0.0,0.26591230551626593,0.13012729844413012,10.875530410183876,matched
2025,2,11618,12892,broad_fare_bounds,18175.0,5176,5971823.180000001,3782345148.4306,328.57348995873457,100146.4849937569,False,1337.0,22.0,2.0,0.0,1313.0,0.0,400.0,159.0,18897.0,3.0,0.016454749439042633,0.0014958863126402393,0.30464584920030463,0.1210967250571211,14.392231530845391,matched
2025,2,11618,13204,broad_fare_bounds,18641.0,3940,3450975.4400000004,899806070.38,185.1282356096776,13997.804626386416,False,1515.0,31.0,7.0,0.0,1477.0,0.0,436.0,203.0,23065.0,3.0,0.02046204620462046,0.0046204620462046205,0.29519295870006773,0.13744075829383887,15.616113744075829,matched
2025,2,11618,13303,broad_fare_bounds,9596.0,3242,2016810.8,623904962.831,210.17203001250522,20844.908591481377,False,899.0,22.0,4.0,0.0,873.0,0.0,248.0,122.0,17542.0,3.0,0.024471635150166853,0.004449388209121246,0.284077892325315,0.13974799541809851,20.09392898052692,matched
2025,2,11618,13487,broad_fare_bounds,3996.0,1968,921180.53,271465275.4287,230.52565815815817,14792.174041033286,False,490.0,11.0,0.0,0.0,479.0,0.0,166.0,95.0,15334.0,3.0,0.022448979591836733,0.0,0.3465553235908142,0.19832985386221294,32.012526096033405,matched
2025,2,11618,13930,broad_fare_bounds,12108.0,4219,2672546.27,761353085.3070999,220.72565824248431,14160.352715382702,False,1488.0,48.0,2.0,0.0,1438.0,0.0,430.0,197.0,24679.0,3.0,0.03225806451612903,0.0013440860215053765,0.29902642559109877,0.13699582753824757,17.16203059805285,matched
2025,2,11618,14107,broad_fare_bounds,6306.0,2594,1988108.7899999998,934483493.5081,315.27256422454803,48792.79056889257,False,604.0,11.0,1.0,0.0,592.0,0.0,166.0,79.0,6911.0,3.0,0.018211920529801324,0.0016556291390728477,0.28040540540540543,0.13344594594594594,11.673986486486486,matched
2025,2,11618,14635,broad_fare_bounds,5494.0,2105,1222042.41,392414289.5025,222.432182380779,21949.89612019172,False,499.0,6.0,1.0,0.0,492.0,0.0,113.0,48.0,4542.0,3.0,0.012024048096192385,0.002004008016032064,0.22967479674796748,0.0975609756097561,9.231707317073171,matched
2025,2,11618,14679,broad_fare_bounds,4186.0,1971,1421394.94,721223542.689,339.55923076923074,56993.733932948686,False,391.0,6.0,0.0,0.0,385.0,0.0,104.0,55.0,6074.0,3.0,0.015345268542199489,0.0,0.2701298701298701,0.14285714285714285,15.776623376623377,matched
2025,2,11618,14747,broad_fare_bounds,5209.0,2496,1709876.1099999999,770625326.6352999,328.2541965828374,40190.30867557356,False,431.0,5.0,0.0,0.0,426.0,0.0,151.0,74.0,12171.0,3.0,0.01160092807424594,0.0,0.3544600938967136,0.17370892018779344,28.570422535211268,matched
2025,2,11618,14771,broad_fare_bounds,16378.0,5136,6365199.01,4450306500.8315,388.643241543534,120681.09198408885,False,1202.0,28.0,3.0,0.0,1171.0,0.0,311.0,160.0,14399.0,3.0,0.02329450915141431,0.0024958402662229617,0.2655849701110162,0.13663535439795046,12.296327924850555,matched
2025,2,11618,14869,broad_fare_bounds,2650.0,1356,809031.79,324611681.9769,305.29501509433965,29289.928089452573,False,273.0,2.0,0.0,0.0,271.0,0.0,100.0,40.0,7216.0,3.0,0.007326007326007326,0.0,0.36900369003690037,0.14760147601476015,26.627306273062732,matched
2025,2,11618,15016,broad_fare_bounds,1118.0,914,283285.9,84480786.2334,253.38631484794277,11359.584958870451,False,192.0,15.0,1.0,0.0,176.0,0.0,48.0,27.0,1787.0,3.0,0.078125,0.005208333333333333,0.2727272727272727,0.1534090909090909,10.153409090909092,matched
2025,2,11618,15304,broad_fare_bounds,7624.0,2260,1483955.9100000001,395517157.7625,194.64269543546698,13992.127430837972,False,645.0,11.0,2.0,0.0,632.0,0.0,196.0,90.0,10452.0,3.0,0.017054263565891473,0.0031007751937984496,0.310126582278481,0.14240506329113925,16.537974683544302,matched
2025,2,11697,10397,broad_fare_bounds,13741.0,2657,1949151.0499999998,420673076.8397,141.84928680590932,10493.223966247777,False,1587.0,19.0,11.0,0.0,1557.0,0.0,431.0,184.0,24650.0,3.0,0.011972274732199117,0.006931316950220542,0.27681438664097624,0.11817597944765575,15.831727681438664,matched
2025,2,11697,10721,broad_fare_bounds,9864.0,2558,1757463.88,464018702.864,178.16949310624491,15297.268269653854,False,840.0,4.0,1.0,0.0,835.0,0.0,243.0,99.0,10304.0,3.0,0.004761904761904762,0.0011904761904761906,0.29101796407185626,0.118562874251497,12.340119760479041,matched
2025,2,11697,10821,broad_fare_bounds,6276.0,1965,991702.0900000001,228813140.59430003,158.01499203314214,11489.697696574192,False,836.0,5.0,0.0,0.0,831.0,0.0,197.0,77.0,9345.0,3.0,0.005980861244019139,0.0,0.23706377858002406,0.09265944645006016,11.245487364620939,matched
2025,2,11697,11278,broad_fare_bounds,5637.0,1788,941969.6699999999,205129543.0387,167.10478445981903,8465.833664300724,False,558.0,1.0,5.0,0.0,552.0,0.0,149.0,65.0,7655.0,3.0,0.0017921146953405018,0.008960573476702509,0.26992753623188404,0.11775362318840579,13.867753623188406,matched
2025,2,11697,11292,broad_fare_bounds,2477.0,1367,744144.35,294646888.2737,300.42161889382317,28699.974951961354,False,366.0,2.0,3.0,0.0,361.0,0.0,72.0,24.0,1376.0,3.0,0.00546448087431694,0.00819672131147541,0.1994459833795014,0.0664819944598338,3.811634349030471,matched
2025,2,11697,11298,broad_fare_bounds,5776.0,1932,1127964.32,335830705.0928,195.28468144044322,20006.32828694838,False,744.0,24.0,4.0,0.0,716.0,0.0,206.0,94.0,9066.0,3.0,0.03225806451612903,0.005376344086021506,0.2877094972067039,0.13128491620111732,12.662011173184357,matched
2025,2,11697,11433,broad_fare_bounds,7730.0,1910,1339551.6,368674897.7862,173.29257438551102,17663.719598961143,False,704.0,4.0,1.0,0.0,699.0,0.0,146.0,59.0,5292.0,3.0,0.005681818181818182,0.0014204545454545455,0.2088698140200286,0.0844062947067239,7.570815450643777,matched
2025,2,11697,11618,broad_fare_bounds,12739.0,3616,2381157.64,682162506.8596,186.9187251746605,18610.531152437143,False,1051.0,19.0,15.0,0.0,1017.0,0.0,357.0,207.0,29258.0,3.0,0.01807802093244529,0.014272121788772598,0.35103244837758113,0.20353982300884957,28.768928220255653,matched
2025,2,11697,12266,broad_fare_bounds,4978.0,1607,789242.15,207789507.4799,158.54603254319005,16604.719944062417,False,657.0,1.0,3.0,0.0,653.0,0.0,127.0,57.0,2922.0,3.0,0.0015220700152207,0.0045662100456621,0.19448698315467075,0.08728943338437979,4.474732006125574,matched
2025,2,11697,12478,broad_fare_bounds,11030.0,2492,2203270.31,637311973.5523,199.75252130553037,17878.800907722798,False,966.0,11.0,2.0,0.0,953.0,0.0,253.0,115.0,12244.0,3.0,0.011387163561076604,0.002070393374741201,0.2654774396642183,0.12067156348373557,12.84784889821616,matched
2025,2,11697,12889,broad_fare_bounds,2532.0,1121,553239.39,269161509.42329997,218.4989691943128,58562.11413531184,False,232.0,0.0,0.0,0.0,232.0,0.0,45.0,16.0,150.0,3.0,0.0,0.0,0.1939655172413793,0.06896551724137931,0.646551724137931,matched
2025,2,11697,12892,broad_fare_bounds,6750.0,1803,2158624.89,1406238105.4815,319.79628,106061.91048060602,False,500.0,1.0,0.0,0.0,499.0,0.0,82.0,36.0,-728.0,3.0,0.002,0.0,0.16432865731462926,0.07214428857715431,-1.4589178356713426,matched
2025,2,11697,12953,broad_fare_bounds,13003.0,3705,2473988.59,717864795.6335,190.26290779050987,19007.65459198311,False,947.0,14.0,6.0,0.0,927.0,0.0,244.0,113.0,10602.0,3.0,0.014783526927138331,0.006335797254487857,0.2632146709816613,0.12189859762675297,11.436893203883495,matched
2025,2,11697,13204,broad_fare_bounds,800.0,296,58970.87,6406529.1447,73.7135875,2574.468448754844,False,272.0,0.0,1.0,0.0,271.0,0.0,47.0,22.0,924.0,3.0,0.0,0.003676470588235294,0.17343173431734318,0.08118081180811808,3.4095940959409594,matched
2025,2,11697,13232,broad_fare_bounds,2466.0,1239,496287.32,125614959.3202,201.25195458231954,10436.401514914403,False,296.0,2.0,1.0,0.0,293.0,0.0,60.0,24.0,1413.0,3.0,0.006756756756756757,0.0033783783783783786,0.20477815699658702,0.08191126279863481,4.822525597269625,matched
2025,2,11697,13487,broad_fare_bounds,2246.0,888,528279.8300000001,177014475.13729998,235.20918521816566,23489.851627697644,False,175.0,0.0,1.0,0.0,174.0,0.0,30.0,16.0,1351.0,3.0,0.0,0.005714285714285714,0.1724137931034483,0.09195402298850575,7.764367816091954,matched
2025,2,11697,13930,broad_fare_bounds,7837.0,2590,1513841.05,442837784.3607,193.16588618093658,19192.9738931186,False,689.0,3.0,3.0,0.0,683.0,0.0,146.0,49.0,4167.0,3.0,0.0043541364296081275,0.0043541364296081275,0.21376281112737922,0.07174231332357248,6.101024890190336,matched
2025,2,11697,14100,broad_fare_bounds,7996.0,2203,1360345.26,365490122.539,170.1282216108054,16765.50808885834,False,664.0,5.0,1.0,0.0,658.0,0.0,145.0,69.0,11406.0,3.0,0.007530120481927711,0.0015060240963855422,0.22036474164133737,0.10486322188449848,17.33434650455927,matched
2025,2,11697,14107,broad_fare_bounds,477.0,217,93582.72,22410240.5372,196.1901886792453,8491.046212333371,False,29.0,0.0,0.0,0.0,29.0,0.0,3.0,1.0,215.0,1.0,0.0,0.0,0.10344827586206896,0.034482758620689655,7.413793103448276,matched
2025,2,11697,14679,broad_fare_bounds,383.0,215,109464.59000000001,53638543.940699995,285.80832898172326,58362.016684413946,False,40.0,0.0,0.0,0.0,40.0,0.0,5.0,2.0,-511.0,2.0,0.0,0.0,0.125,0.05,-12.775,matched
2025,2,11697,14747,broad_fare_bounds,2246.0,936,673467.8700000001,298543640.0611,299.8521237756011,43011.07254985286,False,216.0,1.0,0.0,0.0,215.0,0.0,62.0,9.0,1385.0,3.0,0.004629629629629629,0.0,0.28837209302325584,0.04186046511627907,6.441860465116279,matched
2025,2,11697,14771,broad_fare_bounds,3155.0,1403,955908.76,598180210.7107999,302.98217432646595,97799.33316902822,False,289.0,1.0,0.0,0.0,288.0,0.0,48.0,17.0,-719.0,3.0,0.0034602076124567475,0.0,0.16666666666666666,0.059027777777777776,-2.4965277777777777,matched
2025,2,11697,14869,broad_fare_bounds,847.0,409,257809.11,114482251.1843,304.37911452184176,42515.39854408019,False,91.0,0.0,0.0,0.0,91.0,0.0,10.0,4.0,-224.0,3.0,0.0,0.0,0.10989010989010989,0.04395604395604396,-2.4615384615384617,matched
2025,2,11697,15016,broad_fare_bounds,1481.0,753,318214.32,92187551.3504,214.8644969615125,16080.075325894832,False,204.0,1.0,0.0,0.0,203.0,0.0,38.0,14.0,604.0,3.0,0.004901960784313725,0.0,0.18719211822660098,0.06896551724137931,2.9753694581280787,matched
2025,2,11697,15304,broad_fare_bounds,2658.0,762,251087.3,34779312.4646,94.46474793077502,4161.179067524874,False,270.0,1.0,1.0,0.0,268.0,0.0,48.0,20.0,1564.0,3.0,0.003703703703703704,0.003703703703703704,0.1791044776119403,0.07462686567164178,5.835820895522388,matched
2025,2,12173,10397,broad_fare_bounds,606.0,423,609215.68,906907071.9456,1005.3064026402641,485905.3601530655,False,91.0,1.0,0.0,0.0,90.0,0.0,26.0,6.0,742.0,3.0,0.01098901098901099,0.0,0.28888888888888886,0.06666666666666667,8.244444444444444,matched
2025,2,12173,10721,broad_fare_bounds,1143.0,768,615983.38,573878576.4074,538.9180927384077,211648.28355139296,False,89.0,0.0,1.0,0.0,88.0,0.0,23.0,7.0,257.0,3.0,0.0,0.011235955056179775,0.26136363636363635,0.07954545454545454,2.9204545454545454,matched
2025,2,12173,11292,broad_fare_bounds,871.0,513,538463.7199999999,448509144.4012,618.2132261768081,132748.27885285253,False,182.0,0.0,0.0,0.0,182.0,0.0,26.0,2.0,-390.0,3.0,0.0,0.0,0.14285714285714285,0.01098901098901099,-2.142857142857143,matched
2025,2,12173,11298,broad_fare_bounds,840.0,581,571630.75,590979061.9449,680.5127976190477,240448.8345920543,False,125.0,0.0,1.0,0.0,124.0,0.0,21.0,13.0,1427.0,3.0,0.0,0.008,0.1693548387096774,0.10483870967741936,11.508064516129032,matched
2025,2,12173,11433,broad_fare_bounds,414.0,269,383351.01,500947412.3003,925.9686231884058,352600.0129775731,False,91.0,0.0,0.0,0.0,91.0,0.0,19.0,3.0,54.0,3.0,0.0,0.0,0.2087912087912088,0.03296703296703297,0.5934065934065934,matched
2025,2,12173,11618,broad_fare_bounds,145.0,128,127758.96,181560290.40399998,881.096275862069,475809.28648268245,False,17.0,0.0,0.0,0.0,17.0,0.0,4.0,3.0,376.0,1.0,0.0,0.0,0.23529411764705882,0.17647058823529413,22.11764705882353,matched
2025,2,12173,12266,broad_fare_bounds,708.0,400,503133.48000000004,530904583.1304,710.6405084745763,244855.29812516505,False,100.0,1.0,0.0,0.0,99.0,0.0,14.0,3.0,-576.0,3.0,0.01,0.0,0.1414141414141414,0.030303030303030304,-5.818181818181818,matched
2025,2,12173,12478,broad_fare_bounds,2152.0,1322,1582836.8399999999,2111344655.0401998,735.5189776951672,440119.9445284159,False,182.0,1.0,0.0,0.0,181.0,0.0,38.0,8.0,-402.0,3.0,0.005494505494505495,0.0,0.20994475138121546,0.04419889502762431,-2.2209944751381214,matched
2025,2,12173,12889,broad_fare_bounds,5018.0,1674,2005288.9900000002,1043632591.4901,399.6191689916302,48282.31799885101,False,539.0,0.0,0.0,0.0,539.0,0.0,66.0,13.0,-1048.0,3.0,0.0,0.0,0.12244897959183673,0.02411873840445269,-1.9443413729128014,matched
2025,2,12173,12892,broad_fare_bounds,16592.0,5374,5077528.2299999995,2254359553.6644998,306.022675385728,42220.394188364284,False,1400.0,4.0,1.0,0.0,1395.0,0.0,236.0,63.0,4763.0,3.0,0.002857142857142857,0.0007142857142857143,0.16917562724014337,0.04516129032258064,3.414336917562724,matched
2025,2,12173,13487,broad_fare_bounds,327.0,209,297869.43,373876714.6525,910.9156880733944,313586.4766606123,False,91.0,2.0,0.0,0.0,89.0,0.0,12.0,1.0,-640.0,3.0,0.02197802197802198,0.0,0.1348314606741573,0.011235955056179775,-7.191011235955056,matched
2025,2,12173,13796,broad_fare_bounds,1993.0,982,655925.03,276532490.7559,329.11441545408934,30435.578487578518,False,188.0,0.0,1.0,0.0,187.0,0.0,30.0,7.0,135.0,3.0,0.0,0.005319148936170213,0.16042780748663102,0.0374331550802139,0.7219251336898396,matched
2025,2,12173,13930,broad_fare_bounds,891.0,619,752109.77,935607672.8558999,844.118709315376,337528.33281707694,False,97.0,0.0,0.0,0.0,97.0,0.0,7.0,2.0,-795.0,3.0,0.0,0.0,0.07216494845360824,0.020618556701030927,-8.195876288659793,matched
2025,2,12173,14107,broad_fare_bounds,2420.0,1350,1019749.76,596212068.831,421.38419834710743,68803.98086724992,False,372.0,1.0,0.0,0.0,371.0,0.0,48.0,14.0,-1008.0,3.0,0.002688172043010753,0.0,0.1293800539083558,0.03773584905660377,-2.7169811320754715,matched
2025,2,12173,14679,broad_fare_bounds,3688.0,1965,1264550.78,581968294.7778001,342.88253253796097,40232.08264873811,False,379.0,0.0,2.0,0.0,377.0,0.0,88.0,16.0,2007.0,3.0,0.0,0.005277044854881266,0.23342175066312998,0.042440318302387266,5.323607427055703,matched
2025,2,12173,14747,broad_fare_bounds,5322.0,2722,1979029.64,1000248422.913,371.8582562946261,49667.401696207875,False,730.0,5.0,0.0,0.0,725.0,0.0,176.0,23.0,3610.0,3.0,0.00684931506849315,0.0,0.24275862068965517,0.031724137931034485,4.979310344827586,matched
2025,2,12173,14771,broad_fare_bounds,7505.0,2613,2543236.12,1186836302.6714,338.87223451032645,43305.022758111576,False,621.0,5.0,0.0,0.0,616.0,0.0,104.0,28.0,844.0,3.0,0.008051529790660225,0.0,0.16883116883116883,0.045454545454545456,1.37012987012987,matched
2025,2,12173,14869,broad_fare_bounds,1690.0,1008,799119.85,517914559.9947,472.8519822485207,82869.3224071358,False,195.0,1.0,1.0,0.0,193.0,0.0,29.0,10.0,531.0,3.0,0.005128205128205128,0.005128205128205128,0.15025906735751296,0.05181347150259067,2.7512953367875648,matched
2025,2,12173,15016,broad_fare_bounds,4.0,4,1400.78,519088.29699999996,350.195,7135.536224999989,True,,,,,,,,,,,,,,,,fare_only
2025,2,12266,10397,broad_fare_bounds,9148.0,3246,1515437.74,392959578.2604,165.65782028858766,15513.277816892933,False,1128.0,19.0,5.0,0.0,1104.0,0.0,332.0,136.0,26716.0,3.0,0.016843971631205674,0.004432624113475178,0.3007246376811594,0.12318840579710146,24.19927536231884,matched
2025,2,12266,10721,broad_fare_bounds,5577.0,2059,1568664.7699999998,561540637.6795,281.27394118701807,21573.626577079573,False,553.0,7.0,1.0,0.0,545.0,0.0,151.0,75.0,6057.0,3.0,0.012658227848101266,0.0018083182640144665,0.27706422018348625,0.13761467889908258,11.113761467889908,matched
2025,2,12266,10821,broad_fare_bounds,3089.0,1480,558750.8699999999,147635420.6261,180.88406280349625,15074.876388964665,False,288.0,1.0,1.0,0.0,286.0,0.0,81.0,39.0,4232.0,3.0,0.003472222222222222,0.003472222222222222,0.28321678321678323,0.13636363636363635,14.797202797202797,matched
2025,2,12266,11278,broad_fare_bounds,3567.0,1258,1026439.3500000001,360184491.9719,287.7598402018503,18171.1434367841,False,601.0,6.0,2.0,0.0,593.0,0.0,162.0,67.0,6647.0,3.0,0.009983361064891847,0.0033277870216306157,0.27318718381112983,0.11298482293423272,11.209106239460372,matched
2025,2,12266,11292,broad_fare_bounds,7032.0,2114,1509780.43,428282794.99909997,214.7014263367463,14808.131857621418,False,1119.0,6.0,5.0,0.0,1108.0,0.0,290.0,137.0,17042.0,3.0,0.005361930294906166,0.004468275245755138,0.26173285198555957,0.12364620938628158,15.38086642599278,matched
2025,2,12266,11298,broad_fare_bounds,3724.0,2033,807857.0499999999,197324225.0183,216.93261278195487,5927.412569140077,False,1456.0,57.0,3.0,0.0,1396.0,0.0,453.0,241.0,40608.0,3.0,0.03914835164835165,0.0020604395604395605,0.32449856733524357,0.17263610315186245,29.088825214899714,matched
2025,2,12266,11433,broad_fare_bounds,5264.0,2317,1061420.6800000002,313130780.36899996,201.6376671732523,18827.581794139965,False,530.0,4.0,2.0,0.0,524.0,0.0,95.0,51.0,6350.0,3.0,0.007547169811320755,0.0037735849056603774,0.18129770992366412,0.09732824427480916,12.118320610687023,matched
2025,2,12266,11618,broad_fare_bounds,6542.0,2466,1623208.1,571274592.5234001,248.12107918067872,25760.080558939306,False,790.0,5.0,7.0,0.0,778.0,0.0,280.0,174.0,24845.0,3.0,0.006329113924050633,0.008860759493670886,0.35989717223650386,0.2236503856041131,31.934447300771208,matched
2025,2,12266,11697,broad_fare_bounds,5256.0,1746,850501.3,225180475.42139998,161.81531582952817,16658.359769496892,False,657.0,0.0,1.0,0.0,656.0,0.0,152.0,70.0,6876.0,3.0,0.0,0.0015220700152207,0.23170731707317074,0.10670731707317073,10.481707317073171,matched
2025,2,12266,12173,broad_fare_bounds,739.0,424,542135.92,584965550.2122,733.6074695534506,253383.74802025454,False,100.0,1.0,2.0,0.0,97.0,0.0,31.0,4.0,1173.0,3.0,0.01,0.02,0.31958762886597936,0.041237113402061855,12.092783505154639,matched
2025,2,12266,12478,broad_fare_bounds,731.0,299,154298.39,39566340.8121,211.0785088919289,9572.18430434294,False,72.0,1.0,0.0,0.0,71.0,0.0,27.0,13.0,1613.0,3.0,0.013888888888888888,0.0,0.38028169014084506,0.18309859154929578,22.718309859154928,matched
2025,2,12266,12889,broad_fare_bounds,7160.0,2173,1476379.91,479716259.5967,206.19831145251396,24481.733951436523,False,922.0,8.0,4.0,0.0,910.0,0.0,214.0,87.0,8359.0,3.0,0.008676789587852495,0.004338394793926247,0.23516483516483516,0.0956043956043956,9.185714285714285,matched
2025,2,12266,12892,broad_fare_bounds,11281.0,3336,2129967.69,639768500.3434999,188.8101843808173,21062.752244430136,False,1341.0,8.0,0.0,0.0,1333.0,0.0,289.0,119.0,13739.0,3.0,0.005965697240865026,0.0,0.21680420105026257,0.08927231807951988,10.306826706676668,matched
2025,2,12266,12953,broad_fare_bounds,10916.0,3812,2677765.88,949016086.8287998,245.3065115426896,26762.795903074337,False,1093.0,12.0,13.0,0.0,1068.0,0.0,295.0,147.0,15179.0,3.0,0.010978956999085087,0.011893870082342177,0.2762172284644195,0.13764044943820225,14.212546816479401,matched
2025,2,12266,13204,broad_fare_bounds,7862.0,2186,1345814.8699999999,327995828.5501,171.17970872551513,12416.640944420378,False,876.0,9.0,4.0,0.0,863.0,0.0,246.0,126.0,13466.0,3.0,0.010273972602739725,0.0045662100456621,0.2850521436848204,0.14600231749710313,15.603707995365006,matched
2025,2,12266,13232,broad_fare_bounds,447.0,203,44413.5,5828420.1724,99.35906040268456,3166.748418803956,False,34.0,0.0,0.0,0.0,34.0,0.0,17.0,7.0,1241.0,3.0,0.0,0.0,0.5,0.20588235294117646,36.5,matched
2025,2,12266,13303,broad_fare_bounds,6561.0,2386,1168861.56,329601951.5418,178.15295839048926,18498.06533742991,False,967.0,15.0,7.0,0.0,945.0,0.0,236.0,111.0,15479.0,3.0,0.015511892450879007,0.007238883143743537,0.24973544973544973,0.11746031746031746,16.37989417989418,matched
2025,2,12266,13487,broad_fare_bounds,3195.0,1520,817096.01,262557741.3575,255.74210015649453,16773.675033054133,False,498.0,5.0,1.0,0.0,492.0,0.0,166.0,86.0,13726.0,3.0,0.010040160642570281,0.002008032128514056,0.33739837398373984,0.17479674796747968,27.898373983739837,matched
2025,2,12266,13930,broad_fare_bounds,10465.0,3531,2186148.95,618021657.7205,208.90099856665077,15416.431825137588,False,1445.0,17.0,1.0,0.0,1427.0,0.0,358.0,153.0,17856.0,3.0,0.011764705882352941,0.0006920415224913495,0.2508759635599159,0.10721793973370708,12.512964260686756,matched
2025,2,12266,14100,broad_fare_bounds,4419.0,2727,1170255.05,404483322.2683,264.8235007920344,21401.28606194677,False,439.0,8.0,0.0,0.0,431.0,0.0,114.0,53.0,7807.0,3.0,0.018223234624145785,0.0,0.26450116009280744,0.12296983758700696,18.11368909512761,matched
2025,2,12266,14107,broad_fare_bounds,4225.0,1988,922295.67,286643476.3927,218.2948331360947,20191.97562317334,False,840.0,10.0,1.0,0.0,829.0,0.0,206.0,84.0,10117.0,3.0,0.011904761904761904,0.0011904761904761906,0.24849215922798554,0.10132689987937274,12.203860072376356,matched
2025,2,12266,14635,broad_fare_bounds,1034.0,508,235349.55000000002,68754244.5695,227.61078336557063,14686.797997355374,False,182.0,1.0,0.0,0.0,181.0,0.0,42.0,15.0,1002.0,3.0,0.005494505494505495,0.0,0.23204419889502761,0.08287292817679558,5.535911602209945,matched
2025,2,12266,14679,broad_fare_bounds,2309.0,901,753995.6799999999,297594608.07379997,326.5464183629276,22252.06552996098,False,427.0,4.0,0.0,0.0,423.0,0.0,122.0,49.0,6008.0,3.0,0.00936768149882904,0.0,0.28841607565011823,0.11583924349881797,14.203309692671395,matched
2025,2,12266,14747,broad_fare_bounds,4713.0,2079,1443278.48,556244081.9896,306.23349883301506,24244.40128767329,False,566.0,12.0,1.0,0.0,553.0,0.0,165.0,73.0,8724.0,3.0,0.02120141342756184,0.0017667844522968198,0.298372513562387,0.13200723327305605,15.775768535262205,matched
2025,2,12266,14771,broad_fare_bounds,4800.0,1741,1729652.76,779110518.9060001,360.344325,32466.658879044364,False,890.0,8.0,0.0,0.0,882.0,0.0,211.0,73.0,5916.0,3.0,0.008988764044943821,0.0,0.23922902494331066,0.08276643990929705,6.707482993197279,matched
2025,2,12266,14869,broad_fare_bounds,2292.0,1327,754907.11,295449924.1185,329.3661038394415,20422.82309646916,False,475.0,2.0,1.0,0.0,472.0,0.0,103.0,42.0,3180.0,3.0,0.004210526315789474,0.002105263157894737,0.21822033898305085,0.08898305084745763,6.737288135593221,matched
2025,2,12266,15016,broad_fare_bounds,1116.0,860,313905.08999999997,104774156.25710002,281.2769623655914,14766.923002511161,False,197.0,1.0,1.0,0.0,195.0,0.0,69.0,35.0,5053.0,3.0,0.005076142131979695,0.005076142131979695,0.35384615384615387,0.1794871794871795,25.912820512820513,matched
2025,2,12266,15304,broad_fare_bounds,3618.0,1417,628835.36,170207100.446,173.80745163073522,16835.497244086248,False,488.0,5.0,0.0,0.0,483.0,0.0,123.0,60.0,6986.0,3.0,0.010245901639344262,0.0,0.2546583850931677,0.12422360248447205,14.46376811594203,matched
2025,2,12478,10397,broad_fare_bounds,8630.0,2452,1527100.71,371485300.7669,176.95257358053303,11733.592122333805,False,1086.0,14.0,9.0,0.0,1063.0,0.0,295.0,118.0,15226.0,3.0,0.01289134438305709,0.008287292817679558,0.277516462841016,0.11100658513640639,14.323612417685794,matched
2025,2,12478,10721,broad_fare_bounds,3396.0,1426,627165.1,144210075.6746,184.67759128386336,8358.8738719955,False,1315.0,19.0,0.0,0.0,1296.0,0.0,350.0,160.0,12331.0,3.0,0.014448669201520912,0.0,0.2700617283950617,0.12345679012345678,9.51466049382716,matched
2025,2,12478,11278,broad_fare_bounds,1535.0,841,244690.96,49359437.2792,159.40779153094462,6745.141197402798,False,701.0,28.0,1.0,0.0,672.0,0.0,236.0,103.0,11830.0,3.0,0.039942938659058486,0.0014265335235378032,0.35119047619047616,0.15327380952380953,17.604166666666668,matched
2025,2,12478,11292,broad_fare_bounds,3894.0,1397,912408.24,276164305.5764,234.31130970724192,16018.678961047888,False,358.0,2.0,0.0,0.0,356.0,0.0,121.0,45.0,5125.0,3.0,0.00558659217877095,0.0,0.3398876404494382,0.12640449438202248,14.396067415730338,matched
2025,2,12478,11298,broad_fare_bounds,3086.0,1621,703090.11,251106833.0789,227.83218081659106,29462.177578426148,False,564.0,6.0,8.0,0.0,550.0,0.0,172.0,85.0,12366.0,3.0,0.010638297872340425,0.014184397163120567,0.31272727272727274,0.15454545454545454,22.483636363636364,matched
2025,2,12478,11433,broad_fare_bounds,1690.0,1157,370721.39,107729667.3021,219.36176923076923,15625.779467461543,False,229.0,2.0,0.0,0.0,227.0,0.0,83.0,49.0,7883.0,3.0,0.008733624454148471,0.0,0.3656387665198238,0.21585903083700442,34.72687224669603,matched
2025,2,12478,11697,broad_fare_bounds,10634.0,2485,2031177.81,542157565.2297,191.00788132405492,14499.397700692702,False,967.0,10.0,3.0,0.0,954.0,0.0,229.0,88.0,5035.0,3.0,0.010341261633919338,0.0031023784901758012,0.240041928721174,0.09224318658280922,5.277777777777778,matched
2025,2,12478,12173,broad_fare_bounds,2253.0,1381,1572217.65,1941603058.7115002,697.8329560585885,374814.81067222066,False,182.0,0.0,0.0,0.0,182.0,0.0,32.0,8.0,-317.0,3.0,0.0,0.0,0.17582417582417584,0.04395604395604396,-1.7417582417582418,matched
2025,2,12478,12266,broad_fare_bounds,748.0,293,145584.76,32814356.9078,194.63203208556152,5987.833192929444,False,72.0,0.0,0.0,0.0,72.0,0.0,21.0,5.0,615.0,3.0,0.0,0.0,0.2916666666666667,0.06944444444444445,8.541666666666666,matched
2025,2,12478,12889,broad_fare_bounds,12749.0,4293,4020943.92,2174238098.6682005,315.39288728527725,71069.1808084728,False,1040.0,4.0,2.0,0.0,1034.0,0.0,185.0,70.0,-781.0,3.0,0.0038461538461538464,0.0019230769230769232,0.17891682785299806,0.06769825918762089,-0.7553191489361702,matched
2025,2,12478,12892,broad_fare_bounds,30309.0,7974,13326718.91,11060431964.0571,439.6951040944934,171590.58054329065,False,2599.0,7.0,6.0,0.0,2586.0,0.0,516.0,199.0,6211.0,3.0,0.0026933435936898806,0.002308580223162755,0.19953596287703015,0.07695282289249807,2.4017788089713843,matched
2025,2,12478,13204,broad_fare_bounds,14665.0,3245,2579758.29,625852792.5287,175.91260075008523,11731.387823266785,False,1331.0,11.0,7.0,0.0,1313.0,0.0,369.0,130.0,14188.0,3.0,0.008264462809917356,0.005259203606311044,0.28103579588728106,0.09900990099009901,10.805788271134805,matched
2025,2,12478,13303,broad_fare_bounds,12535.0,3708,2312295.9,685501512.6486,184.4671639409653,20658.86284669151,False,1366.0,24.0,4.0,0.0,1338.0,0.0,365.0,130.0,14988.0,3.0,0.017569546120058566,0.0029282576866764276,0.27279521674140506,0.09715994020926756,11.201793721973095,matched
2025,2,12478,13487,broad_fare_bounds,2157.0,949,453724.63,133313407.0675,210.34985164580436,17557.950143232505,False,237.0,0.0,0.0,0.0,237.0,0.0,45.0,27.0,2072.0,3.0,0.0,0.0,0.189873417721519,0.11392405063291139,8.742616033755274,matched
2025,2,12478,13930,broad_fare_bounds,4260.0,2260,831095.0,210370536.4128,195.09272300469485,11321.584457092285,False,447.0,14.0,0.0,0.0,433.0,0.0,129.0,53.0,6794.0,3.0,0.03131991051454139,0.0,0.2979214780600462,0.12240184757505773,15.690531177829099,matched
2025,2,12478,14107,broad_fare_bounds,7493.0,2755,2395094.04,1161617260.8532,319.64420659281996,52854.57449916031,False,684.0,2.0,1.0,0.0,681.0,0.0,139.0,39.0,1330.0,3.0,0.0029239766081871343,0.0014619883040935672,0.20411160058737152,0.05726872246696035,1.9530102790014685,matched
2025,2,12478,14635,broad_fare_bounds,3243.0,1158,633321.07,169767080.0847,195.2886432315757,14211.121675741662,False,322.0,3.0,2.0,0.0,317.0,0.0,63.0,15.0,-565.0,3.0,0.009316770186335404,0.006211180124223602,0.19873817034700317,0.0473186119873817,-1.7823343848580442,matched
2025,2,12478,14679,broad_fare_bounds,7741.0,2754,2563669.15,1339176830.2307,331.1806161994574,63317.31060614402,False,632.0,4.0,1.0,0.0,627.0,0.0,121.0,35.0,-1608.0,3.0,0.006329113924050633,0.0015822784810126582,0.19298245614035087,0.05582137161084529,-2.5645933014354068,matched
2025,2,12478,14747,broad_fare_bounds,8714.0,3009,3049913.73,1585530482.1211,350.00157562543035,59450.98360104047,False,777.0,7.0,0.0,0.0,770.0,0.0,222.0,62.0,6970.0,3.0,0.009009009009009009,0.0,0.2883116883116883,0.08051948051948052,9.051948051948052,matched
2025,2,12478,14771,broad_fare_bounds,21778.0,7065,8992730.35,6902953523.5947,412.9272821195702,146460.18097782298,False,1790.0,9.0,1.0,0.0,1780.0,0.0,376.0,154.0,690.0,3.0,0.005027932960893855,0.0005586592178770949,0.21123595505617979,0.08651685393258426,0.38764044943820225,matched
2025,2,12478,14869,broad_fare_bounds,3796.0,1746,1413860.05,748289847.1998999,372.46049789251845,58399.05927991538,False,468.0,0.0,3.0,0.0,465.0,0.0,112.0,31.0,475.0,3.0,0.0,0.00641025641025641,0.24086021505376345,0.06666666666666667,1.021505376344086,matched
2025,2,12478,15304,broad_fare_bounds,7200.0,2197,1130791.65,252324853.25230002,157.05439583333333,10379.035256690542,False,670.0,8.0,6.0,0.0,656.0,0.0,186.0,48.0,4665.0,3.0,0.011940298507462687,0.008955223880597015,0.28353658536585363,0.07317073170731707,7.111280487804878,matched
2025,2,12889,10397,broad_fare_bounds,9039.0,3255,2667825.58,1299164558.0358,295.14609801969243,56617.573614523426,False,1295.0,18.0,8.0,0.0,1269.0,0.0,271.0,81.0,10515.0,3.0,0.013899613899613899,0.006177606177606178,0.21355397951142632,0.06382978723404255,8.286052009456265,matched
2025,2,12889,10721,broad_fare_bounds,6528.0,2087,2183513.19,1087295274.6085,334.48425091911764,54678.99829646706,False,489.0,1.0,4.0,0.0,484.0,0.0,99.0,37.0,996.0,3.0,0.002044989775051125,0.0081799591002045,0.20454545454545456,0.07644628099173553,2.0578512396694215,matched
2025,2,12889,10821,broad_fare_bounds,3948.0,1862,1018445.5700000001,332194241.7447,257.9649366767984,17596.50323477309,False,542.0,2.0,4.0,0.0,536.0,0.0,125.0,30.0,2958.0,3.0,0.0036900369003690036,0.007380073800738007,0.2332089552238806,0.055970149253731345,5.518656716417911,matched
2025,2,12889,11278,broad_fare_bounds,1744.0,1119,523081.32,223426685.7974,299.9319495412844,38152.45740892865,False,182.0,0.0,4.0,0.0,178.0,0.0,49.0,8.0,2363.0,3.0,0.0,0.02197802197802198,0.2752808988764045,0.0449438202247191,13.275280898876405,matched
2025,2,12889,11292,broad_fare_bounds,13072.0,3647,2015825.91,425357778.8697,154.20944843941248,8759.055778666101,False,1909.0,14.0,8.0,0.0,1887.0,0.0,604.0,238.0,29807.0,3.0,0.007333682556312206,0.0041906757464641176,0.320084790673026,0.12612612612612611,15.795972443031266,matched
2025,2,12889,11298,broad_fare_bounds,11117.0,2888,2122307.57,694792198.1765,190.90650085454706,26052.881735241826,False,1527.0,49.0,11.0,0.0,1467.0,0.0,346.0,147.0,16666.0,3.0,0.032089063523248196,0.007203667321545514,0.23585548738922973,0.10020449897750511,11.360599863667348,matched
2025,2,12889,11433,broad_fare_bounds,7952.0,2413,1864606.89,708922039.7465,234.48275779678067,34167.9921997512,False,857.0,2.0,1.0,0.0,854.0,0.0,161.0,39.0,3369.0,3.0,0.002333722287047841,0.0011668611435239206,0.1885245901639344,0.04566744730679157,3.9449648711943794,matched
2025,2,12889,11618,broad_fare_bounds,8181.0,2780,2546084.54,1281897040.5633998,311.21923236768123,59834.563559635615,False,712.0,8.0,6.0,0.0,698.0,0.0,200.0,97.0,10563.0,3.0,0.011235955056179775,0.008426966292134831,0.28653295128939826,0.13896848137535817,15.133237822349571,matched
2025,2,12889,11697,broad_fare_bounds,2690.0,1164,614928.1699999999,296701743.66569996,228.59783271375463,58041.076850953425,False,229.0,0.0,2.0,0.0,227.0,0.0,48.0,15.0,1580.0,3.0,0.0,0.008733624454148471,0.21145374449339208,0.06607929515418502,6.960352422907489,matched
2025,2,12889,12173,broad_fare_bounds,5028.0,1663,2057303.4100000001,1121780495.2525,409.16933373110584,55687.15785601988,False,539.0,2.0,16.0,0.0,521.0,0.0,101.0,22.0,2026.0,3.0,0.0037105751391465678,0.029684601113172542,0.19385796545105566,0.04222648752399232,3.888675623800384,matched
2025,2,12889,12266,broad_fare_bounds,7007.0,2114,1480281.78,487136803.63259995,211.2575681461396,24891.69039799644,False,921.0,10.0,4.0,0.0,907.0,0.0,180.0,71.0,4109.0,3.0,0.010857763300760043,0.004343105320304018,0.19845644983461963,0.0782800441014333,4.530319735391401,matched
2025,2,12889,12478,broad_fare_bounds,12805.0,4369,4198072.31,2370071580.3511004,327.84633424443575,77606.32273522297,False,1042.0,5.0,18.0,0.0,1019.0,0.0,273.0,115.0,9499.0,3.0,0.0047984644913627635,0.01727447216890595,0.267909715407262,0.11285574092247301,9.321884200196271,matched
2025,2,12889,12892,broad_fare_bounds,16634.0,4128,1732735.44,251712150.19340003,104.16829626067091,4281.354547199475,False,2252.0,4.0,0.0,0.0,2248.0,0.0,450.0,131.0,12804.0,3.0,0.0017761989342806395,0.0,0.2001779359430605,0.05827402135231317,5.695729537366548,matched
2025,2,12889,12953,broad_fare_bounds,12.0,12,4270.44,2196649.6688,355.86999999999995,56410.682166666724,True,,,,,,,,,,,,,,,,fare_only
2025,2,12889,13204,broad_fare_bounds,4135.0,1885,893993.52,273573585.25,216.20157678355503,19417.358305131653,False,393.0,2.0,1.0,0.0,390.0,0.0,119.0,29.0,4259.0,3.0,0.005089058524173028,0.002544529262086514,0.30512820512820515,0.07435897435897436,10.92051282051282,matched
2025,2,12889,13232,broad_fare_bounds,5427.0,2221,1081200.18,264534918.8544,199.22612493090105,9053.177947007061,False,747.0,2.0,3.0,0.0,742.0,0.0,128.0,34.0,801.0,3.0,0.002677376171352075,0.004016064257028112,0.1725067385444744,0.04582210242587601,1.0795148247978437,matched
2025,2,12889,13303,broad_fare_bounds,4511.0,1875,1279017.51,638914229.2521001,283.53303258700953,61243.741057396226,False,465.0,5.0,3.0,0.0,457.0,0.0,96.0,38.0,6115.0,3.0,0.010752688172043012,0.0064516129032258064,0.2100656455142232,0.08315098468271334,13.38074398249453,matched
2025,2,12889,13487,broad_fare_bounds,9082.0,1576,1668335.05,454339539.6603,183.69687844087207,16281.832061418601,False,674.0,3.0,2.0,0.0,669.0,0.0,103.0,29.0,-1205.0,3.0,0.004451038575667656,0.002967359050445104,0.15396113602391628,0.043348281016442454,-1.8011958146487295,matched
2025,2,12889,13796,broad_fare_bounds,9407.0,2179,1178328.5999999999,201614563.3606,125.26082704369085,5742.122716632895,False,1140.0,4.0,0.0,0.0,1136.0,0.0,262.0,84.0,9845.0,3.0,0.0035087719298245615,0.0,0.2306338028169014,0.07394366197183098,8.66637323943662,matched
2025,2,12889,13930,broad_fare_bounds,11622.0,4093,2595178.84,888989219.9642,223.29881603854756,26629.56957355953,False,1372.0,6.0,7.0,0.0,1359.0,0.0,261.0,92.0,3751.0,3.0,0.004373177842565598,0.00510204081632653,0.19205298013245034,0.06769683590875644,2.760117733627667,matched
2025,2,12889,14100,broad_fare_bounds,6311.0,2222,1735380.8399999999,773385420.5672,274.97715734431944,46933.18495867576,False,553.0,11.0,0.0,0.0,542.0,0.0,121.0,41.0,3796.0,3.0,0.019891500904159132,0.0,0.22324723247232472,0.07564575645756458,7.003690036900369,matched
2025,2,12889,14107,broad_fare_bounds,9106.0,2550,1359277.55,271415939.8299,149.27273775532618,7523.924727876973,False,1711.0,14.0,2.0,0.0,1695.0,0.0,362.0,124.0,10586.0,3.0,0.008182349503214495,0.0011689070718877848,0.2135693215339233,0.07315634218289085,6.24542772861357,matched
2025,2,12889,14635,broad_fare_bounds,272.0,143,41930.73,6829662.2011,154.1570955882353,1344.6420897261523,False,,,,,,,,,,,,,,,,fare_only
2025,2,12889,14679,broad_fare_bounds,11621.0,2343,1095701.89,145678220.1545,94.28636864297391,3645.8538706786658,False,1909.0,13.0,1.0,0.0,1895.0,0.0,604.0,189.0,24951.0,3.0,0.006809848088004191,0.0005238344683080147,0.3187335092348285,0.09973614775725594,13.166754617414249,matched
2025,2,12889,14747,broad_fare_bounds,14220.0,3590,2476527.16,575690920.9258001,174.15802812939523,10153.574833425366,False,1599.0,8.0,0.0,0.0,1591.0,0.0,356.0,78.0,7968.0,3.0,0.0050031269543464665,0.0,0.22375864236329351,0.04902576995600252,5.008170961659334,matched
2025,2,12889,14771,broad_fare_bounds,12050.0,3595,1783344.79,357839980.0257,147.9954182572614,7793.620077405973,False,1514.0,5.0,0.0,0.0,1509.0,0.0,367.0,84.0,6957.0,3.0,0.0033025099075297227,0.0,0.24320742213386348,0.055666003976143144,4.610337972166998,matched
2025,2,12889,14869,broad_fare_bounds,6020.0,1993,913897.0800000001,201086210.5786,151.810146179402,10356.704530045066,False,969.0,2.0,1.0,0.0,966.0,0.0,186.0,67.0,4045.0,3.0,0.0020639834881320948,0.0010319917440660474,0.19254658385093168,0.06935817805383022,4.187370600414079,matched
2025,2,12889,15016,broad_fare_bounds,3271.0,1495,860154.89,285318223.9641,262.96389177621523,18076.59631897208,False,507.0,3.0,1.0,0.0,503.0,0.0,111.0,31.0,2321.0,3.0,0.005917159763313609,0.0019723865877712033,0.220675944333996,0.061630218687872766,4.614314115308151,matched
2025,2,12889,15304,broad_fare_bounds,3299.0,1644,759882.6799999999,240072682.36080003,230.3372779630191,19716.08798980181,False,305.0,0.0,2.0,0.0,303.0,0.0,73.0,18.0,1861.0,3.0,0.0,0.006557377049180328,0.24092409240924093,0.0594059405940594,6.141914191419142,matched
2025,2,12892,10397,broad_fare_bounds,11673.0,3696,3244432.16,1704725970.8342,277.9433016362546,68787.6110981714,False,1413.0,21.0,9.0,0.0,1383.0,0.0,366.0,122.0,15993.0,3.0,0.014861995753715499,0.006369426751592357,0.2646420824295011,0.08821402747650037,11.563991323210413,matched
2025,2,12892,10721,broad_fare_bounds,14107.0,5524,5195138.0,3340564569.4726,368.26667611823916,101181.56704026676,False,1193.0,1.0,5.0,0.0,1187.0,0.0,230.0,73.0,1789.0,3.0,0.0008382229673093043,0.004191114836546521,0.1937657961246841,0.061499578770008424,1.5071609098567817,matched
2025,2,12892,10821,broad_fare_bounds,5232.0,2446,1210766.01,403507842.7943,231.41552178899082,23569.9149131834,False,473.0,1.0,1.0,0.0,471.0,0.0,52.0,9.0,-3410.0,3.0,0.0021141649048625794,0.0021141649048625794,0.11040339702760085,0.01910828025477707,-7.2399150743099785,matched
2025,2,12892,11278,broad_fare_bounds,4388.0,2150,1527892.5799999998,796954925.4222,348.19794439380127,60379.64216309445,False,364.0,3.0,6.0,0.0,355.0,0.0,95.0,43.0,4565.0,3.0,0.008241758241758242,0.016483516483516484,0.2676056338028169,0.12112676056338029,12.859154929577464,matched
2025,2,12892,11292,broad_fare_bounds,11243.0,3932,1931667.21,460417554.2185,171.8106564084319,11432.584088388849,False,1997.0,7.0,8.0,0.0,1982.0,0.0,448.0,176.0,16339.0,3.0,0.0035052578868302454,0.00400600901352028,0.2260343087790111,0.08879919273461151,8.243693239152371,matched
2025,2,12892,11298,broad_fare_bounds,14525.0,3636,2818749.77,943404634.3169,194.06194629948365,27290.366114938253,False,1707.0,23.0,13.0,0.0,1671.0,0.0,423.0,177.0,29388.0,3.0,0.013473930872876391,0.007615700058582308,0.25314183123877915,0.1059245960502693,17.587073608617594,matched
2025,2,12892,11433,broad_fare_bounds,6321.0,2048,1858579.3299999998,863438164.3149,294.0324837842113,50143.24752491771,False,710.0,4.0,2.0,0.0,704.0,0.0,131.0,32.0,2566.0,3.0,0.005633802816901409,0.0028169014084507044,0.18607954545454544,0.045454545454545456,3.6448863636363638,matched
2025,2,12892,11618,broad_fare_bounds,18143.0,5166,5998617.62,3868139326.8374,330.6298638593397,103886.74418743116,False,1339.0,19.0,12.0,0.0,1308.0,0.0,353.0,197.0,21363.0,3.0,0.014189693801344288,0.008961911874533234,0.2698776758409786,0.15061162079510704,16.33256880733945,matched
2025,2,12892,11697,broad_fare_bounds,6658.0,1730,2089102.95,1314360750.9664998,313.77334785220785,98957.03279319259,False,499.0,1.0,1.0,0.0,497.0,0.0,95.0,35.0,204.0,3.0,0.002004008016032064,0.002004008016032064,0.19114688128772636,0.07042253521126761,0.4104627766599598,matched
2025,2,12892,12173,broad_fare_bounds,17056.0,5547,5248749.57,2332776561.7323,307.7362552767355,42070.006107828565,False,1401.0,3.0,1.0,0.0,1397.0,0.0,285.0,68.0,4360.0,3.0,0.0021413276231263384,0.0007137758743754461,0.2040085898353615,0.048675733715103794,3.120973514674302,matched
2025,2,12892,12266,broad_fare_bounds,11388.0,3337,2118690.6599999997,612907543.901,186.04589567966278,19207.397470421864,False,1337.0,7.0,10.0,0.0,1320.0,0.0,231.0,91.0,5438.0,3.0,0.005235602094240838,0.0074794315632011965,0.175,0.06893939393939394,4.11969696969697,matched
2025,2,12892,12478,broad_fare_bounds,31037.0,8146,13710813.7,11351569515.962801,441.75705448335856,170593.8344969141,False,2596.0,7.0,8.0,0.0,2581.0,0.0,600.0,242.0,17838.0,3.0,0.002696456086286595,0.0030816640986132513,0.2324680356450988,0.09376210771018985,6.9112746997287875,matched
2025,2,12892,12889,broad_fare_bounds,16868.0,4054,1691367.3,229152966.3208,100.27076713303296,3530.843588218717,False,2224.0,5.0,0.0,0.0,2219.0,0.0,520.0,178.0,20910.0,3.0,0.0022482014388489208,0.0,0.23433979269941416,0.08021631365479946,9.423163587201442,matched
2025,2,12892,12953,broad_fare_bounds,6.0,6,1789.4699999999998,597830.3903,298.24499999999995,10688.31835833336,True,,,,,,,,,,,,,,,,fare_only
2025,2,12892,13204,broad_fare_bounds,10074.0,3856,2855305.46,1217750696.4302,283.43314075838794,40546.20826660973,False,783.0,1.0,5.0,0.0,777.0,0.0,165.0,47.0,5290.0,3.0,0.001277139208173691,0.006385696040868455,0.21235521235521235,0.06048906048906049,6.808236808236808,matched
2025,2,12892,13232,broad_fare_bounds,3065.0,1395,647705.0,169740568.8164,211.32300163132138,10722.872445280576,False,361.0,1.0,3.0,0.0,357.0,0.0,41.0,14.0,-1485.0,3.0,0.002770083102493075,0.008310249307479225,0.11484593837535013,0.0392156862745098,-4.159663865546219,matched
2025,2,12892,13303,broad_fare_bounds,7267.0,2405,2695406.93,1608177948.8544998,370.91054492913173,83724.10838618985,False,819.0,0.0,5.0,0.0,814.0,0.0,181.0,53.0,5772.0,3.0,0.0,0.006105006105006105,0.22235872235872237,0.06511056511056511,7.090909090909091,matched
2025,2,12892,13487,broad_fare_bounds,7209.0,1505,1679612.57,599943211.6755,232.9882882507976,28937.87682989001,False,606.0,3.0,1.0,0.0,602.0,0.0,105.0,30.0,-243.0,3.0,0.0049504950495049506,0.0016501650165016502,0.1744186046511628,0.04983388704318937,-0.40365448504983387,matched
2025,2,12892,13796,broad_fare_bounds,3862.0,1039,656403.67,127397978.1689,169.96469963749354,4099.5664309688145,False,577.0,6.0,0.0,0.0,571.0,0.0,65.0,22.0,-3196.0,3.0,0.010398613518197574,0.0,0.1138353765323993,0.03852889667250438,-5.5971978984238175,matched
2025,2,12892,13930,broad_fare_bounds,17498.0,4694,4094324.16,1526289683.6728,233.98812207109384,32476.08082775696,False,1861.0,18.0,5.0,0.0,1838.0,0.0,319.0,106.0,3098.0,3.0,0.00967221923696937,0.0026867275658248252,0.1735582154515778,0.05767138193688792,1.6855277475516866,matched
2025,2,12892,14100,broad_fare_bounds,8075.0,2735,2451252.5100000002,1280434771.2725,303.5606823529412,66418.68566161487,False,689.0,7.0,2.0,0.0,680.0,0.0,163.0,55.0,7060.0,3.0,0.010159651669085631,0.002902757619738752,0.23970588235294119,0.08088235294117647,10.382352941176471,matched
2025,2,12892,14107,broad_fare_bounds,10103.0,3628,1441005.93,282553943.0567,142.63148866673265,7623.589239157718,False,1949.0,0.0,0.0,0.0,1949.0,0.0,305.0,86.0,3739.0,3.0,0.0,0.0,0.15649050795279631,0.044125192406362236,1.918419702411493,matched
2025,2,12892,14679,broad_fare_bounds,253.0,159,48909.9,11465137.9362,193.3197628458498,7944.220029192773,False,637.0,0.0,0.0,0.0,637.0,0.0,68.0,15.0,-558.0,3.0,0.0,0.0,0.10675039246467818,0.023547880690737835,-0.8759811616954474,matched
2025,2,12892,14747,broad_fare_bounds,14788.0,3886,2775621.24,676212769.7752,187.694160129835,10498.03031477338,False,1877.0,12.0,0.0,0.0,1865.0,0.0,321.0,90.0,-1680.0,3.0,0.006393180607352157,0.0,0.17211796246648794,0.04825737265415549,-0.900804289544236,matched
2025,2,12892,14771,broad_fare_bounds,21658.0,5751,2926100.48,479436805.8976,135.10483331794256,3883.3912769253075,False,2777.0,3.0,2.0,0.0,2772.0,0.0,553.0,134.0,6757.0,3.0,0.0010803024846957148,0.0007202016564638099,0.1994949494949495,0.048340548340548344,2.4375901875901875,matched
2025,2,12892,14869,broad_fare_bounds,7626.0,2430,1313679.83,301864081.1875,172.2632874377131,9908.900476145274,False,990.0,1.0,0.0,0.0,989.0,0.0,104.0,33.0,-4255.0,3.0,0.00101010101010101,0.0,0.1051567239635996,0.033367037411526794,-4.3023255813953485,matched
2025,2,12892,15016,broad_fare_bounds,1805.0,1014,478753.11,155516495.2013,265.23718005540167,15807.961419471729,False,263.0,2.0,0.0,0.0,261.0,0.0,42.0,14.0,324.0,3.0,0.0076045627376425855,0.0,0.16091954022988506,0.05363984674329502,1.2413793103448276,matched
2025,2,12892,15304,broad_fare_bounds,2837.0,1181,952247.96,491046503.65919995,335.6531406415227,60423.50553955477,False,263.0,0.0,3.0,0.0,260.0,0.0,41.0,13.0,-211.0,3.0,0.0,0.011406844106463879,0.1576923076923077,0.05,-0.8115384615384615,matched
2025,2,12953,10397,broad_fare_bounds,17496.0,4620,3756172.31,1156719505.5677,214.68748914037494,20022.65109483298,False,1783.0,27.0,9.0,0.0,1747.0,0.0,490.0,223.0,29658.0,3.0,0.01514301738642737,0.005047672462142457,0.28048082427017745,0.1276473955352032,16.976531196336577,matched
2025,2,12953,10721,broad_fare_bounds,6771.0,2879,1524550.24,405305468.9076,225.1588007679811,9162.541007039174,False,1746.0,35.0,2.0,0.0,1709.0,0.0,418.0,192.0,16988.0,3.0,0.02004581901489118,0.001145475372279496,0.2445874780573435,0.11234640140433001,9.94031597425395,matched
2025,2,12953,11278,broad_fare_bounds,4848.0,1964,966151.9,224693959.5398,199.28875825082508,6631.7547663210935,False,1170.0,46.0,0.0,0.0,1124.0,0.0,323.0,116.0,12696.0,3.0,0.039316239316239315,0.0,0.2873665480427046,0.10320284697508897,11.295373665480428,matched
2025,2,12953,11292,broad_fare_bounds,9330.0,3996,2505850.41,906449217.2853,268.57989389067524,25019.09754143568,False,1131.0,16.0,10.0,0.0,1105.0,0.0,347.0,155.0,16009.0,3.0,0.014146772767462422,0.008841732979664015,0.31402714932126696,0.14027149321266968,14.487782805429864,matched
2025,2,12953,11298,broad_fare_bounds,14949.0,4400,3691796.4000000004,1516040494.0476,246.95942203491876,40425.21833119313,False,1750.0,48.0,16.0,0.0,1686.0,0.0,570.0,276.0,36287.0,3.0,0.027428571428571427,0.009142857142857144,0.33807829181494664,0.16370106761565836,21.522538552787662,matched
2025,2,12953,11433,broad_fare_bounds,8789.0,3143,1650103.27,433607963.17590004,187.74641825008533,14086.583739975722,False,886.0,16.0,1.0,0.0,869.0,0.0,211.0,92.0,11464.0,3.0,0.01805869074492099,0.001128668171557562,0.2428078250863061,0.10586881472957423,13.1921749136939,matched
2025,2,12953,11697,broad_fare_bounds,12639.0,3677,2334505.37,649067765.3263,184.70649339346468,17237.87203302375,False,946.0,22.0,4.0,0.0,920.0,0.0,251.0,111.0,10931.0,3.0,0.023255813953488372,0.004228329809725159,0.2728260869565217,0.12065217391304348,11.881521739130434,matched
2025,2,12953,12266,broad_fare_bounds,10698.0,3710,2589556.2399999998,908454214.6526,242.0598467003178,26325.166215773854,False,1095.0,11.0,7.0,0.0,1077.0,0.0,275.0,129.0,13083.0,3.0,0.01004566210045662,0.006392694063926941,0.255338904363974,0.11977715877437325,12.147632311977716,matched
2025,2,12953,12889,broad_fare_bounds,22.0,21,7267.38,2916532.6218000003,330.3354545454545,23448.152097520695,True,,,,,,,,,,,,,,,,fare_only
2025,2,12953,12892,broad_fare_bounds,10.0,10,3172.2799999999997,1082093.4427999998,317.22799999999995,7575.740296000018,True,,,,,,,,,,,,,,,,fare_only
2025,2,12953,13204,broad_fare_bounds,16298.0,4609,2849135.58,713958360.3798,174.81504356362746,13246.201978366611,False,1263.0,11.0,12.0,0.0,1240.0,0.0,414.0,189.0,21365.0,3.0,0.00870942201108472,0.009501187648456057,0.3338709677419355,0.15241935483870966,17.22983870967742,matched
2025,2,12953,13232,broad_fare_bounds,4975.0,1917,871619.8,192183474.0286,175.199959798995,7934.818112279787,False,580.0,10.0,1.0,0.0,569.0,0.0,163.0,72.0,11605.0,3.0,0.017241379310344827,0.0017241379310344827,0.28646748681898065,0.1265377855887522,20.395430579964852,matched
2025,2,12953,13303,broad_fare_bounds,17466.0,4793,3713240.8499999996,1269733361.7489002,212.5982394366197,27499.421415021352,False,1490.0,24.0,7.0,0.0,1459.0,0.0,380.0,177.0,22089.0,3.0,0.016107382550335572,0.004697986577181208,0.2604523646333105,0.12131596984235778,15.139821795750514,matched
2025,2,12953,13487,broad_fare_bounds,4564.0,2037,1399496.37,534651791.7701,306.6381178790535,23118.505454586455,False,572.0,7.0,2.0,0.0,563.0,0.0,123.0,51.0,5151.0,3.0,0.012237762237762238,0.0034965034965034965,0.21847246891651864,0.0905861456483126,9.149200710479574,matched
2025,2,12953,13796,broad_fare_bounds,1.0,1,234.0,54756.0,234.0,0.0,True,,,,,,,,,,,,,,,,fare_only
2025,2,12953,13930,broad_fare_bounds,27558.0,7361,5797130.43,1590922289.2287,210.3610722839103,13478.181138116488,False,2923.0,65.0,6.0,0.0,2852.0,0.0,799.0,365.0,53641.0,3.0,0.02223742730071844,0.0020526855969893944,0.28015427769985973,0.1279803646563815,18.80820476858345,matched
2025,2,12953,14100,broad_fare_bounds,12.0,12,3077.0,834287.0,256.4166666666667,3774.409722222219,True,95.0,0.0,0.0,0.0,95.0,0.0,20.0,6.0,-93.0,3.0,0.0,0.0,0.21052631578947367,0.06315789473684211,-0.9789473684210527,matched
2025,2,12953,14107,broad_fare_bounds,7.0,7,2141.95,670670.7725000001,305.99285714285713,2178.4817346938944,True,,,,,,,,,,,,,,,,fare_only
2025,2,12953,14635,broad_fare_bounds,2036.0,969,478618.61000000004,160077593.3819,235.07790275049118,23361.952026397215,False,216.0,5.0,0.0,0.0,211.0,0.0,59.0,22.0,2473.0,3.0,0.023148148148148147,0.0,0.2796208530805687,0.10426540284360189,11.72037914691943,matched
2025,2,12953,14679,broad_fare_bounds,4.0,4,965.85,293415.6497,241.4625,15049.77351875,True,,,,,,,,,,,,,,,,fare_only
2025,2,12953,14747,broad_fare_bounds,2.0,2,377.02,71252.9204,188.51,90.44010000000708,True,,,,,,,,,,,,,,,,fare_only
2025,2,12953,14771,broad_fare_bounds,10.0,10,5677.85,5352050.7059,567.7850000000001,212825.26436499995,True,,,,,,,,,,,,,,,,fare_only
2025,2,12953,14869,broad_fare_bounds,15.0,15,4738.59,1673188.0483,315.906,11749.26905066667,True,3.0,0.0,0.0,0.0,3.0,0.0,0.0,0.0,-12.0,1.0,0.0,0.0,0.0,0.0,-4.0,matched
2025,2,12953,15016,broad_fare_bounds,5805.0,3148,1176536.78,283258139.0368,202.67644788975022,7717.802524505685,False,665.0,22.0,0.0,0.0,643.0,0.0,172.0,67.0,8058.0,3.0,0.03308270676691729,0.0,0.26749611197511663,0.104199066874028,12.531881804043547,matched
2025,2,12953,15304,broad_fare_bounds,8318.0,2677,1513761.2,382451863.18,181.986198605434,12859.84813604231,False,669.0,6.0,5.0,0.0,658.0,0.0,213.0,93.0,14408.0,3.0,0.008968609865470852,0.007473841554559043,0.32370820668693007,0.1413373860182371,21.896656534954406,matched
2025,2,13204,10397,broad_fare_bounds,12478.0,3249,2056917.6700000002,505780576.6831,164.84353822728002,13360.393502010516,False,2130.0,22.0,8.0,0.0,2100.0,0.0,598.0,279.0,39868.0,3.0,0.010328638497652582,0.003755868544600939,0.28476190476190477,0.13285714285714287,18.984761904761903,matched
2025,2,13204,10721,broad_fare_bounds,15000.0,3470,3067384.07,869578970.4749,204.49227133333332,16154.842329927713,False,1192.0,4.0,1.0,0.0,1187.0,0.0,318.0,123.0,11571.0,3.0,0.003355704697986577,0.0008389261744966443,0.2679022746419545,0.10362257792754845,9.74810446503791,matched
2025,2,13204,10821,broad_fare_bounds,10981.0,3047,1830941.5,436076582.8608,166.73722793916767,11910.615848467209,False,1285.0,15.0,3.0,0.0,1267.0,0.0,331.0,111.0,14190.0,3.0,0.011673151750972763,0.0023346303501945525,0.2612470402525651,0.08760852407261246,11.199684293606946,matched
2025,2,13204,11278,broad_fare_bounds,10818.0,3521,1792798.54,390128030.1832,165.72365871695322,8598.529930854871,False,1161.0,12.0,11.0,0.0,1138.0,0.0,409.0,189.0,29073.0,3.0,0.0103359173126615,0.009474590869939707,0.359402460456942,0.16608084358523725,25.547451669595784,matched
2025,2,13204,11292,broad_fare_bounds,9378.0,3336,2188471.06,647956583.6647999,233.3622371507784,14635.325353323162,False,1129.0,3.0,5.0,0.0,1121.0,0.0,292.0,104.0,7351.0,3.0,0.002657218777679362,0.0044286979627989375,0.2604817127564674,0.0927743086529884,6.557537912578056,matched
2025,2,13204,11298,broad_fare_bounds,11275.0,2877,2227050.42,640398852.1766,197.52110155210642,17783.53880320344,False,1223.0,22.0,3.0,0.0,1198.0,0.0,370.0,166.0,27065.0,3.0,0.017988552739165987,0.0024529844644317253,0.3088480801335559,0.13856427378964942,22.591819699499165,matched
2025,2,13204,11433,broad_fare_bounds,12266.0,2411,2153213.0,563661636.6716,175.5432088700473,15137.75617731117,False,957.0,3.0,0.0,0.0,954.0,0.0,217.0,80.0,10289.0,3.0,0.003134796238244514,0.0,0.22746331236897274,0.08385744234800839,10.785115303983229,matched
2025,2,13204,11618,broad_fare_bounds,18726.0,4007,3529652.12,943564255.4926,188.48937947239133,14859.677327800346,False,1517.0,26.0,16.0,0.0,1475.0,0.0,579.0,352.0,53641.0,3.0,0.017139090309822018,0.01054713249835201,0.3925423728813559,0.23864406779661018,36.36677966101695,matched
2025,2,13204,11697,broad_fare_bounds,705.0,288,54211.17,6947302.6389,76.89527659574468,3941.44642151924,False,273.0,0.0,0.0,0.0,273.0,0.0,73.0,30.0,3484.0,3.0,0.0,0.0,0.2673992673992674,0.10989010989010989,12.761904761904763,matched
2025,2,13204,12173,broad_fare_bounds,39.0,38,20555.73,13997148.8619,527.0699999999999,81098.46796923084,False,,,,,,,,,,,,,,,,fare_only
2025,2,13204,12266,broad_fare_bounds,7606.0,2158,1312591.9000000001,318955490.9236,172.5732185117013,12153.205646622515,False,878.0,7.0,4.0,0.0,867.0,0.0,233.0,116.0,12738.0,3.0,0.007972665148063782,0.004555808656036446,0.2687427912341407,0.13379469434832755,14.69204152249135,matched
2025,2,13204,12478,broad_fare_bounds,14164.0,3211,2606949.9,685231163.4348,184.05463852019204,14502.25515038472,False,1335.0,11.0,2.0,0.0,1322.0,0.0,409.0,168.0,19905.0,3.0,0.008239700374531835,0.00149812734082397,0.3093797276853253,0.12708018154311648,15.056732223903177,matched
2025,2,13204,12889,broad_fare_bounds,4091.0,1917,861102.57,253591684.0945,210.48706184307014,17682.8976264198,False,384.0,1.0,2.0,0.0,381.0,0.0,101.0,40.0,3959.0,3.0,0.0026041666666666665,0.005208333333333333,0.2650918635170604,0.10498687664041995,10.391076115485564,matched
2025,2,13204,12892,broad_fare_bounds,10074.0,3883,2719740.72,1093610010.7544,269.9762477665277,35670.499927632074,False,783.0,1.0,0.0,0.0,782.0,0.0,164.0,65.0,5802.0,3.0,0.001277139208173691,0.0,0.20971867007672634,0.08312020460358056,7.419437340153452,matched
2025,2,13204,12953,broad_fare_bounds,16721.0,4732,2954918.56,761720430.0195999,176.71900962861073,14325.109058262027,False,1263.0,15.0,6.0,0.0,1242.0,0.0,363.0,175.0,19610.0,3.0,0.011876484560570071,0.004750593824228029,0.2922705314009662,0.14090177133655393,15.789049919484702,matched
2025,2,13204,13232,broad_fare_bounds,6478.0,2400,1178934.4700000002,259911119.21649998,181.990501698055,7001.581283122781,False,694.0,7.0,0.0,0.0,687.0,0.0,182.0,71.0,8085.0,3.0,0.010086455331412104,0.0,0.264919941775837,0.10334788937409024,11.768558951965066,matched
2025,2,13204,13303,broad_fare_bounds,1664.0,650,243483.2,44116949.927600004,146.32403846153846,5101.86586902737,False,943.0,10.0,0.0,0.0,933.0,0.0,207.0,102.0,13037.0,3.0,0.010604453870625663,0.0,0.22186495176848875,0.10932475884244373,13.97320471596999,matched
2025,2,13204,13487,broad_fare_bounds,9171.0,1482,1763086.79,477140510.4807,192.24586086577256,15068.626404544593,False,529.0,1.0,0.0,0.0,528.0,0.0,117.0,51.0,6079.0,3.0,0.001890359168241966,0.0,0.2215909090909091,0.09659090909090909,11.513257575757576,matched
2025,2,13204,13796,broad_fare_bounds,30.0,30,9118.04,3031516.9396,303.9346666666667,8674.283051555525,False,,,,,,,,,,,,,,,,fare_only
2025,2,13204,13930,broad_fare_bounds,15718.0,4668,2902378.36,728944606.9922,184.65315943504262,12279.633092142925,False,1460.0,9.0,2.0,0.0,1449.0,0.0,361.0,167.0,19596.0,3.0,0.0061643835616438354,0.0013698630136986301,0.24913733609385783,0.11525189786059352,13.523809523809524,matched
2025,2,13204,14100,broad_fare_bounds,18142.0,3980,3014953.68,729588420.0416,166.186400617352,12597.515154578341,False,1463.0,18.0,3.0,0.0,1442.0,0.0,410.0,195.0,28475.0,3.0,0.012303485987696514,0.002050580997949419,0.2843273231622746,0.13522884882108183,19.746879334257976,matched
2025,2,13204,14107,broad_fare_bounds,4538.0,2396,1188086.7,447584847.7848,261.8084398413398,30086.761229959026,False,488.0,1.0,0.0,0.0,487.0,0.0,120.0,40.0,4840.0,3.0,0.0020491803278688526,0.0,0.2464065708418891,0.08213552361396304,9.938398357289527,matched
2025,2,13204,14679,broad_fare_bounds,2527.0,1258,685761.92,256023027.1122,271.373929560744,27671.1991051363,False,248.0,1.0,0.0,0.0,247.0,0.0,52.0,18.0,1539.0,3.0,0.004032258064516129,0.0,0.21052631578947367,0.0728744939271255,6.230769230769231,matched
2025,2,13204,14747,broad_fare_bounds,5053.0,1899,1755356.45,811515331.0585,347.3889669503265,39921.60444555861,False,475.0,1.0,1.0,0.0,473.0,0.0,103.0,30.0,2523.0,3.0,0.002105263157894737,0.002105263157894737,0.21775898520084566,0.06342494714587738,5.334038054968287,matched
2025,2,13204,14771,broad_fare_bounds,4497.0,2008,1338734.05,632824540.5223,297.6949188347788,52099.225298242236,False,398.0,1.0,0.0,0.0,397.0,0.0,89.0,21.0,267.0,3.0,0.002512562814070352,0.0,0.22418136020151133,0.05289672544080604,0.672544080604534,matched
2025,2,13204,14869,broad_fare_bounds,3766.0,1174,1142253.76,445418980.10040003,303.30689325544347,26278.688487905223,False,373.0,0.0,2.0,0.0,371.0,0.0,75.0,23.0,1608.0,3.0,0.0,0.005361930294906166,0.20215633423180593,0.06199460916442048,4.334231805929919,matched
2025,2,13204,15016,broad_fare_bounds,5413.0,1980,1087872.03,284017332.9121,200.973957140218,12078.955510962136,False,633.0,3.0,2.0,0.0,628.0,0.0,165.0,72.0,7089.0,3.0,0.004739336492890996,0.00315955766192733,0.2627388535031847,0.11464968152866242,11.288216560509554,matched
2025,2,13232,10397,broad_fare_bounds,6707.0,2672,1074108.29,253382207.2245,160.14735202027734,12131.595168923788,False,958.0,12.0,8.0,0.0,938.0,0.0,212.0,66.0,6150.0,3.0,0.012526096033402923,0.008350730688935281,0.2260127931769723,0.07036247334754797,6.556503198294243,matched
2025,2,13232,10721,broad_fare_bounds,2789.0,1017,421473.67,80314697.2303,151.11999641448548,5959.698003262802,False,352.0,0.0,0.0,0.0,352.0,0.0,108.0,42.0,4797.0,3.0,0.0,0.0,0.3068181818181818,0.11931818181818182,13.627840909090908,matched
2025,2,13232,10821,broad_fare_bounds,3973.0,1831,690833.36,150709656.5026,173.88204379562043,7698.499859955802,False,496.0,2.0,1.0,0.0,493.0,0.0,108.0,34.0,3608.0,3.0,0.004032258064516129,0.0020161290322580645,0.21906693711967545,0.06896551724137931,7.318458417849898,matched
2025,2,13232,11278,broad_fare_bounds,3527.0,1241,642323.28,140006069.1712,182.1160419620074,6529.258791478816,False,525.0,4.0,4.0,0.0,517.0,0.0,125.0,37.0,3869.0,3.0,0.007619047619047619,0.007619047619047619,0.24177949709864605,0.07156673114119923,7.483558994197292,matched
2025,2,13232,11292,broad_fare_bounds,5025.0,2101,764062.33,144122880.7309,152.05220497512437,5561.297256909231,False,704.0,9.0,1.0,0.0,694.0,0.0,208.0,79.0,9556.0,3.0,0.01278409090909091,0.0014204545454545455,0.29971181556195964,0.1138328530259366,13.769452449567723,matched
2025,2,13232,11298,broad_fare_bounds,1006.0,380,98746.39,12039264.3855,98.15744532803181,2332.575554408044,False,71.0,1.0,0.0,0.0,70.0,0.0,23.0,14.0,2746.0,3.0,0.014084507042253521,0.0,0.32857142857142857,0.2,39.22857142857143,matched
2025,2,13232,11433,broad_fare_bounds,934.0,619,159940.62,35001999.901200004,171.24263383297645,8151.334984497615,False,509.0,1.0,0.0,0.0,508.0,0.0,92.0,31.0,2913.0,3.0,0.0019646365422396855,0.0,0.18110236220472442,0.0610236220472441,5.734251968503937,matched
2025,2,13232,11697,broad_fare_bounds,2495.0,1291,476068.13,114237232.6865,190.80886973947895,9378.441235355778,False,296.0,1.0,2.0,0.0,293.0,0.0,66.0,19.0,2460.0,3.0,0.0033783783783783786,0.006756756756756757,0.22525597269624573,0.06484641638225255,8.395904436860068,matched
2025,2,13232,12266,broad_fare_bounds,391.0,186,39180.23,4930561.4045,100.20519181585678,2569.051002456812,False,34.0,0.0,0.0,0.0,34.0,0.0,14.0,3.0,622.0,3.0,0.0,0.0,0.4117647058823529,0.08823529411764706,18.294117647058822,matched
2025,2,13232,12889,broad_fare_bounds,5272.0,2170,1035574.16,246301192.8578,196.4290895295903,8134.351947767398,False,734.0,4.0,6.0,0.0,724.0,0.0,131.0,35.0,533.0,3.0,0.005449591280653951,0.008174386920980926,0.18093922651933703,0.04834254143646409,0.7361878453038674,matched
2025,2,13232,12892,broad_fare_bounds,3039.0,1390,622160.86,157157341.8994,204.72552155314247,9800.965892052758,False,361.0,2.0,1.0,0.0,358.0,0.0,74.0,17.0,1024.0,3.0,0.00554016620498615,0.002770083102493075,0.20670391061452514,0.04748603351955307,2.8603351955307263,matched
2025,2,13232,12953,broad_fare_bounds,5016.0,1975,879963.11,194863844.1791,175.43124202551834,8072.3331050961315,False,580.0,6.0,4.0,0.0,570.0,0.0,159.0,59.0,7977.0,3.0,0.010344827586206896,0.006896551724137931,0.2789473684210526,0.10350877192982456,13.994736842105263,matched
2025,2,13232,13204,broad_fare_bounds,6224.0,2279,1130529.8399999999,245771238.22779998,181.64039845758353,6494.432458549461,False,681.0,7.0,2.0,0.0,672.0,0.0,160.0,47.0,5735.0,3.0,0.010279001468428781,0.002936857562408223,0.23809523809523808,0.06994047619047619,8.53422619047619,matched
2025,2,13232,13303,broad_fare_bounds,1315.0,768,233826.24000000002,52834918.2972,177.81463117870723,8560.602031708073,False,158.0,0.0,0.0,0.0,158.0,0.0,36.0,12.0,2070.0,3.0,0.0,0.0,0.22784810126582278,0.0759493670886076,13.10126582278481,matched
2025,2,13232,13487,broad_fare_bounds,2919.0,1466,481893.94000000006,104770772.7868,165.088708461802,8638.411996105126,False,693.0,1.0,0.0,0.0,692.0,0.0,132.0,52.0,4222.0,3.0,0.001443001443001443,0.0,0.1907514450867052,0.07514450867052024,6.101156069364162,matched
2025,2,13232,13796,broad_fare_bounds,710.0,461,159412.8,40351247.023,224.5250704225352,6421.235037671104,False,96.0,0.0,0.0,0.0,96.0,0.0,24.0,11.0,1269.0,3.0,0.0,0.0,0.25,0.11458333333333333,13.21875,matched
2025,2,13232,14100,broad_fare_bounds,2708.0,1432,487734.15,111638862.9243,180.10862259970457,8786.46121601267,False,396.0,0.0,1.0,0.0,395.0,0.0,111.0,34.0,4943.0,3.0,0.0,0.0025252525252525255,0.2810126582278481,0.08607594936708861,12.51392405063291,matched
2025,2,13232,14107,broad_fare_bounds,5560.0,2135,1086517.7,255938538.1816,195.4168525179856,7844.364935704871,False,755.0,9.0,1.0,0.0,745.0,0.0,166.0,39.0,3821.0,3.0,0.011920529801324504,0.0013245033112582781,0.22281879194630871,0.052348993288590606,5.128859060402685,matched
2025,2,13232,14635,broad_fare_bounds,2134.0,1076,426925.07,103380710.9261,200.05860824742268,8421.122584801546,False,288.0,1.0,0.0,0.0,287.0,0.0,62.0,17.0,2177.0,3.0,0.003472222222222222,0.0,0.21602787456445993,0.059233449477351915,7.585365853658536,matched
2025,2,13232,14679,broad_fare_bounds,1885.0,1041,445329.43,117942835.6023,236.24903448275862,6755.537261561149,False,263.0,0.0,1.0,0.0,262.0,0.0,66.0,19.0,2129.0,3.0,0.0,0.0038022813688212928,0.25190839694656486,0.07251908396946564,8.125954198473282,matched
2025,2,13232,14747,broad_fare_bounds,540.0,413,127889.91,35685081.2345,236.83316666666667,9993.53493423148,False,139.0,0.0,2.0,0.0,137.0,0.0,44.0,10.0,1433.0,3.0,0.0,0.014388489208633094,0.32116788321167883,0.072992700729927,10.459854014598541,matched
2025,2,13232,14771,broad_fare_bounds,752.0,467,167144.1,42950232.241,222.26609042553193,7712.455580193942,False,91.0,0.0,0.0,0.0,91.0,0.0,27.0,2.0,398.0,3.0,0.0,0.0,0.2967032967032967,0.02197802197802198,4.373626373626373,matched
2025,2,13232,14869,broad_fare_bounds,531.0,374,143504.17,45668211.4719,270.25267419962336,12967.656818460702,False,162.0,0.0,0.0,0.0,162.0,0.0,31.0,13.0,988.0,3.0,0.0,0.0,0.19135802469135801,0.08024691358024691,6.098765432098766,matched
2025,2,13232,15016,broad_fare_bounds,1624.0,800,316454.46,80121978.0468,194.8611206896552,11365.33702214306,False,491.0,4.0,1.0,0.0,486.0,0.0,78.0,23.0,400.0,3.0,0.008146639511201629,0.002036659877800407,0.16049382716049382,0.047325102880658436,0.823045267489712,matched
2025,2,13232,15304,broad_fare_bounds,4237.0,1873,742594.3099999999,162151249.4211,175.26417512390842,7552.766161728123,False,450.0,5.0,2.0,0.0,443.0,0.0,116.0,37.0,5809.0,3.0,0.011111111111111112,0.0044444444444444444,0.2618510158013544,0.0835214446952596,13.112866817155757,matched
2025,2,13303,10397,broad_fare_bounds,11326.0,3034,2004493.95,502005983.4903,176.9816307610807,13000.827774022582,False,1609.0,21.0,9.0,0.0,1579.0,0.0,467.0,173.0,27927.0,3.0,0.01305158483530143,0.005593536357986327,0.29575680810639643,0.10956301456618113,17.686510449651678,matched
2025,2,13303,10721,broad_fare_bounds,9106.0,3117,1892035.0300000003,583238412.4643,207.77894025916981,20877.814517644787,False,1055.0,9.0,2.0,0.0,1044.0,0.0,276.0,116.0,10589.0,3.0,0.008530805687203791,0.0018957345971563982,0.26436781609195403,0.1111111111111111,10.14272030651341,matched
2025,2,13303,10821,broad_fare_bounds,5058.0,2186,854011.76,204149509.41439998,168.84376433372876,11853.48933782662,False,717.0,7.0,5.0,0.0,705.0,0.0,188.0,70.0,10298.0,3.0,0.009762900976290097,0.00697350069735007,0.26666666666666666,0.09929078014184398,14.60709219858156,matched
2025,2,13303,11278,broad_fare_bounds,7584.0,1932,1567894.01,479813977.06229997,206.73707937763714,20526.39090996943,False,990.0,19.0,10.0,0.0,961.0,0.0,264.0,88.0,10750.0,3.0,0.01919191919191919,0.010101010101010102,0.27471383975026015,0.09157127991675339,11.186264308012486,matched
2025,2,13303,11292,broad_fare_bounds,4600.0,2365,1050768.85,348642948.6533,228.42801086956524,23612.589209586833,False,634.0,3.0,8.0,0.0,623.0,0.0,135.0,47.0,4324.0,3.0,0.00473186119873817,0.012618296529968454,0.21669341894060995,0.0754414125200642,6.940609951845907,matched
2025,2,13303,11298,broad_fare_bounds,6198.0,2184,1496874.75,529269525.19810003,241.5093175217812,27066.848323654915,False,1162.0,19.0,8.0,0.0,1135.0,0.0,384.0,174.0,23291.0,3.0,0.016351118760757316,0.0068846815834767644,0.3383259911894273,0.15330396475770924,20.52070484581498,matched
2025,2,13303,11433,broad_fare_bounds,3764.0,1538,784487.53,240148741.9055,208.41857863974496,20363.168422501512,False,429.0,2.0,0.0,0.0,427.0,0.0,99.0,38.0,4200.0,3.0,0.004662004662004662,0.0,0.23185011709601874,0.08899297423887588,9.836065573770492,matched
2025,2,13303,11618,broad_fare_bounds,9592.0,3271,2046672.58,638885145.4032,213.37287114261886,21078.058874033435,False,898.0,16.0,6.0,0.0,876.0,0.0,329.0,177.0,25390.0,3.0,0.017817371937639197,0.0066815144766146995,0.3755707762557078,0.20205479452054795,28.984018264840184,matched
2025,2,13303,12266,broad_fare_bounds,6289.0,2336,1128297.67,313467501.6239,179.40812052790585,17656.50139182456,False,967.0,13.0,2.0,0.0,952.0,0.0,272.0,121.0,15760.0,3.0,0.01344364012409514,0.002068252326783868,0.2857142857142857,0.12710084033613445,16.554621848739497,matched
2025,2,13303,12478,broad_fare_bounds,12754.0,3862,2496806.62,786131028.602,195.76655323819978,23313.45479867339,False,1364.0,22.0,2.0,0.0,1340.0,0.0,403.0,155.0,20452.0,3.0,0.016129032258064516,0.001466275659824047,0.30074626865671644,0.11567164179104478,15.26268656716418,matched
2025,2,13303,12889,broad_fare_bounds,4382.0,1814,1246720.28,649378461.7804,284.50942035600184,67246.64481321948,False,467.0,5.0,1.0,0.0,461.0,0.0,127.0,48.0,5503.0,3.0,0.010706638115631691,0.0021413276231263384,0.2754880694143167,0.10412147505422993,11.937093275488069,matched
2025,2,13303,12892,broad_fare_bounds,7131.0,2210,2658109.36,1587924286.6844,372.75408217641285,83733.44157524439,False,819.0,0.0,1.0,0.0,818.0,0.0,205.0,83.0,9495.0,3.0,0.0,0.001221001221001221,0.2506112469437653,0.10146699266503667,11.60757946210269,matched
2025,2,13303,12953,broad_fare_bounds,17690.0,4741,3850069.3300000005,1365367826.1007,217.64100226116452,29815.425570634805,False,1471.0,24.0,13.0,0.0,1434.0,0.0,427.0,203.0,28879.0,3.0,0.016315431679129844,0.008837525492861998,0.297768479776848,0.14156206415620642,20.138772663877266,matched
2025,2,13303,13204,broad_fare_bounds,1712.0,647,248520.57,44113581.5093,145.1638843457944,4694.725600624472,False,944.0,10.0,2.0,0.0,932.0,0.0,291.0,143.0,20452.0,3.0,0.01059322033898305,0.00211864406779661,0.31223175965665234,0.15343347639484978,21.94420600858369,matched
2025,2,13303,13232,broad_fare_bounds,1235.0,708,223820.63,52615409.8789,181.23127935222672,9758.79413650091,False,158.0,0.0,0.0,0.0,158.0,0.0,23.0,7.0,322.0,3.0,0.0,0.0,0.14556962025316456,0.04430379746835443,2.037974683544304,matched
2025,2,13303,13487,broad_fare_bounds,2841.0,1190,630232.02,195030828.4722,221.83457233368532,19438.07738278965,False,286.0,0.0,1.0,0.0,285.0,0.0,66.0,24.0,1447.0,3.0,0.0,0.0034965034965034965,0.23157894736842105,0.08421052631578947,5.077192982456141,matched
2025,2,13303,13930,broad_fare_bounds,8810.0,2751,2025259.7,701897597.5668,229.88191827468785,26824.85956031568,False,1087.0,11.0,5.0,0.0,1071.0,0.0,283.0,100.0,9809.0,3.0,0.010119595216191352,0.004599816007359705,0.2642390289449113,0.09337068160597572,9.158730158730158,matched
2025,2,13303,14100,broad_fare_bounds,6801.0,2138,1454471.36,475868481.12,213.86139685340393,24233.672163965566,False,825.0,10.0,1.0,0.0,814.0,0.0,202.0,76.0,10008.0,3.0,0.012121212121212121,0.0012121212121212121,0.24815724815724816,0.09336609336609336,12.294840294840295,matched
2025,2,13303,14107,broad_fare_bounds,3240.0,1235,1026837.57,509958898.1467,316.9251759259259,56953.15451453699,False,487.0,1.0,1.0,0.0,485.0,0.0,103.0,38.0,4331.0,3.0,0.002053388090349076,0.002053388090349076,0.21237113402061855,0.07835051546391752,8.929896907216495,matched
2025,2,13303,14679,broad_fare_bounds,1388.0,794,431721.28,212635919.7742,311.038386167147,56451.029948836454,False,124.0,0.0,0.0,0.0,124.0,0.0,38.0,10.0,1453.0,3.0,0.0,0.0,0.3064516129032258,0.08064516129032258,11.71774193548387,matched
2025,2,13303,14747,broad_fare_bounds,2612.0,1188,746110.78,323936255.3428,285.6473124042879,42424.08739660532,False,273.0,0.0,1.0,0.0,272.0,0.0,78.0,17.0,1779.0,3.0,0.0,0.003663003663003663,0.2867647058823529,0.0625,6.540441176470588,matched
2025,2,13303,14771,broad_fare_bounds,4358.0,2031,1388961.6,811587736.3738,318.715374024782,84649.91292421761,False,455.0,0.0,4.0,0.0,451.0,0.0,90.0,28.0,1437.0,3.0,0.0,0.008791208791208791,0.19955654101995565,0.06208425720620843,3.186252771618625,matched
2025,2,13303,14869,broad_fare_bounds,1437.0,834,404111.91000000003,169542514.6137,281.21914405010443,38899.4496750502,False,185.0,1.0,0.0,0.0,184.0,0.0,48.0,14.0,1998.0,3.0,0.005405405405405406,0.0,0.2608695652173913,0.07608695652173914,10.858695652173912,matched
2025,2,13303,15016,broad_fare_bounds,1526.0,1016,390476.25,120816600.1635,255.88220838794234,13696.379417075834,False,278.0,2.0,1.0,0.0,275.0,0.0,92.0,36.0,5338.0,3.0,0.007194244604316547,0.0035971223021582736,0.33454545454545453,0.13090909090909092,19.41090909090909,matched
2025,2,13303,15304,broad_fare_bounds,1533.0,671,370906.37,102304385.51190001,241.94805609915198,8195.897126945318,False,791.0,11.0,0.0,0.0,780.0,0.0,240.0,101.0,15168.0,3.0,0.01390644753476612,0.0,0.3076923076923077,0.1294871794871795,19.446153846153845,matched
2025,2,13487,10397,broad_fare_bounds,5465.0,1748,1337922.96,467156080.6616,244.8166440988106,25546.252796276807,False,883.0,3.0,8.0,0.0,872.0,0.0,168.0,51.0,4821.0,3.0,0.0033975084937712344,0.009060022650056626,0.1926605504587156,0.058486238532110095,5.5286697247706424,matched
2025,2,13487,10721,broad_fare_bounds,5489.0,1356,1631369.0399999998,639809941.218,297.2069666605939,28230.223599124627,False,459.0,0.0,1.0,0.0,458.0,0.0,107.0,34.0,2628.0,3.0,0.0,0.002178649237472767,0.2336244541484716,0.07423580786026202,5.737991266375546,matched
2025,2,13487,10821,broad_fare_bounds,3303.0,1428,616568.63,150786858.8577,186.66927944293067,10806.066293819276,False,352.0,2.0,2.0,0.0,348.0,0.0,70.0,21.0,1952.0,3.0,0.005681818181818182,0.005681818181818182,0.20114942528735633,0.0603448275862069,5.609195402298851,matched
2025,2,13487,11278,broad_fare_bounds,3689.0,1726,929975.21,284567310.66749996,252.09412035782054,13587.97184818935,False,588.0,13.0,3.0,0.0,572.0,0.0,152.0,65.0,7405.0,3.0,0.022108843537414966,0.00510204081632653,0.26573426573426573,0.11363636363636363,12.945804195804195,matched
2025,2,13487,11292,broad_fare_bounds,11216.0,3439,1719345.6400000001,350922086.0632,153.29401212553495,7788.578341392149,False,1458.0,5.0,5.0,0.0,1448.0,0.0,419.0,145.0,20209.0,3.0,0.003429355281207133,0.003429355281207133,0.2893646408839779,0.10013812154696132,13.956491712707182,matched
2025,2,13487,11298,broad_fare_bounds,6623.0,2331,1518497.25,465800423.9033,229.2763475766269,17763.08630803984,False,816.0,19.0,5.0,0.0,792.0,0.0,243.0,100.0,12914.0,3.0,0.023284313725490197,0.006127450980392157,0.3068181818181818,0.12626262626262627,16.305555555555557,matched
2025,2,13487,11433,broad_fare_bounds,3901.0,1105,818615.45,242279277.7947,209.84759036144578,18070.955698423328,False,541.0,1.0,0.0,0.0,540.0,0.0,82.0,35.0,1431.0,3.0,0.0018484288354898336,0.0,0.15185185185185185,0.06481481481481481,2.65,matched
2025,2,13487,11618,broad_fare_bounds,4043.0,2025,925184.3300000001,272570593.0029,228.83609448429385,15051.947624939865,False,488.0,14.0,2.0,0.0,472.0,0.0,170.0,103.0,14261.0,3.0,0.028688524590163935,0.004098360655737705,0.3601694915254237,0.21822033898305085,30.213983050847457,matched
2025,2,13487,11697,broad_fare_bounds,2153.0,852,465749.42,144686827.8846,216.32578727357176,20405.581946535334,False,175.0,1.0,1.0,0.0,173.0,0.0,33.0,13.0,797.0,3.0,0.005714285714285714,0.005714285714285714,0.1907514450867052,0.07514450867052024,4.606936416184971,matched
2025,2,13487,12173,broad_fare_bounds,334.0,226,289815.42,338910339.7024,867.7108383233533,261779.51693163253,False,91.0,1.0,1.0,0.0,89.0,0.0,6.0,3.0,-901.0,3.0,0.01098901098901099,0.01098901098901099,0.06741573033707865,0.033707865168539325,-10.123595505617978,matched
2025,2,13487,12266,broad_fare_bounds,3141.0,1474,806116.65,262044162.9593,256.64331423113657,17561.195239222827,False,498.0,5.0,4.0,0.0,489.0,0.0,149.0,71.0,9483.0,3.0,0.010040160642570281,0.008032128514056224,0.3047034764826176,0.14519427402862986,19.392638036809817,matched
2025,2,13487,12478,broad_fare_bounds,2110.0,883,414039.33,111914855.77910002,196.22717061611374,14535.113521046733,False,237.0,0.0,3.0,0.0,234.0,0.0,62.0,28.0,3149.0,3.0,0.0,0.012658227848101266,0.26495726495726496,0.11965811965811966,13.457264957264957,matched
2025,2,13487,12889,broad_fare_bounds,8816.0,1510,1563683.04,412412172.1724,177.36876588021778,15320.285973204718,False,673.0,2.0,1.0,0.0,670.0,0.0,99.0,24.0,-1714.0,3.0,0.0029717682020802376,0.0014858841010401188,0.14776119402985075,0.03582089552238806,-2.5582089552238805,matched
2025,2,13487,12892,broad_fare_bounds,6977.0,1425,1565051.2400000002,544819510.2404,224.3157861545077,27770.3613254569,False,606.0,3.0,0.0,0.0,603.0,0.0,93.0,26.0,-569.0,3.0,0.0049504950495049506,0.0,0.15422885572139303,0.04311774461028192,-0.9436152570480929,matched
2025,2,13487,12953,broad_fare_bounds,4680.0,2102,1434843.68,549206811.8478,306.5905299145299,23354.129840189285,False,572.0,7.0,2.0,0.0,563.0,0.0,128.0,43.0,2087.0,3.0,0.012237762237762238,0.0034965034965034965,0.22735346358792186,0.0763765541740675,3.7069271758436946,matched
2025,2,13487,13204,broad_fare_bounds,8906.0,1395,1618895.7500000002,412147275.74189997,181.77585335728725,13235.023499793882,False,528.0,1.0,3.0,0.0,524.0,0.0,119.0,30.0,4745.0,3.0,0.001893939393939394,0.005681818181818182,0.22709923664122136,0.05725190839694656,9.055343511450381,matched
2025,2,13487,13232,broad_fare_bounds,2934.0,1449,477674.55,102281116.78130001,162.80659509202454,8354.652260969655,False,710.0,3.0,0.0,0.0,707.0,0.0,97.0,26.0,377.0,3.0,0.004225352112676056,0.0,0.1371994342291372,0.036775106082036775,0.5332390381895332,matched
2025,2,13487,13303,broad_fare_bounds,2760.0,1221,569028.54,164524908.6456,206.16976086956524,17104.503849942805,False,286.0,0.0,0.0,0.0,286.0,0.0,53.0,11.0,377.0,3.0,0.0,0.0,0.1853146853146853,0.038461538461538464,1.3181818181818181,matched
2025,2,13487,13796,broad_fare_bounds,153.0,35,13818.02,1341130.5204,90.31385620915033,608.966333495664,False,,,,,,,,,,,,,,,,fare_only
2025,2,13487,13930,broad_fare_bounds,7613.0,3082,1479674.3,357582698.769,194.36152633652964,9193.608740321019,False,1616.0,13.0,1.0,0.0,1602.0,0.0,382.0,154.0,17971.0,3.0,0.008044554455445545,0.0006188118811881188,0.23845193508114856,0.09612983770287141,11.21785268414482,matched
2025,2,13487,14100,broad_fare_bounds,3365.0,1697,863728.03,294245970.3823,256.67994947994055,21558.48537221142,False,510.0,4.0,1.0,0.0,505.0,0.0,96.0,40.0,2237.0,3.0,0.00784313725490196,0.00196078431372549,0.1900990099009901,0.07920792079207921,4.42970297029703,matched
2025,2,13487,14107,broad_fare_bounds,9107.0,2696,1795151.28,510016774.5384,197.11774239595917,17147.316016864344,False,840.0,1.0,0.0,0.0,839.0,0.0,149.0,61.0,3233.0,3.0,0.0011904761904761906,0.0,0.17759237187127533,0.07270560190703218,3.8533969010727054,matched
2025,2,13487,14635,broad_fare_bounds,5128.0,1016,961095.66,283539185.894,187.42115054602183,20165.66527145316,False,328.0,2.0,1.0,0.0,325.0,0.0,63.0,18.0,1583.0,3.0,0.006097560975609756,0.003048780487804878,0.19384615384615383,0.055384615384615386,4.8707692307692305,matched
2025,2,13487,14679,broad_fare_bounds,3785.0,1102,945389.0399999999,335180848.0786,249.77253368560105,26168.72714377859,False,339.0,0.0,0.0,0.0,339.0,0.0,70.0,13.0,444.0,3.0,0.0,0.0,0.20648967551622419,0.038348082595870206,1.3097345132743363,matched
2025,2,13487,14747,broad_fare_bounds,6106.0,1630,1437454.56,448691093.0804,235.4167310841795,18062.600635956827,False,683.0,3.0,1.0,0.0,679.0,0.0,89.0,16.0,-3345.0,3.0,0.004392386530014641,0.0014641288433382138,0.13107511045655376,0.023564064801178203,-4.926362297496318,matched
2025,2,13487,14771,broad_fare_bounds,5509.0,1703,1334517.24,484158428.738,242.2431003811944,29203.273735386734,False,507.0,1.0,0.0,0.0,506.0,0.0,87.0,16.0,-1674.0,3.0,0.0019723865877712033,0.0,0.17193675889328064,0.03162055335968379,-3.308300395256917,matched
2025,2,13487,14869,broad_fare_bounds,2269.0,755,665729.16,262661705.37260002,293.4020096959013,29676.259107728416,False,441.0,0.0,0.0,0.0,441.0,0.0,48.0,13.0,-1481.0,3.0,0.0,0.0,0.10884353741496598,0.02947845804988662,-3.3582766439909295,matched
2025,2,13487,15016,broad_fare_bounds,2526.0,1543,577550.64,159739216.9838,228.64237529691212,10960.675692774428,False,440.0,1.0,0.0,0.0,439.0,0.0,77.0,31.0,2837.0,3.0,0.0022727272727272726,0.0,0.17539863325740318,0.07061503416856492,6.462414578587699,matched
2025,2,13487,15304,broad_fare_bounds,4499.0,1001,836897.62,220717898.0084,186.0185863525228,14456.409383020487,False,357.0,1.0,1.0,0.0,355.0,0.0,66.0,12.0,846.0,3.0,0.0028011204481792717,0.0028011204481792717,0.18591549295774648,0.03380281690140845,2.3830985915492957,matched
2025,2,13796,10821,broad_fare_bounds,28.0,28,9259.88,3494717.1541999998,330.71,15442.222835714289,True,,,,,,,,,,,,,,,,fare_only
2025,2,13796,11278,broad_fare_bounds,80.0,74,22605.73,6756160.0833,282.571625,4605.277786109378,False,,,,,,,,,,,,,,,,fare_only
2025,2,13796,11292,broad_fare_bounds,2264.0,1204,510024.26,138141913.622,225.27573321554772,10267.59032366734,False,462.0,0.0,2.0,0.0,460.0,0.0,132.0,44.0,5790.0,3.0,0.0,0.004329004329004329,0.28695652173913044,0.09565217391304348,12.58695652173913,matched
2025,2,13796,12173,broad_fare_bounds,1961.0,944,648008.71,278158058.3679,330.4480928097909,32649.064775250954,False,188.0,0.0,0.0,0.0,188.0,0.0,23.0,10.0,2264.0,3.0,0.0,0.0,0.12234042553191489,0.05319148936170213,12.042553191489361,matched
2025,2,13796,12889,broad_fare_bounds,9291.0,2173,1118411.44,182509115.81780002,120.37578732106338,5153.3159163616165,False,1129.0,5.0,0.0,0.0,1124.0,0.0,181.0,52.0,2625.0,3.0,0.0044286979627989375,0.0,0.1610320284697509,0.046263345195729534,2.3354092526690393,matched
2025,2,13796,12892,broad_fare_bounds,3951.0,1054,664617.19,127309670.7909,168.21493039736774,3925.876090649428,False,585.0,4.0,0.0,0.0,581.0,0.0,80.0,27.0,-1134.0,3.0,0.006837606837606838,0.0,0.13769363166953527,0.04647160068846816,-1.9518072289156627,matched
2025,2,13796,13204,broad_fare_bounds,7.0,7,2128.62,688482.9373999999,304.0885714285714,5884.846069387757,True,,,,,,,,,,,,,,,,fare_only
2025,2,13796,13232,broad_fare_bounds,710.0,470,163230.85,42266116.8267,229.90260563380284,6674.533932224753,False,95.0,0.0,1.0,0.0,94.0,0.0,5.0,1.0,-450.0,3.0,0.0,0.010526315789473684,0.05319148936170213,0.010638297872340425,-4.787234042553192,matched
2025,2,13796,13303,broad_fare_bounds,3.0,3,804.45,218777.0025,268.15000000000003,1021.2449999999808,True,,,,,,,,,,,,,,,,fare_only
2025,2,13796,13487,broad_fare_bounds,179.0,40,17388.14,1909913.4498,97.1404469273743,1233.6411115321007,False,,,,,,,,,,,,,,,,fare_only
2025,2,13796,14107,broad_fare_bounds,4360.0,1562,701300.21,132404152.5819,160.84867201834862,4495.629614039219,False,552.0,0.0,1.0,0.0,551.0,0.0,114.0,32.0,3432.0,3.0,0.0,0.0018115942028985507,0.20689655172413793,0.05807622504537205,6.228675136116152,matched
2025,2,13796,14679,broad_fare_bounds,6877.0,1822,979027.36,198127198.60660002,142.36256507197905,8543.020555671392,False,874.0,8.0,0.0,0.0,866.0,0.0,168.0,38.0,5142.0,3.0,0.009153318077803204,0.0,0.19399538106235567,0.04387990762124711,5.937644341801386,matched
2025,2,13796,14747,broad_fare_bounds,5257.0,2421,884473.6,180444662.62260002,168.2468327943694,6017.648988466059,False,493.0,0.0,0.0,0.0,493.0,0.0,120.0,27.0,3310.0,3.0,0.0,0.0,0.2434077079107505,0.05476673427991886,6.713995943204869,matched
2025,2,13796,14869,broad_fare_bounds,2147.0,1135,365430.6,84140160.884,170.20521658127618,10219.82602029544,False,468.0,0.0,1.0,0.0,467.0,0.0,49.0,21.0,-1119.0,3.0,0.0,0.002136752136752137,0.10492505353319058,0.044967880085653104,-2.3961456102783725,matched
2025,2,13796,15016,broad_fare_bounds,17.0,15,4706.02,1411246.6199999999,276.824705882353,6382.589271972291,True,,,,,,,,,,,,,,,,fare_only
2025,2,13796,15304,broad_fare_bounds,6.0,6,1770.71,536168.3341,295.11833333333334,2266.5583472222206,True,,,,,,,,,,,,,,,,fare_only
2025,2,13930,10397,broad_fare_bounds,12720.0,4678,2442365.5500000003,687899843.7449,192.0098702830189,17212.386108937564,False,1623.0,20.0,9.0,0.0,1594.0,0.0,435.0,155.0,23369.0,3.0,0.012322858903265557,0.005545286506469501,0.2728983688833124,0.0972396486825596,14.66060225846926,matched
2025,2,13930,10721,broad_fare_bounds,16144.0,5720,3049727.25,752434946.0619,188.90778307730426,10921.56418941752,False,1858.0,14.0,4.0,0.0,1840.0,0.0,510.0,216.0,24872.0,3.0,0.007534983853606028,0.002152852529601722,0.27717391304347827,0.11739130434782609,13.517391304347827,matched
2025,2,13930,10821,broad_fare_bounds,3861.0,2337,762621.61,189076336.3021,197.5191945091945,9956.987873502963,False,679.0,9.0,5.0,0.0,665.0,0.0,160.0,55.0,6474.0,3.0,0.013254786450662739,0.007363770250368188,0.24060150375939848,0.08270676691729323,9.735338345864662,matched
2025,2,13930,11278,broad_fare_bounds,10402.0,2906,2230355.42,577524205.7092,214.41601807344742,9546.26780083336,False,1670.0,26.0,8.0,0.0,1636.0,0.0,460.0,182.0,29690.0,3.0,0.015568862275449102,0.004790419161676647,0.28117359413202936,0.11124694376528117,18.1479217603912,matched
2025,2,13930,11292,broad_fare_bounds,12363.0,4178,2385184.23,599242243.5397,192.9292429022082,11248.924683613492,False,1613.0,4.0,4.0,0.0,1605.0,0.0,424.0,180.0,18965.0,3.0,0.0024798512089274642,0.0024798512089274642,0.2641744548286604,0.11214953271028037,11.81619937694704,matched
2025,2,13930,11298,broad_fare_bounds,13563.0,3913,2899696.55,840754051.9952999,213.79462876944626,16280.653582836094,False,1706.0,35.0,7.0,0.0,1664.0,0.0,525.0,235.0,31075.0,3.0,0.020515826494724502,0.004103165298944901,0.3155048076923077,0.14122596153846154,18.674879807692307,matched
2025,2,13930,11433,broad_fare_bounds,3618.0,2226,731871.85,174589771.6481,202.28630458817025,7336.130370230057,False,1592.0,18.0,0.0,0.0,1574.0,0.0,323.0,120.0,13669.0,3.0,0.011306532663316583,0.0,0.20520965692503176,0.07623888182973317,8.684243964421855,matched
2025,2,13930,11618,broad_fare_bounds,12411.0,4349,2731858.39,779533984.4523001,220.11589638224157,14358.917585053801,False,1488.0,47.0,7.0,0.0,1434.0,0.0,582.0,324.0,50633.0,3.0,0.031586021505376344,0.004704301075268817,0.40585774058577406,0.22594142259414227,35.30892608089261,matched
2025,2,13930,11697,broad_fare_bounds,7688.0,2573,1413808.78,388544179.83280003,183.8981243496358,16720.52510428631,False,688.0,3.0,2.0,0.0,683.0,0.0,122.0,32.0,1490.0,3.0,0.00436046511627907,0.0029069767441860465,0.17862371888726208,0.04685212298682284,2.1815519765739384,matched
2025,2,13930,12173,broad_fare_bounds,927.0,650,762185.37,885865328.1197,822.2064401294498,279602.5979862487,False,97.0,0.0,0.0,0.0,97.0,0.0,9.0,0.0,-1354.0,3.0,0.0,0.0,0.09278350515463918,0.0,-13.958762886597938,matched
2025,2,13930,12266,broad_fare_bounds,10163.0,3421,2128649.9899999998,602735293.8493,209.45094853881724,15437.128243299841,False,1447.0,10.0,8.0,0.0,1429.0,0.0,391.0,147.0,15137.0,3.0,0.006910850034554251,0.0055286800276434,0.2736179146256123,0.10286913925822254,10.592722183344996,matched
2025,2,13930,12478,broad_fare_bounds,4147.0,2277,831746.12,220595645.8626,200.5657390884977,12967.415136438314,False,443.0,7.0,2.0,0.0,434.0,0.0,107.0,47.0,8008.0,3.0,0.01580135440180587,0.004514672686230248,0.2465437788018433,0.10829493087557604,18.451612903225808,matched
2025,2,13930,12889,broad_fare_bounds,11526.0,3965,2469959.15,822188620.8228999,214.2945644629533,25411.22683778967,False,1371.0,4.0,1.0,0.0,1366.0,0.0,278.0,95.0,2811.0,3.0,0.0029175784099197666,0.0007293946024799417,0.20351390922401172,0.06954612005856516,2.0578330893118593,matched
2025,2,13930,12892,broad_fare_bounds,17308.0,4646,4036970.17,1498418396.1907,233.2430188352207,32171.44018905511,False,1863.0,13.0,1.0,0.0,1849.0,0.0,353.0,127.0,4894.0,3.0,0.006977992485238862,0.0005367686527106817,0.19091400757166035,0.06868577609518658,2.6468361276365604,matched
2025,2,13930,12953,broad_fare_bounds,27984.0,7419,5882747.8,1616864746.9234,210.21826043453402,13586.468618936458,False,2921.0,61.0,20.0,0.0,2840.0,0.0,764.0,357.0,49252.0,3.0,0.020883259157822662,0.006846970215679562,0.26901408450704223,0.12570422535211268,17.34225352112676,matched
2025,2,13930,13204,broad_fare_bounds,15673.0,4533,2828136.46,689975321.1318,180.446402092771,11462.277311134698,False,1459.0,9.0,9.0,0.0,1441.0,0.0,310.0,112.0,8827.0,3.0,0.00616860863605209,0.00616860863605209,0.21512838306731435,0.0777238029146426,6.125607217210271,matched
2025,2,13930,13303,broad_fare_bounds,8817.0,2787,1923113.52,628390195.2562,218.11427015991833,23696.460633631446,False,1086.0,10.0,6.0,0.0,1070.0,0.0,211.0,66.0,5080.0,3.0,0.009208103130755065,0.0055248618784530384,0.197196261682243,0.0616822429906542,4.747663551401869,matched
2025,2,13930,13487,broad_fare_bounds,7673.0,3067,1500525.14,363727171.9378,195.55912159520395,9160.145135915496,False,1616.0,8.0,1.0,0.0,1607.0,0.0,477.0,169.0,24493.0,3.0,0.0049504950495049506,0.0006188118811881188,0.2968263845675171,0.10516490354698195,15.241443683883011,matched
2025,2,13930,13796,broad_fare_bounds,1.0,1,266.35,70942.32250000001,266.35,0.0,True,,,,,,,,,,,,,,,,fare_only
2025,2,13930,14100,broad_fare_bounds,9728.0,3213,2248384.23,650845817.0077,231.1250236430921,13485.60430614664,False,1162.0,19.0,3.0,0.0,1140.0,0.0,324.0,130.0,19942.0,3.0,0.016351118760757316,0.0025817555938037868,0.28421052631578947,0.11403508771929824,17.49298245614035,matched
2025,2,13930,14107,broad_fare_bounds,11171.0,3646,2616279.38,862754765.1589999,234.20279115567092,22380.702884251346,False,1499.0,7.0,1.0,0.0,1491.0,0.0,303.0,86.0,5473.0,3.0,0.004669779853235491,0.00066711140760507,0.20321931589537223,0.05767940979208585,3.670690811535882,matched
2025,2,13930,14635,broad_fare_bounds,6231.0,2366,1315768.52,421332853.3312,211.16490450970952,23028.200842323575,False,696.0,5.0,2.0,0.0,689.0,0.0,125.0,42.0,1175.0,3.0,0.007183908045977011,0.0028735632183908046,0.18142235123367198,0.06095791001451379,1.7053701015965166,matched
2025,2,13930,14679,broad_fare_bounds,5901.0,2481,1659278.32,597361862.3892,281.18595492289444,22165.07430895508,False,854.0,3.0,1.0,0.0,850.0,0.0,184.0,78.0,6465.0,3.0,0.00351288056206089,0.00117096018735363,0.2164705882352941,0.09176470588235294,7.605882352941176,matched
2025,2,13930,14747,broad_fare_bounds,10989.0,3839,2469464.38,716302048.8582,224.7214833014833,14683.806572428992,False,1533.0,7.0,1.0,0.0,1525.0,0.0,343.0,106.0,10515.0,3.0,0.0045662100456621,0.0006523157208088715,0.22491803278688524,0.06950819672131148,6.895081967213115,matched
2025,2,13930,14771,broad_fare_bounds,15844.0,4583,4159824.5599999996,1637526602.959,262.54888664478665,34421.18758478672,False,1449.0,15.0,0.0,0.0,1434.0,0.0,279.0,89.0,127.0,3.0,0.010351966873706004,0.0,0.19456066945606695,0.06206415620641562,0.08856345885634588,matched
2025,2,13930,14869,broad_fare_bounds,3413.0,1907,1033702.22,383174214.3646,302.8720246117785,20537.57109508055,False,801.0,3.0,1.0,0.0,797.0,0.0,209.0,76.0,10956.0,3.0,0.003745318352059925,0.0012484394506866417,0.26223337515683814,0.09535759096612297,13.7465495608532,matched
2025,2,13930,15016,broad_fare_bounds,1836.0,1443,434750.52,121096619.0598,236.79222222222222,9886.207688852577,False,842.0,7.0,1.0,0.0,834.0,0.0,194.0,69.0,6338.0,3.0,0.00831353919239905,0.0011876484560570072,0.23261390887290168,0.08273381294964029,7.599520383693045,matched
2025,2,13930,15304,broad_fare_bounds,8155.0,2894,1491925.3699999999,391182588.2469,182.94609074187613,14499.162983050017,False,818.0,5.0,4.0,0.0,809.0,0.0,157.0,53.0,4409.0,3.0,0.006112469437652812,0.004889975550122249,0.19406674907292953,0.06551297898640297,5.449938195302843,matched
2025,2,14100,10397,broad_fare_bounds,11415.0,3927,2111953.52,571146901.2262,185.0156390713973,15803.983445844322,False,1473.0,19.0,6.0,0.0,1448.0,0.0,424.0,190.0,26688.0,3.0,0.012898845892735914,0.004073319755600814,0.292817679558011,0.13121546961325967,18.430939226519335,matched
2025,2,14100,10721,broad_fare_bounds,8684.0,3479,1668444.2,389608556.83959997,192.12853523721787,7951.729222543552,False,1317.0,19.0,1.0,0.0,1297.0,0.0,337.0,153.0,14993.0,3.0,0.01442672741078208,0.0007593014426727411,0.25983037779491136,0.117964533538936,11.559753276792598,matched
2025,2,14100,11278,broad_fare_bounds,49.0,45,10075.3,2427703.6468,205.61836734693875,7266.059393252828,False,287.0,10.0,1.0,0.0,276.0,0.0,74.0,31.0,4290.0,3.0,0.03484320557491289,0.003484320557491289,0.26811594202898553,0.11231884057971014,15.543478260869565,matched
2025,2,14100,11292,broad_fare_bounds,6589.0,3496,1604631.9,518443153.5458,243.53193200789192,19375.32960651169,False,781.0,9.0,9.0,0.0,763.0,0.0,215.0,91.0,13443.0,3.0,0.011523687580025609,0.011523687580025609,0.2817824377457405,0.11926605504587157,17.618610747051115,matched
2025,2,14100,11298,broad_fare_bounds,6678.0,2424,1894718.22,717663966.0043999,283.7253998203055,26966.798665481037,False,847.0,29.0,6.0,0.0,812.0,0.0,264.0,98.0,16133.0,3.0,0.03423848878394333,0.0070838252656434475,0.3251231527093596,0.1206896551724138,19.86822660098522,matched
2025,2,14100,11433,broad_fare_bounds,3612.0,2061,843213.11,256496598.7997,233.44770487264674,16514.516487174238,False,709.0,11.0,0.0,0.0,698.0,0.0,148.0,76.0,5407.0,3.0,0.015514809590973202,0.0,0.21203438395415472,0.10888252148997135,7.7464183381088825,matched
2025,2,14100,11697,broad_fare_bounds,7798.0,2192,1263791.15,322372262.7557,162.0660618107207,15074.968982297793,False,665.0,6.0,2.0,0.0,657.0,0.0,173.0,71.0,8980.0,3.0,0.009022556390977444,0.0030075187969924814,0.2633181126331811,0.1080669710806697,13.668188736681888,matched
2025,2,14100,12266,broad_fare_bounds,4381.0,2705,1162203.03,407094324.2141,265.2825907327094,22547.84146502972,False,440.0,9.0,5.0,0.0,426.0,0.0,116.0,48.0,4301.0,3.0,0.020454545454545454,0.011363636363636364,0.27230046948356806,0.11267605633802817,10.0962441314554,matched
2025,2,14100,12889,broad_fare_bounds,6004.0,2074,1576934.25,657770546.2233,262.64727681545634,40571.795427011326,False,556.0,12.0,2.0,0.0,542.0,0.0,141.0,50.0,5231.0,3.0,0.02158273381294964,0.0035971223021582736,0.26014760147601473,0.09225092250922509,9.65129151291513,matched
2025,2,14100,12892,broad_fare_bounds,8008.0,2713,2384657.02,1218153007.1304,297.78434315684314,63441.49385306507,False,688.0,6.0,2.0,0.0,680.0,0.0,186.0,59.0,5704.0,3.0,0.00872093023255814,0.0029069767441860465,0.2735294117647059,0.08676470588235294,8.388235294117647,matched
2025,2,14100,12953,broad_fare_bounds,14.0,14,3803.0,1097971.0,271.64285714285717,4636.658163265296,True,93.0,1.0,0.0,0.0,92.0,0.0,17.0,7.0,423.0,3.0,0.010752688172043012,0.0,0.18478260869565216,0.07608695652173914,4.5978260869565215,matched
2025,2,14100,13204,broad_fare_bounds,18009.0,3801,2920394.91,682373521.0319,162.16308012660338,11593.830153825606,False,1464.0,21.0,14.0,0.0,1429.0,0.0,445.0,187.0,21956.0,3.0,0.014344262295081968,0.009562841530054645,0.311406578026592,0.13086074177746676,15.364590622813155,matched
2025,2,14100,13232,broad_fare_bounds,2491.0,1330,451087.06999999995,103160763.1821,181.08674026495382,8620.985989615001,False,395.0,2.0,1.0,0.0,392.0,0.0,111.0,50.0,6099.0,3.0,0.005063291139240506,0.002531645569620253,0.28316326530612246,0.12755102040816327,15.558673469387756,matched
2025,2,14100,13303,broad_fare_bounds,6645.0,2093,1354060.67,425712930.79330003,203.77135741158764,22542.38525955699,False,826.0,12.0,3.0,0.0,811.0,0.0,210.0,79.0,10794.0,3.0,0.014527845036319613,0.0036319612590799033,0.2589395807644883,0.09741060419235512,13.309494451294698,matched
2025,2,14100,13487,broad_fare_bounds,3420.0,1695,866933.86,285619301.8136,253.489432748538,19257.523219795192,False,510.0,6.0,0.0,0.0,504.0,0.0,122.0,54.0,8121.0,3.0,0.011764705882352941,0.0,0.24206349206349206,0.10714285714285714,16.113095238095237,matched
2025,2,14100,13930,broad_fare_bounds,9486.0,3029,2147290.94,596143091.243,226.36421463208939,11603.759648249958,False,1163.0,22.0,2.0,0.0,1139.0,0.0,335.0,144.0,20972.0,3.0,0.018916595012897677,0.0017196904557179708,0.29411764705882354,0.1264266900790167,18.4126426690079,matched
2025,2,14100,14107,broad_fare_bounds,4222.0,1493,1403942.34,574837431.7802,332.5301610611085,25576.56545227152,False,625.0,4.0,0.0,0.0,621.0,0.0,158.0,51.0,5242.0,3.0,0.0064,0.0,0.25442834138486314,0.0821256038647343,8.44122383252818,matched
2025,2,14100,14635,broad_fare_bounds,3780.0,1509,792493.26,233892774.71940002,209.6543015873016,17921.46925435349,False,397.0,5.0,2.0,0.0,390.0,0.0,101.0,38.0,4788.0,3.0,0.012594458438287154,0.005037783375314861,0.258974358974359,0.09743589743589744,12.276923076923078,matched
2025,2,14100,14679,broad_fare_bounds,2947.0,1201,979226.07,435987831.7421,332.27895147607734,37533.6341854293,False,272.0,5.0,0.0,0.0,267.0,0.0,87.0,30.0,6292.0,3.0,0.01838235294117647,0.0,0.3258426966292135,0.11235955056179775,23.56554307116105,matched
2025,2,14100,14747,broad_fare_bounds,2985.0,1302,1036004.5,483205736.89320004,347.0701842546064,41420.256009915815,False,290.0,1.0,0.0,0.0,289.0,0.0,106.0,29.0,3734.0,3.0,0.0034482758620689655,0.0,0.36678200692041524,0.10034602076124567,12.920415224913494,matched
2025,2,14100,14771,broad_fare_bounds,5463.0,2609,1867252.08,961167030.6597999,341.7997583745195,59114.17186371608,False,443.0,3.0,0.0,0.0,440.0,0.0,102.0,24.0,2878.0,3.0,0.006772009029345372,0.0,0.2318181818181818,0.05454545454545454,6.540909090909091,matched
2025,2,14100,14869,broad_fare_bounds,1283.0,832,448203.13,200404569.4923,349.3399298519096,34161.589632652904,False,177.0,3.0,0.0,0.0,174.0,0.0,43.0,14.0,1166.0,3.0,0.01694915254237288,0.0,0.2471264367816092,0.08045977011494253,6.7011494252873565,matched
2025,2,14100,15016,broad_fare_bounds,1852.0,1105,519631.92,171821275.38099998,280.57879049676023,14051.608943785497,False,365.0,4.0,1.0,0.0,360.0,0.0,97.0,44.0,5248.0,3.0,0.010958904109589041,0.0027397260273972603,0.26944444444444443,0.12222222222222222,14.577777777777778,matched
2025,2,14100,15304,broad_fare_bounds,8343.0,2299,1393431.25,336681503.2191,167.01800910943305,12459.953255811019,False,725.0,8.0,0.0,0.0,717.0,0.0,208.0,74.0,8874.0,3.0,0.011034482758620689,0.0,0.2900976290097629,0.10320781032078104,12.376569037656903,matched
2025,2,14107,10397,broad_fare_bounds,6421.0,3049,1786673.12,717357805.9808,278.25465192337646,34294.92273389612,False,994.0,6.0,9.0,0.0,979.0,0.0,192.0,63.0,8628.0,3.0,0.006036217303822937,0.009054325955734407,0.1961184882533197,0.06435137895812053,8.813074565883555,matched
2025,2,14107,10721,broad_fare_bounds,6183.0,2822,1877062.28,847437850.356,303.58438945495715,44895.85057630116,False,550.0,2.0,0.0,0.0,548.0,0.0,123.0,32.0,1417.0,3.0,0.0036363636363636364,0.0,0.22445255474452555,0.058394160583941604,2.585766423357664,matched
2025,2,14107,10821,broad_fare_bounds,2345.0,1267,657788.61,214400046.7285,280.5068699360341,12744.48727412596,False,331.0,1.0,2.0,0.0,328.0,0.0,59.0,13.0,516.0,3.0,0.0030211480362537764,0.006042296072507553,0.1798780487804878,0.039634146341463415,1.5731707317073171,matched
2025,2,14107,11278,broad_fare_bounds,2610.0,1233,911876.47,420542656.2745,349.37795785440613,39062.497076787506,False,273.0,1.0,3.0,0.0,269.0,0.0,47.0,12.0,396.0,3.0,0.003663003663003663,0.01098901098901099,0.17472118959107807,0.04460966542750929,1.4721189591078068,matched
2025,2,14107,11292,broad_fare_bounds,15272.0,4811,2437478.24,500230136.7608,159.60438973284442,7281.1622432236945,False,2274.0,28.0,6.0,0.0,2240.0,0.0,733.0,281.0,40129.0,3.0,0.012313104661389622,0.002638522427440633,0.32723214285714286,0.12544642857142857,17.914732142857144,matched
2025,2,14107,11298,broad_fare_bounds,8289.0,2353,1770088.01,554773885.5679,213.5466292677042,21326.765294392768,False,1381.0,28.0,5.0,0.0,1348.0,0.0,295.0,125.0,12588.0,3.0,0.020275162925416364,0.003620564808110065,0.21884272997032642,0.09272997032640949,9.338278931750741,matched
2025,2,14107,11433,broad_fare_bounds,6126.0,2563,1552050.32,593673079.6142,253.35460659484167,32721.83829174043,False,634.0,2.0,4.0,0.0,628.0,0.0,121.0,30.0,3580.0,3.0,0.0031545741324921135,0.006309148264984227,0.1926751592356688,0.04777070063694268,5.7006369426751595,matched
2025,2,14107,11618,broad_fare_bounds,6336.0,2589,2029989.03,958276223.2923001,320.3896827651515,48593.54197504143,False,606.0,12.0,5.0,0.0,589.0,0.0,169.0,86.0,11297.0,3.0,0.019801980198019802,0.00825082508250825,0.2869269949066214,0.1460101867572156,19.179966044142613,matched
2025,2,14107,11697,broad_fare_bounds,477.0,226,95171.58,22293916.665400002,199.5211320754717,6929.088642324277,False,29.0,0.0,0.0,0.0,29.0,0.0,4.0,3.0,265.0,1.0,0.0,0.0,0.13793103448275862,0.10344827586206896,9.137931034482758,matched
2025,2,14107,12173,broad_fare_bounds,2328.0,1308,1018505.54,588042563.1582,437.5023797250859,61187.27046607231,False,371.0,0.0,2.0,0.0,369.0,0.0,55.0,14.0,-559.0,3.0,0.0,0.005390835579514825,0.14905149051490515,0.037940379403794036,-1.5149051490514904,matched
2025,2,14107,12266,broad_fare_bounds,4160.0,1959,908219.9199999999,277124934.3492,218.32209615384613,18952.033088009994,False,843.0,9.0,9.0,0.0,825.0,0.0,142.0,63.0,4695.0,3.0,0.010676156583629894,0.010676156583629894,0.17212121212121212,0.07636363636363637,5.6909090909090905,matched
2025,2,14107,12478,broad_fare_bounds,7247.0,2685,2414369.35,1208035652.7809,333.1543190285636,55702.78406212422,False,684.0,2.0,1.0,0.0,681.0,0.0,157.0,59.0,5271.0,3.0,0.0029239766081871343,0.0014619883040935672,0.2305433186490455,0.08663729809104258,7.740088105726873,matched
2025,2,14107,12889,broad_fare_bounds,9084.0,2480,1326452.68,255818026.5772,146.0207705856451,6839.320134104568,False,1702.0,11.0,2.0,0.0,1689.0,0.0,389.0,145.0,17161.0,3.0,0.006462984723854289,0.0011750881316098707,0.23031379514505623,0.08584961515689757,10.160449970396684,matched
2025,2,14107,12892,broad_fare_bounds,10069.0,3588,1444266.99,281712367.6287,143.43698381169926,7404.01894570448,False,1951.0,0.0,0.0,0.0,1951.0,0.0,287.0,81.0,719.0,3.0,0.0,0.0,0.14710404920553563,0.041517170681701694,0.3685289595079446,matched
2025,2,14107,12953,broad_fare_bounds,32.0,32,9790.51,3384898.6365,305.9534375,12170.57647255859,False,,,,,,,,,,,,,,,,fare_only
2025,2,14107,13204,broad_fare_bounds,4632.0,2455,1252165.97,491724206.74909997,270.3294408462867,33080.06913476941,False,487.0,0.0,5.0,0.0,482.0,0.0,95.0,24.0,2608.0,3.0,0.0,0.01026694045174538,0.1970954356846473,0.04979253112033195,5.410788381742739,matched
2025,2,14107,13232,broad_fare_bounds,6000.0,2197,1186834.84,283783795.67579997,197.80580666666668,8170.162128249278,False,755.0,4.0,3.0,0.0,748.0,0.0,161.0,37.0,4284.0,3.0,0.005298013245033113,0.003973509933774834,0.21524064171122995,0.04946524064171123,5.7272727272727275,matched
2025,2,14107,13303,broad_fare_bounds,3237.0,1236,1017805.4400000001,505856786.9892,314.4286190917516,57407.97898854723,False,487.0,1.0,2.0,0.0,484.0,0.0,66.0,21.0,-667.0,3.0,0.002053388090349076,0.004106776180698152,0.13636363636363635,0.04338842975206612,-1.378099173553719,matched
2025,2,14107,13487,broad_fare_bounds,10023.0,2920,2116189.65,642224827.6479,211.13335827596526,19497.815034875835,False,842.0,1.0,3.0,0.0,838.0,0.0,134.0,39.0,1356.0,3.0,0.0011876484560570072,0.0035629453681710215,0.15990453460620524,0.046539379474940336,1.6181384248210025,matched
2025,2,14107,13796,broad_fare_bounds,4374.0,1561,709275.88,136875528.4816,162.15726566072246,4998.008957864033,False,552.0,1.0,0.0,0.0,551.0,0.0,144.0,41.0,5712.0,3.0,0.0018115942028985507,0.0,0.2613430127041742,0.07441016333938294,10.366606170598912,matched
2025,2,14107,13930,broad_fare_bounds,11654.0,3696,2793840.27,948965780.9675001,239.73230392998113,23956.75443865107,False,1500.0,9.0,4.0,0.0,1487.0,0.0,280.0,101.0,4395.0,3.0,0.006,0.0026666666666666666,0.1882985877605918,0.06792199058507062,2.9556153328850034,matched
2025,2,14107,14100,broad_fare_bounds,4381.0,1560,1490910.77,630802810.8327,340.3128897511984,28173.170128467405,False,625.0,5.0,3.0,0.0,617.0,0.0,123.0,30.0,1677.0,3.0,0.008,0.0048,0.1993517017828201,0.04862236628849271,2.717990275526742,matched
2025,2,14107,14635,broad_fare_bounds,3.0,3,908.66,302241.3956,302.88666666666666,9006.799022222229,True,,,,,,,,,,,,,,,,fare_only
2025,2,14107,14679,broad_fare_bounds,7393.0,2424,1182234.46,249419142.2414,159.91268226700933,8165.137112716173,False,1374.0,10.0,0.0,0.0,1364.0,0.0,326.0,92.0,10754.0,3.0,0.00727802037845706,0.0,0.23900293255131966,0.06744868035190615,7.8841642228739,matched
2025,2,14107,14747,broad_fare_bounds,14639.0,4589,2827651.2,721508676.7044001,193.15876767538768,11976.436607457399,False,1936.0,4.0,1.0,0.0,1931.0,0.0,353.0,84.0,3262.0,3.0,0.002066115702479339,0.0005165289256198347,0.1828068358363542,0.04350077679958571,1.689280165717245,matched
2025,2,14107,14771,broad_fare_bounds,9259.0,3756,1401792.49,283057717.3275,151.39782805918566,7649.787120836187,False,1320.0,6.0,0.0,0.0,1314.0,0.0,309.0,90.0,10233.0,3.0,0.004545454545454545,0.0,0.23515981735159816,0.0684931506849315,7.787671232876712,matched
2025,2,14107,14869,broad_fare_bounds,8016.0,3314,1448113.6199999999,361445957.8344,180.6528967065868,12455.094513615084,False,1433.0,4.0,0.0,0.0,1429.0,0.0,226.0,60.0,2301.0,3.0,0.0027913468248429866,0.0,0.15815255423372987,0.04198740377886634,1.6102169349195241,matched
2025,2,14107,15016,broad_fare_bounds,3260.0,1709,877783.14,279233354.3528,269.2586319018405,13154.192322054689,False,589.0,1.0,2.0,0.0,586.0,0.0,101.0,31.0,1448.0,3.0,0.001697792869269949,0.003395585738539898,0.17235494880546076,0.052901023890784986,2.47098976109215,matched
2025,2,14107,15304,broad_fare_bounds,2456.0,1271,776833.53,321826464.1577,316.30029723127035,30990.955911841622,False,334.0,0.0,3.0,0.0,331.0,0.0,72.0,22.0,2263.0,3.0,0.0,0.008982035928143712,0.2175226586102719,0.06646525679758308,6.836858006042296,matched
2025,2,14635,10397,broad_fare_bounds,2254.0,759,525530.74,154645647.6108,233.1547204968944,14248.302934149913,False,734.0,11.0,5.0,0.0,718.0,0.0,109.0,54.0,4021.0,3.0,0.014986376021798364,0.006811989100817439,0.15181058495821728,0.07520891364902507,5.600278551532034,matched
2025,2,14635,10721,broad_fare_bounds,7617.0,2069,1699400.2,544157150.423,223.1062360509387,21663.432881290224,False,607.0,2.0,0.0,0.0,605.0,0.0,145.0,60.0,4109.0,3.0,0.0032948929159802307,0.0,0.2396694214876033,0.09917355371900827,6.791735537190083,matched
2025,2,14635,10821,broad_fare_bounds,2144.0,1069,483685.78,134909862.60500002,225.59971082089552,12029.14669254698,False,393.0,0.0,2.0,0.0,391.0,0.0,56.0,19.0,1654.0,3.0,0.0,0.005089058524173028,0.1432225063938619,0.04859335038363171,4.2301790281329925,matched
2025,2,14635,11278,broad_fare_bounds,1368.0,912,335233.92,107774842.121,245.05403508771929,18731.29921544322,False,185.0,4.0,1.0,0.0,180.0,0.0,38.0,16.0,1012.0,3.0,0.021621621621621623,0.005405405405405406,0.2111111111111111,0.08888888888888889,5.622222222222222,matched
2025,2,14635,11292,broad_fare_bounds,1716.0,918,535304.04,210095524.62420002,311.9487412587413,25121.272235128854,False,240.0,0.0,3.0,0.0,237.0,0.0,54.0,17.0,974.0,3.0,0.0,0.0125,0.22784810126582278,0.07172995780590717,4.109704641350211,matched
2025,2,14635,11298,broad_fare_bounds,1589.0,624,465623.20999999996,169438032.5687,293.029081183134,20765.822004316287,False,356.0,12.0,2.0,0.0,342.0,0.0,119.0,47.0,9408.0,3.0,0.033707865168539325,0.0056179775280898875,0.347953216374269,0.13742690058479531,27.50877192982456,matched
2025,2,14635,11433,broad_fare_bounds,4990.0,1371,1061253.4,355590366.61740005,212.67603206412824,26029.499897962916,False,438.0,2.0,1.0,0.0,435.0,0.0,88.0,32.0,3740.0,3.0,0.0045662100456621,0.00228310502283105,0.20229885057471264,0.0735632183908046,8.597701149425287,matched
2025,2,14635,11618,broad_fare_bounds,5807.0,2201,1316010.78,425982241.05120003,226.6248975374548,21997.83586628449,False,500.0,10.0,7.0,0.0,483.0,0.0,145.0,93.0,14192.0,3.0,0.02,0.014,0.3002070393374741,0.19254658385093168,29.383022774327124,matched
2025,2,14635,12266,broad_fare_bounds,1045.0,518,236914.41,69077747.7511,226.71235406698565,14704.616409195209,False,182.0,2.0,0.0,0.0,180.0,0.0,40.0,17.0,1552.0,3.0,0.01098901098901099,0.0,0.2222222222222222,0.09444444444444444,8.622222222222222,matched
2025,2,14635,12478,broad_fare_bounds,3338.0,1165,674802.8300000001,191516399.5899,202.15782804074297,16506.808005198705,False,323.0,3.0,0.0,0.0,320.0,0.0,65.0,26.0,1613.0,3.0,0.009287925696594427,0.0,0.203125,0.08125,5.040625,matched
2025,2,14635,12889,broad_fare_bounds,263.0,142,40001.5,6416923.75,152.09695817490496,1265.4649337130759,False,,,,,,,,,,,,,,,,fare_only
2025,2,14635,12953,broad_fare_bounds,2197.0,992,542017.13,196590723.01809996,246.70784251251706,28616.680141544595,False,216.0,5.0,0.0,0.0,211.0,0.0,61.0,30.0,3799.0,3.0,0.023148148148148147,0.0,0.2890995260663507,0.14218009478672985,18.00473933649289,matched
2025,2,14635,13232,broad_fare_bounds,2226.0,1061,476958.62,124762548.7878,214.26712488769093,10137.464775381522,False,288.0,1.0,0.0,0.0,287.0,0.0,54.0,14.0,820.0,3.0,0.003472222222222222,0.0,0.18815331010452963,0.04878048780487805,2.857142857142857,matched
2025,2,14635,13487,broad_fare_bounds,6001.0,1170,1293759.18,448980250.2524,215.59059823362773,28338.266066647615,False,328.0,2.0,0.0,0.0,326.0,0.0,48.0,19.0,-229.0,3.0,0.006097560975609756,0.0,0.147239263803681,0.05828220858895705,-0.7024539877300614,matched
2025,2,14635,13796,broad_fare_bounds,1.0,1,278.0,77284.0,278.0,0.0,True,,,,,,,,,,,,,,,,fare_only
2025,2,14635,13930,broad_fare_bounds,6800.0,2566,1556020.29,561758578.2227,228.82651323529413,30249.982461563057,False,698.0,6.0,2.0,0.0,690.0,0.0,143.0,52.0,3258.0,3.0,0.008595988538681949,0.0028653295128939827,0.2072463768115942,0.07536231884057971,4.721739130434782,matched
2025,2,14635,14100,broad_fare_bounds,4055.0,1596,888907.04,276574317.2372,219.21258692971642,20151.59197503406,False,397.0,5.0,3.0,0.0,389.0,0.0,98.0,39.0,8188.0,3.0,0.012594458438287154,0.007556675062972292,0.2519280205655527,0.10025706940874037,21.04884318766067,matched
2025,2,14635,14107,broad_fare_bounds,17.0,16,4102.889999999999,1121699.5189,241.34647058823526,7734.205775778559,True,,,,,,,,,,,,,,,,fare_only
2025,2,14635,14679,broad_fare_bounds,9.0,9,2068.0,573875.2856,229.77777777777777,10966.093461728386,True,,,,,,,,,,,,,,,,fare_only
2025,2,14635,14747,broad_fare_bounds,54.0,47,21595.010000000002,13321624.222099999,399.9075925925926,86770.66224050065,False,6.0,0.0,0.0,0.0,6.0,0.0,1.0,0.0,-23.0,1.0,0.0,0.0,0.16666666666666666,0.0,-3.8333333333333335,matched
2025,2,14635,14771,broad_fare_bounds,2.0,2,267.0,38309.0,133.5,1332.25,True,,,,,,,,,,,,,,,,fare_only
2025,2,14635,15016,broad_fare_bounds,1480.0,781,355413.0,101376593.0114,240.14391891891893,10828.596186939365,False,253.0,0.0,0.0,0.0,253.0,0.0,56.0,16.0,1562.0,3.0,0.0,0.0,0.22134387351778656,0.06324110671936758,6.173913043478261,matched
2025,2,14679,10397,broad_fare_bounds,3825.0,1401,1152234.2,481466474.529,301.23769934640524,35129.436604641625,False,650.0,4.0,9.0,0.0,637.0,0.0,126.0,23.0,3700.0,3.0,0.006153846153846154,0.013846153846153847,0.1978021978021978,0.03610675039246468,5.808477237048666,matched
2025,2,14679,10721,broad_fare_bounds,5995.0,2604,1960217.48,1021496218.6614,326.97539282735613,63478.45506444534,False,454.0,0.0,1.0,0.0,453.0,0.0,89.0,33.0,-1185.0,3.0,0.0,0.0022026431718061676,0.19646799116997793,0.0728476821192053,-2.615894039735099,matched
2025,2,14679,10821,broad_fare_bounds,1870.0,1091,548151.78,184283001.4486,293.1292941176471,12622.276528271774,False,252.0,0.0,1.0,0.0,251.0,0.0,36.0,10.0,-1204.0,3.0,0.0,0.003968253968253968,0.14342629482071714,0.0398406374501992,-4.796812749003984,matched
2025,2,14679,11278,broad_fare_bounds,928.0,455,257300.39,96890658.9411,277.2633512931035,27533.0716817645,False,91.0,0.0,1.0,0.0,90.0,0.0,38.0,9.0,1548.0,3.0,0.0,0.01098901098901099,0.4222222222222222,0.1,17.2,matched
2025,2,14679,11292,broad_fare_bounds,8731.0,2712,1513268.6,343592661.459,173.32133776199748,9312.899245650551,False,1357.0,10.0,9.0,0.0,1338.0,0.0,418.0,154.0,22468.0,3.0,0.007369196757553427,0.006632277081798084,0.312406576980568,0.11509715994020926,16.79222720478326,matched
2025,2,14679,11298,broad_fare_bounds,5136.0,1747,1219008.41,400302257.2859,237.34587422118378,21607.40664553638,False,916.0,29.0,5.0,0.0,882.0,0.0,236.0,103.0,17114.0,3.0,0.03165938864628821,0.0054585152838427945,0.2675736961451247,0.11678004535147392,19.403628117913833,matched
2025,2,14679,11433,broad_fare_bounds,2444.0,786,852933.11,388861901.56750005,348.9906342062193,37314.3349317173,False,335.0,1.0,0.0,0.0,334.0,0.0,47.0,7.0,833.0,3.0,0.0029850746268656717,0.0,0.1407185628742515,0.020958083832335328,2.4940119760479043,matched
2025,2,14679,11618,broad_fare_bounds,4219.0,2019,1447333.4499999997,737242661.1283,343.0513036264517,57059.263883297026,False,391.0,5.0,6.0,0.0,380.0,0.0,99.0,62.0,7672.0,3.0,0.01278772378516624,0.015345268542199489,0.26052631578947366,0.1631578947368421,20.189473684210526,matched
2025,2,14679,11697,broad_fare_bounds,365.0,216,101659.12000000001,45302932.4758,278.5181369863014,46545.27059104972,False,39.0,0.0,0.0,0.0,39.0,0.0,12.0,1.0,84.0,2.0,0.0,0.0,0.3076923076923077,0.02564102564102564,2.1538461538461537,matched
2025,2,14679,12173,broad_fare_bounds,3741.0,1995,1293159.99,615776203.8651,345.6722774659182,45112.70916706654,False,378.0,1.0,0.0,0.0,377.0,0.0,105.0,21.0,1857.0,3.0,0.0026455026455026454,0.0,0.27851458885941643,0.05570291777188329,4.925729442970822,matched
2025,2,14679,12266,broad_fare_bounds,2329.0,907,763236.7,301628154.31960005,327.71004723057104,22115.8520027887,False,427.0,5.0,2.0,0.0,420.0,0.0,76.0,29.0,1344.0,3.0,0.0117096018735363,0.00468384074941452,0.18095238095238095,0.06904761904761905,3.2,matched
2025,2,14679,12478,broad_fare_bounds,7641.0,2710,2535460.8899999997,1350841732.2457001,331.82317628582643,66681.98486813398,False,632.0,7.0,3.0,0.0,622.0,0.0,113.0,39.0,630.0,3.0,0.011075949367088608,0.004746835443037975,0.18167202572347266,0.06270096463022508,1.0128617363344052,matched
2025,2,14679,12889,broad_fare_bounds,11747.0,2314,1070670.06,135074435.7564,91.1441270111518,3191.3805925532015,False,1909.0,15.0,0.0,0.0,1894.0,0.0,509.0,158.0,23953.0,3.0,0.00785751702462022,0.0,0.26874340021119325,0.08342133051742344,12.646779303062303,matched
2025,2,14679,12892,broad_fare_bounds,243.0,155,44617.25,10187953.7611,183.61008230452674,8213.07331851175,False,637.0,0.0,0.0,0.0,637.0,0.0,66.0,18.0,-1132.0,3.0,0.0,0.0,0.10361067503924647,0.0282574568288854,-1.7770800627943486,matched
2025,2,14679,12953,broad_fare_bounds,24.0,22,6759.780000000001,2677556.8770000003,281.6575,32233.92256875,True,,,,,,,,,,,,,,,,fare_only
2025,2,14679,13204,broad_fare_bounds,2605.0,1313,698061.4,258114174.8614,267.96982725527835,27276.30790396247,False,248.0,0.0,2.0,0.0,246.0,0.0,45.0,11.0,-414.0,3.0,0.0,0.008064516129032258,0.18292682926829268,0.044715447154471545,-1.6829268292682926,matched
2025,2,14679,13232,broad_fare_bounds,1946.0,1049,472498.21,129279601.0151,242.80483556012334,7479.316975127127,False,263.0,1.0,1.0,0.0,261.0,0.0,58.0,11.0,1081.0,3.0,0.0038022813688212928,0.0038022813688212928,0.2222222222222222,0.0421455938697318,4.14176245210728,matched
2025,2,14679,13303,broad_fare_bounds,1324.0,749,395139.61,180808076.51749998,298.4438141993958,47493.28109353344,False,124.0,0.0,0.0,0.0,124.0,0.0,18.0,4.0,998.0,3.0,0.0,0.0,0.14516129032258066,0.03225806451612903,8.048387096774194,matched
2025,2,14679,13487,broad_fare_bounds,3964.0,1127,998933.11,350084568.97550005,252.00128910191725,24811.33640991745,False,338.0,0.0,0.0,0.0,338.0,0.0,57.0,13.0,184.0,3.0,0.0,0.0,0.16863905325443787,0.038461538461538464,0.5443786982248521,matched
2025,2,14679,13796,broad_fare_bounds,6903.0,1811,997581.2100000001,205507803.9233,144.51415471534116,8886.454961646057,False,873.0,10.0,0.0,0.0,863.0,0.0,214.0,48.0,5057.0,3.0,0.011454753722794959,0.0,0.24797219003476245,0.055619930475086905,5.859791425260719,matched
2025,2,14679,13930,broad_fare_bounds,5964.0,2499,1682514.84,607755185.4722,282.11181086519116,22316.88081023519,False,854.0,4.0,0.0,0.0,850.0,0.0,133.0,46.0,2578.0,3.0,0.00468384074941452,0.0,0.1564705882352941,0.05411764705882353,3.032941176470588,matched
2025,2,14679,14100,broad_fare_bounds,2933.0,1176,964724.63,433183696.4423,328.92077395158543,39504.16791426632,False,273.0,5.0,2.0,0.0,266.0,0.0,41.0,15.0,502.0,3.0,0.018315018315018316,0.007326007326007326,0.15413533834586465,0.05639097744360902,1.887218045112782,matched
2025,2,14679,14107,broad_fare_bounds,7249.0,2419,1164033.9100000001,246427374.82450002,160.57855014484758,8209.200888020692,False,1376.0,14.0,0.0,0.0,1362.0,0.0,308.0,92.0,12133.0,3.0,0.010174418604651164,0.0,0.2261380323054332,0.06754772393538913,8.908223201174742,matched
2025,2,14679,14635,broad_fare_bounds,2.0,2,551.5,159457.25,275.75,3690.5625,True,,,,,,,,,,,,,,,,fare_only
2025,2,14679,14747,broad_fare_bounds,10800.0,2434,2203441.73,559664881.6531,204.0223824074074,10195.689852092655,False,1209.0,9.0,1.0,0.0,1199.0,0.0,257.0,63.0,6145.0,3.0,0.007444168734491315,0.0008271298593879239,0.21434528773978315,0.05254378648874062,5.12510425354462,matched
2025,2,14679,14771,broad_fare_bounds,15590.0,4664,1942106.52,341124825.7134,124.57386273252085,6362.355014688021,False,1702.0,3.0,0.0,0.0,1699.0,0.0,430.0,105.0,12468.0,3.0,0.0017626321974148062,0.0,0.25309005297233667,0.06180105944673337,7.338434373160683,matched
2025,2,14679,14869,broad_fare_bounds,4643.0,1736,951308.88,242055095.9156,204.89099289252638,10153.02066442446,False,655.0,0.0,0.0,0.0,655.0,0.0,106.0,35.0,2522.0,3.0,0.0,0.0,0.1618320610687023,0.05343511450381679,3.850381679389313,matched
2025,2,14679,15016,broad_fare_bounds,852.0,626,266367.03,95297680.5571,312.6373591549296,14109.619403706689,False,119.0,0.0,0.0,0.0,119.0,0.0,21.0,6.0,769.0,3.0,0.0,0.0,0.17647058823529413,0.05042016806722689,6.46218487394958,matched
2025,2,14679,15304,broad_fare_bounds,1205.0,508,293296.31,104179720.1547,243.39942738589212,27212.918046726052,False,95.0,0.0,0.0,0.0,95.0,0.0,18.0,4.0,-108.0,3.0,0.0,0.0,0.18947368421052632,0.042105263157894736,-1.1368421052631579,matched
2025,2,14747,10397,broad_fare_bounds,6241.0,1953,2047139.0,887103748.6342,328.0145809966352,34547.71788292409,False,864.0,5.0,7.0,0.0,852.0,0.0,206.0,45.0,2729.0,3.0,0.005787037037037037,0.008101851851851851,0.24178403755868544,0.0528169014084507,3.2030516431924885,matched
2025,2,14747,10721,broad_fare_bounds,7526.0,2853,2163174.76,895730406.6984,287.4268881211799,36403.9087123731,False,679.0,5.0,0.0,0.0,674.0,0.0,183.0,49.0,5505.0,3.0,0.007363770250368188,0.0,0.271513353115727,0.07270029673590504,8.167655786350148,matched
2025,2,14747,10821,broad_fare_bounds,1747.0,812,558319.77,231467035.3295,319.587733257012,30357.69067122134,False,181.0,0.0,1.0,0.0,180.0,0.0,54.0,9.0,1402.0,3.0,0.0,0.0055248618784530384,0.3,0.05,7.788888888888889,matched
2025,2,14747,11278,broad_fare_bounds,2602.0,1411,920180.0000000001,444948431.2122,353.64335126825523,45938.851745648295,False,273.0,0.0,6.0,0.0,267.0,0.0,63.0,21.0,486.0,3.0,0.0,0.02197802197802198,0.23595505617977527,0.07865168539325842,1.8202247191011236,matched
2025,2,14747,11292,broad_fare_bounds,10811.0,3755,2068420.0299999998,478241355.5459,191.32550457866986,7631.102546066279,False,1689.0,8.0,16.0,0.0,1665.0,0.0,522.0,209.0,26247.0,3.0,0.004736530491415038,0.009473060982830076,0.31351351351351353,0.12552552552552554,15.763963963963963,matched
2025,2,14747,11298,broad_fare_bounds,9865.0,3499,2323851.43,722068668.0613,235.56527420172327,17704.000886901507,False,1386.0,26.0,10.0,0.0,1350.0,0.0,431.0,128.0,20624.0,3.0,0.01875901875901876,0.007215007215007215,0.31925925925925924,0.09481481481481481,15.277037037037037,matched
2025,2,14747,11433,broad_fare_bounds,3540.0,1416,1080365.0699999998,421153504.08930004,305.1878728813559,25830.278655560163,False,562.0,1.0,0.0,0.0,561.0,0.0,89.0,13.0,-396.0,3.0,0.0017793594306049821,0.0,0.1586452762923351,0.023172905525846704,-0.7058823529411765,matched
2025,2,14747,11618,broad_fare_bounds,5271.0,2479,1673915.53,767275555.1127,317.57077025232405,44714.268812990456,False,431.0,3.0,2.0,0.0,426.0,0.0,141.0,72.0,9151.0,3.0,0.0069605568445475635,0.004640371229698376,0.33098591549295775,0.16901408450704225,21.481220657276996,matched
2025,2,14747,11697,broad_fare_bounds,2151.0,950,638105.1599999999,274542285.6304,296.6551185495118,39630.461991420176,False,215.0,0.0,0.0,0.0,215.0,0.0,39.0,8.0,-357.0,3.0,0.0,0.0,0.1813953488372093,0.037209302325581395,-1.6604651162790698,matched
2025,2,14747,12173,broad_fare_bounds,5209.0,2673,1930894.9900000002,971093962.9713,370.6843904780189,49019.26099560174,False,727.0,1.0,0.0,0.0,726.0,0.0,216.0,53.0,6794.0,3.0,0.001375515818431912,0.0,0.2975206611570248,0.07300275482093664,9.358126721763085,matched
2025,2,14747,12266,broad_fare_bounds,4708.0,2031,1409946.78,537379011.3548,299.4789252336449,24454.049499524554,False,565.0,6.0,8.0,0.0,551.0,0.0,157.0,37.0,6252.0,3.0,0.010619469026548672,0.01415929203539823,0.2849364791288566,0.06715063520871144,11.346642468239564,matched
2025,2,14747,12478,broad_fare_bounds,8488.0,2945,2948388.3899999997,1535277251.0333,347.3596123939679,60217.50738643085,False,777.0,6.0,2.0,0.0,769.0,0.0,275.0,84.0,10472.0,3.0,0.007722007722007722,0.002574002574002574,0.3576072821846554,0.10923276983094929,13.617685305591678,matched
2025,2,14747,12889,broad_fare_bounds,14082.0,3622,2384062.7800000003,541366089.0824,169.29859252947026,9781.821895079098,False,1598.0,9.0,3.0,0.0,1586.0,0.0,375.0,75.0,9017.0,3.0,0.005632040050062578,0.0018773466833541927,0.2364438839848676,0.04728877679697352,5.685372005044136,matched
2025,2,14747,12892,broad_fare_bounds,14556.0,3849,2685820.18,643835618.998,184.51636301181645,10185.342654620617,False,1874.0,8.0,0.0,0.0,1866.0,0.0,298.0,62.0,319.0,3.0,0.004268943436499467,0.0,0.15969989281886388,0.03322615219721329,0.17095391211146838,matched
2025,2,14747,13204,broad_fare_bounds,4952.0,1864,1712926.5,801349210.1936,345.9059975767367,42172.38700231664,False,474.0,1.0,6.0,0.0,467.0,0.0,113.0,20.0,1954.0,3.0,0.002109704641350211,0.012658227848101266,0.24197002141327623,0.042826552462526764,4.184154175588865,matched
2025,2,14747,13232,broad_fare_bounds,573.0,410,127287.1,33701389.9176,222.14153577661432,9468.82729327838,False,139.0,0.0,0.0,0.0,139.0,0.0,22.0,6.0,-266.0,3.0,0.0,0.0,0.15827338129496402,0.04316546762589928,-1.9136690647482015,matched
2025,2,14747,13303,broad_fare_bounds,2548.0,1166,736552.57,328944331.9721,289.07086734693877,45537.06503751302,False,272.0,0.0,0.0,0.0,272.0,0.0,51.0,9.0,-309.0,3.0,0.0,0.0,0.1875,0.03308823529411765,-1.1360294117647058,matched
2025,2,14747,13487,broad_fare_bounds,6011.0,1631,1431521.66,448483422.362,238.15033438695724,17894.86946445315,False,683.0,2.0,1.0,0.0,680.0,0.0,104.0,19.0,-1413.0,3.0,0.0029282576866764276,0.0014641288433382138,0.15294117647058825,0.027941176470588237,-2.0779411764705884,matched
2025,2,14747,13796,broad_fare_bounds,5167.0,2394,856185.51,173232630.5275,165.70263402361138,6069.370293719945,False,493.0,0.0,0.0,0.0,493.0,0.0,132.0,43.0,5615.0,3.0,0.0,0.0,0.26774847870182555,0.0872210953346856,11.389452332657202,matched
2025,2,14747,13930,broad_fare_bounds,10997.0,3793,2455318.8,716601910.137,223.27169227971262,15313.151457198037,False,1533.0,8.0,4.0,0.0,1521.0,0.0,359.0,85.0,8708.0,3.0,0.005218525766470972,0.002609262883235486,0.23602892833662065,0.055884286653517426,5.725180802103879,matched
2025,2,14747,14100,broad_fare_bounds,2976.0,1319,1031108.45,490689401.0339,346.4746135752688,44837.53335549588,False,291.0,0.0,0.0,0.0,291.0,0.0,91.0,15.0,2655.0,3.0,0.0,0.0,0.3127147766323024,0.05154639175257732,9.123711340206185,matched
2025,2,14747,14107,broad_fare_bounds,14152.0,4539,2649384.13,663719923.0318999,187.20916690220463,11852.100568872083,False,1932.0,1.0,4.0,0.0,1927.0,0.0,369.0,70.0,6018.0,3.0,0.0005175983436853002,0.002070393374741201,0.19148936170212766,0.03632589517384536,3.1229891022314478,matched
2025,2,14747,14635,broad_fare_bounds,52.0,40,19115.129999999997,10497440.7631,367.5986538461538,66745.09051934176,False,6.0,0.0,0.0,0.0,6.0,0.0,2.0,1.0,115.0,1.0,0.0,0.0,0.3333333333333333,0.16666666666666666,19.166666666666668,matched
2025,2,14747,14679,broad_fare_bounds,10662.0,2430,2156719.48,540577896.7102001,202.2809491652598,9783.777266234705,False,1205.0,4.0,0.0,0.0,1201.0,0.0,259.0,48.0,3525.0,3.0,0.0033195020746887966,0.0,0.21565362198168192,0.03996669442131557,2.9350541215653623,matched
2025,2,14747,14771,broad_fare_bounds,13278.0,4802,2567410.27,617209662.3991,193.35820680825427,9096.23561159843,False,1805.0,9.0,0.0,0.0,1796.0,0.0,438.0,107.0,9354.0,3.0,0.004986149584487534,0.0,0.24387527839643652,0.05957683741648107,5.208240534521158,matched
2025,2,14747,14869,broad_fare_bounds,6143.0,1975,1277971.1700000002,331196265.9817,208.0369803027837,10635.03220916239,False,1038.0,3.0,0.0,0.0,1035.0,0.0,199.0,39.0,2766.0,3.0,0.002890173410404624,0.0,0.19227053140096617,0.03768115942028986,2.672463768115942,matched
2025,2,14747,15016,broad_fare_bounds,2299.0,1008,618001.69,196554842.53849998,268.81326228795126,13235.229295403595,False,254.0,1.0,2.0,0.0,251.0,0.0,77.0,11.0,2066.0,3.0,0.003937007874015748,0.007874015748031496,0.30677290836653387,0.043824701195219126,8.231075697211155,matched
2025,2,14747,15304,broad_fare_bounds,2804.0,1162,914954.62,414285940.2308,326.3033594864479,41274.313105261666,False,270.0,0.0,3.0,0.0,267.0,0.0,87.0,17.0,2410.0,3.0,0.0,0.011111111111111112,0.3258426966292135,0.06367041198501873,9.02621722846442,matched
2025,2,14771,10397,broad_fare_bounds,6562.0,2987,2208272.85,1126293106.0767,336.5243599512344,58390.04855726329,False,884.0,6.0,2.0,0.0,876.0,0.0,199.0,59.0,8064.0,3.0,0.006787330316742082,0.0022624434389140274,0.2271689497716895,0.06735159817351598,9.205479452054794,matched
2025,2,14771,10721,broad_fare_bounds,15863.0,6163,5842916.21,3723247725.5695,368.3361413351825,99041.197417469,False,1239.0,0.0,0.0,0.0,1239.0,0.0,239.0,65.0,1035.0,3.0,0.0,0.0,0.19289749798224373,0.052461662631154156,0.8353510895883777,matched
2025,2,14771,10821,broad_fare_bounds,1967.0,1202,700072.7899999999,341628038.7577,355.9088917132689,47008.5958058892,False,233.0,1.0,1.0,0.0,231.0,0.0,45.0,4.0,-19.0,3.0,0.004291845493562232,0.004291845493562232,0.19480519480519481,0.017316017316017316,-0.08225108225108226,matched
2025,2,14771,11278,broad_fare_bounds,3169.0,1762,1225316.17,702131773.6485,386.65704323130325,72058.89754900441,False,272.0,0.0,3.0,0.0,269.0,0.0,50.0,10.0,304.0,3.0,0.0,0.011029411764705883,0.18587360594795538,0.03717472118959108,1.1301115241635689,matched
2025,2,14771,11292,broad_fare_bounds,9218.0,3187,1922689.8,544787039.1946,208.5799305706227,15594.763962004283,False,1421.0,5.0,5.0,0.0,1411.0,0.0,372.0,137.0,16680.0,3.0,0.003518648838845883,0.003518648838845883,0.26364280652019845,0.09709425939050319,11.82140326009922,matched
2025,2,14771,11298,broad_fare_bounds,7935.0,2869,1993051.73,695720238.0577,251.17224070573408,24589.914201784537,False,1075.0,22.0,8.0,0.0,1045.0,0.0,265.0,90.0,16047.0,3.0,0.020465116279069766,0.0074418604651162795,0.2535885167464115,0.0861244019138756,15.355980861244019,matched
2025,2,14771,11433,broad_fare_bounds,4014.0,1755,1516874.29,735420517.7193,377.89593672147487,40408.54185626007,False,501.0,4.0,1.0,0.0,496.0,0.0,86.0,15.0,886.0,3.0,0.007984031936127744,0.001996007984031936,0.17338709677419356,0.03024193548387097,1.7862903225806452,matched
2025,2,14771,11618,broad_fare_bounds,16248.0,5153,6373191.65,4565884771.6515,392.2446854997538,127156.21721243183,False,1202.0,28.0,9.0,0.0,1165.0,0.0,365.0,196.0,25683.0,3.0,0.02329450915141431,0.0074875207986688855,0.3133047210300429,0.1682403433476395,22.04549356223176,matched
2025,2,14771,11697,broad_fare_bounds,3326.0,1456,1052979.17,713684769.3053,316.5902495490078,114348.11518493472,False,289.0,1.0,0.0,0.0,288.0,0.0,43.0,10.0,1147.0,3.0,0.0034602076124567475,0.0,0.14930555555555555,0.034722222222222224,3.982638888888889,matched
2025,2,14771,12173,broad_fare_bounds,7631.0,2672,2597386.5999999996,1220379735.8955998,340.37303105752846,44070.1593533471,False,621.0,2.0,0.0,0.0,619.0,0.0,69.0,15.0,-3441.0,3.0,0.00322061191626409,0.0,0.11147011308562198,0.024232633279483037,-5.558966074313409,matched
2025,2,14771,12266,broad_fare_bounds,4682.0,1635,1718965.4699999997,790157781.5629,367.14341520717636,33970.72368301815,False,890.0,4.0,8.0,0.0,878.0,0.0,126.0,31.0,-3533.0,3.0,0.0044943820224719105,0.008988764044943821,0.14350797266514806,0.03530751708428246,-4.023917995444191,matched
2025,2,14771,12478,broad_fare_bounds,21534.0,6973,9067649.88,6978778737.8464,421.0852549456674,146769.06642372758,False,1789.0,9.0,9.0,0.0,1771.0,0.0,406.0,180.0,11865.0,3.0,0.005030743432084964,0.005030743432084964,0.22924901185770752,0.10163749294184077,6.699604743083004,matched
2025,2,14771,12889,broad_fare_bounds,11809.0,3588,1706804.24,330737428.5556,144.5341891777458,7117.102349230361,False,1517.0,7.0,1.0,0.0,1509.0,0.0,283.0,75.0,6487.0,3.0,0.004614370468029005,0.0006591957811470006,0.18754141815772035,0.04970178926441352,4.298873426110006,matched
2025,2,14771,12892,broad_fare_bounds,21772.0,5710,2907508.4299999997,467476500.18230003,133.54347005327944,3637.595775810103,False,2783.0,3.0,0.0,0.0,2780.0,0.0,478.0,123.0,1728.0,3.0,0.0010779734099892202,0.0,0.17194244604316547,0.04424460431654676,0.6215827338129496,matched
2025,2,14771,12953,broad_fare_bounds,3.0,3,961.13,399274.8969,320.37666666666667,30450.42375555556,True,,,,,,,,,,,,,,,,fare_only
2025,2,14771,13204,broad_fare_bounds,4718.0,2100,1416988.82,675089837.7126,300.3367571004663,52885.97089151839,False,399.0,2.0,0.0,0.0,397.0,0.0,67.0,25.0,812.0,3.0,0.005012531328320802,0.0,0.16876574307304787,0.06297229219143577,2.045340050377834,matched
2025,2,14771,13232,broad_fare_bounds,757.0,475,171529.95,43626819.2053,226.5917437252312,6287.382739363646,False,91.0,0.0,0.0,0.0,91.0,0.0,21.0,3.0,483.0,3.0,0.0,0.0,0.23076923076923078,0.03296703296703297,5.3076923076923075,matched
2025,2,14771,13303,broad_fare_bounds,4313.0,2024,1355803.04,797919438.388,314.352664038952,86185.75025548114,False,454.0,0.0,1.0,0.0,453.0,0.0,67.0,17.0,-1438.0,3.0,0.0,0.0022026431718061676,0.1479028697571744,0.037527593818984545,-3.1743929359823397,matched
2025,2,14771,13487,broad_fare_bounds,5743.0,1728,1403651.74,506377725.3288,244.41088977886122,28436.349402011714,False,508.0,1.0,1.0,0.0,506.0,0.0,61.0,19.0,-686.0,3.0,0.001968503937007874,0.001968503937007874,0.12055335968379446,0.037549407114624504,-1.3557312252964426,matched
2025,2,14771,13930,broad_fare_bounds,15892.0,4605,4238279.649999999,1684151131.3487,266.69265353637047,34849.803993267094,False,1451.0,14.0,4.0,0.0,1433.0,0.0,282.0,79.0,3029.0,3.0,0.009648518263266712,0.0027567195037904893,0.19678995115143055,0.05512909979064899,2.1137473831123517,matched
2025,2,14771,14100,broad_fare_bounds,5456.0,2576,1905966.16,1025469532.4762,349.3339736070381,65918.40180404185,False,443.0,3.0,3.0,0.0,437.0,0.0,64.0,14.0,-1248.0,3.0,0.006772009029345372,0.006772009029345372,0.14645308924485126,0.032036613272311214,-2.8558352402745997,matched
2025,2,14771,14107,broad_fare_bounds,9086.0,3619,1334667.0499999998,256657777.9725,146.8926975566806,6670.144690510999,False,1318.0,3.0,0.0,0.0,1315.0,0.0,237.0,79.0,6629.0,3.0,0.002276176024279211,0.0,0.18022813688212927,0.06007604562737642,5.04106463878327,matched
2025,2,14771,14635,broad_fare_bounds,1.0,1,325.23,105774.55290000001,325.23,0.0,True,,,,,,,,,,,,,,,,fare_only
2025,2,14771,14679,broad_fare_bounds,15449.0,4604,1908482.95,339056228.89550006,123.53440028480807,6686.059435139408,False,1702.0,6.0,0.0,0.0,1696.0,0.0,398.0,88.0,12254.0,3.0,0.0035252643948296123,0.0,0.2346698113207547,0.05188679245283019,7.225235849056604,matched
2025,2,14771,14747,broad_fare_bounds,13361.0,4849,2615390.25,630017432.1111,195.74809146022005,8836.148660274841,False,1807.0,10.0,0.0,0.0,1797.0,0.0,475.0,95.0,9606.0,3.0,0.005534034311012728,0.0,0.2643294379521425,0.05286588759042849,5.345575959933222,matched
2025,2,14771,14869,broad_fare_bounds,4576.0,2045,858655.43,212484862.7511,187.64323208041958,11224.646552119222,False,960.0,2.0,0.0,0.0,958.0,0.0,169.0,44.0,3906.0,3.0,0.0020833333333333333,0.0,0.17640918580375783,0.04592901878914405,4.077244258872652,matched
2025,2,14771,15016,broad_fare_bounds,1506.0,1044,442987.32999999996,160983803.3037,294.14829349269587,20371.737148283064,False,224.0,0.0,2.0,0.0,222.0,0.0,56.0,11.0,1204.0,3.0,0.0,0.008928571428571428,0.25225225225225223,0.04954954954954955,5.423423423423423,matched
2025,2,14771,15304,broad_fare_bounds,1647.0,849,604839.1499999999,336643883.8373,367.2368852459016,69535.29952429957,False,182.0,1.0,0.0,0.0,181.0,0.0,15.0,2.0,-1188.0,3.0,0.005494505494505495,0.0,0.08287292817679558,0.011049723756906077,-6.56353591160221,matched
2025,2,14869,10397,broad_fare_bounds,2347.0,889,1000541.7400000001,519167220.07379997,426.3066638261611,39467.238549457834,False,731.0,2.0,4.0,0.0,725.0,0.0,159.0,40.0,4664.0,3.0,0.0027359781121751026,0.005471956224350205,0.2193103448275862,0.05517241379310345,6.433103448275862,matched
2025,2,14869,10721,broad_fare_bounds,2960.0,1205,1086029.45,521870571.9965,366.9018412162162,41690.66458664372,False,292.0,1.0,0.0,0.0,291.0,0.0,58.0,15.0,298.0,3.0,0.003424657534246575,0.0,0.19931271477663232,0.05154639175257732,1.0240549828178693,matched
2025,2,14869,10821,broad_fare_bounds,1279.0,771,375513.16,129444071.178,293.5990304925723,15006.858064736385,False,187.0,0.0,0.0,0.0,187.0,0.0,39.0,10.0,1214.0,3.0,0.0,0.0,0.20855614973262032,0.053475935828877004,6.491978609625669,matched
2025,2,14869,11278,broad_fare_bounds,1005.0,680,453702.61,261873232.6347,451.4453830845771,56767.446822664206,False,91.0,3.0,2.0,0.0,86.0,0.0,17.0,4.0,158.0,3.0,0.03296703296703297,0.02197802197802198,0.19767441860465115,0.046511627906976744,1.8372093023255813,matched
2025,2,14869,11292,broad_fare_bounds,7782.0,3347,1201965.2,248554004.8742,154.45453610896942,8083.4011165606935,False,1943.0,5.0,9.0,0.0,1929.0,0.0,608.0,227.0,33454.0,3.0,0.0025733401955738548,0.004632012352032939,0.31518921721099014,0.11767755313634007,17.342664593053396,matched
2025,2,14869,11298,broad_fare_bounds,5117.0,2148,1206998.43,372846350.7031,235.88009185069376,17224.829034797127,False,955.0,20.0,10.0,0.0,925.0,0.0,256.0,87.0,15536.0,3.0,0.020942408376963352,0.010471204188481676,0.27675675675675676,0.09405405405405405,16.795675675675675,matched
2025,2,14869,11433,broad_fare_bounds,1530.0,738,568485.91,253552993.8131,371.5594183006536,27664.509661034186,False,396.0,0.0,1.0,0.0,395.0,0.0,70.0,17.0,561.0,3.0,0.0,0.0025252525252525255,0.17721518987341772,0.043037974683544304,1.420253164556962,matched
2025,2,14869,11618,broad_fare_bounds,2600.0,1353,807392.3,335091990.9934,310.5355,32449.23823721151,False,273.0,2.0,3.0,0.0,268.0,0.0,123.0,46.0,7525.0,3.0,0.007326007326007326,0.01098901098901099,0.458955223880597,0.17164179104477612,28.078358208955223,matched
2025,2,14869,11697,broad_fare_bounds,787.0,369,218206.74,86413862.1998,277.2639644218551,32926.29784476622,False,91.0,0.0,0.0,0.0,91.0,0.0,12.0,1.0,-316.0,3.0,0.0,0.0,0.13186813186813187,0.01098901098901099,-3.4725274725274726,matched
2025,2,14869,12173,broad_fare_bounds,1617.0,997,780870.7100000001,501474274.34190005,482.9132405689549,76921.13129896062,False,195.0,1.0,0.0,0.0,194.0,0.0,31.0,15.0,2358.0,3.0,0.005128205128205128,0.0,0.15979381443298968,0.07731958762886598,12.154639175257731,matched
2025,2,14869,12266,broad_fare_bounds,2351.0,1333,769021.5599999999,297318922.11439997,327.10402381965116,19467.83302183528,False,475.0,2.0,2.0,0.0,471.0,0.0,90.0,37.0,3790.0,3.0,0.004210526315789474,0.004210526315789474,0.1910828025477707,0.07855626326963906,8.046709129511678,matched
2025,2,14869,12478,broad_fare_bounds,3701.0,1682,1391488.4100000001,761425902.2363001,375.9763334233991,64376.976990906405,False,470.0,0.0,0.0,0.0,470.0,0.0,89.0,37.0,991.0,3.0,0.0,0.0,0.18936170212765957,0.07872340425531915,2.108510638297872,matched
2025,2,14869,12889,broad_fare_bounds,6008.0,1985,892670.29,191601707.8379,148.58027463382157,9814.998500706868,False,970.0,2.0,0.0,0.0,968.0,0.0,231.0,61.0,8784.0,3.0,0.002061855670103093,0.0,0.23863636363636365,0.06301652892561983,9.074380165289256,matched
2025,2,14869,12892,broad_fare_bounds,7734.0,2457,1321972.01,304732345.1425,170.92992112748902,10184.61000005842,False,992.0,2.0,0.0,0.0,990.0,0.0,119.0,26.0,-3178.0,3.0,0.0020161290322580645,0.0,0.1202020202020202,0.026262626262626262,-3.21010101010101,matched
2025,2,14869,12953,broad_fare_bounds,29.0,27,9407.460000000001,3312660.2148,324.39517241379315,8997.434693935764,True,3.0,0.0,0.0,0.0,3.0,0.0,1.0,0.0,-27.0,1.0,0.0,0.0,0.3333333333333333,0.0,-9.0,matched
2025,2,14869,13204,broad_fare_bounds,3777.0,1176,1129655.55,433130134.6125,299.0880460683082,25222.04485908922,False,372.0,0.0,4.0,0.0,368.0,0.0,111.0,24.0,4492.0,3.0,0.0,0.010752688172043012,0.3016304347826087,0.06521739130434782,12.206521739130435,matched
2025,2,14869,13232,broad_fare_bounds,539.0,385,143141.88,44025454.9124,265.56935064935067,11152.799239467015,False,161.0,0.0,1.0,0.0,160.0,0.0,21.0,6.0,-254.0,3.0,0.0,0.006211180124223602,0.13125,0.0375,-1.5875,matched
2025,2,14869,13303,broad_fare_bounds,1211.0,695,308295.41,115297170.35029998,254.57919900908337,30397.664586559076,False,185.0,1.0,1.0,0.0,183.0,0.0,32.0,8.0,-187.0,3.0,0.005405405405405406,0.005405405405405406,0.17486338797814208,0.04371584699453552,-1.0218579234972678,matched
2025,2,14869,13487,broad_fare_bounds,2293.0,744,675367.5800000001,268338770.9436,294.5344875708679,30274.630111784936,False,440.0,0.0,0.0,0.0,440.0,0.0,65.0,13.0,-1039.0,3.0,0.0,0.0,0.14772727272727273,0.029545454545454545,-2.3613636363636363,matched
2025,2,14869,13796,broad_fare_bounds,2153.0,1106,368358.65,84479821.9277,171.0908732001858,9966.102577035941,False,468.0,0.0,0.0,0.0,468.0,0.0,58.0,16.0,-1017.0,3.0,0.0,0.0,0.12393162393162394,0.03418803418803419,-2.173076923076923,matched
2025,2,14869,13930,broad_fare_bounds,3437.0,1891,1042876.12,387988772.334,303.4262787314519,20818.37418228248,False,801.0,4.0,8.0,0.0,789.0,0.0,167.0,63.0,8344.0,3.0,0.004993757802746567,0.009987515605493134,0.21166032953105196,0.07984790874524715,10.575411913814955,matched
2025,2,14869,14100,broad_fare_bounds,1339.0,873,479025.67,217822332.58269998,357.7488200149365,34691.160853872774,False,177.0,2.0,0.0,0.0,175.0,0.0,33.0,6.0,502.0,3.0,0.011299435028248588,0.0,0.18857142857142858,0.03428571428571429,2.8685714285714288,matched
2025,2,14869,14107,broad_fare_bounds,7971.0,3307,1419676.46,352577046.42620003,178.1051888094342,12511.015238940021,False,1435.0,6.0,4.0,0.0,1425.0,0.0,220.0,70.0,6356.0,3.0,0.004181184668989547,0.0027874564459930314,0.1543859649122807,0.04912280701754386,4.460350877192982,matched
2025,2,14869,14635,broad_fare_bounds,9.0,9,2797.35,1091484.4537,310.81666666666666,24669.050133333338,True,,,,,,,,,,,,,,,,fare_only
2025,2,14869,14679,broad_fare_bounds,4658.0,1717,959230.06,245766832.8512,205.93174323744097,10354.425596746441,False,655.0,0.0,0.0,0.0,655.0,0.0,102.0,42.0,1837.0,3.0,0.0,0.0,0.15572519083969466,0.06412213740458016,2.8045801526717558,matched
2025,2,14869,14747,broad_fare_bounds,6177.0,1957,1289258.51,336913069.75409997,208.71920187793427,10979.449980988386,False,1040.0,4.0,1.0,0.0,1035.0,0.0,269.0,49.0,3712.0,3.0,0.0038461538461538464,0.0009615384615384616,0.2599033816425121,0.04734299516908213,3.586473429951691,matched
2025,2,14869,14771,broad_fare_bounds,4598.0,2037,848837.8999999999,207356094.3588,184.61024358416702,11016.077180584427,False,961.0,2.0,1.0,0.0,958.0,0.0,177.0,55.0,1164.0,3.0,0.002081165452653486,0.001040582726326743,0.1847599164926931,0.05741127348643006,1.2150313152400836,matched
2025,2,14869,15016,broad_fare_bounds,1059.0,402,330565.23,124845602.3027,312.1484702549575,20453.419677735437,False,252.0,1.0,0.0,0.0,251.0,0.0,42.0,11.0,121.0,3.0,0.003968253968253968,0.0,0.16733067729083664,0.043824701195219126,0.4820717131474104,matched
2025,2,14869,15304,broad_fare_bounds,667.0,332,194169.49000000002,77243580.0435,291.1086806596702,31063.202376670117,False,92.0,1.0,0.0,0.0,91.0,0.0,14.0,4.0,251.0,3.0,0.010869565217391304,0.0,0.15384615384615385,0.04395604395604396,2.758241758241758,matched
2025,2,15016,10397,broad_fare_bounds,3711.0,1616,781136.6,198704981.2166,210.49221234168687,9237.890094728296,False,918.0,9.0,3.0,0.0,906.0,0.0,166.0,58.0,3699.0,3.0,0.00980392156862745,0.0032679738562091504,0.18322295805739514,0.0640176600441501,4.082781456953643,matched
2025,2,15016,10721,broad_fare_bounds,2335.0,1429,698721.23,240873686.0899,299.2382141327623,13614.386744348143,False,434.0,2.0,1.0,0.0,431.0,0.0,104.0,43.0,3841.0,3.0,0.004608294930875576,0.002304147465437788,0.24129930394431554,0.09976798143851508,8.91183294663573,matched
2025,2,15016,10821,broad_fare_bounds,1702.0,935,386574.09,105197773.5625,227.12931257344303,10220.602962453406,False,379.0,4.0,1.0,0.0,374.0,0.0,87.0,31.0,3798.0,3.0,0.010554089709762533,0.002638522427440633,0.232620320855615,0.08288770053475936,10.155080213903743,matched
2025,2,15016,11278,broad_fare_bounds,3697.0,1829,746847.4,179729750.7264,202.01444414390048,7805.190250225227,False,600.0,11.0,7.0,0.0,582.0,0.0,173.0,64.0,11410.0,3.0,0.018333333333333333,0.011666666666666667,0.2972508591065292,0.10996563573883161,19.604810996563575,matched
2025,2,15016,11292,broad_fare_bounds,4818.0,2394,955534.9400000001,237343200.8326,198.32605645496056,9928.543872451773,False,940.0,4.0,5.0,0.0,931.0,0.0,297.0,137.0,20091.0,3.0,0.00425531914893617,0.005319148936170213,0.31901181525241673,0.14715359828141783,21.58002148227712,matched
2025,2,15016,11298,broad_fare_bounds,2196.0,1446,547807.71,169767213.3457,249.45706284153005,15078.647999615365,False,611.0,22.0,1.0,0.0,588.0,0.0,193.0,87.0,16378.0,3.0,0.03600654664484452,0.0016366612111292963,0.3282312925170068,0.14795918367346939,27.85374149659864,matched
2025,2,15016,11433,broad_fare_bounds,1790.0,1071,405001.42,111819465.7458,226.25777653631283,11276.39383382717,False,460.0,3.0,0.0,0.0,457.0,0.0,62.0,21.0,880.0,3.0,0.006521739130434782,0.0,0.13566739606126915,0.045951859956236324,1.925601750547046,matched
2025,2,15016,11618,broad_fare_bounds,1042.0,873,265611.08,80555883.0074,254.9050671785029,12332.315562999327,False,186.0,13.0,1.0,0.0,172.0,0.0,48.0,34.0,4567.0,3.0,0.06989247311827956,0.005376344086021506,0.27906976744186046,0.19767441860465115,26.552325581395348,matched
2025,2,15016,11697,broad_fare_bounds,1572.0,858,335785.35,96659373.0089,213.60391221374044,15861.519456005022,False,204.0,1.0,0.0,0.0,203.0,0.0,43.0,12.0,1162.0,3.0,0.004901960784313725,0.0,0.21182266009852216,0.059113300492610835,5.724137931034483,matched
2025,2,15016,12266,broad_fare_bounds,1117.0,856,307612.52,100537725.61140001,275.39169203222923,14166.332353000937,False,198.0,2.0,2.0,0.0,194.0,0.0,47.0,27.0,2942.0,3.0,0.010101010101010102,0.010101010101010102,0.2422680412371134,0.13917525773195877,15.164948453608247,matched
2025,2,15016,12889,broad_fare_bounds,3261.0,1499,840998.2899999999,271830597.9661,257.8958264336093,16847.791762434164,False,512.0,5.0,3.0,0.0,504.0,0.0,110.0,27.0,2146.0,3.0,0.009765625,0.005859375,0.21825396825396826,0.05357142857142857,4.257936507936508,matched
2025,2,15016,12892,broad_fare_bounds,1571.0,898,411559.83,129397145.9463,261.9731572246977,13736.166705499767,False,239.0,2.0,0.0,0.0,237.0,0.0,62.0,13.0,2061.0,3.0,0.008368200836820083,0.0,0.2616033755274262,0.05485232067510549,8.69620253164557,matched
2025,2,15016,12953,broad_fare_bounds,5927.0,3174,1198728.43,291816145.8917,202.24876497384847,8330.487832826002,False,665.0,20.0,5.0,0.0,640.0,0.0,148.0,48.0,4688.0,3.0,0.03007518796992481,0.007518796992481203,0.23125,0.075,7.325,matched
2025,2,15016,13204,broad_fare_bounds,5299.0,1924,1074595.1300000001,279430943.3473,202.79206076618232,11608.149168767013,False,627.0,3.0,3.0,0.0,621.0,0.0,145.0,38.0,4012.0,3.0,0.004784688995215311,0.004784688995215311,0.23349436392914655,0.061191626409017714,6.460547504025765,matched
2025,2,15016,13232,broad_fare_bounds,1659.0,823,325897.88,83003950.422,196.44236286919832,11442.917914850848,False,489.0,3.0,1.0,0.0,485.0,0.0,89.0,24.0,1412.0,3.0,0.006134969325153374,0.002044989775051125,0.18350515463917524,0.049484536082474224,2.911340206185567,matched
2025,2,15016,13303,broad_fare_bounds,1558.0,1067,387538.53,114670920.1107,248.74103337612326,11729.25910490132,False,279.0,2.0,0.0,0.0,277.0,0.0,49.0,19.0,1852.0,3.0,0.007168458781362007,0.0,0.17689530685920576,0.06859205776173286,6.6859205776173285,matched
2025,2,15016,13487,broad_fare_bounds,2484.0,1538,568756.52,157625114.5354,228.96800322061193,11029.818773066007,False,440.0,3.0,0.0,0.0,437.0,0.0,82.0,26.0,3111.0,3.0,0.006818181818181818,0.0,0.18764302059496568,0.059496567505720827,7.118993135011442,matched
2025,2,15016,13796,broad_fare_bounds,14.0,14,3401.39,897356.0519,242.95642857142857,5069.034665816325,True,,,,,,,,,,,,,,,,fare_only
2025,2,15016,13930,broad_fare_bounds,1829.0,1485,434194.34,121178391.0534,237.39439037725535,9897.807765907746,False,842.0,10.0,0.0,0.0,832.0,0.0,200.0,63.0,9892.0,3.0,0.011876484560570071,0.0,0.2403846153846154,0.07572115384615384,11.889423076923077,matched
2025,2,15016,14100,broad_fare_bounds,1872.0,1133,533563.9099999999,179342535.08130002,285.02345619658115,14564.265679133794,False,365.0,7.0,0.0,0.0,358.0,0.0,63.0,29.0,2957.0,3.0,0.019178082191780823,0.0,0.17597765363128492,0.08100558659217877,8.259776536312849,matched
2025,2,15016,14107,broad_fare_bounds,3200.0,1719,867576.08,277518769.6108,271.117525,13219.903141249379,False,585.0,2.0,1.0,0.0,582.0,0.0,137.0,32.0,5062.0,3.0,0.003418803418803419,0.0017094017094017094,0.23539518900343642,0.054982817869415807,8.697594501718212,matched
2025,2,15016,14635,broad_fare_bounds,1424.0,797,337580.44,93506584.1932,237.06491573033708,9464.961820498516,False,253.0,0.0,0.0,0.0,253.0,0.0,71.0,21.0,3099.0,3.0,0.0,0.0,0.28063241106719367,0.08300395256916997,12.24901185770751,matched
2025,2,15016,14679,broad_fare_bounds,832.0,587,256080.35,90378075.8273,307.78888221153846,13893.498971707275,False,119.0,0.0,0.0,0.0,119.0,0.0,35.0,14.0,1576.0,3.0,0.0,0.0,0.29411764705882354,0.11764705882352941,13.243697478991596,matched
2025,2,15016,14747,broad_fare_bounds,2329.0,1022,633770.0900000001,202869716.6593,272.1211206526406,13056.028137559071,False,254.0,2.0,0.0,0.0,252.0,0.0,67.0,19.0,2361.0,3.0,0.007874015748031496,0.0,0.26587301587301587,0.07539682539682539,9.369047619047619,matched
2025,2,15016,14771,broad_fare_bounds,1487.0,994,432318.28,154601341.1272,290.7318628110289,19443.60608980499,False,224.0,0.0,0.0,0.0,224.0,0.0,59.0,16.0,1879.0,3.0,0.0,0.0,0.26339285714285715,0.07142857142857142,8.388392857142858,matched
2025,2,15016,14869,broad_fare_bounds,1084.0,419,336189.4,126520711.5682,310.1378228782288,20531.054407252755,False,252.0,2.0,2.0,0.0,248.0,0.0,29.0,7.0,-916.0,3.0,0.007936507936507936,0.007936507936507936,0.11693548387096774,0.028225806451612902,-3.693548387096774,matched
2025,2,15016,15304,broad_fare_bounds,1982.0,965,475801.24,132069113.3832,240.06117053481333,9004.899478750944,False,301.0,1.0,2.0,0.0,298.0,0.0,64.0,21.0,2406.0,3.0,0.0033222591362126247,0.006644518272425249,0.21476510067114093,0.07046979865771812,8.073825503355705,matched
2025,2,15304,10397,broad_fare_bounds,8886.0,2633,1498693.44,379686986.44719994,168.65782579338284,14283.21059261696,False,1601.0,21.0,7.0,0.0,1573.0,0.0,406.0,178.0,22100.0,3.0,0.01311680199875078,0.004372267332916927,0.2581055308328036,0.11315956770502225,14.049586776859504,matched
2025,2,15304,10721,broad_fare_bounds,9356.0,2357,1827704.3,492473776.1382,195.3510367678495,14475.186642597619,False,794.0,3.0,3.0,0.0,788.0,0.0,189.0,68.0,5940.0,3.0,0.003778337531486146,0.003778337531486146,0.2398477157360406,0.08629441624365482,7.538071065989848,matched
2025,2,15304,10821,broad_fare_bounds,5575.0,2075,997686.48,239649164.1112,178.95721614349776,10960.711940160458,False,779.0,8.0,2.0,0.0,769.0,0.0,186.0,73.0,9445.0,3.0,0.010269576379974325,0.0025673940949935813,0.24187256176853056,0.09492847854356307,12.28218465539662,matched
2025,2,15304,11278,broad_fare_bounds,4430.0,1660,896380.1299999999,228966323.0289,202.34314446952592,10742.652118441896,False,527.0,10.0,5.0,0.0,512.0,0.0,135.0,54.0,7926.0,3.0,0.018975332068311195,0.009487666034155597,0.263671875,0.10546875,15.48046875,matched
2025,2,15304,11292,broad_fare_bounds,6184.0,2632,1396294.21,421874605.38530004,225.7914311125485,17238.573327172497,False,774.0,1.0,4.0,0.0,769.0,0.0,194.0,75.0,7811.0,3.0,0.0012919896640826874,0.00516795865633075,0.25227568270481143,0.09752925877763328,10.157347204161248,matched
2025,2,15304,11298,broad_fare_bounds,5213.0,1854,1081547.81,319319308.4115,207.47128524841742,18210.08904914422,False,743.0,24.0,3.0,0.0,716.0,0.0,230.0,96.0,13533.0,3.0,0.03230148048452221,0.004037685060565276,0.32122905027932963,0.1340782122905028,18.900837988826815,matched
2025,2,15304,11433,broad_fare_bounds,6864.0,1718,1225548.82,325239463.2782,178.54732226107228,15504.225403115252,False,589.0,3.0,0.0,0.0,586.0,0.0,99.0,38.0,3152.0,3.0,0.0050933786078098476,0.0,0.1689419795221843,0.06484641638225255,5.378839590443686,matched
2025,2,15304,11618,broad_fare_bounds,7679.0,2277,1531291.2999999998,421212588.82159996,199.4128532360984,15087.04539041355,False,645.0,8.0,4.0,0.0,633.0,0.0,241.0,132.0,20284.0,3.0,0.012403100775193798,0.006201550387596899,0.3807266982622433,0.20853080568720378,32.044233807266984,matched
2025,2,15304,11697,broad_fare_bounds,2657.0,734,249512.63,34105932.3517,93.90765148663907,4017.6090523693183,False,269.0,1.0,0.0,0.0,268.0,0.0,42.0,18.0,1236.0,3.0,0.0037174721189591076,0.0,0.15671641791044777,0.06716417910447761,4.611940298507463,matched
2025,2,15304,12266,broad_fare_bounds,3514.0,1397,599430.18,160278201.0812,170.58343198634037,16512.619163520267,False,489.0,5.0,2.0,0.0,482.0,0.0,101.0,53.0,3876.0,3.0,0.010224948875255624,0.00408997955010225,0.2095435684647303,0.10995850622406639,8.04149377593361,matched
2025,2,15304,12478,broad_fare_bounds,7196.0,2237,1161824.57,270510619.9971,161.45422040022237,11524.338494431126,False,667.0,7.0,0.0,0.0,660.0,0.0,147.0,55.0,3701.0,3.0,0.010494752623688156,0.0,0.22272727272727272,0.08333333333333333,5.607575757575757,matched
2025,2,15304,12889,broad_fare_bounds,3271.0,1628,706283.55,208482389.4515,215.92282176704373,17113.926128968225,False,307.0,0.0,2.0,0.0,305.0,0.0,55.0,15.0,3539.0,3.0,0.0,0.006514657980456026,0.18032786885245902,0.04918032786885246,11.60327868852459,matched
2025,2,15304,12892,broad_fare_bounds,2800.0,1142,933514.5299999999,466489911.4101,333.3980464285714,55449.28242693358,False,262.0,0.0,0.0,0.0,262.0,0.0,37.0,8.0,-342.0,3.0,0.0,0.0,0.14122137404580154,0.030534351145038167,-1.3053435114503817,matched
2025,2,15304,12953,broad_fare_bounds,8573.0,2782,1584161.06,411375784.76019996,184.78491309926514,13839.580188132531,False,670.0,9.0,5.0,0.0,656.0,0.0,208.0,90.0,13482.0,3.0,0.013432835820895522,0.007462686567164179,0.3170731707317073,0.13719512195121952,20.551829268292682,matched
2025,2,15304,13232,broad_fare_bounds,4310.0,1785,763590.99,169408170.8689,177.167283062645,7917.593920994128,False,450.0,4.0,0.0,0.0,446.0,0.0,99.0,40.0,4659.0,3.0,0.008888888888888889,0.0,0.2219730941704036,0.08968609865470852,10.446188340807176,matched
2025,2,15304,13303,broad_fare_bounds,1544.0,685,375754.26,104288618.9588,243.3641580310881,8318.328916648592,False,792.0,12.0,2.0,0.0,778.0,0.0,128.0,62.0,4251.0,3.0,0.015151515151515152,0.0025252525252525255,0.16452442159383032,0.07969151670951156,5.46401028277635,matched
2025,2,15304,13487,broad_fare_bounds,4816.0,1089,947723.82,264547857.9648,196.78650747508306,16206.104106323866,False,357.0,1.0,1.0,0.0,355.0,0.0,82.0,24.0,2456.0,3.0,0.0028011204481792717,0.0028011204481792717,0.23098591549295774,0.0676056338028169,6.918309859154929,matched
2025,2,15304,13930,broad_fare_bounds,8316.0,2972,1538961.5899999999,404791014.0195,185.06031625781625,14428.847458570017,False,820.0,6.0,2.0,0.0,812.0,0.0,226.0,78.0,9737.0,3.0,0.007317073170731708,0.0024390243902439024,0.27832512315270935,0.0960591133004926,11.991379310344827,matched
2025,2,15304,14100,broad_fare_bounds,8590.0,2369,1498756.8599999999,378866910.7552,174.47693364377182,13663.377129782566,False,727.0,9.0,2.0,0.0,716.0,0.0,191.0,75.0,8563.0,3.0,0.012379642365887207,0.002751031636863824,0.26675977653631283,0.10474860335195531,11.95949720670391,matched
2025,2,15304,14107,broad_fare_bounds,2398.0,1277,756282.29,314293132.3533,315.3804378648874,31599.871803019254,False,335.0,0.0,0.0,0.0,335.0,0.0,67.0,25.0,2683.0,3.0,0.0,0.0,0.2,0.07462686567164178,8.008955223880598,matched
2025,2,15304,14679,broad_fare_bounds,1126.0,471,273222.75999999995,92936730.75420001,242.64898756660742,23658.52989346879,False,95.0,2.0,0.0,0.0,93.0,0.0,25.0,4.0,266.0,3.0,0.021052631578947368,0.0,0.26881720430107525,0.043010752688172046,2.860215053763441,matched
2025,2,15304,14747,broad_fare_bounds,2797.0,1114,950546.83,432235663.5341,339.845130496961,39040.74081132548,False,270.0,0.0,0.0,0.0,270.0,0.0,85.0,21.0,3000.0,3.0,0.0,0.0,0.3148148148148148,0.07777777777777778,11.11111111111111,matched
2025,2,15304,14771,broad_fare_bounds,1687.0,883,625323.4400000001,341588688.2386,370.67186721991703,65085.288154960435,False,182.0,1.0,0.0,0.0,181.0,0.0,37.0,15.0,1319.0,3.0,0.005494505494505495,0.0,0.20441988950276244,0.08287292817679558,7.287292817679558,matched
2025,2,15304,14869,broad_fare_bounds,806.0,414,244988.94999999998,100570879.0987,303.9565136476427,32388.20344231186,False,92.0,1.0,0.0,0.0,91.0,0.0,15.0,7.0,492.0,3.0,0.010869565217391304,0.0,0.16483516483516483,0.07692307692307693,5.406593406593407,matched
2025,2,15304,15016,broad_fare_bounds,1978.0,941,481004.35,135763282.3115,243.1771233569262,9501.530918266893,False,276.0,1.0,1.0,0.0,274.0,0.0,58.0,13.0,1266.0,3.0,0.0036231884057971015,0.0036231884057971015,0.2116788321167883,0.04744525547445255,4.62043795620438,matched
